market_start,filename,archive,complete,outcome,outcome_confidence,mid_30,mid_60,mid_90,mid_120,mid_150,mid_180,mid_210,mid_240,mid_270,spread_30,spread_60,spread_90,spread_120,spread_150,spread_180,spread_210,spread_240,spread_270,bid_depth5c_120,bid_depth5c_180,bid_depth5c_210,bid_depth5c_240,ask_depth5c_120,ask_depth5c_180,ask_depth5c_210,ask_depth5c_240,buy_vol_0_120,sell_vol_0_120,buy_vol_120_180,sell_vol_120_180,buy_vol_180_240,sell_vol_180_240,buy_vol_240_300,sell_vol_240_300,trade_count_total,trade_count_0_120,trade_count_120_180,trade_count_180_240,trade_count_240_300,max_mid_0_180,min_mid_0_180,max_mid_180_300,min_mid_180_300,momentum_60_120,momentum_120_180,momentum_180_240,volatility_0_120,volatility_120_240,ofi_0_120,ofi_120_180,ofi_180_240,book_imbalance_120,book_imbalance_180,book_imbalance_210,book_imbalance_240,up_vwap_20_at_180,up_vwap_50_at_180,up_vwap_20_at_210,up_vwap_50_at_210,down_vwap_20_at_180,down_vwap_50_at_180,down_vwap_20_at_210,down_vwap_50_at_210,up_first_75,up_first_80,up_first_85,down_first_75,down_first_80,down_first_85,up_seconds_above_75,down_seconds_above_75,up_seconds_above_80,down_seconds_above_80,leader_side,leader_time,leader_peak_before_180,leader_trough_after_peak,book_events,trade_events,first_book_age,last_book_age
1786233300,polymarket-btc-updown-5m-1786233300-2026-08-09.txt.zst,polymarket-btc-5m_2026-08-09.zip,True,UP,0.99,0.675,0.665,0.745,0.835,0.20500000000000002,0.195,0.785,0.795,0.915,0.010000000000000009,0.010000000000000009,0.010000000000000009,0.010000000000000009,0.009999999999999981,0.010000000000000009,0.010000000000000009,0.010000000000000009,0.010000000000000009,424.59,127.92,590.29,402.46000000000004,1188.59,358.82,412.46,137.68,3604.0955080000012,2784.513791,2234.418669,3027.3348820000024,5819.152267,3435.4495800000004,7412.797676,2757.7238639999996,1415,328,337,343,407,0.855,0.155,0.99,0.195,0.16999999999999993,-0.6399999999999999,0.6000000000000001,0.014534742980231906,0.05609741486398858,0.1282879698290971,-0.1506942895205169,0.25756944776319124,0.5340292976957272,0.38460575145472653,0.564713721352946,0.5627060436740743,0.20390997061166272,0.21123677840512284,0.7899999999999999,0.7950002780473036,0.8107378322370066,0.8183804911389139,0.21999999999999997,0.23523902316051937,73.0,101.0,122.0,126.0,133.0,159.0,131.0,70.0,80.0,37.0,UP,73.0,0.86,0.16,84924,1415,0.0,300.0
1786233600,polymarket-btc-updown-5m-1786233600-2026-08-09.txt.zst,polymarket-btc-5m_2026-08-09.zip,True,UP,0.99,0.405,0.385,0.335,0.265,0.245,0.195,0.185,0.745,0.915,0.009999999999999953,0.010000000000000009,0.010000000000000009,0.010000000000000009,0.010000000000000009,0.010000000000000009,0.010000000000000009,0.010000000000000009,0.010000000000000009,621.71,351.0,885.19,187.98999999999998,95.59,1138.4699999999998,118.26,229.31,2074.6839019999998,2871.784648,871.3225150000001,740.9913199999999,4499.382047,2524.095145,7481.520119000006,3962.982433000001,1213,320,99,331,463,0.555,0.195,0.99,0.14500000000000002,-0.12,-0.07,0.55,0.014420651236086022,0.030947449382348752,-0.16114541878569108,0.08083487976768507,0.2812405946515958,0.47942721040118175,0.4441847255603522,0.45879912843111537,0.5846165158360239,0.2,0.20446812798665703,0.20824300794482387,0.2300038180906089,0.817503743327835,0.8206830237265824,0.8200000000000001,0.8200000000000001,230.0,233.0,246.0,109.0,180.0,205.0,52.0,99.0,43.0,24.0,DOWN,109.0,0.81,0.010000000000000009,75241,1213,0.0,299.996
1786233900,polymarket-btc-updown-5m-1786233900-2026-08-09.txt.zst,polymarket-btc-5m_2026-08-09.zip,True,DOWN,0.99,0.325,0.20500000000000002,0.135,0.20500000000000002,0.175,0.135,0.10500000000000001,0.07500000000000001,0.035,0.010000000000000009,0.009999999999999981,0.010000000000000009,0.009999999999999981,0.009999999999999981,0.010000000000000009,0.009999999999999995,0.009999999999999995,0.010000000000000002,830.56,557.01,1332.53,2718.1000000000004,158.22,758.27,538.27,517.89,6398.4586100000015,4872.431052999997,1234.5442639999997,1425.1196379999997,1234.8982180000003,1461.4551050000002,1960.7247579999998,7371.279083000001,921,466,145,130,180,0.435,0.135,0.125,0.01,0.0,-0.07,-0.06,0.020577107837273408,0.0091632941273901,0.13539548364222195,-0.07165393110636731,-0.0840234419827182,0.4676469347487429,0.4483517562201578,0.4046863198288443,0.38758229106035447,0.14129157201104103,0.1513253514630038,0.13126835092545322,0.1471314890749965,0.87,0.87,0.9,0.9041513480002834,,,,54.0,55.0,88.0,0.0,204.0,0.0,171.0,DOWN,54.0,0.87,0.7,69541,921,0.0,299.99
1786234200,polymarket-btc-updown-5m-1786234200-2026-08-09.txt.zst,polymarket-btc-5m_2026-08-09.zip,True,UP,0.99,0.375,0.595,0.645,0.645,0.705,0.665,0.775,0.305,0.405,0.010000000000000009,0.010000000000000009,0.010000000000000009,0.010000000000000009,0.010000000000000009,0.010000000000000009,0.010000000000000009,0.010000000000000009,0.009999999999999953,188.7,134.19,67.67,335.88,240.79000000000002,850.53,870.86,281.87,9740.178656999997,6706.924896,2120.124334999999,1455.0748649999996,5104.082326999996,7837.082767999998,13672.086712999997,8620.904571000003,2081,639,205,478,759,0.755,0.26,0.99,0.095,0.050000000000000044,0.020000000000000018,-0.36000000000000004,0.017074919359940162,0.03791008034429078,0.184424798641626,0.18601745883138476,-0.21118658335144305,0.5321457526131278,0.5449135496909405,0.5860137057693949,0.4856279042842633,0.67,0.67,0.78,0.7799999999999999,0.36109901408317097,0.3680497275545624,0.2567739672287833,0.27930705243485215,154.0,203.0,281.0,2.0,215.0,216.0,36.0,35.0,25.0,15.0,DOWN,2.0,0.79,0.010000000000000009,95846,2081,0.0,300.0
1786234500,polymarket-btc-updown-5m-1786234500-2026-08-09.txt.zst,polymarket-btc-5m_2026-08-09.zip,True,UP,0.99,0.405,0.375,0.405,0.405,0.265,0.195,0.245,0.745,0.985,0.009999999999999953,0.010000000000000009,0.009999999999999953,0.009999999999999953,0.010000000000000009,0.010000000000000009,0.010000000000000009,0.010000000000000009,0.010000000000000009,380.2,456.89000000000004,169.48000000000002,72.68,189.0,270.99,795.0999999999999,129.07999999999998,3655.8527870000007,2549.6722529999997,1013.363645,1864.21152,5694.865526,2387.1557919999987,6994.478644000005,6399.9397199999985,1157,310,155,231,461,0.495,0.195,0.99,0.11499999999999999,0.030000000000000027,-0.21000000000000002,0.55,0.016960780265863087,0.03383391281206379,0.17825736369923678,-0.2956822415445054,0.40926763291667945,0.47005652249197727,0.37800709865007315,0.39129563803004763,0.5731516319664678,0.2,0.21047177494514616,0.25,0.25,0.8099999999999999,0.81,0.7683953493826533,0.7722578231074863,236.0,246.0,247.0,152.0,178.0,183.0,35.0,78.0,30.0,37.0,DOWN,152.0,0.81,0.010000000000000009,78724,1157,0.0,300.0
1786234800,polymarket-btc-updown-5m-1786234800-2026-08-09.txt.zst,polymarket-btc-5m_2026-08-09.zip,True,UP,0.99,0.425,0.485,0.435,0.335,0.365,0.305,0.215,0.785,0.915,0.010000000000000009,0.010000000000000009,0.010000000000000009,0.010000000000000009,0.010000000000000009,0.010000000000000009,0.010000000000000009,0.010000000000000009,0.010000000000000009,468.46,684.08,732.7,70.01,577.95,291.53,166.76,923.3,4338.012810000002,3247.1605590000004,910.93638,780.1454229999999,5838.993735000003,5272.9221579999985,5710.64764400001,6390.375639000004,1271,327,91,335,518,0.49,0.255,0.99,0.175,-0.14999999999999997,-0.030000000000000027,0.48000000000000004,0.01979406405942942,0.03382386071436612,0.14381375321732628,0.07734159090824304,0.050942752127614954,0.46899814516136257,0.43215513341379774,0.44080445423823617,0.533235901809193,0.31,0.3149952014616087,0.23394433809829762,0.25266856216367756,0.7,0.7,0.7899999999999999,0.79,220.0,228.0,257.0,70.0,190.0,,55.0,24.0,45.0,6.0,DOWN,70.0,0.75,0.010000000000000009,74035,1271,0.0,300.0
1786235100,polymarket-btc-updown-5m-1786235100-2026-08-09.txt.zst,polymarket-btc-5m_2026-08-09.zip,True,DOWN,0.99,0.395,0.365,0.305,0.335,0.215,0.265,0.185,0.065,0.015,0.010000000000000009,0.010000000000000009,0.010000000000000009,0.010000000000000009,0.010000000000000009,0.010000000000000009,0.010000000000000009,0.010000000000000009,0.01,227.0,463.75,96.45,11936.220000000001,763.5699999999999,324.87,970.9300000000001,994.01,3529.74427,3143.673034000002,1311.6134059999997,1817.8199369999998,2170.931906,2798.955832,1957.2833259999998,5525.421160000002,959,360,167,234,198,0.49,0.215,0.265,0.01,-0.02999999999999997,-0.07,-0.2,0.012560706928490026,0.01088257428261642,0.05785210461341739,-0.16175661070790862,-0.12636581731979563,0.4979549996278391,0.4551110603782426,0.4253956347225903,0.38973197930958375,0.27,0.27194770026767723,0.19,0.19,0.7424417401157027,0.7469592458252264,0.8283062878124595,0.8403208683574872,,,,131.0,185.0,195.0,0.0,119.0,0.0,88.0,DOWN,131.0,0.79,0.72,69235,959,0.0,299.983
1786235400,polymarket-btc-updown-5m-1786235400-2026-08-09.txt.zst,polymarket-btc-5m_2026-08-09.zip,True,UP,0.99,0.28500000000000003,0.295,0.275,0.28500000000000003,0.255,0.225,0.84,0.925,0.955,0.009999999999999953,0.010000000000000009,0.010000000000000009,0.009999999999999953,0.010000000000000009,0.010000000000000009,0.020000000000000018,0.010000000000000009,0.010000000000000009,296.44,513.03,475.17,776.23,159.04000000000002,634.27,209.35999999999999,2272.2499999999995,6056.056806,4394.327981000003,1272.148286,1469.9240360000001,12375.333992999991,9488.163491999996,6943.160746000001,5164.480633999999,1484,392,100,630,362,0.325,0.215,0.99,0.185,-0.009999999999999953,-0.060000000000000026,0.7000000000000001,0.014465016234967425,0.03564276416372843,0.15901125737179958,-0.07212637989640888,0.13205437524260757,0.48403321289210977,0.49449517588577746,0.6649288192432008,0.7115206005360342,0.22999999999999998,0.23,0.8645567654170556,0.8743440289251527,0.78,0.7799999999999999,0.17872591536658797,0.1940564609057424,195.0,203.0,208.0,7.0,183.0,,81.0,93.0,76.0,10.0,DOWN,7.0,0.79,0.010000000000000009,78111,1484,0.0,300.0
1786235700,polymarket-btc-updown-5m-1786235700-2026-08-09.txt.zst,polymarket-btc-5m_2026-08-09.zip,True,UP,0.99,0.455,0.425,0.455,0.795,0.805,0.705,0.915,0.965,0.99,0.010000000000000009,0.010000000000000009,0.010000000000000009,0.010000000000000009,0.010000000000000009,0.010000000000000009,0.010000000000000009,0.010000000000000009,,710.22,184.28,294.95,413.64,380.57,1101.98,1318.67,4705.509999999999,4425.850185999999,2905.014212,3803.1884980000004,2831.710349000001,6339.843765000002,4400.940400000004,5323.8015890000015,4699.216665,1688,396,412,678,202,0.835,0.395,0.99,0.685,0.37000000000000005,-0.09000000000000008,0.26,0.02963349891091299,0.021175402337391503,0.20745656875264423,0.14641943628714968,0.180517859330804,0.5463661118619819,0.5416186674760609,0.7443222935655263,0.8059699523121299,0.71,0.71,0.9270230358571108,0.9288070700069415,0.3145343375684048,0.3283816042266419,0.09900712484063867,0.11913079693180333,110.0,113.0,204.0,,,,111.0,0.0,100.0,0.0,UP,110.0,0.84,0.59,78641,1688,0.0,300.0
1786236000,polymarket-btc-updown-5m-1786236000-2026-08-09.txt.zst,polymarket-btc-5m_2026-08-09.zip,True,DOWN,0.99,0.365,0.435,0.445,0.335,0.165,0.11499999999999999,0.065,0.045,0.015,0.010000000000000009,0.010000000000000009,0.010000000000000009,0.010000000000000009,0.010000000000000009,0.009999999999999995,0.010000000000000009,0.010000000000000002,0.01,717.1800000000001,799.1700000000001,10519.910000000002,8939.070000000002,168.43,849.07,388.07,925.95,3377.5014100000017,2914.2577810000003,2375.675144,3463.9551460000002,1509.5534030000001,1929.810000999999,924.65,3642.9351549999997,876,308,288,136,144,0.5,0.11499999999999999,0.11499999999999999,0.01,-0.09999999999999998,-0.22000000000000003,-0.06999999999999999,0.014200877295659818,0.009548264192803338,0.0736270437149986,-0.1863611132820534,-0.12219022785182805,0.49435586242452123,0.37184745893460774,0.35541929531102673,0.3055572076959206,0.12000000000000001,0.12055248503720553,0.08000912530316459,0.09866507179574824,0.8932505713890655,0.8973468906359429,0.94,0.9400000000000001,,,,121.0,121.0,122.0,0.0,151.0,0.0,150.0,DOWN,121.0,0.89,0.79,72447,876,0.0,300.0
1786236300,polymarket-btc-updown-5m-1786236300-2026-08-09.txt.zst,polymarket-btc-5m_2026-08-09.zip,True,DOWN,0.999,0.535,0.695,0.605,0.645,0.685,0.705,0.46499999999999997,0.195,0.015,0.010000000000000009,0.010000000000000009,0.010000000000000009,0.010000000000000009,0.009999999999999898,0.010000000000000009,0.009999999999999953,0.010000000000000009,0.01,327.82,309.09000000000003,631.34,288.31,415.58000000000004,315.15999999999997,180.74,675.94,3636.5921220000023,4224.2234960000005,1049.76106,694.648918,3072.9757739999977,5171.987449999997,6469.111966999999,7630.980602000009,1282,400,113,368,401,0.755,0.485,0.825,0.001,-0.04999999999999993,0.05999999999999994,-0.51,0.017244330859117477,0.050602163761578944,-0.07475450418330853,0.20357149206813355,-0.25458108410842323,0.5043195535668161,0.5298978740700908,0.4456973737491781,0.3675018898828272,0.71,0.7135829385797948,0.47000000000000003,0.48036364547614435,0.30000000000000004,0.30918509440345726,0.54,0.54,43.0,235.0,,189.0,190.0,241.0,16.0,35.0,4.0,32.0,UP,43.0,0.76,0.001,80108,1282,0.0,300.0
1786236600,polymarket-btc-updown-5m-1786236600-2026-08-09.txt.zst,polymarket-btc-5m_2026-08-09.zip,True,UP,0.99,0.405,0.415,0.375,0.495,0.405,0.175,0.165,0.165,0.945,0.009999999999999953,0.010000000000000009,0.010000000000000009,0.010000000000000009,0.009999999999999953,0.009999999999999981,0.010000000000000009,0.010000000000000009,0.010000000000000009,278.0,486.63,447.59,693.48,616.1800000000001,410.40999999999997,532.99,113.28,2798.611862,2499.5865669999994,1810.9056979999993,1443.587981,1994.6203929999995,2233.5260509999994,11648.445259999993,9272.696419999998,1304,312,187,216,589,0.505,0.175,0.99,0.095,0.08000000000000002,-0.32,-0.009999999999999981,0.016087993330796878,0.02101072697590049,0.05643905169033842,0.11286478120088539,-0.05650363845344614,0.5220371953741673,0.42072323208918405,0.41084310461861767,0.4521780100532313,0.17999999999999997,0.18707939446196703,0.17,0.1711964596197299,0.83,0.83,0.84,0.84,254.0,255.0,261.0,180.0,180.0,213.0,26.0,68.0,23.0,55.0,DOWN,180.0,0.83,0.010000000000000009,84288,1304,0.0,299.984
1786236900,polymarket-btc-updown-5m-1786236900-2026-08-09.txt.zst,polymarket-btc-5m_2026-08-09.zip,True,UP,0.99,0.215,0.28500000000000003,0.28500000000000003,0.435,0.385,0.46499999999999997,0.745,0.375,0.825,0.010000000000000009,0.009999999999999953,0.009999999999999953,0.010000000000000009,0.010000000000000009,0.009999999999999953,0.010000000000000009,0.010000000000000009,0.010000000000000009,117.41,805.49,1184.4699999999998,504.92,936.59,443.77,499.38000000000005,497.96,10619.865938,7672.248377000003,4404.934060999998,4443.592302999999,5991.205740999995,10233.607467000003,15507.38736200002,16741.828388999995,2842,878,359,568,1037,0.495,0.20500000000000002,0.99,0.185,0.14999999999999997,0.02999999999999997,-0.08999999999999997,0.020208948776328218,0.03994378973167758,0.16114143560664698,-0.0043688904129032605,-0.2614761520895784,0.5437857827227198,0.5932829302335365,0.6144663725349218,0.4837117074623902,0.48514961286693936,0.4918555505246126,0.7499999999999999,0.75,0.54,0.54,0.2604401019137903,0.26997402693102557,187.0,194.0,269.0,23.0,31.0,,47.0,21.0,28.0,5.0,DOWN,23.0,0.8,0.010000000000000009,96496,2842,0.0,299.997
1786237200,polymarket-btc-updown-5m-1786237200-2026-08-09.txt.zst,polymarket-btc-5m_2026-08-09.zip,True,UP,0.999,0.425,0.405,0.475,0.825,0.935,0.965,0.935,0.965,0.9935,0.010000000000000009,0.009999999999999953,0.010000000000000009,0.010000000000000009,0.009999999999999898,0.010000000000000009,0.009999999999999898,0.010000000000000009,0.0050000000000000044,638.02,941.56,204.5,414.2,408.55000000000007,4540.7,4737.73,6594.16,4811.4349350000075,5044.559686000001,4104.224105000002,3629.274922,3538.005348000002,3520.6142839999993,5291.778924000001,1440.125,1320,457,390,366,107,0.975,0.335,0.999,0.785,0.41999999999999993,0.14,0.0,0.029589156920786258,0.01672141709824668,-0.02365309235287921,0.06141452676748386,0.0024638052348310243,0.6099451327094849,0.820970082167584,0.8095485988281225,0.7702140678963668,0.9699999999999999,0.9700000000000001,0.94,0.9400000000000001,0.0481885231862729,0.055197169156472325,0.09410829993945029,0.11572825569219561,119.0,120.0,124.0,,,,166.0,0.0,164.0,0.0,UP,119.0,0.98,0.78,76851,1320,0.0,299.999
1786237500,polymarket-btc-updown-5m-1786237500-2026-08-09.txt.zst,polymarket-btc-5m_2026-08-09.zip,True,DOWN,0.99,0.445,0.445,0.435,0.225,0.235,0.215,0.10500000000000001,0.045,0.01,0.010000000000000009,0.010000000000000009,0.010000000000000009,0.010000000000000009,0.009999999999999981,0.010000000000000009,0.009999999999999995,0.010000000000000002,,342.28,169.26,870.97,9655.85,646.06,1038.6,330.31,767.55,4443.173667000001,4516.583047000001,3597.170092000002,2334.758452999998,1130.7883810000003,2508.1436550000008,2412.0905,3936.1723609999985,1023,428,211,220,164,0.515,0.155,0.20500000000000002,0.01,-0.22,-0.010000000000000009,-0.16999999999999998,0.023053607907115407,0.012864262378623816,-0.00819323362712458,0.21281639342471276,-0.3785053582682521,0.4462113755511368,0.42768135990415385,0.35463722582920737,0.3342042761921441,0.22,0.22,0.1113230115230749,0.12876339977181298,0.7991895769525758,0.8035036792152991,0.9,0.9029148674606569,,,,106.0,106.0,108.0,0.0,157.0,0.0,113.0,DOWN,106.0,0.85,0.73,76346,1023,0.0,300.0
1786237800,polymarket-btc-updown-5m-1786237800-2026-08-09.txt.zst,polymarket-btc-5m_2026-08-09.zip,True,DOWN,0.99,0.395,0.435,0.545,0.345,0.445,0.545,0.685,0.295,0.07500000000000001,0.010000000000000009,0.010000000000000009,0.010000000000000009,0.009999999999999953,0.010000000000000009,0.010000000000000009,0.009999999999999898,0.010000000000000009,0.009999999999999995,550.66,540.9599999999999,411.31,246.78,144.35,226.02,489.15999999999997,766.8399999999999,2955.689955000001,3493.2736020000016,3564.91893,4854.5697979999995,4323.71148,4861.588290999999,5311.106747000001,7534.486158000004,1564,346,400,352,466,0.805,0.335,0.735,0.01,-0.09000000000000002,0.20000000000000007,-0.25000000000000006,0.019006117252011227,0.04499331321285219,-0.0833596968332194,-0.15317448715277854,-0.058558438418982686,0.48341557990938006,0.5235196089153082,0.5697007388971703,0.5037870935125679,0.5570716016587985,0.5647600118871562,0.6899999999999998,0.69,0.45999999999999996,0.45999999999999996,0.31999999999999995,0.3232086270391861,151.0,151.0,,243.0,245.0,268.0,14.0,30.0,4.0,17.0,UP,151.0,0.81,0.01,87829,1564,0.0,300.0
1786238100,polymarket-btc-updown-5m-1786238100-2026-08-09.txt.zst,polymarket-btc-5m_2026-08-09.zip,True,UP,0.99,0.675,0.825,0.735,0.775,0.795,0.815,0.645,0.745,0.945,0.010000000000000009,0.010000000000000009,0.010000000000000009,0.010000000000000009,0.010000000000000009,0.009999999999999898,0.010000000000000009,0.010000000000000009,0.010000000000000009,699.9,148.0,123.7,83.13999999999999,181.0,1623.62,864.19,667.64,4986.946535000001,7506.206933999997,1433.3283020000003,698.5444279999998,4516.155782000001,4226.059428000001,9053.394616000007,7068.394544,1640,458,117,427,638,0.835,0.625,0.99,0.575,-0.04999999999999993,0.039999999999999925,-0.06999999999999995,0.011529936069653994,0.024282760781219964,-0.20165128085964737,0.34466591915175,0.033183391970054155,0.5464013333175135,0.544968927701369,0.4728235298197831,0.5483007184670059,0.82,0.82,0.65,0.65,0.19455368998742784,0.2189272197892426,0.3617428032326301,0.3794436195488384,0.0,59.0,259.0,,,,168.0,0.0,95.0,0.0,UP,0.0,0.84,0.58,81511,1640,0.0,299.983
1786238400,polymarket-btc-updown-5m-1786238400-2026-08-09.txt.zst,polymarket-btc-5m_2026-08-09.zip,True,DOWN,0.999,0.265,0.215,0.215,0.165,0.055,0.065,0.015,0.01,0.004999999999999999,0.010000000000000009,0.010000000000000009,0.010000000000000009,0.010000000000000009,0.009999999999999995,0.010000000000000009,0.01,,0.008,275.57,4188.47,213.1,0.0,380.66999999999996,382.86,558.14,4367.75,6131.545479000002,5842.274459000003,4764.794762000001,3513.189319000003,6021.887845,5014.462925000004,214.74,7850.137,964,460,336,149,19,0.575,0.025,0.035,0.001,-0.04999999999999999,-0.1,-0.055,0.028871273268909824,0.007783707268796676,0.024158624523989324,0.1511968893335684,0.09128243030644408,0.4214648202654041,0.18196103134435346,0.011378344090522706,0.0,0.07024766514748848,0.09266668605341634,0.034052628219290476,0.05570945355307472,0.9428999950597436,0.952793182835142,0.99,0.99,,,,16.0,63.0,106.0,0.0,214.0,0.0,161.0,DOWN,16.0,0.98,0.72,66566,964,0.0,300.0
1786238700,polymarket-btc-updown-5m-1786238700-2026-08-09.txt.zst,polymarket-btc-5m_2026-08-09.zip,True,DOWN,0.999,0.185,0.135,0.025,0.025,0.015,0.015,0.01,0.0055,0.001,0.010000000000000009,0.010000000000000009,0.009999999999999998,0.009999999999999998,0.01,0.01,,0.001,,4045.73,1296.01,0.0,2866.73,2748.89,2639.6699999999996,5259.9400000000005,15313.08,8815.110536000004,12957.749097,1343.129997,3067.112188,2640.659997,1569.4609489999998,2909.462857,5629.977200000001,833,611,116,81,25,0.525,0.015,0.035,0.001,-0.11000000000000001,-0.010000000000000002,-0.0095,0.026044026503722704,0.003963275905575768,-0.19026616764300505,-0.3909041995161996,0.254434269642001,0.1540286940418974,0.05776011908475877,0.0,0.06848992372222723,0.02871913258380488,0.0345700852520292,0.01,0.012139964482690365,0.99,0.99,,,,,,20.0,21.0,21.0,0.0,234.0,0.0,233.0,DOWN,20.0,0.99,0.75,64746,833,0.0,300.0
1786239000,polymarket-btc-updown-5m-1786239000-2026-08-09.txt.zst,polymarket-btc-5m_2026-08-09.zip,True,UP,0.99,0.615,0.685,0.815,0.865,0.805,0.895,0.935,0.965,0.99,0.010000000000000009,0.009999999999999898,0.009999999999999898,0.010000000000000009,0.010000000000000009,0.010000000000000009,0.009999999999999898,0.010000000000000009,,648.0699999999999,206.0,725.7,868.1800000000001,1289.69,1471.2600000000002,11090.090000000002,5167.18,6542.890335000003,6528.2307169999995,2387.9705749999994,1351.381535,3148.970639000004,1195.9204439999996,3646.0354559999996,1228.1099969999998,1170,581,170,252,167,0.905,0.345,0.99,0.865,0.17999999999999994,0.030000000000000027,0.06999999999999995,0.01983294199646875,0.013121326406492493,0.001121527215736424,0.2772108668846378,0.44950498359822816,0.5430649819335356,0.6138796906612436,0.6410587289827675,0.7986465717723784,0.9,0.9,0.94,0.9400000000000001,0.1291124922030787,0.1512595319864414,0.07585490992864656,0.08701867978516933,19.0,88.0,95.0,,,,185.0,0.0,178.0,0.0,UP,19.0,0.91,0.62,78217,1170,0.0,300.0
1786239300,polymarket-btc-updown-5m-1786239300-2026-08-09.txt.zst,polymarket-btc-5m_2026-08-09.zip,True,DOWN,0.99,0.565,0.565,0.715,0.835,0.485,0.575,0.355,0.14500000000000002,0.125,0.009999999999999898,0.009999999999999898,0.010000000000000009,0.010000000000000009,0.010000000000000009,0.010000000000000009,0.010000000000000009,0.009999999999999981,0.010000000000000009,169.3,407.0,125.34,286.65999999999997,1186.1999999999998,230.77,612.54,355.97,5782.964568999994,4034.9986420000014,4548.924523,6632.606520000002,5053.840145000004,4959.338813999998,3087.5641370000008,7426.159184000014,1692,445,370,390,487,0.845,0.395,0.665,0.01,0.27,-0.26,-0.42999999999999994,0.016604172048366776,0.030770849496714686,0.17803753074177148,-0.1863503297524228,0.009437695200190803,0.5359202857699853,0.4978717054251516,0.46106700873847234,0.4302401540004809,0.58,0.5835226539273483,0.36,0.36,0.43,0.4354731999394114,0.6596401074867042,0.6658189873033453,93.0,114.0,118.0,214.0,215.0,217.0,22.0,82.0,10.0,76.0,UP,93.0,0.85,0.01,92470,1692,0.0,300.0
1786239600,polymarket-btc-updown-5m-1786239600-2026-08-09.txt.zst,polymarket-btc-5m_2026-08-09.zip,True,UP,0.99,0.485,0.345,0.245,0.175,0.225,0.28500000000000003,0.375,0.815,0.965,0.010000000000000009,0.009999999999999953,0.010000000000000009,0.009999999999999981,0.010000000000000009,0.009999999999999953,0.010000000000000009,0.009999999999999898,0.010000000000000009,252.38,377.99,446.06,542.91,1127.62,849.29,602.37,145.55,3118.771631999999,3859.722180000002,2824.999196,1849.2299420000002,3298.5564459999987,1835.9575050000008,6280.489155000007,4459.7752820000005,1195,283,241,251,420,0.525,0.125,0.99,0.265,-0.16999999999999998,0.11000000000000004,0.5299999999999999,0.025666330166225184,0.03286821800798839,-0.10617628502097222,0.2087551177299601,0.2848563573802622,0.4284594856717451,0.4521462789868236,0.43886282759854944,0.5674928268369551,0.29,0.29,0.38000000000000006,0.38,0.72,0.72,0.63,0.638205764042513,233.0,234.0,242.0,49.0,118.0,121.0,46.0,70.0,44.0,21.0,DOWN,49.0,0.88,0.010000000000000009,82369,1195,0.0,299.993
1786239900,polymarket-btc-updown-5m-1786239900-2026-08-09.txt.zst,polymarket-btc-5m_2026-08-09.zip,True,DOWN,0.99,0.615,0.555,0.695,0.585,0.555,0.745,0.275,0.305,0.025,0.010000000000000009,0.010000000000000009,0.010000000000000009,0.010000000000000009,0.010000000000000009,0.010000000000000009,0.010000000000000009,0.010000000000000009,0.009999999999999998,115.14,75.0,135.0,65.0,534.03,579.12,645.1800000000001,628.56,5235.132540000005,4430.475220000002,3435.0032169999995,1125.1827210000001,5819.286569000002,5433.847422000003,3040.7783080000004,7353.403815000005,1267,314,171,357,425,0.75,0.485,0.745,0.01,0.029999999999999916,0.16000000000000003,-0.44,0.01554247816311737,0.04379180099626539,0.08324953173974053,0.5065189287025076,0.03425171577164765,0.5087282435899391,0.5368358388086857,0.4437827527973813,0.46254486759667085,0.7499999999999999,0.75,0.28,0.28124222924015135,0.28255261148503286,0.3174795274912951,0.73,0.7374695018069656,179.0,,,207.0,207.0,250.0,9.0,39.0,0.0,30.0,UP,179.0,0.76,0.01,84536,1267,0.001,300.0
1786240200,polymarket-btc-updown-5m-1786240200-2026-08-09.txt.zst,polymarket-btc-5m_2026-08-09.zip,True,DOWN,0.99,0.625,0.175,0.08499999999999999,0.055,0.015,0.025,0.035,0.025,0.015,0.010000000000000009,0.009999999999999981,0.009999999999999995,0.009999999999999995,0.01,0.009999999999999998,0.010000000000000002,0.009999999999999998,0.01,5924.73,6279.92,5229.54,6370.25,723.84,1671.43,641.8299999999999,724.17,6815.749417000003,6548.292540999998,2252.9458280000003,4692.075215999997,2114.179996,2852.2390909999986,2692.6625000000004,2692.8185509999994,1074,544,189,149,192,0.665,0.015,0.065,0.01,-0.12,-0.03,0.0,0.03983289675463669,0.0042109994936484815,0.020013172424971273,-0.35120547116372397,-0.1486099102937019,0.20918293130719687,0.2583030262148006,0.22485295129334068,0.27164723917877914,0.03660109876442313,0.03856755197367094,0.04362997423431091,0.0622322936243367,0.98,0.98,0.9699999999999999,0.9700000000000001,,,,42.0,53.0,66.0,0.0,228.0,0.0,218.0,DOWN,42.0,0.99,0.74,67161,1074,0.0,299.993
1786240500,polymarket-btc-updown-5m-1786240500-2026-08-09.txt.zst,polymarket-btc-5m_2026-08-09.zip,True,UP,0.97,0.605,0.595,0.785,0.685,0.765,0.765,0.705,0.165,0.28500000000000003,0.010000000000000009,0.010000000000000009,0.010000000000000009,0.009999999999999898,0.010000000000000009,0.010000000000000009,0.010000000000000009,0.010000000000000009,0.009999999999999953,168.61,120.13,119.32000000000001,25.0,428.45,520.11,831.72,280.99,4771.902947000001,4673.804282000001,956.681615,990.49244,3211.6014459999988,5044.098994,13974.438011000006,7945.137443999996,1729,422,135,325,847,0.785,0.41500000000000004,0.99,0.055,0.09000000000000008,0.07999999999999996,-0.6,0.023369969237995888,0.04127499048778104,0.010385528856835628,-0.017364048639195752,-0.22196754367700888,0.49514449770540125,0.5150161444367246,0.541405697353303,0.3973157615224778,0.77,0.77,0.71,0.71,0.25204513005728574,0.27868160452323454,0.3126696000352588,0.3352828360018701,90.0,188.0,293.0,233.0,240.0,241.0,72.0,36.0,17.0,29.0,UP,90.0,0.79,0.06,93898,1729,0.005,299.981
1786240800,polymarket-btc-updown-5m-1786240800-2026-08-09.txt.zst,polymarket-btc-5m_2026-08-09.zip,True,DOWN,0.99,0.395,0.315,0.365,0.305,0.20500000000000002,0.215,0.165,0.10500000000000001,0.01,0.02999999999999997,0.010000000000000009,0.010000000000000009,0.010000000000000009,0.009999999999999981,0.010000000000000009,0.010000000000000009,0.009999999999999995,,870.34,280.71000000000004,580.76,1232.54,543.07,897.65,585.86,425.59000000000003,3995.4835240000007,3267.3268990000006,4902.910788999999,6786.619208000002,2108.3442899999995,1508.092,3309.757876000001,8712.433597999998,1520,380,737,194,209,0.505,0.165,0.235,0.01,-0.010000000000000009,-0.09,-0.10999999999999999,0.013321072794341936,0.0364196195898536,0.10025824475523419,-0.16114492366104008,0.16597894774471458,0.49313352196581256,0.4768222601056198,0.44035576640610274,0.4094954475457234,0.22,0.22,0.17,0.17,0.7899999999999999,0.7910730189759834,0.84,0.8434259262197882,,,,34.0,125.0,125.0,0.0,116.0,0.0,85.0,DOWN,34.0,0.85,0.55,81773,1520,0.0,299.988
1786241100,polymarket-btc-updown-5m-1786241100-2026-08-09.txt.zst,polymarket-btc-5m_2026-08-09.zip,True,DOWN,0.99,0.46499999999999997,0.525,0.455,0.07500000000000001,0.045,0.065,0.035,0.025,0.015,0.009999999999999953,0.010000000000000009,0.010000000000000009,0.009999999999999995,0.010000000000000002,0.010000000000000009,0.010000000000000002,0.009999999999999998,0.01,1137.2399999999998,5781.76,4878.240000000001,4343.11,1462.33,324.97,470.90999999999997,1273.1999999999998,5604.482218000001,6528.254967000008,3991.8087620000015,2403.315362,1099.1325219999997,2331.3443339999985,1400.7633319999998,2832.922114,964,372,296,168,128,0.575,0.045,0.08499999999999999,0.01,-0.45,-0.010000000000000009,-0.04,0.02730901981077333,0.01716977898386145,-0.07613885761426442,0.2483913320835493,-0.3591954890600199,0.22760058781681503,0.22873030422551477,0.2086001642036125,0.1847393743521206,0.08875995302868642,0.10561240182874618,0.04768125803791535,0.0720646648557908,0.94,0.9400000000000001,0.9699999999999999,0.9700000000000001,,,,115.0,115.0,116.0,0.0,156.0,0.0,156.0,DOWN,115.0,0.96,0.8,75012,964,0.0,300.0
1786241400,polymarket-btc-updown-5m-1786241400-2026-08-09.txt.zst,polymarket-btc-5m_2026-08-09.zip,True,UP,0.999,0.815,0.835,0.895,0.935,0.925,0.915,0.975,0.975,0.995,0.009999999999999898,0.010000000000000009,0.010000000000000009,0.009999999999999898,0.010000000000000009,0.010000000000000009,0.010000000000000009,0.010000000000000009,0.008000000000000007,845.37,646.6800000000001,1168.71,1277.8,11320.32,1189.22,4228.56,3888.73,5977.136407999998,3721.542881000001,2450.1724329999997,2739.496512,2978.520301,845.406665,3632.701999,1510.6600000000003,916,480,199,126,111,0.955,0.7,0.999,0.925,0.10000000000000009,-0.020000000000000018,0.05999999999999994,0.012388932329208324,0.00877807214790427,0.23256708050530492,-0.05575000680510662,0.5578332575298458,0.6463004605150307,0.7646047682805991,0.8164881047702,0.8327524349134287,0.9200000000000002,0.9246089768919522,0.98,0.98,0.08999999999999997,0.09417362975408741,0.037392062384481055,0.043893649323425134,7.0,17.0,45.0,,,,273.0,0.0,261.0,0.0,UP,7.0,0.96,0.75,67623,916,0.0,299.99
1786241700,polymarket-btc-updown-5m-1786241700-2026-08-09.txt.zst,polymarket-btc-5m_2026-08-09.zip,True,DOWN,0.99,0.335,0.20500000000000002,0.235,0.10500000000000001,0.135,0.095,0.035,0.025,0.01,0.010000000000000009,0.009999999999999981,0.009999999999999981,0.009999999999999995,0.010000000000000009,0.010000000000000009,0.010000000000000002,0.009999999999999998,,1068.24,714.3299999999999,9174.210000000001,4017.81,796.98,935.69,508.74,850.97,5022.073419999999,3111.7191189999976,2042.7196059999999,1562.0038229999966,1127.893332,2792.1239409999994,367.14333200000004,3053.299589,874,428,183,158,105,0.475,0.08499999999999999,0.095,0.01,-0.1,-0.010000000000000009,-0.07,0.017444941398358345,0.008651409590795333,0.2348663666844481,0.13335718882970196,-0.4245467540316115,0.40527228549170907,0.3862788934383373,0.34618732856591394,0.18146781797438372,0.10194406095449551,0.11124165799954207,0.05027242941457625,0.06964359118245687,0.9100000000000001,0.91,0.9699999999999999,0.9700000000000001,,,,35.0,59.0,107.0,0.0,208.0,0.0,190.0,DOWN,35.0,0.92,0.7,66811,874,0.0,300.0
1786242000,polymarket-btc-updown-5m-1786242000-2026-08-09.txt.zst,polymarket-btc-5m_2026-08-09.zip,True,UP,0.99,0.485,0.46499999999999997,0.485,0.445,0.355,0.615,0.655,0.705,0.965,0.010000000000000009,0.009999999999999953,0.010000000000000009,0.010000000000000009,0.010000000000000009,0.010000000000000009,0.010000000000000009,0.010000000000000009,0.010000000000000009,251.01,247.23,951.4,344.56,199.25,439.70000000000005,124.71000000000001,204.77,2245.7191069999994,2300.604029,3667.448440999999,2142.031689,1972.1156679999997,1710.079647,5573.437705999998,2810.6068499999997,997,156,234,249,358,0.735,0.345,0.99,0.575,-0.019999999999999962,0.16999999999999998,0.08999999999999997,0.007390541119513221,0.02289538888237548,-0.012072375930649346,0.26257371018841913,0.07116298799592592,0.5014090270284752,0.48895843315673493,0.5378938969565298,0.5567541649926538,0.6200000000000001,0.62,0.6599999999999999,0.6655963652857938,0.3957901490632827,0.40781505633075055,0.35,0.35,216.0,247.0,256.0,,,,42.0,0.0,30.0,0.0,UP,216.0,0.0,1.0,73859,997,0.0,300.0
1786242300,polymarket-btc-updown-5m-1786242300-2026-08-09.txt.zst,polymarket-btc-5m_2026-08-09.zip,True,UP,0.7749999999999999,0.265,0.325,0.525,0.535,0.495,0.195,0.395,0.425,0.5800000000000001,0.010000000000000009,0.010000000000000009,0.010000000000000009,0.010000000000000009,0.010000000000000009,0.010000000000000009,0.010000000000000009,0.010000000000000009,0.039999999999999925,231.32999999999998,174.0,135.76,200.31,178.78,1373.97,331.1,155.14,4739.754736000001,7405.749823,5416.203665000001,7074.031844,6718.114964,6344.861685000003,15783.035410000002,10736.541122000004,1990,359,326,428,877,0.785,0.155,0.99,0.195,0.21000000000000002,-0.34,0.22999999999999998,0.01924175402709471,0.06340333515216376,-0.2195046796161677,-0.13272993754244503,0.028573371064593536,0.5141884075151185,0.4169207980572963,0.4929784598226606,0.5013058573510376,0.2,0.2,0.39999999999999997,0.4012377510881724,0.815641973493013,0.8227086624586658,0.6103690328359835,0.6196386894658739,161.0,229.0,299.0,22.0,172.0,174.0,12.0,44.0,4.0,13.0,DOWN,22.0,0.85,0.010000000000000009,98071,1990,0.0,299.994
1786242600,polymarket-btc-updown-5m-1786242600-2026-08-09.txt.zst,polymarket-btc-5m_2026-08-09.zip,True,UP,0.975,0.325,0.265,0.235,0.555,0.245,0.405,0.565,0.575,0.795,0.010000000000000009,0.010000000000000009,0.009999999999999981,0.010000000000000009,0.010000000000000009,0.009999999999999953,0.009999999999999898,0.10999999999999999,0.010000000000000009,828.0,864.9,433.7,302.20000000000005,139.2,60.160000000000004,105.69999999999999,69.13,7110.318608999998,5137.730802999996,5760.433003999998,7126.246518000001,4344.647245000002,3730.5549940000005,10853.744948000007,10484.37717899999,2260,503,390,405,962,0.785,0.225,0.99,0.395,0.29000000000000004,-0.15000000000000002,0.16999999999999993,0.03708797928282038,0.0498511886072415,0.16105322077386172,-0.10598645769597212,0.07604667138046166,0.5260268076617823,0.4783608672754514,0.4502063815182973,0.4883234154215102,0.4236317582924979,0.44880960494057104,0.57,0.5778351029260529,0.6,0.6,0.43999999999999995,0.43999999999999995,103.0,249.0,274.0,53.0,,,52.0,31.0,36.0,0.0,DOWN,53.0,0.78,0.010000000000000009,99052,2260,0.0,299.981
1786242900,polymarket-btc-updown-5m-1786242900-2026-08-09.txt.zst,polymarket-btc-5m_2026-08-09.zip,True,DOWN,0.99,0.515,0.495,0.365,0.245,0.165,0.10500000000000001,0.065,0.035,0.01,0.010000000000000009,0.010000000000000009,0.010000000000000009,0.010000000000000009,0.010000000000000009,0.009999999999999995,0.010000000000000009,0.010000000000000002,,317.77,413.91,10879.03,9795.64,406.25,584.4200000000001,292.50000000000006,542.97,3680.8176250000015,7108.500624,4869.103853,4883.435472999998,852.402017,1850.5489429999993,625.003332,4153.476084000001,1099,493,312,140,154,0.685,0.055,0.125,0.01,-0.25,-0.13999999999999999,-0.07,0.014212276225791819,0.015425988352454111,-0.31769226932551464,-0.0014695270145479353,-0.3692804422911171,0.42932773047032274,0.3785340238686218,0.392824039219467,0.35504235945844265,0.10999999999999999,0.11251635850210685,0.0956423650942831,0.11825549495083791,0.9027290058304014,0.912289760845651,0.94,0.9400000000000001,,,,94.0,109.0,131.0,0.0,173.0,0.0,142.0,DOWN,94.0,0.95,0.74,69766,1099,0.0,300.0
1786243200,polymarket-btc-updown-5m-1786243200-2026-08-09.txt.zst,polymarket-btc-5m_2026-08-09.zip,True,DOWN,0.999,0.375,0.395,0.565,0.585,0.565,0.425,0.055,0.015,0.01,0.010000000000000009,0.010000000000000009,0.009999999999999898,0.010000000000000009,0.009999999999999898,0.010000000000000009,0.009999999999999995,0.01,,581.84,286.35,7696.37,1764.94,463.5,100.65,401.91999999999996,1062.3400000000001,5192.638960000003,4206.158944000001,2461.973111999999,2153.303322,5939.634546,6083.78325300001,1940.96,1595.2561,998,366,179,416,37,0.605,0.255,0.385,0.001,0.18999999999999995,-0.15999999999999998,-0.41,0.014835937517285744,0.02499487199935348,0.1049581048636198,0.0668800221209023,-0.011988995925268293,0.5074155898244782,0.4526321514565436,0.315192610038746,0.09384519429805928,0.44320425041074235,0.4577051839403432,0.06607537681519174,0.08900439135591069,0.5800000000000001,0.5800000000000001,0.9529156331368621,0.9623504202290855,,,,16.0,186.0,186.0,0.0,57.0,0.0,56.0,DOWN,16.0,0.75,0.4,69889,998,0.0,300.0
1786243500,polymarket-btc-updown-5m-1786243500-2026-08-09.txt.zst,polymarket-btc-5m_2026-08-09.zip,True,DOWN,0.99,0.495,0.795,0.815,0.595,0.305,0.275,0.20500000000000002,0.14500000000000002,0.045,0.010000000000000009,0.010000000000000009,0.009999999999999898,0.010000000000000009,0.010000000000000009,0.010000000000000009,0.009999999999999981,0.009999999999999981,0.010000000000000002,649.66,226.57000000000002,74.5,451.35,278.2,276.8,468.99,167.0,7969.060429000003,6746.40374,3590.521736,6653.441059999997,2706.6733120000017,3119.0019910000005,3287.3322820000003,5567.1553220000005,1432,564,332,278,258,0.845,0.245,0.445,0.01,-0.20000000000000007,-0.31999999999999995,-0.13,0.030666613384437935,0.03413561181966431,0.08308651870973156,-0.29899750565240124,-0.07077783390839947,0.5034898518460658,0.48970620786959707,0.4112299689360298,0.4565048597982092,0.28302988418720587,0.29240166209792207,0.21,0.21095848333545686,0.73,0.7347938988031716,0.8065258494184948,0.8161914504408411,47.0,57.0,99.0,162.0,190.0,192.0,53.0,77.0,40.0,63.0,UP,47.0,0.85,0.01,94032,1432,0.0,300.0
1786243800,polymarket-btc-updown-5m-1786243800-2026-08-09.txt.zst,polymarket-btc-5m_2026-08-09.zip,True,UP,0.99,0.245,0.225,0.275,0.445,0.645,0.505,0.765,0.685,0.99,0.010000000000000009,0.010000000000000009,0.010000000000000009,0.010000000000000009,0.010000000000000009,0.010000000000000009,0.010000000000000009,0.029999999999999916,,975.6500000000001,466.39,344.78,16.2,396.86,85.32,341.88,445.44,8522.885772000001,4702.219685,3051.3567190000017,4427.348893999999,4217.1113540000015,8346.35101,6618.791775000007,7810.7616110000035,1735,676,281,404,374,0.645,0.215,0.99,0.595,0.22,0.06,0.18000000000000005,0.029183298579262534,0.03265977238269498,0.28889494298722107,-0.18398801158961958,-0.3286705158469799,0.47599343837511465,0.5302466532463183,0.5825474831530535,0.5498870224686202,0.5151813260556677,0.5355083504220784,0.77,0.77,0.5,0.5,0.2437405007272477,0.24745863122506578,206.0,215.0,216.0,0.0,,,51.0,18.0,41.0,0.0,DOWN,0.0,0.79,0.010000000000000009,86533,1735,0.0,300.0
1786244100,polymarket-btc-updown-5m-1786244100-2026-08-09.txt.zst,polymarket-btc-5m_2026-08-09.zip,True,UP,0.99,0.495,0.775,0.815,0.695,0.765,0.785,0.865,0.965,0.99,0.010000000000000009,0.010000000000000009,0.009999999999999898,0.010000000000000009,0.010000000000000009,0.010000000000000009,0.010000000000000009,0.010000000000000009,,145.1,92.71,231.09,1326.8500000000001,498.0,179.24,586.22,9449.76,7086.788195000004,12149.937133000007,1587.1755380000006,1352.657787,3501.017072000001,1220.100728,3622.5548999999996,2868.206665,1266,689,184,225,168,0.825,0.18,0.99,0.785,-0.08000000000000007,0.09000000000000008,0.17999999999999994,0.055893415350574356,0.0113096918505146,-0.26320222655725806,0.0797724649917017,0.4831305721708534,0.4963124325100172,0.5119928139053822,0.5394754637421323,0.6464753444895328,0.7899999999999999,0.7919650312454499,0.87,0.8718420117727216,0.23670822193574897,0.26746214981640637,0.1449125081441606,0.16563604094686174,49.0,81.0,189.0,0.0,0.0,0.0,161.0,0.0,117.0,0.0,DOWN,0.0,0.89,0.010000000000000009,80024,1266,0.0,299.988
1786244400,polymarket-btc-updown-5m-1786244400-2026-08-09.txt.zst,polymarket-btc-5m_2026-08-09.zip,True,DOWN,0.99,0.235,0.215,0.275,0.10500000000000001,0.035,0.065,0.045,0.015,0.01,0.009999999999999981,0.010000000000000009,0.010000000000000009,0.009999999999999995,0.010000000000000002,0.010000000000000009,0.010000000000000002,0.01,,1387.08,9139.14,8143.69,6286.28,755.4,537.21,1137.3000000000002,454.85,6049.274781000002,4381.898364000001,3636.0530480000016,4681.651940000004,1832.2485060000001,4873.984643,1118.46,1476.1564000000005,897,439,218,169,71,0.545,0.035,0.07500000000000001,0.01,-0.10999999999999999,-0.04000000000000001,-0.05,0.025468165441986438,0.014852932362739428,0.15984553164082302,-0.12570761929023613,-0.4535685040198116,0.4132874209225589,0.3444814086921516,0.3176903376563594,0.27380114977423087,0.07,0.0795101168794886,0.052822690740471745,0.0569078736286167,0.94,0.9402428877392212,0.96,0.96,,,,24.0,48.0,107.0,0.0,216.0,0.0,164.0,DOWN,24.0,0.97,0.6699999999999999,67520,897,0.0,299.992
1786244700,polymarket-btc-updown-5m-1786244700-2026-08-09.txt.zst,polymarket-btc-5m_2026-08-09.zip,True,DOWN,0.99,0.625,0.675,0.595,0.765,0.615,0.615,0.445,0.035,0.01,0.010000000000000009,0.010000000000000009,0.010000000000000009,0.010000000000000009,0.010000000000000009,0.010000000000000009,0.010000000000000009,0.010000000000000002,,600.59,743.55,235.38,4578.95,383.47,225.0,404.85,208.66,6486.500751000001,3173.1467860000016,1482.2294200000001,2775.428777000002,2926.908104,13124.763404999994,3576.725713,3307.6514140000013,1072,335,238,332,167,0.765,0.525,0.545,0.01,0.08999999999999997,-0.15000000000000002,-0.58,0.017422095504407785,0.02351916793817761,0.34300982021431276,-0.3037348930243404,-0.6353142285077396,0.5615566814701219,0.5421427979612587,0.46680768761882174,0.22213516968372435,0.6200000000000001,0.6210743345285595,0.455964883385167,0.4600595827051231,0.39,0.39,0.56,0.56,44.0,,,224.0,225.0,226.0,5.0,32.0,0.0,31.0,UP,44.0,0.77,0.01,82004,1072,0.0,299.979
1786245000,polymarket-btc-updown-5m-1786245000-2026-08-09.txt.zst,polymarket-btc-5m_2026-08-09.zip,True,DOWN,0.999,0.505,0.545,0.455,0.445,0.455,0.315,0.025,0.01,0.01,0.010000000000000009,0.010000000000000009,0.010000000000000009,0.010000000000000009,0.010000000000000009,0.010000000000000009,0.009999999999999998,,,628.01,678.26,4736.59,0.0,161.6,339.96000000000004,463.72,3637.7400000000002,6127.101480000002,3121.835446000003,3824.4610830000015,11107.924002999995,3500.833841000001,7739.903791000005,457.41,0,1025,360,337,319,9,0.64,0.215,0.325,0.001,-0.10000000000000003,-0.13,-0.305,0.022738773509762823,0.04135501354981932,0.32493096861238097,-0.48776286427468807,-0.37711670610763726,0.4966813217220855,0.40462602947713305,0.201035355914737,0.0,0.32,0.32122705570076204,0.04924099418073559,0.0676921985412476,0.6899999999999998,0.69,0.98,0.98,,,,158.0,192.0,192.0,0.0,41.0,0.0,35.0,DOWN,158.0,0.79,0.5800000000000001,76835,1025,0.0,299.984
1786245300,polymarket-btc-updown-5m-1786245300-2026-08-09.txt.zst,polymarket-btc-5m_2026-08-09.zip,True,DOWN,0.99,0.215,0.11499999999999999,0.11499999999999999,0.10500000000000001,0.135,0.295,0.335,0.295,0.195,0.010000000000000009,0.009999999999999995,0.009999999999999995,0.009999999999999995,0.010000000000000009,0.010000000000000009,0.010000000000000009,0.010000000000000009,0.010000000000000009,1383.4999999999998,447.13000000000005,1170.5500000000002,235.97,1409.01,271.28000000000003,97.0,130.58,8458.079026000005,9870.299597999998,2527.868315000001,3113.3239709999993,4815.786593000001,11705.957775000004,8289.166882000001,7082.427278000001,1684,609,216,400,459,0.5,0.065,0.425,0.01,-0.009999999999999981,0.18999999999999997,0.0,0.02704257329301565,0.032756661315848014,-0.07705103659037071,-0.10378225494155727,-0.4170365446002887,0.3800929062797023,0.4841538424749545,0.4095784789941092,0.43505013857476105,0.3026717884478304,0.31303000093681427,0.3537319552444602,0.3742945897170223,0.7149683008902691,0.7210738189834346,0.6699999999999998,0.6699999999999999,,,,3.0,19.0,33.0,0.0,208.0,0.0,184.0,DOWN,3.0,0.94,0.5800000000000001,95546,1684,0.0,300.0
1786245600,polymarket-btc-updown-5m-1786245600-2026-08-09.txt.zst,polymarket-btc-5m_2026-08-09.zip,True,UP,0.999,0.575,0.845,0.895,0.925,0.965,0.965,0.985,0.985,0.999,0.010000000000000009,0.010000000000000009,0.010000000000000009,0.010000000000000009,0.010000000000000009,0.010000000000000009,0.010000000000000009,0.010000000000000009,,695.2,555.36,1954.9699999999998,1514.52,3494.34,4465.82,2640.65,1328.6,6432.986803999997,3338.110194,2433.4883659999987,1382.3123769999997,2764.802411,611.9233320000001,1079.9403,4824.296000000001,716,414,147,129,26,0.975,0.555,0.999,0.965,0.08000000000000007,0.039999999999999925,0.020000000000000018,0.020400360778377306,0.004197448374056547,0.31673788630217,0.27547979042887866,0.6375640910319557,0.6560807283169093,0.8048401250192284,0.8772175035442393,0.9335853085863709,0.9699999999999999,0.9700000000000001,0.99,0.99,0.05518108759140124,0.07123294312173993,0.023522845134373492,0.03236336721714078,42.0,42.0,45.0,,,,200.0,0.0,200.0,0.0,UP,42.0,0.98,0.82,60188,716,0.0,300.0
1786245900,polymarket-btc-updown-5m-1786245900-2026-08-09.txt.zst,polymarket-btc-5m_2026-08-09.zip,True,DOWN,0.99,0.495,0.375,0.405,0.425,0.455,0.395,0.415,0.275,0.045,0.010000000000000009,0.010000000000000009,0.009999999999999953,0.010000000000000009,0.010000000000000009,0.010000000000000009,0.010000000000000009,0.010000000000000009,0.010000000000000002,324.24,242.28,191.35,183.0,1066.71,544.47,242.14,208.23,9264.684354,5074.663032000001,6320.048136999998,1768.6149499999992,954.2316819999998,1215.1001969999993,2144.0946369999992,8468.590095000001,1181,468,198,175,340,0.885,0.295,0.525,0.01,0.04999999999999999,-0.02999999999999997,-0.12,0.04852298467754026,0.04131168157912861,0.2922044643461851,0.5626928873221346,-0.12025293018800452,0.5185065188384448,0.5464101977394454,0.5651902353254529,0.5158200137786859,0.39999999999999997,0.4,0.41999999999999993,0.42,0.6180821201042151,0.6251804460811836,0.5900000000000001,0.5943883880761898,127.0,127.0,127.0,248.0,251.0,257.0,3.0,32.0,3.0,29.0,UP,127.0,0.89,0.01,85058,1181,0.0,299.991
1786246200,polymarket-btc-updown-5m-1786246200-2026-08-09.txt.zst,polymarket-btc-5m_2026-08-09.zip,True,UP,0.99,0.305,0.635,0.555,0.575,0.545,0.905,0.945,0.945,0.965,0.010000000000000009,0.010000000000000009,0.010000000000000009,0.010000000000000009,0.010000000000000009,0.010000000000000009,0.010000000000000009,0.010000000000000009,0.010000000000000009,201.65,230.06,837.36,388.14,1145.91,1258.09,11114.16,10412.270000000002,8603.513508,11095.01845000001,3173.8859489999995,4126.329161,4766.497920000002,3040.5399430000007,6272.598915000001,2444.799602,1480,477,276,421,306,0.925,0.225,0.99,0.83,-0.06000000000000005,0.33000000000000007,0.039999999999999925,0.017537474881238857,0.03183639051914595,-0.12648175748894602,-0.13046782836512885,0.2210771879536868,0.4928421320374847,0.6076596797522464,0.6531321274797544,0.6386780094492343,0.9100000000000001,0.91,0.95,0.95,0.11610509660831757,0.13905146051088996,0.062144014716245345,0.0668231190049083,158.0,158.0,166.0,1.0,,,118.0,4.0,112.0,0.0,DOWN,1.0,0.78,0.010000000000000009,79532,1480,0.0,300.0
1786246500,polymarket-btc-updown-5m-1786246500-2026-08-09.txt.zst,polymarket-btc-5m_2026-08-09.zip,True,UP,0.98,0.245,0.245,0.11499999999999999,0.11499999999999999,0.095,0.045,0.025,0.015,0.385,0.010000000000000009,0.010000000000000009,0.009999999999999995,0.009999999999999995,0.010000000000000009,0.010000000000000002,0.009999999999999998,0.01,0.010000000000000009,831.5,9706.6,8225.6,1120.58,315.29,212.9,1289.36,846.5,3887.7284360000003,4893.510906999995,1171.522,2311.4990539999994,1272.3933260000001,3509.051392,14148.687088,7859.403670999998,1294,398,126,151,619,0.505,0.035,0.99,0.01,-0.13,-0.06999999999999999,-0.03,0.015155357928784785,0.007431019722981782,-0.11453764459816927,-0.32729548180330914,-0.4677787149938141,0.4153811136068337,0.37248994481303555,0.3180659904954508,0.05502555399730514,0.0824281591733959,0.10829795878628476,0.059674652673619724,0.07041305777213798,0.96,0.9609711065341365,0.98,0.98,282.0,283.0,283.0,19.0,72.0,87.0,16.0,232.0,15.0,178.0,DOWN,19.0,0.97,0.010000000000000009,70617,1294,0.0,299.98
1786246800,polymarket-btc-updown-5m-1786246800-2026-08-09.txt.zst,polymarket-btc-5m_2026-08-09.zip,True,UP,0.99,0.655,0.755,0.775,0.695,0.795,0.825,0.855,0.885,0.965,0.010000000000000009,0.010000000000000009,0.010000000000000009,0.010000000000000009,0.010000000000000009,0.010000000000000009,0.010000000000000009,0.010000000000000009,0.010000000000000009,540.69,105.33,168.67000000000002,372.87,277.90999999999997,616.45,471.73,745.4300000000001,4321.319212999995,3987.1189550000013,2050.1931130000003,1405.2316039999996,1935.9461330000006,1675.8574879999999,5453.821884,2346.900947,1086,460,170,174,282,0.835,0.515,0.99,0.665,-0.06000000000000005,0.13,0.06000000000000005,0.03221905068264359,0.025916610545732573,0.04022419752573575,0.18665187692468563,0.07201073820508269,0.5252581764280091,0.5882599355462992,0.5982256128892269,0.5627427363147895,0.83,0.83,0.86,0.86,0.20339507558296605,0.23395611564681243,0.1691490910063393,0.18817978319600429,41.0,67.0,199.0,,,,169.0,0.0,126.0,0.0,UP,41.0,0.84,0.53,76469,1086,0.0,300.0
1786247100,polymarket-btc-updown-5m-1786247100-2026-08-09.txt.zst,polymarket-btc-5m_2026-08-09.zip,True,DOWN,0.99,0.575,0.555,0.555,0.375,0.165,0.10500000000000001,0.095,0.045,0.015,0.010000000000000009,0.010000000000000009,0.010000000000000009,0.010000000000000009,0.010000000000000009,0.009999999999999995,0.010000000000000009,0.010000000000000002,0.01,501.3,988.9000000000001,1378.5099999999998,10616.14,335.86,658.4,268.03,863.63,3671.8892109999992,3508.843143999999,1041.0884429999999,2503.186245999999,1184.447152,1728.2014309999995,542.333332,4224.701141,790,325,173,158,134,0.655,0.10500000000000001,0.135,0.01,-0.18000000000000005,-0.27,-0.06000000000000001,0.02716417046152422,0.012848059745548417,0.022706049876162007,-0.4125238395144038,-0.18668722418958555,0.49262091309812817,0.4077132987204121,0.3889006641580414,0.38231506436896523,0.10999999999999999,0.11543197300898421,0.11552459085072148,0.13670904014314333,0.9,0.9,0.9100000000000001,0.91,,,,102.0,102.0,162.0,0.0,147.0,0.0,135.0,DOWN,102.0,0.9,0.62,69301,790,0.0,300.0
1786247400,polymarket-btc-updown-5m-1786247400-2026-08-09.txt.zst,polymarket-btc-5m_2026-08-09.zip,True,DOWN,0.99,0.475,0.505,0.565,0.555,0.515,0.565,0.195,0.095,0.025,0.010000000000000009,0.010000000000000009,0.009999999999999898,0.010000000000000009,0.010000000000000009,0.009999999999999898,0.010000000000000009,0.010000000000000009,0.009999999999999998,221.12,962.51,528.59,2023.28,771.8399999999999,254.85,84.82000000000001,241.26,1719.2534559999992,1073.206285,621.2015480000001,580.8690799999999,1378.7791529999993,2955.9839890000017,1164.2306280000003,4935.694399000001,809,170,76,279,284,0.575,0.455,0.565,0.01,0.050000000000000044,0.009999999999999898,-0.47,0.004564354645876378,0.03226241040144058,0.23135415759607164,0.033552494388042045,-0.3638502922381825,0.5005006994870428,0.48309963946412754,0.37909165473070616,0.40417139509875066,0.57,0.57,0.22405321910900233,0.2525620840667857,0.43999999999999995,0.43999999999999995,0.8099999999999999,0.81,,,,199.0,207.0,207.0,0.0,77.0,0.0,69.0,DOWN,199.0,0.0,1.0,70073,809,0.0,300.0
1786247700,polymarket-btc-updown-5m-1786247700-2026-08-09.txt.zst,polymarket-btc-5m_2026-08-09.zip,True,DOWN,0.99,0.245,0.225,0.20500000000000002,0.155,0.10500000000000001,0.135,0.135,0.07500000000000001,0.035,0.010000000000000009,0.010000000000000009,0.009999999999999981,0.010000000000000009,0.009999999999999995,0.010000000000000009,0.010000000000000009,0.009999999999999995,0.010000000000000002,430.32000000000005,341.93,320.18,2246.91,729.55,666.87,374.09999999999997,284.83,3075.6688190000004,3400.5900079999988,1016.3286879999999,955.9455429999997,2334.6584299999995,1836.9262839999988,2678.1532069999976,5518.146538,994,341,120,248,285,0.455,0.10500000000000001,0.395,0.01,-0.07,-0.01999999999999999,-0.06,0.01834542509315986,0.023767736201572867,-0.05017112466928869,0.030615998551775558,0.11931488394077017,0.4153778677964863,0.4010739658326799,0.407254910867001,0.4245873194233599,0.14,0.1410942097159612,0.1455774867529358,0.15842570792587649,0.87,0.87,0.87,0.8747057458349284,,,,12.0,15.0,101.0,0.0,239.0,0.0,199.0,DOWN,12.0,0.9,0.61,75591,994,0.0,300.0
1786248000,polymarket-btc-updown-5m-1786248000-2026-08-09.txt.zst,polymarket-btc-5m_2026-08-09.zip,True,UP,0.99,0.555,0.525,0.575,0.625,0.655,0.685,0.745,0.355,0.795,0.010000000000000009,0.010000000000000009,0.010000000000000009,0.010000000000000009,0.010000000000000009,0.009999999999999898,0.010000000000000009,0.010000000000000009,0.010000000000000009,907.22,939.99,282.62,304.48,294.06,206.26,581.01,97.38,4156.753913,4407.8119529999985,1058.9599110000004,1130.6207869999998,1567.1605349999993,1842.2689709999995,7883.292999000002,4721.705987000002,1239,321,187,209,522,0.775,0.385,0.99,0.175,0.09999999999999998,0.06000000000000005,-0.33000000000000007,0.0205828499359198,0.03250650455873372,-0.029313574549839194,-0.03272812738322717,-0.08069046024147371,0.5313584751877394,0.56641341080034,0.5393181390118479,0.4899486211463653,0.6899999999999998,0.6996391652309912,0.7499999999999999,0.75,0.31999999999999995,0.32997337103947855,0.2650619434960576,0.27664214501990264,160.0,270.0,271.0,242.0,255.0,,56.0,18.0,19.0,7.0,UP,160.0,0.78,0.18,81018,1239,0.0,300.0
1786248300,polymarket-btc-updown-5m-1786248300-2026-08-09.txt.zst,polymarket-btc-5m_2026-08-09.zip,True,UP,0.999,0.5549999999999999,0.545,0.555,0.775,0.895,0.925,0.945,0.975,0.99,0.029999999999999916,0.010000000000000009,0.010000000000000009,0.010000000000000009,0.010000000000000009,0.010000000000000009,0.010000000000000009,0.010000000000000009,,676.0,387.35999999999996,487.2,1150.98,604.28,4391.61,11088.269999999999,8876.630000000001,5588.395671000004,6833.2069809999975,1382.7610309999995,1116.092673,3824.683708,1842.216654,3642.0115000000005,1220.04,950,413,229,190,118,0.925,0.475,0.999,0.925,0.22999999999999998,0.15000000000000002,0.04999999999999993,0.03515668708878616,0.006928120997873354,-0.10021342212227073,0.1067162745754721,0.34983269995245414,0.5301256063453008,0.5961945955690796,0.6227772619970613,0.6823604852425836,0.9299999999999999,0.93,0.95,0.95,0.08957222387590463,0.10608183720306774,0.0767771411415207,0.09087109588396301,98.0,114.0,137.0,,,,155.0,0.0,144.0,0.0,UP,98.0,0.93,0.65,70151,950,0.0,299.993
1786248600,polymarket-btc-updown-5m-1786248600-2026-08-09.txt.zst,polymarket-btc-5m_2026-08-09.zip,True,UP,0.99,0.525,0.625,0.665,0.775,0.915,0.925,0.955,0.985,0.985,0.010000000000000009,0.010000000000000009,0.010000000000000009,0.010000000000000009,0.010000000000000009,0.010000000000000009,0.010000000000000009,0.010000000000000009,0.010000000000000009,1107.65,515.56,460.63,1697.3,469.82,4162.57,9694.160000000002,3314.4,3560.3207390000016,4231.865182999999,2251.655500999999,3201.6703730000004,2560.0787909999995,921.7731569999999,2401.3284,1066.27,879,346,224,202,107,0.935,0.505,0.99,0.915,0.15000000000000002,0.15000000000000002,0.05999999999999994,0.024304182300808327,0.011198001734367613,-0.08618177886438749,-0.17420834440307678,0.47052708112447283,0.6166856428640994,0.6087147375411294,0.6666784717525497,0.8621322497143353,0.9299999999999999,0.93,0.96,0.96,0.07999999999999996,0.09082866497569432,0.05858962545671669,0.08165416514709757,115.0,115.0,115.0,,,,156.0,0.0,154.0,0.0,UP,115.0,0.94,0.78,71384,879,0.0,299.992
1786248900,polymarket-btc-updown-5m-1786248900-2026-08-09.txt.zst,polymarket-btc-5m_2026-08-09.zip,True,DOWN,0.99,0.715,0.765,0.215,0.20500000000000002,0.185,0.135,0.08499999999999999,0.035,0.01,0.010000000000000009,0.010000000000000009,0.010000000000000009,0.009999999999999981,0.010000000000000009,0.010000000000000009,0.009999999999999995,0.010000000000000002,,581.25,921.72,2068.9800000000005,9277.37,712.63,403.59000000000003,571.25,626.28,5874.203751999996,7578.995924000001,1378.7614889999998,2267.19091,1136.0930389999996,1833.8398960000004,1028.864997,4104.201256999999,1152,668,177,174,133,0.765,0.125,0.125,0.01,-0.56,-0.07,-0.1,0.045452825916036305,0.010991962725194175,-0.12672020136899403,-0.24367554037284625,-0.23493690674870435,0.404837670223799,0.40831632737435714,0.3627511611181025,0.3401416387595683,0.14496150439045183,0.15130642574141415,0.08999999999999998,0.10054839442383358,0.87,0.87,0.9200000000000002,0.9230251732295255,21.0,,,79.0,120.0,159.0,15.0,154.0,0.0,142.0,UP,21.0,0.77,0.01,77188,1152,0.0,300.0
1786249200,polymarket-btc-updown-5m-1786249200-2026-08-09.txt.zst,polymarket-btc-5m_2026-08-09.zip,True,UP,0.99,0.595,0.525,0.635,0.595,0.815,0.865,0.875,0.925,0.975,0.010000000000000009,0.010000000000000009,0.010000000000000009,0.010000000000000009,0.009999999999999898,0.010000000000000009,0.010000000000000009,0.010000000000000009,0.010000000000000009,479.23,359.32,454.26,136.81,488.0,682.87,1015.7,4778.93,2888.9779090000006,4207.348767000004,3578.4246140000005,3131.0888490000007,1314.8026790000006,1639.5380959999995,6981.559684000001,1975.3438900000006,1184,411,267,179,327,0.865,0.505,0.99,0.815,0.06999999999999995,0.27,0.06000000000000005,0.011132006496020884,0.02193690373173531,-0.18578215437273685,0.06667186338724242,-0.10991806353144855,0.5090062233497716,0.5568490113705536,0.5532065889439916,0.5655985429217621,0.87,0.8706732610242657,0.88,0.88,0.14,0.143068826005064,0.13,0.13334157172016364,146.0,148.0,155.0,,,,127.0,0.0,125.0,0.0,UP,146.0,0.87,0.76,72516,1184,0.0,300.0
1786249500,polymarket-btc-updown-5m-1786249500-2026-08-09.txt.zst,polymarket-btc-5m_2026-08-09.zip,True,UP,0.99,0.335,0.365,0.545,0.545,0.385,0.735,0.955,0.985,0.985,0.010000000000000009,0.010000000000000009,0.010000000000000009,0.010000000000000009,0.010000000000000009,0.010000000000000009,0.010000000000000009,0.010000000000000009,0.010000000000000009,680.5699999999999,74.97,504.37,944.76,110.0,544.27,10211.759999999998,7819.74,6748.450615999994,9928.550231000001,4736.108125999996,2433.840981,5036.637921000001,4295.1390230000015,3031.7385999999988,342.11999999999995,1445,626,257,426,136,0.825,0.335,0.99,0.685,0.18000000000000005,0.18999999999999995,0.25,0.02746244570990988,0.03733702657717724,-0.19068774080994733,0.3210995100024212,0.07945956085853048,0.4998835208310332,0.5456611905289387,0.6740185531599748,0.7221718498853833,0.74,0.74,0.96,0.96,0.2916870672517191,0.3129494861756622,0.0536165490846553,0.07249613603040223,163.0,169.0,198.0,,,,104.0,0.0,81.0,0.0,UP,163.0,0.83,0.69,78499,1445,0.0,299.981
1786249800,polymarket-btc-updown-5m-1786249800-2026-08-09.txt.zst,polymarket-btc-5m_2026-08-09.zip,True,DOWN,0.999,0.355,0.335,0.185,0.14500000000000002,0.07500000000000001,0.045,0.035,0.035,0.015,0.010000000000000009,0.010000000000000009,0.010000000000000009,0.009999999999999981,0.009999999999999995,0.010000000000000002,0.010000000000000002,0.010000000000000002,0.01,234.26,10877.720000000001,10310.91,9559.570000000002,388.68,294.5,497.93,353.1,4375.246475,6858.364773000002,1016.2961179999999,2011.4564929999992,576.518,812.1641089999994,145.95000000000002,5135.633351999999,934,545,141,115,133,0.445,0.045,0.045,0.001,-0.19,-0.10000000000000002,-0.009999999999999995,0.02551308227060734,0.0064545125369346,-0.22104363798792567,-0.3286795530733008,-0.16969046225394946,0.4346268376165642,0.3828921172458654,0.3610385226669113,0.34547601218905766,0.06596214720673176,0.09752883282364715,0.04590106656133807,0.07081457162794909,0.96,0.96,0.9699999999999999,0.9700000000000001,,,,62.0,63.0,77.0,0.0,208.0,0.0,203.0,DOWN,62.0,0.96,0.73,67170,934,0.0,300.0
1786250100,polymarket-btc-updown-5m-1786250100-2026-08-09.txt.zst,polymarket-btc-5m_2026-08-09.zip,True,DOWN,0.99,0.255,0.245,0.185,0.11499999999999999,0.20500000000000002,0.175,0.155,0.08499999999999999,0.035,0.010000000000000009,0.010000000000000009,0.010000000000000009,0.009999999999999995,0.009999999999999981,0.009999999999999981,0.010000000000000009,0.009999999999999995,0.010000000000000002,1537.9499999999998,497.64,438.40999999999997,1935.25,534.39,215.56,674.5,730.4100000000001,2558.988887000001,4087.0434380000006,2872.598015,1395.4864190000005,1615.1119339999998,1947.8245779999984,3064.2683290000004,5648.745480999999,1027,350,182,220,275,0.46499999999999997,0.11499999999999999,0.245,0.01,-0.13,0.06,-0.09,0.014803805627757537,0.016252704572626734,-0.22991981926600083,0.3460830306526217,-0.09338158086157858,0.4105904309478082,0.4562575149183168,0.41891953891718875,0.38278146402585755,0.19216629283571338,0.20468000396432676,0.16000000000000003,0.16,0.83,0.83,0.85,0.85,,,,5.0,80.0,93.0,0.0,244.0,0.0,192.0,DOWN,5.0,0.89,0.71,72580,1027,0.0,300.0
1786250400,polymarket-btc-updown-5m-1786250400-2026-08-09.txt.zst,polymarket-btc-5m_2026-08-09.zip,True,DOWN,0.99,0.295,0.265,0.225,0.28500000000000003,0.425,0.195,0.165,0.07500000000000001,0.015,0.010000000000000009,0.010000000000000009,0.010000000000000009,0.009999999999999953,0.010000000000000009,0.010000000000000009,0.010000000000000009,0.009999999999999995,0.01,1198.77,432.88,107.8,2094.9900000000002,339.99,106.0,398.19,286.95,5590.232861999995,5549.075332999997,5343.979001000003,6923.633934000001,2065.0382299999997,2753.003945999999,2897.517756,6108.70947,1565,410,565,277,313,0.515,0.175,0.235,0.01,0.020000000000000018,-0.09000000000000002,-0.12,0.021924239300545025,0.027728668865536092,0.003694801174319989,-0.12876628414751964,-0.14278947565609673,0.468516813918922,0.41648222743219687,0.4407510543821588,0.3981636203233576,0.22572358345013774,0.2500552996399347,0.17269683772259176,0.1872328606013652,0.8099999999999999,0.81,0.8441120818686308,0.8540559486758336,,,,9.0,53.0,194.0,0.0,149.0,0.0,105.0,DOWN,9.0,0.83,0.49,78327,1565,0.0,300.0
1786250700,polymarket-btc-updown-5m-1786250700-2026-08-09.txt.zst,polymarket-btc-5m_2026-08-09.zip,True,DOWN,0.99,0.455,0.475,0.705,0.335,0.46499999999999997,0.125,0.395,0.295,0.035,0.010000000000000009,0.010000000000000009,0.010000000000000009,0.010000000000000009,0.009999999999999953,0.010000000000000009,0.010000000000000009,0.010000000000000009,0.010000000000000002,832.1800000000001,622.41,738.0,178.23999999999998,343.96,125.62,185.32,416.09000000000003,5390.859431000001,5518.480068999998,4851.717933000001,5010.945574000003,5164.622240999997,4505.162057000001,4135.475447,6688.722396000012,1785,380,417,487,501,0.745,0.125,0.46499999999999997,0.01,-0.13999999999999996,-0.21000000000000002,0.16999999999999998,0.03452800491266907,0.04557881557257404,-0.01169829190850625,-0.016144486820116162,0.06819802424511083,0.47499197431781703,0.3967877162869141,0.4602238984230175,0.4573792973138143,0.1495029023476177,0.1855717333660162,0.4011966552594902,0.4110520209196333,0.88,0.88,0.6235997350045082,0.6274248559214305,86.0,,,109.0,110.0,178.0,2.0,63.0,0.0,49.0,UP,86.0,0.75,0.01,87320,1785,0.0,300.0
1786251000,polymarket-btc-updown-5m-1786251000-2026-08-09.txt.zst,polymarket-btc-5m_2026-08-09.zip,True,DOWN,0.999,0.165,0.125,0.035,0.11499999999999999,0.035,0.045,0.0205,0.0125,0.0055,0.010000000000000009,0.010000000000000009,0.010000000000000002,0.009999999999999995,0.010000000000000002,0.010000000000000002,0.0010000000000000009,0.004999999999999999,0.006999999999999999,275.0,8803.25,11865.72,5156.99,918.69,355.65999999999997,856.15,2321.9,7314.731859000003,8763.198292999992,767.048372,1439.8826560000002,530.6657739999999,1903.912993,2345.5488880000003,2626.435832,888,587,90,121,90,0.345,0.025,0.045,0.001,-0.010000000000000009,-0.06999999999999999,-0.0325,0.020400360778377306,0.006322443704969366,-0.09009035493413987,-0.30487327218818744,-0.5640594741127141,0.3403393657482219,0.3429933433206252,0.3743403302702279,0.18721076117276853,0.061296799073202,0.08755647904819645,0.04038016170071054,0.050372893266194714,0.96,0.96,0.98,0.98,,,,2.0,19.0,19.0,0.0,262.0,0.0,261.0,DOWN,2.0,0.98,0.6599999999999999,65869,888,0.0,300.0
1786251300,polymarket-btc-updown-5m-1786251300-2026-08-09.txt.zst,polymarket-btc-5m_2026-08-09.zip,True,UP,0.99,0.675,0.665,0.575,0.345,0.645,0.705,0.635,0.855,0.985,0.010000000000000009,0.010000000000000009,0.010000000000000009,0.009999999999999953,0.010000000000000009,0.010000000000000009,0.010000000000000009,0.010000000000000009,0.010000000000000009,90.59,674.85,537.78,156.96,376.34,327.89,976.4200000000001,828.96,7402.004942999999,6597.557883000001,5319.477215000001,3357.2028530000002,2098.3418019999995,1970.3367889999997,6094.716222000004,2133.0149819999997,1555,560,346,244,405,0.795,0.225,0.99,0.625,-0.32000000000000006,0.36,0.15000000000000002,0.01299940744178499,0.03478621095875653,0.05746229864449609,0.22615497478545504,0.03146107762926997,0.47583295576067053,0.5467775667012945,0.4952641576308572,0.5527392100428722,0.71125614244271,0.7164780450107744,0.64,0.64,0.30000000000000004,0.30000000000000004,0.37,0.37157515941877844,134.0,136.0,224.0,127.0,,,77.0,2.0,68.0,0.0,DOWN,127.0,0.78,0.010000000000000009,81768,1555,0.0,299.984
1786251600,polymarket-btc-updown-5m-1786251600-2026-08-09.txt.zst,polymarket-btc-5m_2026-08-09.zip,True,DOWN,0.99,0.46499999999999997,0.35,0.375,0.345,0.295,0.645,0.645,0.195,0.015,0.009999999999999953,0.06,0.010000000000000009,0.009999999999999953,0.010000000000000009,0.010000000000000009,0.010000000000000009,0.010000000000000009,0.01,671.72,416.44,142.53,184.70999999999998,190.0,205.62,183.22,555.95,7229.422290000003,5876.133506999998,3029.261374000003,1474.372123,4332.8519460000025,6009.244110999998,6366.677873000001,5842.836169000004,1478,356,295,468,359,0.645,0.295,0.895,0.01,-0.0050000000000000044,0.30000000000000004,-0.45,0.02225673819224154,0.04402531286231799,0.103260693705931,0.3452521729478561,-0.16209404319594742,0.483425018928136,0.5758873080755,0.579820055356692,0.43981242536706744,0.65,0.65,0.65,0.65,0.36,0.36,0.36555506464976895,0.3817572084435289,192.0,195.0,196.0,215.0,215.0,234.0,18.0,57.0,15.0,51.0,UP,192.0,0.0,1.0,77011,1478,0.0,300.0
1786251900,polymarket-btc-updown-5m-1786251900-2026-08-09.txt.zst,polymarket-btc-5m_2026-08-09.zip,True,UP,0.9325,0.525,0.275,0.395,0.365,0.315,0.325,0.28500000000000003,0.235,0.295,0.010000000000000009,0.010000000000000009,0.010000000000000009,0.010000000000000009,0.010000000000000009,0.010000000000000009,0.009999999999999953,0.009999999999999981,0.010000000000000009,635.48,397.54,262.12,121.2,69.77000000000001,192.6,85.0,633.5899999999999,6785.664969999999,7591.624207999999,5440.108199999999,3736.2615990000013,3033.0650589999987,3164.629495,11389.120596999992,5717.422896000004,1992,581,361,350,700,0.575,0.20500000000000002,0.99,0.08499999999999999,0.08999999999999997,-0.03999999999999998,-0.09000000000000002,0.03289742993546066,0.04885623871073147,-0.056057802553855014,0.1856776305141577,-0.021227963858769006,0.4931474573493343,0.4860757227693194,0.4728072772355178,0.4562151627176433,0.3416702657401728,0.3603566363373933,0.29751440045412936,0.32700793696361435,0.6799999999999999,0.6799999999999999,0.72,0.72,296.0,296.0,296.0,54.0,137.0,213.0,3.0,63.0,3.0,27.0,DOWN,54.0,0.8,0.010000000000000009,95694,1992,0.0,299.995
1786252200,polymarket-btc-updown-5m-1786252200-2026-08-09.txt.zst,polymarket-btc-5m_2026-08-09.zip,True,UP,0.99,0.645,0.645,0.535,0.605,0.625,0.575,0.565,0.835,0.945,0.010000000000000009,0.010000000000000009,0.010000000000000009,0.010000000000000009,0.010000000000000009,0.010000000000000009,0.009999999999999898,0.010000000000000009,0.010000000000000009,499.16,866.75,69.15,207.55,474.33,342.87,1419.65,30.1,7134.809006000002,6103.186032000002,2657.030996999999,2395.052647,3459.4952319999998,3717.971961,8835.45845800001,7028.872901,1814,619,294,289,612,0.725,0.365,0.99,0.415,-0.040000000000000036,-0.030000000000000027,0.26,0.02228535179802878,0.0491444753926131,0.07792894400086264,0.0518555052648687,-0.03601224806044201,0.501503109685169,0.5055364955537206,0.48706290007282754,0.6150534944729841,0.5938922861891697,0.5975425026908758,0.57,0.57,0.43,0.43000000000000005,0.4529633952219682,0.47851933690980264,221.0,240.0,241.0,,,,51.0,0.0,47.0,0.0,UP,221.0,0.0,1.0,90747,1814,0.0,300.0
1786252500,polymarket-btc-updown-5m-1786252500-2026-08-09.txt.zst,polymarket-btc-5m_2026-08-09.zip,True,DOWN,0.99,0.485,0.485,0.555,0.375,0.415,0.375,0.28500000000000003,0.2,0.025,0.010000000000000009,0.010000000000000009,0.010000000000000009,0.010000000000000009,0.010000000000000009,0.010000000000000009,0.009999999999999953,0.01999999999999999,0.009999999999999998,154.61,701.07,222.64000000000001,107.48,592.97,516.9,561.2099999999999,219.91,7240.068226000007,5525.5001630000015,3126.308259,2586.5388930000017,4644.594858999997,3885.1836349999967,2534.586463,6698.032314000006,1704,515,350,430,409,0.575,0.315,0.665,0.01,-0.10999999999999999,0.0,-0.175,0.01818728431966603,0.034271624187794905,0.1343119249180816,0.09448342510109536,0.08903059141971675,0.47386082894635295,0.514419890566318,0.45433126391414314,0.4688113260181911,0.38000000000000006,0.38,0.29,0.2939230825117105,0.63,0.640192113108103,0.72,0.7239825995697899,,,,208.0,240.0,241.0,0.0,52.0,0.0,37.0,DOWN,208.0,0.0,1.0,84808,1704,0.007,300.0
1786252800,polymarket-btc-updown-5m-1786252800-2026-08-09.txt.zst,polymarket-btc-5m_2026-08-09.zip,True,UP,0.99,0.685,0.675,0.755,0.645,0.225,0.715,0.585,0.685,0.945,0.009999999999999898,0.010000000000000009,0.010000000000000009,0.010000000000000009,0.010000000000000009,0.010000000000000009,0.010000000000000009,0.009999999999999898,0.010000000000000009,498.22,90.0,178.77,602.25,1408.88,595.66,668.89,153.95,3732.179841000002,5440.627059000001,5788.6308039999985,4721.608146999997,1537.1844610000003,1526.9497099999994,8013.95377,3475.8641379999995,1585,423,369,220,573,0.765,0.225,0.99,0.545,-0.030000000000000027,0.06999999999999995,-0.029999999999999916,0.01249026231354107,0.04153684851948835,-0.18625130089678424,0.10152220724710351,0.003340177168763042,0.49616743513617634,0.5064738922522795,0.4687554498303631,0.5174136746783268,0.72,0.72,0.59,0.59,0.30819049614225374,0.32964038785305977,0.4342441738287717,0.4376799800085277,74.0,248.0,254.0,147.0,,,53.0,5.0,36.0,0.0,UP,74.0,0.77,0.23,79976,1585,0.0,300.0
1786253100,polymarket-btc-updown-5m-1786253100-2026-08-09.txt.zst,polymarket-btc-5m_2026-08-09.zip,True,UP,0.975,0.355,0.505,0.645,0.635,0.885,0.865,0.855,0.875,0.605,0.010000000000000009,0.010000000000000009,0.010000000000000009,0.010000000000000009,0.010000000000000009,0.010000000000000009,0.010000000000000009,0.010000000000000009,0.010000000000000009,333.42,278.65999999999997,466.35,95.49000000000001,594.6500000000001,1381.1000000000001,1144.5400000000002,1683.6,4929.942246,3393.6007269999996,2761.649408999998,2830.435501000001,1319.1653520000004,1413.5144189999996,10661.450860999998,7264.888110000003,1604,434,295,180,695,0.895,0.355,0.99,0.255,0.13,0.22999999999999998,0.010000000000000009,0.019437286931290064,0.015626999231164052,0.1845778322985298,-0.01230061651549619,-0.03452620683962285,0.5652516074673198,0.5861278633490105,0.614594110294395,0.5597781649476685,0.8784825952340791,0.8853592003826769,0.8712094016861182,0.8768262292704371,0.14,0.163583141143053,0.15000000000000002,0.15526656902061317,126.0,134.0,148.0,277.0,,,141.0,1.0,124.0,0.0,UP,126.0,0.9,0.26,86250,1604,0.0,300.0
1786253400,polymarket-btc-updown-5m-1786253400-2026-08-09.txt.zst,polymarket-btc-5m_2026-08-09.zip,True,UP,0.99,0.715,0.605,0.625,0.655,0.565,0.585,0.535,0.455,0.965,0.010000000000000009,0.010000000000000009,0.010000000000000009,0.010000000000000009,0.009999999999999898,0.010000000000000009,0.010000000000000009,0.010000000000000009,0.010000000000000009,1063.37,562.6700000000001,133.49,217.7,49.92,99.58999999999999,539.24,640.28,3666.0874740000013,5795.411949000002,2836.600205000001,2496.9325900000003,1264.0922970000006,2392.5319710000003,8115.113634000007,4557.528078999997,1379,469,211,228,471,0.735,0.535,0.99,0.315,0.050000000000000044,-0.07000000000000006,-0.12999999999999995,0.011941735301739307,0.018743464891609534,-0.22505148283619994,0.06368529604213312,-0.3086014835801553,0.5367760269437029,0.515215066849169,0.48199749344973913,0.4755717005168119,0.6062270133384674,0.6191878278853886,0.54,0.54,0.42000000000000004,0.42000000000000004,0.49082994677768177,0.4962925086772739,257.0,259.0,260.0,,,,26.0,0.0,25.0,0.0,UP,257.0,0.0,1.0,80136,1379,0.0,299.984
1786253700,polymarket-btc-updown-5m-1786253700-2026-08-09.txt.zst,polymarket-btc-5m_2026-08-09.zip,True,DOWN,0.99,0.275,0.275,0.275,0.235,0.20500000000000002,0.08499999999999999,0.14500000000000002,0.08499999999999999,0.055,0.010000000000000009,0.010000000000000009,0.010000000000000009,0.009999999999999981,0.009999999999999981,0.009999999999999995,0.009999999999999981,0.009999999999999995,0.009999999999999995,447.06,2854.0,361.92,3167.3100000000004,453.13,151.32999999999998,64.11,16.93,5331.896308000002,4577.897147999998,1925.970277999999,1591.6101080000003,1192.0313799999994,1431.2703769999994,2850.18057,6192.188322999999,1359,549,239,197,374,0.335,0.07500000000000001,0.185,0.01,-0.040000000000000036,-0.15,0.0,0.014506590794207583,0.017329140275614486,0.07608626389114966,0.09505402387696814,-0.09119766582766027,0.4386553237307016,0.37448728188219177,0.4118006263029938,0.43339306208121475,0.11478095799210335,0.15458353301149882,0.18475925513300007,0.22289534224531904,0.9200000000000002,0.9200000000000002,0.86,0.86,,,,0.0,85.0,173.0,0.0,201.0,0.0,137.0,DOWN,0.0,0.9299999999999999,0.6699999999999999,72450,1359,0.0,300.0
1786254000,polymarket-btc-updown-5m-1786254000-2026-08-09.txt.zst,polymarket-btc-5m_2026-08-09.zip,True,DOWN,0.99,0.255,0.365,0.435,0.485,0.175,0.265,0.20500000000000002,0.185,0.035,0.010000000000000009,0.010000000000000009,0.010000000000000009,0.010000000000000009,0.009999999999999981,0.010000000000000009,0.009999999999999981,0.010000000000000009,0.010000000000000002,785.08,208.17000000000002,174.69,170.0,1262.9499999999998,92.0,592.39,380.02,8843.294126999997,4975.175400999997,4626.410532,4273.7621199999985,1797.3871669999999,1656.196903000001,3653.571870999999,5863.067968000008,1656,651,418,207,380,0.705,0.175,0.305,0.01,0.12,-0.21999999999999997,-0.08000000000000002,0.015567632783316493,0.03347683704340096,0.2799238163214917,0.03962264843488808,0.04088224324013601,0.47093826179284143,0.45075007784763077,0.4052930730481515,0.40872867674878693,0.27972620200468257,0.30576406019911995,0.21,0.21531240992215558,0.74,0.74,0.8069331109981555,0.8145722169149683,,,,9.0,148.0,246.0,0.0,113.0,0.0,57.0,DOWN,9.0,0.83,0.30000000000000004,78748,1656,0.001,300.0
1786254300,polymarket-btc-updown-5m-1786254300-2026-08-09.txt.zst,polymarket-btc-5m_2026-08-09.zip,True,DOWN,0.99,0.305,0.275,0.28500000000000003,0.095,0.07500000000000001,0.035,0.065,0.045,0.015,0.010000000000000009,0.010000000000000009,0.009999999999999953,0.010000000000000009,0.009999999999999995,0.010000000000000002,0.010000000000000009,0.010000000000000002,0.01,865.9,9798.81,9071.19,8871.460000000001,573.65,428.06,66.53,778.95,6606.072643000005,5461.105878000001,897.5540380000001,2526.830637000001,2171.957128,2607.0112169999998,1471.4849999999997,3556.668347,1195,555,217,261,162,0.325,0.035,0.22499999999999998,0.01,-0.18000000000000002,-0.06,0.009999999999999995,0.021051490828595552,0.02127036504150124,0.09488272366298933,-0.47578667516376505,-0.09103514767055855,0.3858398909450366,0.34169459254945583,0.3383155290325781,0.31600394530291315,0.04662501130030666,0.07188231768447816,0.13058444162169924,0.1645158176174442,0.9699999999999999,0.9700000000000001,0.94,0.9413775234227255,,,,0.0,92.0,92.0,0.0,191.0,0.0,179.0,DOWN,0.0,0.97,0.6799999999999999,74025,1195,0.0,300.0
1786254600,polymarket-btc-updown-5m-1786254600-2026-08-09.txt.zst,polymarket-btc-5m_2026-08-09.zip,True,UP,0.999,0.775,0.775,0.725,0.735,0.395,0.515,0.985,0.975,0.99,0.010000000000000009,0.010000000000000009,0.010000000000000009,0.010000000000000009,0.010000000000000009,0.010000000000000009,0.010000000000000009,0.010000000000000009,,1122.76,546.04,747.54,261.62,73.16,489.78000000000003,6668.24,7874.4400000000005,6473.498786000004,8895.422665,6328.338894999999,7587.978419999994,8940.982508,3785.6006900000007,2671.2696590000005,3444.367,1651,626,499,409,117,0.845,0.22,0.999,0.505,-0.040000000000000036,-0.21999999999999997,0.45999999999999996,0.022747202555251412,0.041965872489220485,-0.15758580631189378,-0.09051529197615135,0.40508766082715536,0.590401426085199,0.553321288757849,0.7526200628740894,0.7116808499264413,0.5245608604343618,0.5278113424051353,0.99,0.99,0.49,0.49,0.030929116026164754,0.049155622251064526,0.0,18.0,104.0,140.0,,,183.0,1.0,101.0,0.0,UP,0.0,0.85,0.23,78820,1651,0.0,299.983
1786254900,polymarket-btc-updown-5m-1786254900-2026-08-09.txt.zst,polymarket-btc-5m_2026-08-09.zip,True,UP,0.99,0.755,0.755,0.705,0.875,0.855,0.845,0.885,0.925,0.985,0.010000000000000009,0.010000000000000009,0.010000000000000009,0.010000000000000009,0.010000000000000009,0.010000000000000009,0.010000000000000009,0.010000000000000009,0.010000000000000009,262.36,87.34,317.63,262.64,532.1,760.22,625.33,3983.1699999999996,6801.511880000002,7846.628577000001,1740.5637119999994,1624.8026309999996,1926.0523719999997,1154.8563250000002,4808.497977,1361.2166650000001,1318,590,230,201,297,0.905,0.705,0.99,0.775,0.12,-0.030000000000000027,0.08000000000000007,0.021223063336072552,0.015521715678320907,-0.0713480799878979,0.03439776511724623,0.2503144762942644,0.6337524053441621,0.6145394414015256,0.6458525404570995,0.6336807055727905,0.85,0.85,0.89,0.89,0.19627253002276523,0.22646068311130774,0.12000000000000001,0.1332090443436219,1.0,11.0,80.0,,,,252.0,0.0,186.0,0.0,UP,1.0,0.91,0.71,75298,1318,0.0,299.985
1786255200,polymarket-btc-updown-5m-1786255200-2026-08-09.txt.zst,polymarket-btc-5m_2026-08-09.zip,True,UP,0.9325,0.795,0.785,0.845,0.665,0.735,0.765,0.415,0.405,0.74,0.010000000000000009,0.010000000000000009,0.010000000000000009,0.010000000000000009,0.010000000000000009,0.010000000000000009,0.010000000000000009,0.009999999999999953,0.020000000000000018,462.27,132.29,543.26,210.12,203.77,722.65,69.83,71.00999999999999,11015.643981,15000.943228000007,5320.068932000003,4179.346122999999,8779.337398000005,10794.687588000008,17461.02235900001,10707.173062999997,2554,691,381,596,886,0.885,0.155,0.99,0.155,-0.12,0.09999999999999998,-0.36,0.047854365172954105,0.05904533562702299,-0.15318301416649147,0.12008347907691284,-0.10296043820529747,0.5321952004873989,0.5439829804704631,0.4467222954908889,0.4701872737778369,0.77,0.77,0.43530517763204263,0.4608489083103222,0.2614412407057496,0.2801835729732136,0.5900000000000001,0.5900000000000001,0.0,9.0,89.0,99.0,99.0,99.0,153.0,13.0,79.0,6.0,UP,0.0,0.89,0.16,101195,2554,0.0,300.0
1786255500,polymarket-btc-updown-5m-1786255500-2026-08-09.txt.zst,polymarket-btc-5m_2026-08-09.zip,True,UP,0.99,0.515,0.505,0.485,0.615,0.455,0.46499999999999997,0.805,0.395,0.935,0.010000000000000009,0.010000000000000009,0.010000000000000009,0.010000000000000009,0.010000000000000009,0.009999999999999953,0.010000000000000009,0.010000000000000009,0.009999999999999898,122.04,234.69,101.27000000000001,157.78,291.58,248.84,468.99,298.05,3863.415866000001,4661.576106,4403.974021000004,4778.116505000001,8432.388092999996,4818.0272600000035,8021.060303000005,7520.204790000002,1829,308,417,478,626,0.735,0.415,0.99,0.215,0.10999999999999999,-0.15000000000000002,-0.06999999999999995,0.013097084158139104,0.05601947771019166,-0.09362592277171931,-0.040746982720392,0.27277339892456065,0.48731838591898563,0.5248502322781368,0.574050056201821,0.45773364010885703,0.47000000000000003,0.47000000000000003,0.8099999999999999,0.81,0.54,0.5451290664064541,0.21650542759700853,0.24368533602861386,202.0,203.0,205.0,232.0,234.0,,50.0,6.0,33.0,1.0,UP,202.0,0.0,1.0,92403,1829,0.0,299.988
1786255800,polymarket-btc-updown-5m-1786255800-2026-08-09.txt.zst,polymarket-btc-5m_2026-08-09.zip,True,UP,0.99,0.455,0.815,0.605,0.675,0.725,0.525,0.395,0.875,0.985,0.010000000000000009,0.009999999999999898,0.010000000000000009,0.010000000000000009,0.010000000000000009,0.010000000000000009,0.010000000000000009,0.010000000000000009,0.010000000000000009,109.96,518.65,246.37,235.32,845.47,294.91999999999996,172.92000000000002,575.8,9353.373596999993,9189.286131000012,2028.8309409999993,2841.515918,4766.151448000002,3933.9299989999995,7516.245879000008,3531.2658309999997,1694,587,265,423,419,0.815,0.435,0.99,0.385,-0.1399999999999999,-0.15000000000000002,0.35,0.02654309824466184,0.03588633958814621,0.008849187139653086,-0.16686388064912172,0.09565674230405888,0.4984502740218504,0.5283575519426449,0.49191067598365873,0.5923255131754057,0.53,0.53,0.4068221533401531,0.41099774672758055,0.48,0.48,0.6143750132144029,0.6228830738599518,53.0,54.0,220.0,,,,68.0,0.0,60.0,0.0,UP,53.0,0.82,0.39,81440,1694,0.001,299.994
1786256100,polymarket-btc-updown-5m-1786256100-2026-08-09.txt.zst,polymarket-btc-5m_2026-08-09.zip,True,UP,0.99,0.305,0.275,0.275,0.345,0.355,0.825,0.895,0.915,0.965,0.010000000000000009,0.010000000000000009,0.010000000000000009,0.009999999999999953,0.010000000000000009,0.010000000000000009,0.010000000000000009,0.010000000000000009,0.010000000000000009,539.99,381.15999999999997,151.0,374.66999999999996,29.630000000000003,773.04,1223.96,3717.8500000000004,5438.394545000005,4463.368668000002,8965.031779999996,6095.111886,4540.779769999996,6070.572345000001,9022.969704,2819.0951139999997,1964,537,479,473,475,0.825,0.245,0.99,0.555,0.06999999999999995,0.48,0.09000000000000008,0.015385795042038946,0.044755265119036346,0.09846992460089261,0.19056391211454177,-0.1441656594203034,0.45658539998175096,0.6055095654709108,0.627005959423475,0.6101107202202161,0.83,0.83,0.9,0.9,0.18000000000000005,0.19043517445241048,0.12064690113456214,0.15727635656622085,169.0,179.0,199.0,62.0,,,98.0,12.0,86.0,0.0,DOWN,62.0,0.76,0.010000000000000009,84031,1964,0.0,299.986
1786256400,polymarket-btc-updown-5m-1786256400-2026-08-09.txt.zst,polymarket-btc-5m_2026-08-09.zip,True,UP,0.999,0.845,0.865,0.915,0.945,0.955,0.975,0.975,0.9864999999999999,0.999,0.010000000000000009,0.010000000000000009,0.010000000000000009,0.010000000000000009,0.010000000000000009,0.010000000000000009,0.010000000000000009,0.007000000000000006,,1368.5800000000002,919.08,730.38,1804.1,11744.810000000001,8313.39,3995.5099999999998,4840.530000000001,8510.39413499999,10784.01476800001,2160.628925000001,1831.891638,2268.153122,269.003332,1678.4411999999998,2102.97375,1107,681,192,151,83,0.975,0.555,0.999,0.975,0.07999999999999996,0.030000000000000027,0.011499999999999955,0.024483316219606432,0.0031746844377071627,-0.11783831494555429,0.08233828274962869,0.7879489602811858,0.644641979701452,0.6926456925277551,0.8098184914700559,0.8116807404338261,0.98,0.98,0.98,0.98,0.03964088900910616,0.05110667675164328,0.040492815002375976,0.056986348392029804,0.0,15.0,27.0,,,,253.0,0.0,250.0,0.0,UP,0.0,0.98,0.56,67670,1107,0.0,300.0
1786256700,polymarket-btc-updown-5m-1786256700-2026-08-09.txt.zst,polymarket-btc-5m_2026-08-09.zip,True,UP,0.99,0.625,0.535,0.685,0.665,0.815,0.835,0.895,0.935,0.965,0.010000000000000009,0.010000000000000009,0.009999999999999898,0.010000000000000009,0.009999999999999898,0.010000000000000009,0.010000000000000009,0.009999999999999898,0.010000000000000009,736.29,210.52,887.66,201.61,944.48,539.56,1491.6599999999999,12426.470000000001,8074.936560999996,6910.988960999999,1840.4975150000007,2445.230952000001,2479.0666529999967,2442.272941,6682.948706000002,3866.6622369999995,1365,565,261,234,305,0.845,0.525,0.99,0.755,0.13,0.16999999999999993,0.10000000000000009,0.017638954137964978,0.020205467861231043,0.07766938373551041,-0.14110400172489507,0.007476361120223179,0.5025634599353822,0.5858997777998071,0.6078063642497674,0.5600992624347971,0.84,0.84,0.9031802505226152,0.9072605533600464,0.17831504662381045,0.19707338416200265,0.11,0.11303395080387275,134.0,146.0,162.0,,,,143.0,0.0,123.0,0.0,UP,134.0,0.85,0.75,77933,1365,0.0,300.0
1786257000,polymarket-btc-updown-5m-1786257000-2026-08-09.txt.zst,polymarket-btc-5m_2026-08-09.zip,True,UP,0.999,0.625,0.745,0.815,0.895,0.925,0.945,0.965,0.975,0.985,0.010000000000000009,0.010000000000000009,0.009999999999999898,0.010000000000000009,0.010000000000000009,0.010000000000000009,0.010000000000000009,0.010000000000000009,0.010000000000000009,407.99,422.92,441.93,1115.49,1893.98,11410.45,9791.67,8284.06,5180.3356570000005,5802.247505000001,1561.1225300000015,775.3325209999999,2412.980911000001,524.126664,3568.096712,832.853332,1001,511,185,162,143,0.945,0.32,0.999,0.935,0.15000000000000002,0.04999999999999993,0.030000000000000027,0.027792718904231666,0.003976590809013069,-0.056627101186160864,0.33631719500175444,0.6431001244481147,0.6039223988595487,0.6346741107819074,0.6490708773846298,0.7127475168131988,0.95,0.95,0.9699999999999999,0.9700000000000001,0.07243593054095734,0.0901605494179789,0.05207364907381818,0.07599055022389217,45.0,85.0,91.0,0.0,0.0,0.0,218.0,0.0,190.0,0.0,DOWN,0.0,0.88,0.0010000000000000009,65414,1001,0.02,300.0
1786257300,polymarket-btc-updown-5m-1786257300-2026-08-09.txt.zst,polymarket-btc-5m_2026-08-09.zip,True,UP,0.99,0.765,0.755,0.865,0.875,0.895,0.925,0.945,0.965,0.99,0.010000000000000009,0.010000000000000009,0.010000000000000009,0.010000000000000009,0.010000000000000009,0.010000000000000009,0.010000000000000009,0.010000000000000009,,297.37,166.12,436.74,684.03,411.16999999999996,4007.47,10766.47,9308.84,9290.304400000006,5734.088623000003,1840.3378519999992,1956.0827809999998,3267.1423400000076,1678.061218,5075.817956,5995.620713000001,1032,452,201,220,159,0.945,0.675,0.99,0.915,0.12,0.050000000000000044,0.039999999999999925,0.0236171835438398,0.009492161249991537,0.23669613618040938,-0.03048790958354289,0.3213378586669708,0.6237227404420328,0.6440767606821582,0.6625816361036305,0.6894784455842402,0.9299999999999999,0.93,0.95,0.95,0.11277139170622673,0.12768108666225075,0.06404914732182095,0.08563160042515018,1.0,69.0,69.0,,,,252.0,0.0,192.0,0.0,UP,1.0,0.95,0.68,66801,1032,0.0,300.0
1786257600,polymarket-btc-updown-5m-1786257600-2026-08-09.txt.zst,polymarket-btc-5m_2026-08-09.zip,True,UP,0.99,0.295,0.255,0.175,0.125,0.385,0.335,0.275,0.325,0.495,0.010000000000000009,0.010000000000000009,0.009999999999999981,0.010000000000000009,0.010000000000000009,0.010000000000000009,0.010000000000000009,0.010000000000000009,0.010000000000000009,926.85,1114.49,536.42,450.40999999999997,3576.4300000000003,1009.39,535.94,236.16,5493.815197,5577.848790000004,11160.698052000005,4287.826447999998,5328.962338,6464.563886999996,15627.228184999989,19656.001346,2280,534,376,410,960,0.485,0.095,0.99,0.045,-0.13,0.21000000000000002,-0.010000000000000009,0.016410994128672293,0.031485726085934945,-0.007589969592526772,0.44488854608736295,-0.09629024664334401,0.3710275071593134,0.4840556661554106,0.4399370102380014,0.4331131951943579,0.34,0.34166102492619344,0.2977232202583461,0.31598609749168505,0.6699999999999998,0.6699999999999999,0.73,0.73,273.0,273.0,277.0,6.0,62.0,62.0,16.0,114.0,15.0,100.0,DOWN,6.0,0.91,0.010000000000000009,90581,2280,0.0,299.982
1786257900,polymarket-btc-updown-5m-1786257900-2026-08-09.txt.zst,polymarket-btc-5m_2026-08-09.zip,True,DOWN,0.999,0.475,0.405,0.475,0.46499999999999997,0.355,0.395,0.16,0.14500000000000002,0.015,0.010000000000000009,0.009999999999999953,0.010000000000000009,0.009999999999999953,0.010000000000000009,0.010000000000000009,0.020000000000000018,0.009999999999999981,0.01,940.5699999999999,345.07,284.37,181.92,251.6,578.1,80.07,519.89,6342.396033000005,5547.931637,3909.4151410000013,3123.5282130000005,3236.1652390000004,3352.4407109999997,3962.8686889999994,8782.692019000002,1363,446,244,361,312,0.595,0.305,0.435,0.001,0.05999999999999994,-0.06999999999999995,-0.25,0.019140494858215312,0.036590900948038255,0.06681602206846544,0.11174367379953741,-0.01764796269232027,0.4939016038293492,0.4887088905412201,0.4517097755048705,0.41319600235388226,0.41038533523762355,0.42582636288660664,0.1962335439712367,0.2431525126943191,0.61,0.61,0.8568110102014654,0.8622105530609843,,,,210.0,210.0,210.0,0.0,68.0,0.0,67.0,DOWN,210.0,0.0,1.0,79254,1363,0.0,300.0
1786258200,polymarket-btc-updown-5m-1786258200-2026-08-09.txt.zst,polymarket-btc-5m_2026-08-09.zip,True,DOWN,0.99,0.265,0.28500000000000003,0.275,0.265,0.425,0.345,0.28500000000000003,0.495,0.10500000000000001,0.010000000000000009,0.009999999999999953,0.010000000000000009,0.010000000000000009,0.010000000000000009,0.009999999999999953,0.009999999999999953,0.010000000000000009,0.009999999999999995,805.91,110.0,1401.2,73.47,450.21,220.68,81.7,566.17,11295.745286999998,8803.660274999998,9699.756223999999,4456.331375,6403.352483000003,3249.9583399999997,8520.188530000001,12756.244256999998,2216,646,415,335,820,0.73,0.175,0.615,0.01,-0.020000000000000018,0.07999999999999996,0.15000000000000002,0.021277437386506268,0.06829223922785928,0.12398799577991221,0.3704007065744917,0.3266645196471576,0.4755518151000072,0.45766031720624845,0.47568530781660906,0.512317733609812,0.35,0.36199618148616564,0.2988239768566072,0.3206219607677338,0.6663615886095473,0.6744812356160625,0.72,0.72,,,,7.0,83.0,259.0,0.0,117.0,0.0,53.0,DOWN,7.0,0.83,0.28,95864,2216,0.0,300.0
1786258500,polymarket-btc-updown-5m-1786258500-2026-08-09.txt.zst,polymarket-btc-5m_2026-08-09.zip,True,UP,0.99,0.365,0.46499999999999997,0.435,0.415,0.795,0.795,0.645,0.325,0.795,0.010000000000000009,0.009999999999999953,0.010000000000000009,0.010000000000000009,0.010000000000000009,0.010000000000000009,0.010000000000000009,0.010000000000000009,0.010000000000000009,896.55,423.48999999999995,353.68,413.45,234.99,434.29,779.3100000000001,125.0,12441.217393,7989.354648000001,8733.700469,6211.698955999999,4838.100508000001,9002.067533000003,16955.049842999997,19759.48552900001,2606,622,377,607,1000,0.845,0.255,0.99,0.315,-0.04999999999999999,0.38000000000000006,-0.47000000000000003,0.03892246116567241,0.04249286743604041,0.21790201155728858,0.1687476822319856,-0.300861016474995,0.47615032822723,0.6209306263097814,0.570485216537042,0.47872184163990894,0.8,0.8,0.65,0.65,0.21126884955203556,0.2164235639895565,0.36,0.3691399943702586,144.0,144.0,144.0,12.0,,,77.0,5.0,39.0,0.0,DOWN,12.0,0.75,0.010000000000000009,99504,2606,0.0,299.989
1786258800,polymarket-btc-updown-5m-1786258800-2026-08-09.txt.zst,polymarket-btc-5m_2026-08-09.zip,True,DOWN,0.99,0.20500000000000002,0.175,0.165,0.185,0.165,0.135,0.14500000000000002,0.745,0.14500000000000002,0.009999999999999981,0.009999999999999981,0.010000000000000009,0.010000000000000009,0.010000000000000009,0.010000000000000009,0.009999999999999981,0.010000000000000009,0.009999999999999981,335.4,2332.6,2058.15,378.15999999999997,369.81,564.0,617.94,293.82,12527.355100000002,10865.882751000001,1678.1343019999997,4062.203365999999,7273.324976,3064.104497000001,16246.816182000004,16161.554074999996,2045,586,176,393,890,0.695,0.07500000000000001,0.805,0.01,0.010000000000000009,-0.04999999999999999,0.61,0.04645854451598131,0.030387986291746907,0.07102361629384184,-0.4153186104870094,0.40718250992608235,0.4466143943385422,0.41104846330229755,0.4204699240705906,0.5699007789328656,0.14,0.14,0.15,0.15,0.87,0.87,0.86,0.86,239.0,248.0,,11.0,24.0,63.0,8.0,222.0,2.0,178.0,DOWN,11.0,0.9299999999999999,0.19999999999999996,82788,2045,0.001,300.0
1786259100,polymarket-btc-updown-5m-1786259100-2026-08-09.txt.zst,polymarket-btc-5m_2026-08-09.zip,True,UP,0.99,0.265,0.215,0.275,0.255,0.235,0.255,0.195,0.835,0.905,0.010000000000000009,0.010000000000000009,0.010000000000000009,0.010000000000000009,0.009999999999999981,0.010000000000000009,0.010000000000000009,0.010000000000000009,0.010000000000000009,669.0,182.0,189.29,587.96,123.3,293.18,474.22,457.25,7975.336398999996,5146.698705999999,1305.2007939999999,1394.8590190000002,8649.308415000003,9620.749155000005,15322.462588000002,10555.782649999997,2189,547,157,595,890,0.385,0.185,0.99,0.165,0.04000000000000001,0.0,0.58,0.02241448111345507,0.046761180834573944,0.21556394799783596,-0.03320601438839324,-0.05317119205990556,0.46250387017085187,0.45103871177060356,0.4418117473903786,0.5870608332335947,0.26,0.26,0.2,0.20261288696224036,0.7561547001134032,0.759954612276986,0.8099999999999999,0.8189355526397778,214.0,214.0,216.0,18.0,41.0,,74.0,122.0,70.0,33.0,DOWN,18.0,0.8200000000000001,0.010000000000000009,84188,2189,0.0,299.993
1786259400,polymarket-btc-updown-5m-1786259400-2026-08-09.txt.zst,polymarket-btc-5m_2026-08-09.zip,True,UP,0.99,0.315,0.375,0.11499999999999999,0.225,0.215,0.265,0.405,0.165,0.245,0.010000000000000009,0.010000000000000009,0.009999999999999995,0.010000000000000009,0.010000000000000009,0.010000000000000009,0.009999999999999953,0.010000000000000009,0.010000000000000009,101.0,48.04,118.52,259.38,660.2900000000001,227.65,277.90999999999997,497.25,12276.64801700001,7907.080583000003,4392.655018,4027.998694,3549.112047000002,4189.413031000001,13522.765467000001,13779.695925999997,2535,822,416,373,924,0.46499999999999997,0.10500000000000001,0.99,0.08499999999999999,-0.15,0.04000000000000001,-0.1,0.03377622437948524,0.04056058364637059,0.21648960509704857,0.04330498990599039,-0.0827419925045307,0.41976378371897083,0.44595416614953315,0.4861016891765249,0.41089729347012766,0.27376171961902834,0.28044598687320704,0.41,0.4123988325838116,0.7497544537381582,0.7671171270373198,0.6067456170335013,0.6153349228216843,282.0,282.0,283.0,8.0,27.0,76.0,8.0,136.0,8.0,91.0,DOWN,8.0,0.9,0.010000000000000009,103210,2535,0.0,300.0
1786259700,polymarket-btc-updown-5m-1786259700-2026-08-09.txt.zst,polymarket-btc-5m_2026-08-09.zip,True,UP,0.99,0.595,0.645,0.575,0.805,0.725,0.695,0.805,0.915,0.965,0.010000000000000009,0.010000000000000009,0.010000000000000009,0.010000000000000009,0.010000000000000009,0.010000000000000009,0.010000000000000009,0.010000000000000009,0.010000000000000009,658.1700000000001,489.77,294.8,158.14,126.45000000000002,141.14,388.34999999999997,3727.7799999999997,15078.104072999999,12233.139240999997,2307.8544600000014,8188.442861000004,3561.3575080000005,2967.7681249999996,9559.385764000004,6234.3310630000005,1750,808,253,293,396,0.895,0.485,0.99,0.715,0.16000000000000003,-0.1100000000000001,0.22000000000000008,0.03944625017236827,0.03441377327339994,0.10416826503616722,-0.5602536038336752,0.0909140697185909,0.5872001163244912,0.4841756099706785,0.5240631499098655,0.5723873380082685,0.702066056162914,0.7123530749428907,0.8138168386296544,0.827001296114417,0.31000000000000005,0.31000000000000005,0.2091671160764658,0.2264107955001306,5.0,53.0,96.0,,,,131.0,0.0,113.0,0.0,UP,5.0,0.9,0.49,89933,1750,0.003,299.983
1786260000,polymarket-btc-updown-5m-1786260000-2026-08-09.txt.zst,polymarket-btc-5m_2026-08-09.zip,True,DOWN,0.99,0.30000000000000004,0.28500000000000003,0.215,0.195,0.14500000000000002,0.10500000000000001,0.08499999999999999,0.045,0.015,0.03999999999999998,0.009999999999999953,0.010000000000000009,0.010000000000000009,0.009999999999999981,0.009999999999999995,0.009999999999999995,0.010000000000000002,0.01,1583.33,697.6100000000001,1387.5700000000002,10568.87,131.14,194.98000000000002,276.74,533.9300000000001,7030.994245999998,4512.577120000006,2099.489952,2714.910064999998,2395.760473000001,3323.4444420000004,2860.71,5239.5664320000005,1071,439,198,271,163,0.47,0.07500000000000001,0.125,0.01,-0.09000000000000002,-0.09,-0.06000000000000001,0.023379368852798017,0.014875450248063393,0.21816620230872763,-0.12782903598099554,-0.1622050587078849,0.45785814335052083,0.3760896270580856,0.36188442827795597,0.3641603758729844,0.1214903218496922,0.15226905076682384,0.10013837235772866,0.12696969065971858,0.9,0.9,0.9200000000000002,0.9200000000000002,,,,31.0,77.0,113.0,0.0,213.0,0.0,174.0,DOWN,31.0,0.9299999999999999,0.6799999999999999,71156,1071,0.0,300.0
1786260300,polymarket-btc-updown-5m-1786260300-2026-08-09.txt.zst,polymarket-btc-5m_2026-08-09.zip,True,DOWN,0.99,0.315,0.20500000000000002,0.235,0.515,0.345,0.235,0.225,0.14500000000000002,0.125,0.010000000000000009,0.009999999999999981,0.009999999999999981,0.010000000000000009,0.009999999999999953,0.009999999999999981,0.010000000000000009,0.009999999999999981,0.010000000000000009,836.0,641.97,459.59000000000003,523.9,212.98000000000002,311.12,243.32000000000002,366.77000000000004,17305.983704999995,9084.332943000001,8659.445464,7702.922249000005,1832.607312,2356.208779999999,6052.152164999999,9991.007731000003,2150,773,524,258,595,0.665,0.165,0.275,0.01,0.31,-0.28,-0.08999999999999997,0.042571224714230006,0.0536308458416828,0.3115404362767688,0.05845872869853865,-0.12499987024973429,0.5486400148390123,0.44189041566007364,0.457444315979589,0.4567959875802491,0.2520429970908199,0.2666830152661387,0.24380743810114056,0.26403464034900054,0.77,0.77,0.78,0.7843692248542418,135.0,,,17.0,46.0,220.0,1.0,191.0,0.0,114.0,DOWN,17.0,0.84,0.33999999999999997,88914,2150,0.007,300.0
1786260600,polymarket-btc-updown-5m-1786260600-2026-08-09.txt.zst,polymarket-btc-5m_2026-08-09.zip,True,DOWN,0.99,0.505,0.215,0.295,0.345,0.475,0.705,0.275,0.345,0.185,0.010000000000000009,0.010000000000000009,0.010000000000000009,0.009999999999999953,0.010000000000000009,0.010000000000000009,0.010000000000000009,0.009999999999999953,0.010000000000000009,195.66,297.74,495.75,772.8399999999999,413.01,184.43,653.8199999999999,193.28,7620.6583970000065,8022.1867479999955,3493.881272000003,2953.294879000001,4958.349070000001,6006.013238999997,10397.245807999996,11113.599423999985,2163,544,373,506,740,0.785,0.215,0.705,0.01,0.12999999999999998,0.36,-0.36,0.027942392720101298,0.037199922199525656,-0.02566849874674694,0.08384855327958629,-0.09555176484272417,0.4677789517062392,0.5255126404994905,0.4345252018918695,0.50588925169128,0.71,0.7134501661546196,0.28,0.28,0.30000000000000004,0.3020809568522441,0.73,0.7376799750859914,172.0,,,60.0,254.0,254.0,4.0,63.0,0.0,30.0,DOWN,60.0,0.79,0.21999999999999997,88226,2163,0.0,299.986
1786260900,polymarket-btc-updown-5m-1786260900-2026-08-09.txt.zst,polymarket-btc-5m_2026-08-09.zip,True,DOWN,0.99,0.665,0.625,0.585,0.745,0.765,0.665,0.695,0.585,0.045,0.010000000000000009,0.010000000000000009,0.010000000000000009,0.010000000000000009,0.010000000000000009,0.010000000000000009,0.010000000000000009,0.010000000000000009,0.010000000000000002,130.51999999999998,223.82,405.46000000000004,748.94,888.01,130.18,248.11999999999998,165.0,6184.827411999997,9112.820023000002,2148.1957420000012,3657.8571640000005,2206.4181430000003,3324.0924269999996,10855.187764999997,13042.098534999986,1781,577,209,240,755,0.775,0.545,0.745,0.01,0.12,-0.07999999999999996,-0.08000000000000007,0.0176853430428538,0.03032799148261092,-0.19140149643538998,-0.2600150991459117,-0.20209242344870867,0.5235809682804674,0.4841533256024143,0.5614743101017544,0.47471606646729586,0.6761701189562455,0.6951513442967303,0.7080203768737624,0.7092068876556219,0.33999999999999997,0.34542163000505144,0.31000000000000005,0.3119499144672568,12.0,,,251.0,252.0,254.0,39.0,37.0,0.0,35.0,UP,12.0,0.78,0.01,80678,1781,0.002,299.993
1786261200,polymarket-btc-updown-5m-1786261200-2026-08-09.txt.zst,polymarket-btc-5m_2026-08-09.zip,True,UP,0.99,0.655,0.575,0.485,0.585,0.605,0.725,0.675,0.735,0.815,0.010000000000000009,0.010000000000000009,0.010000000000000009,0.010000000000000009,0.010000000000000009,0.010000000000000009,0.010000000000000009,0.010000000000000009,0.009999999999999898,191.08,167.76,639.37,307.11,517.15,953.78,365.0,617.66,4550.417404999999,4854.110039000001,2899.7760479999993,1919.9939069999991,1710.2010920000007,1671.0745709999997,13745.264780000001,10116.749257,1711,457,234,185,835,0.735,0.475,0.99,0.59,0.010000000000000009,0.14,0.010000000000000009,0.013744364773433874,0.018176366185470177,-0.032292173722535615,0.2032840052840241,0.011571526518274604,0.5092666679026453,0.5554248034707825,0.5267223420934168,0.5511710934762677,0.73,0.73,0.6894337409662452,0.7055975421462666,0.29005753050610555,0.30221825475097247,0.32999999999999996,0.32999999999999996,245.0,248.0,248.0,,,,46.0,0.0,40.0,0.0,UP,245.0,0.0,1.0,87151,1711,0.002,300.0
1786261500,polymarket-btc-updown-5m-1786261500-2026-08-09.txt.zst,polymarket-btc-5m_2026-08-09.zip,True,DOWN,0.99,0.575,0.215,0.185,0.245,0.14500000000000002,0.135,0.10500000000000001,0.035,0.01,0.010000000000000009,0.010000000000000009,0.010000000000000009,0.010000000000000009,0.009999999999999981,0.010000000000000009,0.009999999999999995,0.010000000000000002,,96.7,277.54,245.2,8723.050000000001,859.1300000000001,531.63,252.73,289.26,9816.049744,15301.321318999984,3283.1965280000004,2141.0788620000003,3635.2932419999993,3369.101083999998,2752.170472999999,3571.5716089999987,1677,934,196,321,226,0.735,0.135,0.175,0.01,0.03,-0.10999999999999999,-0.1,0.02655737407288339,0.02769834660743567,-0.21838557710684356,0.2105567258081268,0.03800359397412962,0.41024321989129225,0.33934547540310295,0.33530626500016175,0.3276543493677581,0.14,0.14,0.12984558553086162,0.1480587787818513,0.87,0.8758644295600844,0.9054428288975049,0.9134582637949529,,,,51.0,53.0,54.0,0.0,209.0,0.0,161.0,DOWN,51.0,0.87,0.72,79622,1677,0.0,299.981
1786261800,polymarket-btc-updown-5m-1786261800-2026-08-09.txt.zst,polymarket-btc-5m_2026-08-09.zip,True,DOWN,0.99,0.335,0.28500000000000003,0.315,0.355,0.185,0.255,0.20500000000000002,0.125,0.08499999999999999,0.010000000000000009,0.009999999999999953,0.010000000000000009,0.010000000000000009,0.010000000000000009,0.010000000000000009,0.009999999999999981,0.010000000000000009,0.009999999999999995,1137.74,438.36,256.85,673.72,660.5699999999999,273.01,663.59,76.97,9090.94626800001,6096.252286999996,2614.5864710000023,1844.1246339999998,1439.6829259999997,2000.3400930000005,8403.919604000004,7233.663639999997,1485,602,193,186,504,0.395,0.175,0.265,0.01,0.06999999999999995,-0.09999999999999998,-0.13,0.015453916313082733,0.014128784834116566,0.1971854104728279,0.17279922804058914,-0.16298064399667342,0.5079915331160226,0.4082721563952017,0.3861837011547497,0.41859285847729255,0.26,0.26040996468148214,0.21,0.20999999999999996,0.7499999999999999,0.75,0.8,0.8014933930834195,,,,64.0,145.0,218.0,0.0,156.0,0.0,88.0,DOWN,64.0,0.83,0.61,71259,1485,0.0,299.999
1786262100,polymarket-btc-updown-5m-1786262100-2026-08-09.txt.zst,polymarket-btc-5m_2026-08-09.zip,True,UP,0.99,0.565,0.475,0.515,0.555,0.645,0.475,0.715,0.685,0.965,0.009999999999999898,0.010000000000000009,0.010000000000000009,0.010000000000000009,0.010000000000000009,0.010000000000000009,0.010000000000000009,0.009999999999999898,0.010000000000000009,232.0,376.58000000000004,488.15,81.0,973.0,548.15,579.37,275.03999999999996,4962.060048999999,4134.955347000002,2011.6780889999993,1861.1330540000008,5837.1506079999945,5225.410438000004,6555.448753000001,5725.283654999998,1482,360,224,427,471,0.665,0.405,0.99,0.515,0.08000000000000007,-0.08000000000000007,0.21000000000000008,0.020269153545083553,0.030072788305978967,0.09092044654158535,0.038872289259987425,0.055298241289360665,0.5026469868808381,0.4905233850948894,0.5640921655934981,0.5565198554480607,0.48,0.48,0.72,0.72,0.5366645055263156,0.5400683979721874,0.29000000000000004,0.29000000000000004,182.0,183.0,184.0,,,,59.0,0.0,37.0,0.0,UP,182.0,0.0,1.0,79241,1482,0.0,299.984
1786262400,polymarket-btc-updown-5m-1786262400-2026-08-09.txt.zst,polymarket-btc-5m_2026-08-09.zip,True,UP,0.999,0.845,0.805,0.885,0.975,0.99,0.985,0.99,0.99,0.9944999999999999,0.010000000000000009,0.010000000000000009,0.010000000000000009,0.010000000000000009,,0.010000000000000009,,,0.007000000000000006,3551.87,2233.19,9193.7,11025.18,3143.0099999999998,502.03,0.0,0.0,7511.446897,6124.236546,2480.1732029999994,6756.765826999998,486.860501,1270.41,1832.3799999999999,1774.4533329999997,787,590,147,31,19,0.99,0.53,0.999,0.985,0.16999999999999993,0.010000000000000009,0.0050000000000000044,0.02483132875935522,0.002559643188351369,0.10173383364309008,-0.46298807539059833,-0.4458900883808782,0.8921567719189892,0.975795599787284,1.0,1.0,0.99,0.99,,,0.023148472529555167,0.03100885461064645,0.010000000000000009,0.010000000000000009,29.0,29.0,30.0,,,,129.0,0.0,122.0,0.0,UP,29.0,0.99,0.78,58776,787,0.001,299.994
1786262700,polymarket-btc-updown-5m-1786262700-2026-08-09.txt.zst,polymarket-btc-5m_2026-08-09.zip,True,UP,0.99,0.645,0.585,0.515,0.585,0.625,0.615,0.475,0.625,0.97,0.010000000000000009,0.010000000000000009,0.010000000000000009,0.010000000000000009,0.010000000000000009,0.010000000000000009,0.010000000000000009,0.010000000000000009,0.020000000000000018,282.35,283.21000000000004,187.85000000000002,145.7,501.65,443.18,565.47,184.46,6636.815460999997,10835.329180000006,1849.6139039999991,2006.1742530000001,3641.3706730000004,1913.7453279999982,7177.109467,9289.553733,1651,678,249,246,478,0.715,0.455,0.99,0.415,0.0,0.030000000000000027,0.010000000000000009,0.028148733372501695,0.02762935548863341,-0.24029755964518565,-0.040603980982661915,0.3109971681399642,0.5000074813572318,0.5699625027780099,0.48509313818010985,0.5404127708571352,0.6269410534134263,0.6304257647322757,0.48,0.48,0.39,0.39,0.53,0.53,243.0,245.0,248.0,,,,36.0,0.0,34.0,0.0,UP,243.0,0.0,1.0,86846,1651,0.0,299.985
1786263000,polymarket-btc-updown-5m-1786263000-2026-08-09.txt.zst,polymarket-btc-5m_2026-08-09.zip,True,UP,0.99,0.635,0.725,0.725,0.675,0.745,0.745,0.825,0.915,0.985,0.010000000000000009,0.010000000000000009,0.010000000000000009,0.010000000000000009,0.010000000000000009,0.010000000000000009,0.010000000000000009,0.010000000000000009,0.010000000000000009,260.12,225.12,238.94,361.75,399.79,338.36,499.9,2664.95,4592.758972,5917.536314000002,2670.26721,4085.065721,2333.3540059999996,1530.192302,6330.001791000001,7792.057551000002,1101,406,243,194,258,0.805,0.46499999999999997,0.99,0.705,-0.04999999999999993,0.06999999999999995,0.17000000000000004,0.018771626183680307,0.017918694659153977,-0.126045682442875,-0.209434312927426,0.20788199233873392,0.5076688575931193,0.5640074129573667,0.6049303502403405,0.6390929417614577,0.7561547001134032,0.759954612276986,0.83,0.83,0.2658079938473265,0.2725704061889768,0.19750331987609782,0.20929573392628587,93.0,138.0,217.0,,,,119.0,0.0,76.0,0.0,UP,93.0,0.81,0.62,77902,1101,0.0,299.988
1786263300,polymarket-btc-updown-5m-1786263300-2026-08-09.txt.zst,polymarket-btc-5m_2026-08-09.zip,True,UP,0.985,0.675,0.785,0.885,0.895,0.935,0.955,0.825,0.725,0.675,0.010000000000000009,0.010000000000000009,0.010000000000000009,0.010000000000000009,0.009999999999999898,0.010000000000000009,0.010000000000000009,0.010000000000000009,0.010000000000000009,867.01,1025.93,372.11,112.41,1269.04,7208.009999999999,2686.5800000000004,262.3,6550.814305000003,7786.622389999999,2843.504435000001,2012.116775,4356.230645000001,3849.3643620000003,7899.244183000001,6129.482392000003,1604,487,227,314,576,0.975,0.455,0.99,0.675,0.10999999999999999,0.05999999999999994,-0.22999999999999998,0.019191647342817978,0.02550459294913783,-0.08619449287130722,0.1712216880278437,0.06177081400771115,0.635048153763199,0.729260451610068,0.569119929046908,0.5765574358221669,0.9631632312413959,0.971565642202647,0.83,0.83,0.050000000000000044,0.05340087270473421,0.18760784170144332,0.20666184423274483,49.0,54.0,69.0,,,,239.0,0.0,216.0,0.0,UP,49.0,0.98,0.68,87482,1604,0.0,300.0
1786263600,polymarket-btc-updown-5m-1786263600-2026-08-09.txt.zst,polymarket-btc-5m_2026-08-09.zip,True,DOWN,0.999,0.385,0.365,0.165,0.14500000000000002,0.065,0.025,0.015,0.006,0.0015,0.010000000000000009,0.010000000000000009,0.010000000000000009,0.009999999999999981,0.010000000000000009,0.009999999999999998,0.01,0.008,0.001,1447.82,5836.67,5520.39,2640.0,646.49,355.39,617.79,1593.3200000000002,4728.863027,7075.322046000002,3727.836596,8635.036154,1163.9833319999998,2419.4039189999994,1749.61,239.95499999999993,858,485,220,123,30,0.485,0.015,0.035,0.001,-0.21999999999999997,-0.12000000000000002,-0.019000000000000003,0.017498299237082335,0.011633214668390934,-0.19878195779623228,-0.39693036216036437,-0.35034465969304746,0.4417733887913666,0.2660895975286962,0.2511001914503696,0.11530755889093346,0.049382936001034036,0.07293427608197992,0.04079141206350551,0.05929434469068331,0.98,0.98,0.99,0.99,,,,80.0,82.0,83.0,0.0,197.0,0.0,195.0,DOWN,80.0,0.99,0.77,68319,858,0.001,300.0
1786263900,polymarket-btc-updown-5m-1786263900-2026-08-09.txt.zst,polymarket-btc-5m_2026-08-09.zip,True,DOWN,0.99,0.455,0.425,0.385,0.11499999999999999,0.07500000000000001,0.035,0.025,0.015,0.01,0.010000000000000009,0.010000000000000009,0.010000000000000009,0.009999999999999995,0.009999999999999995,0.010000000000000002,0.009999999999999998,0.01,,1604.2,9331.93,7526.09,1720.6,523.47,513.4399999999999,797.9699999999999,1245.36,5886.489307999999,5649.673667000003,3046.6577610000004,3668.025098000005,2009.6099959999997,3675.7078519999995,1682.6299999999999,1107.9752999999998,1053,488,256,214,95,0.505,0.035,0.055,0.01,-0.31,-0.07999999999999999,-0.020000000000000004,0.021595619887359745,0.008394896748113098,0.020528111601162295,-0.09253859788287049,-0.2930527193982841,0.39066745656915336,0.3478379984180931,0.3102372961283871,0.0899429218433333,0.0485087403948782,0.07110875893700128,0.035733484923246475,0.05085957445093702,0.9699999999999999,0.9700000000000001,0.98,0.98,,,,107.0,108.0,109.0,0.0,151.0,0.0,150.0,DOWN,107.0,0.97,0.79,73489,1053,0.0,300.0
1786264200,polymarket-btc-updown-5m-1786264200-2026-08-09.txt.zst,polymarket-btc-5m_2026-08-09.zip,True,UP,0.999,0.695,0.765,0.795,0.825,0.865,0.945,0.965,0.975,0.99,0.010000000000000009,0.010000000000000009,0.010000000000000009,0.010000000000000009,0.010000000000000009,0.010000000000000009,0.010000000000000009,0.010000000000000009,,1039.95,686.78,927.44,1454.77,1231.9499999999998,9060.41,8903.710000000001,7628.06,3470.966192999996,6363.162455999999,4352.257895000003,1366.060614,1998.6594180000004,1267.6004149999999,2323.660833,1308.13,835,362,206,160,107,0.955,0.495,0.999,0.935,0.05999999999999994,0.12,0.030000000000000027,0.014880417357328764,0.00996218458860929,-0.29409786735849774,0.5222159759551794,0.22382144727553294,0.5976325692926233,0.6804064509825293,0.6584430495461678,0.6885229702294328,0.95,0.95,0.9699999999999999,0.9700000000000001,0.0714048100890125,0.08021685867396092,0.04732559035339553,0.057753626680578714,43.0,85.0,123.0,,,,222.0,0.0,179.0,0.0,UP,43.0,0.96,0.73,68235,835,0.0,300.0
1786264500,polymarket-btc-updown-5m-1786264500-2026-08-09.txt.zst,polymarket-btc-5m_2026-08-09.zip,True,DOWN,0.99,0.495,0.565,0.525,0.545,0.515,0.715,0.405,0.175,0.01,0.010000000000000009,0.009999999999999898,0.010000000000000009,0.010000000000000009,0.010000000000000009,0.010000000000000009,0.009999999999999953,0.009999999999999981,,163.12,381.5,121.2,189.21,434.49,284.45,389.51,249.01,2999.2448280000003,2304.154888,1782.8680279999996,903.0199929999999,2619.9562940000005,2872.871228999996,5040.309164,5117.701461999997,884,201,132,324,227,0.755,0.46499999999999997,0.715,0.01,-0.019999999999999907,0.16999999999999993,-0.54,0.007893616007221774,0.033199566615732194,0.1310649728895525,0.3275818009242314,-0.04604457976169296,0.47716697350155207,0.58123365845895,0.46945560250186663,0.40769810964974307,0.72,0.7204508673545723,0.41,0.41,0.29000000000000004,0.2904477019017496,0.6151358631278467,0.6180455276060468,167.0,,,195.0,200.0,237.0,4.0,39.0,0.0,24.0,UP,167.0,0.76,0.01,68725,884,0.0,299.997
1786264800,polymarket-btc-updown-5m-1786264800-2026-08-09.txt.zst,polymarket-btc-5m_2026-08-09.zip,True,DOWN,0.999,0.165,0.10500000000000001,0.08499999999999999,0.08499999999999999,0.035,0.025,0.025,0.01,0.001,0.010000000000000009,0.009999999999999995,0.009999999999999995,0.009999999999999995,0.010000000000000002,0.009999999999999998,0.009999999999999998,,,2293.15,2723.15,2860.72,0.0,599.19,1362.85,531.05,1937.53,11154.644761000007,10058.11662100001,4840.785951999999,4672.305819999998,5988.302568,4351.579976999999,1581.36,0,1017,569,274,159,15,0.295,0.025,0.045,0.001,-0.020000000000000018,-0.05999999999999999,-0.015000000000000001,0.01374735778025637,0.012864262378623816,0.05169190942441139,0.017710344443001298,0.15829218406271564,0.36392732046191545,0.12241319166611227,0.13899243216349952,0.0,0.038695921078721475,0.04657069080109177,0.0432063811904572,0.06721131493337906,0.98,0.98,0.98,0.98,,,,4.0,7.0,7.0,0.0,224.0,0.0,221.0,DOWN,4.0,0.98,0.75,70466,1017,0.0,299.988
1786265100,polymarket-btc-updown-5m-1786265100-2026-08-09.txt.zst,polymarket-btc-5m_2026-08-09.zip,True,UP,0.999,0.645,0.725,0.825,0.855,0.785,0.835,0.905,0.99,0.99,0.010000000000000009,0.010000000000000009,0.010000000000000009,0.010000000000000009,0.010000000000000009,0.010000000000000009,0.010000000000000009,,,264.24,178.5,500.81000000000006,2241.13,2896.58,578.28,1183.84,0.0,12128.99419500001,12257.182132000007,3278.7247269999984,3024.575997,5714.868361000004,3278.497798,191.2601,2027.7949999999996,1354,787,247,290,30,0.915,0.355,0.999,0.835,0.13,-0.020000000000000018,0.15500000000000003,0.04543988240703607,0.018491000671282808,-0.005256582060307223,0.04031994364989123,0.27090752449368866,0.5640946451303855,0.6196852718508883,0.6247705291864221,1.0,0.84,0.84,0.9100000000000001,0.9100038193027676,0.18616308484539087,0.20407173410434912,0.09999999999999996,0.11118142491750364,48.0,88.0,88.0,,,,153.0,0.0,144.0,0.0,UP,48.0,0.92,0.42,84704,1354,0.0,300.0
1786265400,polymarket-btc-updown-5m-1786265400-2026-08-09.txt.zst,polymarket-btc-5m_2026-08-09.zip,True,DOWN,0.99,0.555,0.575,0.595,0.545,0.07500000000000001,0.165,0.195,0.065,0.055,0.010000000000000009,0.010000000000000009,0.010000000000000009,0.010000000000000009,0.009999999999999995,0.010000000000000009,0.010000000000000009,0.010000000000000009,0.009999999999999995,345.92,381.99,395.1,11408.079999999998,288.34000000000003,1030.41,488.41999999999996,183.69,3654.8861560000055,1607.5131609999994,5643.531938,6872.744423000003,3736.536422,4417.330823000001,4760.356344000001,6597.112103000006,1454,262,475,320,397,0.625,0.065,0.345,0.01,-0.029999999999999916,-0.38,-0.1,0.009493381890553428,0.057046952528286406,0.38905694373781863,-0.09820911983296869,-0.08349343698445276,0.5089188582623193,0.4266263629749972,0.44019560721998835,0.4093304293848964,0.17,0.17,0.2,0.20005324850212863,0.84,0.8411564120209828,0.8099999999999999,0.819771940347394,,,,142.0,142.0,142.0,0.0,123.0,0.0,106.0,DOWN,142.0,0.94,0.5900000000000001,83749,1454,0.0,299.988
1786265700,polymarket-btc-updown-5m-1786265700-2026-08-09.txt.zst,polymarket-btc-5m_2026-08-09.zip,True,UP,0.99,0.625,0.735,0.745,0.835,0.935,0.975,0.955,0.965,0.985,0.010000000000000009,0.010000000000000009,0.010000000000000009,0.010000000000000009,0.009999999999999898,0.010000000000000009,0.010000000000000009,0.010000000000000009,0.010000000000000009,145.0,408.23,577.51,425.47,1126.19,7620.75,8098.21,7570.99,4486.218218999999,4818.100995000001,2214.0354430000025,1571.512677,2679.457052999999,2307.5443400000004,5987.781130000003,934.0233320000001,1025,410,226,164,225,0.975,0.515,0.99,0.875,0.09999999999999998,0.14,-0.010000000000000009,0.01677750261026757,0.012979446462772925,-0.035669753838692975,0.16973044474204232,0.07457642051635152,0.5841052760583489,0.7098330638194014,0.6712302684409541,0.693346364746167,0.98,0.98,0.96,0.96,0.051162074429974065,0.07116578430303476,0.05260582945789559,0.07268170409629827,62.0,104.0,107.0,,,,197.0,0.0,172.0,0.0,UP,62.0,0.98,0.69,68882,1025,0.0,299.992
1786266000,polymarket-btc-updown-5m-1786266000-2026-08-09.txt.zst,polymarket-btc-5m_2026-08-09.zip,True,UP,0.999,0.635,0.605,0.625,0.655,0.695,0.955,0.965,0.975,0.985,0.010000000000000009,0.010000000000000009,0.010000000000000009,0.010000000000000009,0.010000000000000009,0.010000000000000009,0.010000000000000009,0.010000000000000009,0.010000000000000009,184.86,353.93,372.12,653.0799999999999,183.0,8748.66,9439.010000000002,8208.86,3112.0782290000034,2171.987434000001,2874.8285460000025,1401.3291110000002,3037.548676000001,1700.7244789999997,3224.3595739999996,1339.7299999999996,902,286,209,225,182,0.955,0.505,0.999,0.835,0.050000000000000044,0.29999999999999993,0.020000000000000018,0.013016634477054503,0.016669645558217618,0.17791050584073742,0.3445849178614607,0.28213320618490195,0.515153708978555,0.6993975003221234,0.641391758667813,0.6793481699995391,0.96,0.96,0.9699999999999999,0.9700000000000001,0.0661559701110413,0.08794436877105961,0.050782360837296224,0.08133232941648301,158.0,164.0,169.0,,,,116.0,0.0,110.0,0.0,UP,158.0,0.96,0.75,66778,902,0.0,299.985
1786266300,polymarket-btc-updown-5m-1786266300-2026-08-09.txt.zst,polymarket-btc-5m_2026-08-09.zip,True,DOWN,0.99,0.795,0.795,0.835,0.815,0.665,0.775,0.385,0.125,0.025,0.010000000000000009,0.010000000000000009,0.010000000000000009,0.009999999999999898,0.010000000000000009,0.010000000000000009,0.010000000000000009,0.010000000000000009,0.009999999999999998,1327.15,453.25,156.21,440.17999999999995,129.82,151.0,467.83,157.60000000000002,4387.6908939999985,3850.114799000003,3778.2870889999995,6192.590062000001,4116.24686,5935.177749999998,5037.425192000001,5342.660426000003,1477,390,368,431,288,0.865,0.565,0.885,0.01,0.019999999999999907,-0.039999999999999925,-0.65,0.010510765456244865,0.036833765078009104,0.06525719530588049,-0.24213546475776868,-0.18096249641969886,0.6203649662917566,0.6153110967289248,0.4943566385084538,0.3930520526193778,0.7828472888616752,0.793261515577308,0.39,0.39,0.22999999999999998,0.23686469454944445,0.6261192747080997,0.6374197036932256,7.0,23.0,91.0,213.0,227.0,235.0,151.0,61.0,94.0,47.0,UP,7.0,0.87,0.01,74405,1477,0.0,299.999
1786266600,polymarket-btc-updown-5m-1786266600-2026-08-09.txt.zst,polymarket-btc-5m_2026-08-09.zip,True,UP,0.99,0.495,0.495,0.385,0.375,0.235,0.225,0.245,0.235,0.11499999999999999,0.010000000000000009,0.010000000000000009,0.010000000000000009,0.010000000000000009,0.009999999999999981,0.010000000000000009,0.010000000000000009,0.009999999999999981,0.009999999999999995,410.03999999999996,242.32999999999998,357.93,716.57,152.69,282.23,206.73000000000002,58.83,6129.302821000001,7152.132444999998,1529.1820230000003,1774.7360730000005,3053.4871830000006,2019.4952640000004,10153.783193000001,7124.549987999999,1531,444,197,273,617,0.645,0.185,0.99,0.11499999999999999,-0.12,-0.15,0.009999999999999981,0.023739622530089828,0.026431121569802655,-0.07701197976836167,-0.07432207544650954,0.2038232794618617,0.49262845262195354,0.4598485834866563,0.46796137762547013,0.4680463722288525,0.22999999999999998,0.2328897406120049,0.25,0.26020217758949654,0.78,0.7866162614990774,0.76,0.76,280.0,282.0,283.0,70.0,152.0,269.0,9.0,113.0,6.0,62.0,DOWN,70.0,0.8200000000000001,0.010000000000000009,80340,1531,0.001,299.984
1786266900,polymarket-btc-updown-5m-1786266900-2026-08-09.txt.zst,polymarket-btc-5m_2026-08-09.zip,True,UP,0.99,0.485,0.825,0.705,0.825,0.725,0.945,0.905,0.975,0.985,0.010000000000000009,0.010000000000000009,0.010000000000000009,0.010000000000000009,0.010000000000000009,0.010000000000000009,0.010000000000000009,0.010000000000000009,0.010000000000000009,82.22,616.71,107.45,371.83,1128.02,9572.59,1891.28,7940.98,6482.822234999997,4727.723946,3076.4279089999995,3174.1673080000014,3707.600498000003,3096.8493630000003,4875.023930999998,3120.4707750000002,1213,438,286,291,198,0.945,0.485,0.99,0.905,0.0,0.12,0.030000000000000027,0.025829515395109876,0.025496284684001533,0.15655778591542624,-0.015636814672333285,0.08975760678325358,0.5949907834565173,0.6952398326150963,0.6396996492067694,0.6769648203592814,0.95,0.95,0.9100000000000001,0.9108348069533069,0.06417149744311938,0.0741369224077538,0.13121350950799152,0.15952781845187397,46.0,47.0,51.0,,,,158.0,0.0,137.0,0.0,UP,46.0,0.95,0.63,73034,1213,0.0,299.986
1786267200,polymarket-btc-updown-5m-1786267200-2026-08-09.txt.zst,polymarket-btc-5m_2026-08-09.zip,True,UP,0.94,0.445,0.535,0.505,0.46499999999999997,0.615,0.685,0.765,0.745,0.965,0.010000000000000009,0.010000000000000009,0.010000000000000009,0.009999999999999953,0.010000000000000009,0.009999999999999898,0.010000000000000009,0.010000000000000009,0.010000000000000009,196.14,604.8399999999999,1019.61,645.0400000000001,103.46000000000001,211.26,326.24,284.67,4076.909250999999,2359.7028309999996,1476.0102269999998,756.816293,2947.8469899999986,2538.598677000001,11611.079061,8343.90434,1280,237,131,235,677,0.685,0.345,0.99,0.265,-0.07000000000000006,0.22000000000000008,0.05999999999999994,0.013686925614363118,0.023413634112537714,0.2667873095540698,0.3221002292645646,0.07459261201866155,0.49958963168936593,0.5988921871046298,0.5850012234566219,0.5543596250988277,0.6899999999999998,0.69,0.77,0.77,0.31999999999999995,0.31999999999999995,0.24,0.24,182.0,224.0,247.0,279.0,,,90.0,1.0,48.0,0.0,UP,182.0,0.0,1.0,81670,1280,0.001,299.989
1786267500,polymarket-btc-updown-5m-1786267500-2026-08-09.txt.zst,polymarket-btc-5m_2026-08-09.zip,True,DOWN,0.999,0.255,0.20500000000000002,0.255,0.14500000000000002,0.055,0.015,0.015,0.0195,0.0025,0.010000000000000009,0.009999999999999981,0.010000000000000009,0.009999999999999981,0.009999999999999995,0.01,0.01,0.0010000000000000009,0.001,1127.43,7058.57,2032.36,3814.0399999999995,469.9,1901.5600000000002,1299.94,528.55,5231.694017,6725.2161860000015,5591.738531999999,4827.916122000007,3754.2135790000007,3155.3923519999994,95.973332,1554.0794749999998,942,425,323,144,50,0.385,0.015,0.055,0.001,-0.06,-0.13,0.0045000000000000005,0.02334418515159946,0.010052661863397632,-0.12490870497842121,0.07330592379151149,0.08666503314080261,0.39188419296041127,0.28368485631827045,0.10776531048887196,0.16782191527062204,0.03201136052820837,0.039251336688061,0.029326644376116737,0.038663479050835003,0.99,0.99,0.99,0.99,,,,28.0,58.0,77.0,0.0,224.0,0.0,193.0,DOWN,28.0,0.99,0.62,66517,942,0.0,300.0
1786267800,polymarket-btc-updown-5m-1786267800-2026-08-09.txt.zst,polymarket-btc-5m_2026-08-09.zip,True,DOWN,0.9,0.255,0.305,0.245,0.385,0.535,0.485,0.435,0.295,0.455,0.010000000000000009,0.010000000000000009,0.010000000000000009,0.010000000000000009,0.010000000000000009,0.010000000000000009,0.010000000000000009,0.010000000000000009,0.010000000000000009,446.01000000000005,471.12,43.44,353.31,738.97,791.81,345.31,111.49,4998.920122,4809.157429000001,2855.0421519999995,2872.6954549999996,2952.436843999998,3517.9876240000012,12184.020212999998,8569.987765999998,1732,418,219,306,789,0.595,0.20500000000000002,0.945,0.07500000000000001,0.08000000000000002,0.09999999999999998,-0.19,0.027753289859748443,0.0481639091244159,0.0193475930439245,-0.0030820725758151954,-0.08740551455271285,0.5116273462927893,0.509738073879331,0.4925180710368362,0.4705417252799386,0.49,0.49,0.44,0.4421892796689197,0.5220289779739583,0.5312108295400619,0.5981798217867695,0.6264914489243281,286.0,286.0,286.0,30.0,88.0,242.0,3.0,58.0,3.0,13.0,DOWN,30.0,0.8,0.06000000000000005,99811,1732,0.0,299.981
1786268100,polymarket-btc-updown-5m-1786268100-2026-08-09.txt.zst,polymarket-btc-5m_2026-08-09.zip,True,UP,0.99,0.535,0.565,0.585,0.585,0.705,0.835,0.845,0.915,0.99,0.010000000000000009,0.009999999999999898,0.010000000000000009,0.010000000000000009,0.010000000000000009,0.010000000000000009,0.010000000000000009,0.010000000000000009,,414.05,137.82999999999998,98.30000000000001,109.86,230.09,270.11,471.5,2041.57,3039.1117260000015,3099.779629999999,2744.056258000001,2089.5741089999997,2016.402994,1295.091293,5220.425240000002,4689.635996,906,229,237,202,238,0.895,0.49,0.99,0.715,0.020000000000000018,0.25,0.08000000000000007,0.011703548146424932,0.02534254711918209,-0.009882550526114512,0.13540177864411393,0.21782060860913094,0.5277509298114166,0.6456305019338084,0.6149073608258361,0.6128257052160628,0.840115855053574,0.846020190469335,0.85,0.85,0.19217218863382074,0.2116051420360317,0.18606016186917512,0.22213281596434464,155.0,155.0,172.0,,,,107.0,0.0,82.0,0.0,UP,155.0,0.9,0.72,74730,906,0.008,299.998
1786268400,polymarket-btc-updown-5m-1786268400-2026-08-09.txt.zst,polymarket-btc-5m_2026-08-09.zip,True,DOWN,0.99,0.605,0.525,0.555,0.585,0.655,0.895,0.925,0.525,0.025,0.010000000000000009,0.010000000000000009,0.010000000000000009,0.010000000000000009,0.010000000000000009,0.010000000000000009,0.010000000000000009,0.010000000000000009,0.009999999999999998,190.0,539.11,227.35,631.67,770.61,862.4000000000001,3462.24,78.01,2957.6736950000013,2499.8182160000006,3685.295425999998,2116.5943689999995,3984.1705150000016,7059.994255,10058.321257999998,6630.853696000001,1247,229,229,344,445,0.895,0.505,0.945,0.01,0.05999999999999994,0.31000000000000005,-0.37,0.015159284995296682,0.045933790588078935,0.08389485251955339,0.27037760323401644,-0.2785021596522231,0.509526582543893,0.6673719964111496,0.6490466701868118,0.49418381608968476,0.9,0.9,0.9329699047185909,0.9371761117403938,0.11,0.11206658554890882,0.09630585091802076,0.11832346002079736,153.0,162.0,167.0,229.0,253.0,255.0,71.0,21.0,65.0,20.0,UP,153.0,0.9,0.01,86305,1247,0.0,299.981
1786268700,polymarket-btc-updown-5m-1786268700-2026-08-09.txt.zst,polymarket-btc-5m_2026-08-09.zip,True,UP,0.99,0.765,0.705,0.725,0.46499999999999997,0.275,0.485,0.625,0.675,0.975,0.010000000000000009,0.010000000000000009,0.010000000000000009,0.009999999999999953,0.010000000000000009,0.010000000000000009,0.010000000000000009,0.010000000000000009,0.010000000000000009,393.95,1340.05,511.91999999999996,161.0,462.62,276.0,145.57999999999998,637.1899999999999,5919.072062000007,4693.084858999999,5860.049873000002,4499.871851000001,3119.735223,2745.448686000001,8748.176510000008,7960.758271000003,1553,455,313,291,494,0.775,0.265,0.99,0.455,-0.24,0.020000000000000018,0.19000000000000006,0.023522703437972692,0.025010822326395614,0.11552667493767899,0.13129230685681584,0.06381497030735289,0.4776940311554363,0.4873843954002798,0.5310726255270627,0.5018743317622225,0.49,0.49,0.6329945391717051,0.6440599272079284,0.52,0.52,0.38000000000000006,0.38,9.0,261.0,262.0,,,,69.0,0.0,15.0,0.0,UP,9.0,0.78,0.27,78962,1553,0.0,300.0
1786269000,polymarket-btc-updown-5m-1786269000-2026-08-09.txt.zst,polymarket-btc-5m_2026-08-09.zip,True,UP,0.99,0.305,0.375,0.215,0.305,0.515,0.685,0.915,0.915,0.99,0.010000000000000009,0.010000000000000009,0.010000000000000009,0.010000000000000009,0.010000000000000009,0.009999999999999898,0.010000000000000009,0.010000000000000009,,203.37,712.99,552.96,343.01,1362.3,376.93,3334.31,1725.88,6754.206410999993,4925.275237000001,5331.150835999998,3646.9103259999993,9014.37673000001,7329.41898,6314.575650999999,5265.700386000001,1809,494,363,658,294,0.685,0.215,0.99,0.765,-0.07,0.38000000000000006,0.22999999999999998,0.016448714967730333,0.02328247793221349,0.15659352265116835,0.18759512545187526,0.10309464092047253,0.4529363641144922,0.6325385624971489,0.7512724841645555,0.7856561934906019,0.6964437956000988,0.6988214740060716,0.9200000000000002,0.9244241226757408,0.3215787639093712,0.3265802651831981,0.08999999999999997,0.09937554009097109,181.0,182.0,182.0,88.0,,,75.0,18.0,74.0,0.0,DOWN,88.0,0.79,0.010000000000000009,77376,1809,0.001,300.0
1786269300,polymarket-btc-updown-5m-1786269300-2026-08-09.txt.zst,polymarket-btc-5m_2026-08-09.zip,True,UP,0.99,0.755,0.795,0.785,0.775,0.755,0.865,0.935,0.925,0.99,0.010000000000000009,0.010000000000000009,0.010000000000000009,0.010000000000000009,0.010000000000000009,0.010000000000000009,0.009999999999999898,0.010000000000000009,,337.15999999999997,346.01,1017.85,574.24,820.0699999999999,599.89,10561.45,4069.54,7704.677383999998,8979.196083999996,2626.534915,2609.813076,3748.2635219999997,3283.356781,4504.14082,4732.611664000001,1061,488,161,215,197,0.885,0.655,0.99,0.845,-0.020000000000000018,0.08999999999999997,0.06000000000000005,0.02053891401207761,0.011378589428990473,-0.07639225401970054,0.0031934162948568387,0.06611658778015218,0.5086652971473723,0.6197705992452203,0.6376071631384538,0.6089809238702985,0.87,0.87,0.94,0.9400000000000001,0.15976625817337273,0.17035445677218827,0.06999999999999995,0.07761387375818483,24.0,48.0,84.0,,,,234.0,0.0,138.0,0.0,UP,24.0,0.89,0.7,71974,1061,0.0,300.0
1786269600,polymarket-btc-updown-5m-1786269600-2026-08-09.txt.zst,polymarket-btc-5m_2026-08-09.zip,True,UP,0.999,0.555,0.645,0.695,0.915,0.915,0.965,0.975,0.985,0.985,0.010000000000000009,0.010000000000000009,0.010000000000000009,0.010000000000000009,0.010000000000000009,0.010000000000000009,0.010000000000000009,0.010000000000000009,0.010000000000000009,557.7200000000001,724.84,1903.1099999999997,1770.6,2174.7,7738.01,4098.780000000001,2484.18,9225.139016000014,8468.296617999998,5830.208860000001,4367.430354,3545.9420109999983,3499.843332,2678.263600999999,2657.41,1161,638,286,153,84,0.975,0.425,0.999,0.955,0.27,0.04999999999999993,0.020000000000000018,0.030959193120226214,0.01074824888106897,0.04277532151786586,0.14344285724403746,0.006542731115956788,0.6889358531607309,0.7241081660026684,0.8175225181908518,0.8853308431680552,0.9699999999999999,0.9700000000000001,0.9801845597188604,0.9860519479173849,0.05918001592418015,0.07032423081674882,0.038483391999279415,0.04170981397654905,13.0,102.0,102.0,,,,172.0,0.0,169.0,0.0,UP,13.0,0.98,0.43,78483,1161,0.0,300.0
1786269900,polymarket-btc-updown-5m-1786269900-2026-08-09.txt.zst,polymarket-btc-5m_2026-08-09.zip,True,UP,0.99,0.455,0.435,0.435,0.415,0.415,0.405,0.415,0.875,0.98,0.010000000000000009,0.010000000000000009,0.010000000000000009,0.010000000000000009,0.010000000000000009,0.009999999999999953,0.010000000000000009,0.010000000000000009,,725.05,54.09,185.14,592.97,142.54,282.37,659.02,85.50999999999999,2980.8642210000016,4427.812636999998,1601.3273339999998,2626.1891640000017,5416.988226000001,1647.9605119999992,4783.754898000004,5539.953332,1007,318,157,250,282,0.495,0.36,0.99,0.305,-0.020000000000000018,-0.009999999999999953,0.47,0.00935517277783159,0.028265066289832195,-0.19530456567795368,-0.24242645309246086,0.5334826696940715,0.4872628642759173,0.47727248449600895,0.48105716759343936,0.6338390092763252,0.41,0.410478846766619,0.41999999999999993,0.42,0.6181725727222118,0.6346753559069993,0.5938922650210374,0.6038643641822409,232.0,238.0,239.0,,,,32.0,0.0,26.0,0.0,UP,232.0,0.0,1.0,75886,1007,0.0,299.981
1786270200,polymarket-btc-updown-5m-1786270200-2026-08-09.txt.zst,polymarket-btc-5m_2026-08-09.zip,True,UP,0.999,0.365,0.435,0.745,0.885,0.975,0.965,0.99,0.99,0.999,0.010000000000000009,0.010000000000000009,0.010000000000000009,0.010000000000000009,0.010000000000000009,0.010000000000000009,,,,1062.74,1877.7299999999998,3604.17,12595.929999999998,1418.92,6998.610000000001,0.0,0.0,10876.498337000005,7353.672950000003,6741.475182,4873.146494000002,3168.672307,2795.256665,0,1817.336,1132,740,284,102,6,0.985,0.295,0.999,0.975,0.45,0.07999999999999996,0.025000000000000022,0.027977957510200373,0.007306590844035419,0.19324148586097703,0.1608600555505513,0.06261235567243438,0.6758670749562892,0.7637694890905647,1.0,1.0,0.9699999999999999,0.9700000000000001,,,0.044493082175462786,0.047641805398594333,0.010000000000000009,0.015874467445866243,90.0,103.0,111.0,,,,111.0,0.0,98.0,0.0,UP,90.0,0.99,0.72,70702,1132,0.0,300.0
1786270500,polymarket-btc-updown-5m-1786270500-2026-08-09.txt.zst,polymarket-btc-5m_2026-08-09.zip,True,DOWN,0.9325,0.445,0.445,0.445,0.625,0.625,0.585,0.725,0.345,0.195,0.010000000000000009,0.010000000000000009,0.010000000000000009,0.010000000000000009,0.010000000000000009,0.010000000000000009,0.010000000000000009,0.009999999999999953,0.010000000000000009,520.28,275.03,183.66,240.77999999999997,341.56,583.77,350.3,462.85999999999996,3433.073698,5144.997940000004,1612.8885709999995,3132.5864410000004,3741.1197590000015,3191.2449430000015,13357.415434000008,13385.463187999994,1635,293,171,347,824,0.665,0.375,0.845,0.01,0.18,-0.040000000000000036,-0.24,0.010012247402017973,0.03183543982105343,-0.199569823410701,-0.3202414650076343,0.07931994920021446,0.5214788483140929,0.5362230487184434,0.5765270775738458,0.4510197875534774,0.5902845792898354,0.5960772516848801,0.73,0.73,0.42000000000000004,0.42000000000000004,0.3019279034518149,0.306832738992993,216.0,225.0,226.0,241.0,244.0,249.0,12.0,37.0,3.0,33.0,UP,216.0,0.0,1.0,91101,1635,0.0,300.0
1786270800,polymarket-btc-updown-5m-1786270800-2026-08-09.txt.zst,polymarket-btc-5m_2026-08-09.zip,True,UP,0.99,0.555,0.695,0.825,0.785,0.825,0.805,0.965,0.965,0.985,0.010000000000000009,0.010000000000000009,0.010000000000000009,0.010000000000000009,0.010000000000000009,0.010000000000000009,0.010000000000000009,0.010000000000000009,0.010000000000000009,1156.66,292.83,555.54,629.38,991.98,657.55,9184.39,5136.98,7219.1717389999985,7683.675661999994,1677.074526000001,2276.896997,6186.914867000006,5107.905961000001,5059.053590000001,2337.712856,1635,714,204,483,234,0.875,0.475,0.99,0.775,0.09000000000000008,0.020000000000000018,0.15999999999999992,0.02445183340493602,0.015898974248022914,-0.03116880355151641,-0.15170126226526157,0.09553129902912028,0.5603493082776224,0.5780207814247882,0.6833514911222204,0.7851574458688338,0.8099999999999999,0.81,0.9699999999999999,0.9700000000000001,0.20385883706153266,0.22273642189212756,0.05121255880226316,0.07083405169065869,50.0,51.0,54.0,,,,220.0,0.0,194.0,0.0,UP,50.0,0.88,0.66,82736,1635,0.0,299.994
1786271100,polymarket-btc-updown-5m-1786271100-2026-08-09.txt.zst,polymarket-btc-5m_2026-08-09.zip,True,UP,0.99,0.505,0.305,0.235,0.165,0.10500000000000001,0.185,0.305,0.475,0.695,0.010000000000000009,0.010000000000000009,0.009999999999999981,0.010000000000000009,0.009999999999999995,0.010000000000000009,0.010000000000000009,0.010000000000000009,0.010000000000000009,983.9200000000001,2716.36,2309.67,590.23,523.05,344.25,225.65,325.66999999999996,9173.571470000003,14636.425102999978,5399.870022,5295.355664999995,4171.821449,5236.3841109999985,12815.076572999986,22052.220545999993,2853,975,467,467,944,0.5700000000000001,0.08499999999999999,0.99,0.185,-0.13999999999999999,0.01999999999999999,0.29,0.025438692986085913,0.024605779425620467,-0.2294352969036011,0.009772057183145024,-0.11315257252946316,0.37332645037544815,0.42654023936334334,0.3909412025271657,0.34377001429404946,0.19749691954389895,0.2005899982479223,0.31,0.3194548238688768,0.8200000000000001,0.8241598817500869,0.7,0.7,271.0,271.0,272.0,81.0,94.0,116.0,14.0,104.0,14.0,89.0,DOWN,81.0,0.92,0.010000000000000009,95841,2853,0.002,299.984
1786271400,polymarket-btc-updown-5m-1786271400-2026-08-09.txt.zst,polymarket-btc-5m_2026-08-09.zip,True,DOWN,0.999,0.395,0.275,0.555,0.15000000000000002,0.055,0.035,0.015,0.01,0.01,0.010000000000000009,0.010000000000000009,0.010000000000000009,0.01999999999999999,0.009999999999999995,0.010000000000000002,0.01,,,240.63,4704.15,1922.16,0.0,632.39,845.1000000000001,1402.95,4031.71,13076.38669100001,14084.931499000004,9932.918866000002,5310.359076000006,2798.034997,4147.9865819999995,4612.96,0,1508,864,474,158,12,0.595,0.035,0.035,0.001,-0.125,-0.11500000000000002,-0.025,0.03917190351782874,0.010326185630279316,-0.03713165910965652,0.3032523455642959,-0.19434889017352408,0.369485182722983,0.19904188758807764,0.09377579595460886,0.0,0.053088864174697374,0.05819911189403763,0.02976629793843652,0.03673357466968952,0.9699999999999999,0.9700000000000001,0.99,0.99,,,,44.0,44.0,108.0,0.0,134.0,0.0,123.0,DOWN,44.0,0.97,0.41000000000000003,81827,1508,0.002,300.0
1786271700,polymarket-btc-updown-5m-1786271700-2026-08-09.txt.zst,polymarket-btc-5m_2026-08-09.zip,True,UP,0.99,0.555,0.625,0.585,0.495,0.415,0.675,0.345,0.265,0.455,0.010000000000000009,0.010000000000000009,0.010000000000000009,0.010000000000000009,0.010000000000000009,0.010000000000000009,0.009999999999999953,0.010000000000000009,0.010000000000000009,848.28,271.81,683.95,145.62,1756.16,581.11,64.51,98.28999999999999,6160.464014000004,5838.942411999999,8083.458349000002,5643.786971999998,3431.9868250000018,5177.129912000002,13480.946227999999,15149.532652,2157,486,311,409,951,0.715,0.36,0.99,0.215,-0.13,0.18000000000000005,-0.41000000000000003,0.01596296264703355,0.03646515194883294,0.026794792224333668,0.1777247597715606,-0.20270872614606059,0.5077205251591083,0.5216221759411213,0.4412965491728523,0.41830951350814605,0.68,0.68,0.3673587577969011,0.38913961068988173,0.32999999999999996,0.3386283747960707,0.6599999999999999,0.6599999999999999,195.0,195.0,283.0,229.0,,,16.0,13.0,14.0,0.0,UP,195.0,0.0,1.0,95561,2157,0.0,299.982
1786272000,polymarket-btc-updown-5m-1786272000-2026-08-09.txt.zst,polymarket-btc-5m_2026-08-09.zip,True,UP,0.9675,0.615,0.645,0.615,0.605,0.525,0.525,0.515,0.315,0.215,0.010000000000000009,0.010000000000000009,0.010000000000000009,0.010000000000000009,0.010000000000000009,0.010000000000000009,0.010000000000000009,0.010000000000000009,0.010000000000000009,839.79,775.29,303.41999999999996,76.42,287.67,219.99,403.89,346.73,2946.5227669999995,2330.5305599999997,630.7732709999999,1474.015928,2189.473314,2429.453119999999,16111.849323,14920.466994,1577,260,111,166,1040,0.655,0.455,0.99,0.035,-0.040000000000000036,-0.07999999999999996,-0.21000000000000002,0.008154237955729246,0.015634516757122442,0.11673033581985627,-0.40063045619990384,-0.051955754097641346,0.5537690444251068,0.535277391315559,0.5511495542101859,0.44307134878125626,0.53,0.531871468976673,0.52,0.52,0.48,0.48,0.49,0.49,283.0,283.0,284.0,241.0,243.0,244.0,16.0,20.0,16.0,16.0,DOWN,241.0,0.0,1.0,85824,1577,0.0,299.989
1786272300,polymarket-btc-updown-5m-1786272300-2026-08-09.txt.zst,polymarket-btc-5m_2026-08-09.zip,True,UP,0.999,0.475,0.455,0.845,0.935,0.975,0.975,0.994,0.9975,0.9975,0.010000000000000009,0.010000000000000009,0.010000000000000009,0.009999999999999898,0.010000000000000009,0.010000000000000009,0.008000000000000007,0.0010000000000000009,0.0010000000000000009,672.15,1778.3799999999999,3858.7300000000005,3505.84,5952.660000000001,8221.5,5743.9,3690.63,6659.920278000001,7100.237318000002,1991.7203760000014,1657.2066579999998,2923.282145,840.654077,1695.597042,853.8711109999999,930,544,248,120,18,0.975,0.455,0.999,0.983,0.48000000000000004,0.039999999999999925,0.022500000000000075,0.028828643503892266,0.0032728005549437084,-0.03199941838805671,0.09167454292263642,0.5533112000748455,0.7963340080389878,0.7431380059523623,0.8173925207201421,0.8672893533168402,0.98,0.98,0.9979999999999999,0.998403487110477,0.03850691982143525,0.039763044466464295,0.012303256744636004,0.015997790887564332,77.0,78.0,89.0,,,,203.0,0.0,202.0,0.0,UP,77.0,0.98,0.77,70767,930,0.001,299.992
1786272600,polymarket-btc-updown-5m-1786272600-2026-08-09.txt.zst,polymarket-btc-5m_2026-08-09.zip,True,DOWN,0.99,0.395,0.46499999999999997,0.375,0.445,0.515,0.505,0.455,0.195,0.08499999999999999,0.010000000000000009,0.009999999999999953,0.010000000000000009,0.010000000000000009,0.010000000000000009,0.010000000000000009,0.010000000000000009,0.010000000000000009,0.009999999999999995,219.87,592.34,925.4100000000001,154.81,646.8399999999999,130.87,206.55,177.57,3818.9797529999996,3331.2053459999997,3246.485462999999,3256.5960160000004,1991.9954549999995,3923.7310969999994,4594.593905000001,6890.554790999999,1166,326,158,230,452,0.545,0.375,0.475,0.01,-0.019999999999999962,0.06,-0.31,0.010237977166930395,0.03635101820735672,0.06821843074638982,-0.0015547326344673264,-0.32654241622221625,0.491786225198921,0.5473992790185486,0.5304238875550799,0.39817087858028166,0.519039048845869,0.5300075843985826,0.4600000000000001,0.46,0.5,0.5,0.55,0.55,,,,219.0,219.0,219.0,0.0,61.0,0.0,59.0,DOWN,219.0,0.0,1.0,76430,1166,0.0,299.984
1786272900,polymarket-btc-updown-5m-1786272900-2026-08-09.txt.zst,polymarket-btc-5m_2026-08-09.zip,True,DOWN,0.99,0.475,0.485,0.495,0.605,0.725,0.325,0.315,0.365,0.025,0.010000000000000009,0.010000000000000009,0.010000000000000009,0.010000000000000009,0.010000000000000009,0.010000000000000009,0.010000000000000009,0.010000000000000009,0.009999999999999998,241.59,100.56,756.9,468.83000000000004,687.5899999999999,827.9100000000001,455.73,189.95000000000002,3379.0299230000005,1829.5415990000001,3741.5301250000007,7636.550114999998,3530.189202000001,2115.5564210000016,10752.725735,8342.856303000002,1217,238,289,197,493,0.775,0.215,0.365,0.01,0.12,-0.27999999999999997,0.03999999999999998,0.01018310995184264,0.038048228751838865,0.29748815341313084,-0.34232664103623844,0.2505661564412284,0.5285674064872575,0.43550870269546055,0.44779816037898956,0.46229575865357775,0.33,0.33,0.32,0.32,0.6799999999999999,0.6893380383747016,0.6899999999999998,0.69,153.0,,,163.0,248.0,250.0,7.0,46.0,0.0,29.0,UP,153.0,0.78,0.01,78438,1217,0.0,300.0
1786273200,polymarket-btc-updown-5m-1786273200-2026-08-09.txt.zst,polymarket-btc-5m_2026-08-09.zip,True,UP,0.99,0.475,0.765,0.825,0.855,0.885,0.885,0.955,0.975,0.985,0.010000000000000009,0.010000000000000009,0.010000000000000009,0.010000000000000009,0.010000000000000009,0.010000000000000009,0.010000000000000009,0.010000000000000009,0.010000000000000009,273.77,181.93,272.17,1284.84,586.67,893.8100000000001,9684.75,9142.789999999999,8815.068719999997,6157.61785,2046.6935489999992,1383.115762,4018.3357090000036,776.870156,3705.5857479999995,927.1999999999999,1079,568,124,216,171,0.895,0.325,0.99,0.885,0.08999999999999997,0.030000000000000027,0.08999999999999997,0.016843113613298353,0.014225481909753855,0.1774865758109567,0.19347366772601296,0.6759804780560764,0.6346269193775715,0.6468990009328494,0.6667724122412086,0.6916424170555374,0.89,0.89,0.96,0.9604097383409541,0.14653405923382026,0.16404881681977637,0.0756792439788248,0.09308005177421538,54.0,61.0,100.0,,,,219.0,0.0,202.0,0.0,UP,54.0,0.9,0.75,67447,1079,0.001,299.993
1786273500,polymarket-btc-updown-5m-1786273500-2026-08-09.txt.zst,polymarket-btc-5m_2026-08-09.zip,True,UP,0.99,0.635,0.825,0.895,0.935,0.865,0.895,0.955,0.955,0.985,0.010000000000000009,0.010000000000000009,0.010000000000000009,0.009999999999999898,0.010000000000000009,0.010000000000000009,0.010000000000000009,0.010000000000000009,0.010000000000000009,364.0,355.01,285.79999999999995,419.25,12784.570000000002,806.46,10575.81,9435.21,7410.624733999996,4360.792336,1905.0270430000007,3071.538136,2275.7512790000014,2261.228698,4523.748114999998,1776.4546619999999,1053,506,208,165,174,0.945,0.415,0.99,0.885,0.1100000000000001,-0.040000000000000036,0.05999999999999994,0.018321743217003233,0.016454003339423123,0.25908795685887603,-0.2344008469782365,0.0032009356606427742,0.6299714936774661,0.5832446324565507,0.6261831325539687,0.6446134810342328,0.9,0.9009534080833455,0.96,0.96,0.11,0.12344285532340737,0.06909808985344879,0.09746760498513699,57.0,58.0,61.0,,,,214.0,0.0,208.0,0.0,UP,57.0,0.95,0.77,71955,1053,0.0,299.985
1786273800,polymarket-btc-updown-5m-1786273800-2026-08-09.txt.zst,polymarket-btc-5m_2026-08-09.zip,True,UP,0.99,0.455,0.445,0.605,0.715,0.755,0.755,0.885,0.915,0.99,0.010000000000000009,0.010000000000000009,0.010000000000000009,0.010000000000000009,0.010000000000000009,0.010000000000000009,0.010000000000000009,0.010000000000000009,,216.25,332.89,185.77,202.26,540.38,426.22,747.64,1865.4499999999998,4016.7978510000007,6111.989675000001,1633.2254170000003,1354.883496,2655.097196999999,2054.9434549999996,5192.2810450000015,4554.364045000001,964,416,145,228,175,0.785,0.435,0.99,0.715,0.26999999999999996,0.040000000000000036,0.16000000000000003,0.0162824767040843,0.017299423314141197,-0.20685514614871384,0.09314985802192559,0.12742007688302212,0.5492000198137508,0.5515452778437997,0.6137206826568149,0.5973877219955949,0.76,0.76,0.8964958117928218,0.9056851360033388,0.2576697381319218,0.26851698388554873,0.1291116730980099,0.15628950948061765,124.0,183.0,197.0,,,,127.0,0.0,85.0,0.0,UP,124.0,0.79,0.71,72679,964,0.0,300.0
1786274100,polymarket-btc-updown-5m-1786274100-2026-08-09.txt.zst,polymarket-btc-5m_2026-08-09.zip,True,DOWN,0.99,0.46499999999999997,0.46499999999999997,0.455,0.495,0.435,0.455,0.425,0.07500000000000001,0.015,0.009999999999999953,0.009999999999999953,0.010000000000000009,0.010000000000000009,0.010000000000000009,0.010000000000000009,0.010000000000000009,0.009999999999999995,0.01,311.28000000000003,441.1,208.0,2124.6200000000003,1446.6499999999999,1244.9299999999998,249.67,203.21,2703.927039000001,2862.8209050000023,629.3714089999999,1289.8122769999998,3839.445327,3812.5457740000006,6753.6064689999985,5808.722006000004,933,255,94,267,317,0.495,0.415,0.505,0.01,0.030000000000000027,-0.03999999999999998,-0.38,0.00766782356391192,0.021612466399935363,-0.028543391509447003,-0.34412592854856106,0.0035153664771622535,0.48190373729795194,0.4791182282518259,0.5007176088725863,0.41402617216641147,0.4714445149559279,0.4795624135147235,0.43,0.43,0.55,0.55,0.5800000000000001,0.5800000000000001,,,,229.0,230.0,231.0,0.0,46.0,0.0,45.0,DOWN,229.0,0.0,1.0,76535,933,0.0,299.998
1786274400,polymarket-btc-updown-5m-1786274400-2026-08-09.txt.zst,polymarket-btc-5m_2026-08-09.zip,True,DOWN,0.99,0.435,0.385,0.535,0.555,0.575,0.495,0.265,0.195,0.08499999999999999,0.010000000000000009,0.010000000000000009,0.010000000000000009,0.010000000000000009,0.010000000000000009,0.010000000000000009,0.010000000000000009,0.010000000000000009,0.05,218.94,119.01,171.36,357.88,816.34,625.8899999999999,173.32,593.6999999999999,6498.810872000003,5764.0866479999995,4615.487666000002,2112.940229,2276.314656999999,4146.091552999995,5903.155419,7859.3614270000035,1289,439,185,291,374,0.645,0.345,0.495,0.01,0.17000000000000004,-0.06000000000000005,-0.3,0.02718852122265038,0.026571126863467305,0.059914406265053996,0.37193642795216453,-0.2911333906423832,0.5521531782145994,0.5145587874594402,0.4463563626944496,0.45057390581295437,0.5,0.5,0.27,0.2865146675433564,0.5253367004787455,0.53865243337322,0.74,0.742582501623127,,,,192.0,192.0,222.0,0.0,74.0,0.0,57.0,DOWN,192.0,0.0,1.0,83530,1289,0.0,299.998
1786274700,polymarket-btc-updown-5m-1786274700-2026-08-09.txt.zst,polymarket-btc-5m_2026-08-09.zip,True,UP,0.99,0.685,0.745,0.855,0.745,0.865,0.795,0.885,0.935,0.965,0.009999999999999898,0.010000000000000009,0.010000000000000009,0.010000000000000009,0.010000000000000009,0.010000000000000009,0.010000000000000009,0.009999999999999898,0.010000000000000009,660.2700000000001,371.07,322.7,268.51,87.0,89.13,667.0,15859.619999999997,4708.520411999998,6521.136184000002,1163.3238709999998,1286.1583809999995,1530.7252720000004,1255.774527,6386.3784989999995,3214.8976279999997,994,399,126,163,306,0.875,0.675,0.99,0.765,0.0,0.050000000000000044,0.14,0.014663355877910109,0.013053716548879817,-0.16141328601674754,-0.050147132072382014,0.09867244386619829,0.5893504819057368,0.5057785469003588,0.5066935733847375,0.503771551724138,0.8046452779401839,0.816863720601402,0.8964064374573655,0.8985593371028284,0.20999999999999996,0.21426627704522858,0.12334132662104512,0.134801147546721,5.0,82.0,90.0,,,,226.0,0.0,167.0,0.0,UP,5.0,0.88,0.68,71683,994,0.002,299.983
1786275000,polymarket-btc-updown-5m-1786275000-2026-08-09.txt.zst,polymarket-btc-5m_2026-08-09.zip,True,UP,0.99,0.695,0.715,0.705,0.725,0.715,0.855,0.785,0.885,0.975,0.010000000000000009,0.010000000000000009,0.010000000000000009,0.010000000000000009,0.010000000000000009,0.010000000000000009,0.010000000000000009,0.010000000000000009,0.010000000000000009,805.9300000000001,210.02,96.13,94.19,373.84,505.68,413.48,4573.41,4899.131297999999,6059.574277000001,2347.5325969999994,1927.472718,1912.2972530000006,1936.3904120000002,10822.457310999984,5721.825422999995,1636,413,176,165,882,0.855,0.645,0.99,0.785,0.010000000000000009,0.13,0.030000000000000027,0.01667786738477679,0.018018569604468713,-0.10589234020916757,0.0982594986551495,-0.006260097232389876,0.5104342370711914,0.5245118144901902,0.477577411039283,0.4878580576833083,0.86,0.8603274629843457,0.7899999999999999,0.79,0.16835751060130497,0.18758946601988255,0.23255321176503996,0.26495999441894325,46.0,166.0,179.0,,,,140.0,0.0,98.0,0.0,UP,46.0,0.86,0.68,73938,1636,0.0,300.0
1786275300,polymarket-btc-updown-5m-1786275300-2026-08-09.txt.zst,polymarket-btc-5m_2026-08-09.zip,True,UP,0.99,0.435,0.495,0.585,0.765,0.915,0.965,0.925,0.955,0.985,0.010000000000000009,0.010000000000000009,0.010000000000000009,0.010000000000000009,0.010000000000000009,0.010000000000000009,0.010000000000000009,0.010000000000000009,0.010000000000000009,253.16,1359.69,114.0,885.5699999999999,284.26,10385.61,2450.5499999999997,8361.69,6437.439182000003,5161.408351999998,3563.5005280000005,4841.381979,2463.7697980000007,3662.3575129999995,5575.709994000009,6697.564226000002,1323,447,315,235,326,0.965,0.415,0.99,0.805,0.27,0.19999999999999996,-0.010000000000000009,0.02077587314078291,0.01691477249498749,0.11001358766545927,-0.1520403705745698,-0.1956517803421795,0.565215637241249,0.6563091123533484,0.6466697938609085,0.6982675904933086,0.9699999999999999,0.9700000000000001,0.9299999999999999,0.93,0.043082058899297095,0.047231458383477705,0.11677902069015436,0.15172990751428683,105.0,105.0,133.0,,,,175.0,0.0,164.0,0.0,UP,105.0,0.97,0.72,81921,1323,0.006,300.0
1786275600,polymarket-btc-updown-5m-1786275600-2026-08-09.txt.zst,polymarket-btc-5m_2026-08-09.zip,True,UP,0.9775,0.325,0.315,0.275,0.275,0.315,0.355,0.335,0.385,0.455,0.010000000000000009,0.010000000000000009,0.010000000000000009,0.010000000000000009,0.010000000000000009,0.010000000000000009,0.010000000000000009,0.010000000000000009,0.010000000000000009,1468.3600000000001,207.35000000000002,208.38,353.77,316.71000000000004,219.21999999999997,377.11,381.06,4142.741514,4720.389560999998,1332.38863,981.6547640000002,1972.7136440000008,1811.929928,13909.854722000002,13783.852208999999,1629,408,120,245,856,0.375,0.215,0.99,0.265,-0.03999999999999998,0.07999999999999996,0.030000000000000027,0.011800156671798533,0.016974137687523608,-0.06517426427657767,0.1515675405696388,0.04248318578518991,0.4919182656339559,0.4926121446085624,0.448821329046773,0.4463657173342597,0.36,0.3679230429921407,0.34,0.34413312769005683,0.65,0.658545760256575,0.671414291977203,0.6848051001554176,286.0,292.0,292.0,0.0,,,6.0,1.0,5.0,0.0,DOWN,0.0,0.79,0.010000000000000009,87217,1629,0.0,300.0
1786275900,polymarket-btc-updown-5m-1786275900-2026-08-09.txt.zst,polymarket-btc-5m_2026-08-09.zip,True,DOWN,0.99,0.665,0.575,0.655,0.735,0.845,0.505,0.44999999999999996,0.645,0.625,0.010000000000000009,0.010000000000000009,0.010000000000000009,0.010000000000000009,0.010000000000000009,0.010000000000000009,0.03999999999999998,0.010000000000000009,0.010000000000000009,451.05,506.13,110.73,86.0,250.58,421.87,269.80999999999995,99.38,5302.776634000004,5770.100028000002,10479.898794,8686.384917999996,11371.563688000004,9330.767291000004,14033.650576,17283.442998999995,2737,514,499,633,1091,0.935,0.245,0.935,0.01,0.16000000000000003,-0.22999999999999998,0.14,0.024059297369540242,0.07980017059437126,-0.04220433481425488,0.09357650669008341,0.09857809727175841,0.5362088705994839,0.4769742068278882,0.4820562285990419,0.5943579137745918,0.510563648837327,0.5206867593085662,0.47404308980370957,0.4802184492829885,0.5,0.5,0.5700000000000001,0.5778889509962776,102.0,135.0,147.0,166.0,193.0,278.0,71.0,13.0,32.0,10.0,UP,102.0,0.94,0.01,95541,2737,0.0,299.978
1786276200,polymarket-btc-updown-5m-1786276200-2026-08-09.txt.zst,polymarket-btc-5m_2026-08-09.zip,True,DOWN,0.99,0.725,0.765,0.805,0.785,0.915,0.865,0.865,0.645,0.08499999999999999,0.010000000000000009,0.010000000000000009,0.010000000000000009,0.010000000000000009,0.010000000000000009,0.010000000000000009,0.010000000000000009,0.010000000000000009,0.009999999999999995,249.64,291.53,79.33,260.78,495.59000000000003,391.11,660.9100000000001,395.65000000000003,4499.744638999996,6989.837859999998,3127.2357639999996,2539.99112,1157.7349410000004,2302.0910829999993,8557.308828000003,9355.534939999996,1498,488,233,223,554,0.935,0.595,0.905,0.01,0.020000000000000018,0.07999999999999996,-0.21999999999999997,0.019402804888340612,0.03254864994593399,-0.2167261709654576,0.10362116358142252,-0.3307554004339725,0.5747090152866681,0.6475754259185783,0.6624568606355095,0.5634509749173011,0.8759752994939874,0.8783859581690446,0.87,0.87,0.14,0.15363155343497703,0.1729316392541302,0.1882263007370626,17.0,18.0,137.0,263.0,265.0,265.0,219.0,11.0,149.0,8.0,UP,17.0,0.94,0.01,83796,1498,0.005,300.0
1786276500,polymarket-btc-updown-5m-1786276500-2026-08-09.txt.zst,polymarket-btc-5m_2026-08-09.zip,True,DOWN,0.99,0.345,0.395,0.365,0.365,0.405,0.365,0.335,0.385,0.01,0.009999999999999953,0.010000000000000009,0.010000000000000009,0.010000000000000009,0.009999999999999953,0.010000000000000009,0.010000000000000009,0.010000000000000009,,334.99,243.65,149.99,169.0,486.03,388.35,417.82,423.41999999999996,6151.062886,7875.1444249999995,2083.712575,1789.3119309999997,1547.5013419999998,1968.8214879999991,3027.031884,5875.803905000001,1075,443,178,150,304,0.655,0.275,0.455,0.01,-0.030000000000000027,0.0,0.020000000000000018,0.030274653125159662,0.02311479067453663,-0.12291858381758664,0.07601311159893816,-0.1198183916463664,0.502053411107102,0.5114227161464693,0.461550010958491,0.5040805684654,0.37,0.37,0.34,0.34,0.6487271416669764,0.6553039790707373,0.6699999999999998,0.6717062032862399,,,,245.0,249.0,259.0,0.0,23.0,0.0,17.0,DOWN,245.0,0.0,1.0,88993,1075,0.0,299.988
1786276800,polymarket-btc-updown-5m-1786276800-2026-08-09.txt.zst,polymarket-btc-5m_2026-08-09.zip,True,DOWN,0.999,0.575,0.685,0.275,0.11499999999999999,0.135,0.035,0.015,0.015,0.004,0.010000000000000009,0.009999999999999898,0.010000000000000009,0.009999999999999995,0.010000000000000009,0.010000000000000002,0.01,0.01,0.004,794.33,4204.280000000001,779.98,911.6999999999999,542.04,493.97999999999996,862.36,339.12999999999994,6483.003989,8055.068369000002,4571.931437999999,4439.188716000001,1862.6849960000002,5122.531998999999,702.533,2190.7235,1229,584,416,184,45,0.715,0.035,0.055,0.001,-0.5700000000000001,-0.07999999999999999,-0.020000000000000004,0.03409535154825184,0.020746437875401043,-0.10813430703107815,0.014730990124582255,-0.4666779865726991,0.3766966294126976,0.1885036568349995,0.04034421741332108,0.048594402769086754,0.05318333315112219,0.07288686492353251,0.027531411883956296,0.045612748823341244,0.9699999999999999,0.9700000000000001,0.99,0.99,,,,74.0,104.0,104.0,0.0,186.0,0.0,167.0,DOWN,74.0,0.97,0.64,77232,1229,0.01,299.997
1786277100,polymarket-btc-updown-5m-1786277100-2026-08-09.txt.zst,polymarket-btc-5m_2026-08-09.zip,True,UP,0.99,0.495,0.475,0.495,0.505,0.425,0.305,0.175,0.705,0.975,0.010000000000000009,0.010000000000000009,0.010000000000000009,0.010000000000000009,0.010000000000000009,0.010000000000000009,0.009999999999999981,0.010000000000000009,0.010000000000000009,494.79,363.19,153.51,212.60000000000002,636.27,122.49,61.0,62.01,2858.2873720000016,3032.952419000001,1153.4308169999997,3478.058563,5341.791967000001,3223.858888000001,7433.858069000004,3540.7787709999993,1107,220,207,333,347,0.585,0.305,0.99,0.125,0.030000000000000027,-0.2,0.39999999999999997,0.007995862900863905,0.04449470217428275,-0.02964826644246154,-0.501917969635936,0.24725886156843588,0.5097088098475882,0.4666383746483662,0.39954571480526335,0.5306460772468902,0.32349486487108303,0.3394551368411081,0.20901253022222271,0.23919058152972958,0.7,0.7,0.83,0.83,234.0,241.0,241.0,186.0,202.0,216.0,35.0,43.0,33.0,30.0,DOWN,186.0,0.0,1.0,78482,1107,0.001,299.998
1786277400,polymarket-btc-updown-5m-1786277400-2026-08-09.txt.zst,polymarket-btc-5m_2026-08-09.zip,True,UP,0.99,0.605,0.575,0.545,0.585,0.625,0.665,0.905,0.975,0.99,0.010000000000000009,0.010000000000000009,0.010000000000000009,0.010000000000000009,0.010000000000000009,0.010000000000000009,0.010000000000000009,0.010000000000000009,,160.81,197.0,126.41999999999999,852.03,269.39,132.91,951.2500000000001,7382.13,4132.368741000003,3795.3002410000026,917.2645510000002,1258.456493,6042.594539999998,3218.0419450000004,3475.4375709999995,2013.6433320000003,928,305,171,319,133,0.685,0.495,0.99,0.675,0.010000000000000009,0.08000000000000007,0.30999999999999994,0.017846018944203294,0.02990882503753784,0.04251798362990732,-0.1568178709954141,0.30500631350502666,0.5021792675647262,0.5313627015380953,0.6646476302604224,0.720521225172182,0.6722499386432985,0.6844502203026919,0.9100000000000001,0.91,0.35738578777477364,0.36527415313631,0.13377648492397132,0.16330799952918568,187.0,189.0,189.0,,,,77.0,0.0,75.0,0.0,UP,187.0,0.0,1.0,73382,928,0.0,299.982
1786277700,polymarket-btc-updown-5m-1786277700-2026-08-09.txt.zst,polymarket-btc-5m_2026-08-09.zip,True,UP,0.815,0.565,0.555,0.315,0.345,0.495,0.265,0.365,0.315,0.275,0.009999999999999898,0.010000000000000009,0.010000000000000009,0.009999999999999953,0.010000000000000009,0.010000000000000009,0.010000000000000009,0.010000000000000009,0.010000000000000009,169.54000000000002,302.34000000000003,164.69,395.16,210.65,336.18,313.05,171.1,7395.852506000001,7326.743819999997,4026.255286999999,5658.510944999999,5154.280135000002,3501.640976000001,15505.231842999998,10887.875985000004,2147,436,330,416,965,0.685,0.265,0.99,0.095,-0.21000000000000008,-0.07999999999999996,0.04999999999999999,0.027357345809634004,0.04454025383460182,0.004694055618298702,-0.16853846741357262,0.19092585731861808,0.4605521458753727,0.458848552613066,0.5055623194134531,0.4419857144498691,0.27,0.2732121901750841,0.37,0.37,0.7425839993581526,0.7521582103292204,0.6451241692634384,0.6539717304238691,290.0,292.0,293.0,243.0,243.0,244.0,6.0,20.0,5.0,10.0,DOWN,243.0,0.0,1.0,93756,2147,0.0,300.0
1786278000,polymarket-btc-updown-5m-1786278000-2026-08-09.txt.zst,polymarket-btc-5m_2026-08-09.zip,True,DOWN,0.99,0.425,0.455,0.435,0.405,0.435,0.375,0.505,0.345,0.095,0.010000000000000009,0.010000000000000009,0.010000000000000009,0.009999999999999953,0.010000000000000009,0.010000000000000009,0.010000000000000009,0.009999999999999953,0.010000000000000009,446.21,424.72,70.0,148.24,280.76,197.19,512.14,188.53,4299.437925000003,4062.2997570000025,1234.8057880000006,1862.4259959999997,2139.0282039999993,2437.7297540000013,5851.880045000001,5344.922697999998,1058,291,129,192,446,0.49,0.28500000000000003,0.585,0.01,-0.04999999999999999,-0.030000000000000027,-0.030000000000000027,0.02135431227319354,0.027296201371526264,0.028359914771122118,-0.2026390828229984,-0.06526487805147813,0.5170229917421038,0.4523540606737353,0.5230507875579319,0.4742208931474938,0.38000000000000006,0.39008447854254075,0.51,0.51,0.63,0.6309974133207968,0.5114860098810621,0.5336328024703036,,,,246.0,249.0,256.0,0.0,44.0,0.0,39.0,DOWN,246.0,0.0,1.0,79781,1058,0.0,299.98
1786278300,polymarket-btc-updown-5m-1786278300-2026-08-09.txt.zst,polymarket-btc-5m_2026-08-09.zip,True,UP,0.985,0.515,0.535,0.595,0.585,0.595,0.615,0.605,0.645,0.745,0.010000000000000009,0.010000000000000009,0.010000000000000009,0.010000000000000009,0.010000000000000009,0.010000000000000009,0.010000000000000009,0.010000000000000009,0.010000000000000009,354.64,163.73000000000002,480.29999999999995,161.27,241.68,386.76,186.04000000000002,152.82,2146.3724459999994,2660.8508020000004,963.8303010000002,597.0246830000004,2609.388853000001,1744.9285539999994,9493.58334799999,5696.666249000002,1382,217,100,213,852,0.655,0.495,0.99,0.155,0.04999999999999993,0.030000000000000027,0.030000000000000027,0.010397475318422195,0.022231400128822156,-0.1070219395810346,0.23500300909440516,0.1985294635642076,0.5212861657635066,0.5106470094407706,0.5498651778931182,0.548307538375095,0.6200000000000001,0.62,0.61,0.61,0.4068987654954653,0.42300873311612136,0.39999999999999997,0.4,246.0,267.0,267.0,276.0,277.0,277.0,20.0,2.0,12.0,1.0,UP,246.0,0.0,1.0,83198,1382,0.002,300.0
1786278600,polymarket-btc-updown-5m-1786278600-2026-08-09.txt.zst,polymarket-btc-5m_2026-08-09.zip,True,UP,0.975,0.46499999999999997,0.345,0.305,0.355,0.20500000000000002,0.135,0.245,0.395,0.11499999999999999,0.009999999999999953,0.009999999999999953,0.010000000000000009,0.010000000000000009,0.009999999999999981,0.010000000000000009,0.010000000000000009,0.010000000000000009,0.009999999999999995,453.18,522.59,489.97,155.09,272.44,78.1,60.6,234.25,4636.135801,5108.658444,1053.232515,1999.9155239999993,2454.849392,3482.9635389999976,11179.826704000006,8172.623638,1659,277,207,315,860,0.545,0.135,0.99,0.055,0.010000000000000009,-0.21999999999999997,0.26,0.013264176391700319,0.04963737610878339,-0.048489750642241425,-0.31006783716588715,-0.1731469412976018,0.47989949446859126,0.400016450525046,0.44192157148388533,0.4660803401926361,0.17667955288359413,0.21697035735285958,0.27873139627023485,0.3192322337054791,0.87,0.87,0.76,0.76,286.0,286.0,287.0,123.0,123.0,124.0,13.0,102.0,13.0,72.0,DOWN,123.0,0.87,0.010000000000000009,79118,1659,0.0,300.0
1786278900,polymarket-btc-updown-5m-1786278900-2026-08-09.txt.zst,polymarket-btc-5m_2026-08-09.zip,True,DOWN,0.99,0.475,0.475,0.375,0.405,0.445,0.525,0.495,0.20500000000000002,0.035,0.010000000000000009,0.010000000000000009,0.010000000000000009,0.009999999999999953,0.010000000000000009,0.010000000000000009,0.010000000000000009,0.009999999999999981,0.010000000000000002,311.24,128.63,316.72,130.62,61.9,347.20000000000005,105.0,236.03,2308.3695429999993,3141.3519980000005,942.476347,561.5530839999999,1356.395583,1950.6502389999996,4872.205065,5915.138401000004,889,267,81,124,417,0.54,0.345,0.595,0.01,-0.06999999999999995,0.12,-0.32,0.012985056591246387,0.03266800276701413,-0.1528486269863896,0.25326849006321084,-0.1796935053172661,0.524174692914032,0.4941685876115229,0.48304541101212534,0.43019490763137674,0.53,0.53,0.507375647576882,0.5188914333017188,0.49109967698399803,0.4988844319640959,0.51,0.51,,,,240.0,240.0,243.0,0.0,39.0,0.0,39.0,DOWN,240.0,0.0,1.0,71291,889,0.0,300.0
1786279200,polymarket-btc-updown-5m-1786279200-2026-08-09.txt.zst,polymarket-btc-5m_2026-08-09.zip,True,UP,0.945,0.495,0.505,0.505,0.565,0.485,0.605,0.665,0.735,0.815,0.010000000000000009,0.010000000000000009,0.010000000000000009,0.009999999999999898,0.010000000000000009,0.010000000000000009,0.010000000000000009,0.010000000000000009,0.009999999999999898,296.78999999999996,244.82,659.37,453.55,1526.74,598.6700000000001,141.34,80.66,2193.834769999998,2886.371279000004,1404.5168869999998,2012.790975,1057.1317860000001,1038.4771140000003,9972.279534000008,6710.478425999999,1202,188,117,153,744,0.615,0.455,0.99,0.29500000000000004,0.05999999999999994,0.040000000000000036,0.13,0.008628254673541141,0.00985365064292093,-0.13632055517439617,-0.17799803604583758,0.00890179078739353,0.5174490100549073,0.4973050538602221,0.5527395898961817,0.552883454783657,0.61,0.61,0.6731148446900486,0.6773930655490782,0.4040546661213222,0.4182689347293825,0.33999999999999997,0.33999999999999997,242.0,247.0,254.0,,,,52.0,0.0,44.0,0.0,UP,242.0,0.0,1.0,73581,1202,0.0,300.0
1786279500,polymarket-btc-updown-5m-1786279500-2026-08-09.txt.zst,polymarket-btc-5m_2026-08-09.zip,True,DOWN,0.99,0.505,0.585,0.525,0.555,0.535,0.665,0.5800000000000001,0.635,0.585,0.010000000000000009,0.010000000000000009,0.010000000000000009,0.010000000000000009,0.010000000000000009,0.010000000000000009,0.039999999999999925,0.010000000000000009,0.010000000000000009,343.84,641.7,85.57,91.38,1000.3900000000001,123.0,818.66,254.35000000000002,2114.357897000001,3026.6581579999997,1044.083064,1012.7824279999999,1363.9104180000006,1015.9521000000001,25691.877959999987,18940.391877999995,1930,199,123,163,1445,0.755,0.435,0.72,0.01,-0.029999999999999916,0.10999999999999999,-0.030000000000000027,0.01577541744354828,0.01703590885662235,-0.17745524449641092,0.015217638742903298,0.146209419816578,0.5107687252842676,0.6068352259981349,0.5548675366742057,0.5740899562707455,0.67,0.6740707470815092,0.6,0.6,0.33999999999999997,0.33999999999999997,0.4607433945799864,0.4762598351713814,170.0,,,275.0,275.0,280.0,7.0,19.0,0.0,16.0,UP,170.0,0.76,0.01,83486,1930,0.0,299.979
1786279800,polymarket-btc-updown-5m-1786279800-2026-08-09.txt.zst,polymarket-btc-5m_2026-08-09.zip,True,UP,0.99,0.755,0.755,0.525,0.225,0.255,0.345,0.165,0.585,0.965,0.010000000000000009,0.010000000000000009,0.010000000000000009,0.010000000000000009,0.010000000000000009,0.009999999999999953,0.010000000000000009,0.010000000000000009,0.010000000000000009,418.32,283.9,425.49,498.30999999999995,673.23,50.0,122.18,300.18,4818.0461810000015,6952.066360000004,1699.7433549999996,1961.5754420000005,4565.200961000001,5390.580193,6212.354927000003,7875.357547,1705,572,201,477,455,0.775,0.175,0.99,0.165,-0.53,0.11999999999999997,0.24,0.029009802264941077,0.04815766165434959,-0.18130839204522112,-0.0715130534971552,-0.08290451740880024,0.4168670070315387,0.46677699757526436,0.4127037755352904,0.5225646446131043,0.370954501425097,0.3979078524021753,0.18214305230967626,0.2161726516867678,0.6599999999999999,0.6659111046511973,0.84,0.84,12.0,251.0,254.0,112.0,125.0,,70.0,80.0,24.0,26.0,UP,12.0,0.78,0.17,80305,1705,0.0,300.0
1786280100,polymarket-btc-updown-5m-1786280100-2026-08-09.txt.zst,polymarket-btc-5m_2026-08-09.zip,True,UP,0.99,0.765,0.665,0.715,0.765,0.765,0.955,0.965,0.985,0.99,0.010000000000000009,0.010000000000000009,0.010000000000000009,0.010000000000000009,0.010000000000000009,0.010000000000000009,0.010000000000000009,0.010000000000000009,,322.99,546.63,376.93999999999994,1820.6,170.53,9200.57,8049.879999999999,2497.0,4679.5636190000005,2990.6763939999987,2872.646967999999,2075.0345589999997,3049.052878999999,3163.3583270000004,2331.210500000001,2861.46,994,415,260,221,98,0.955,0.505,0.99,0.915,0.09999999999999998,0.18999999999999995,0.030000000000000027,0.020951457835534353,0.015040419359158806,0.22018701137612004,0.161209326964023,-0.018399530264449376,0.6043550989153142,0.6919786500863243,0.6887080145926576,0.8872240727149552,0.96,0.96,0.9699999999999999,0.9700000000000001,0.056925956603388686,0.07450054926860264,0.061006278949027715,0.08323042935246415,30.0,72.0,127.0,,,,191.0,0.0,125.0,0.0,UP,30.0,0.96,0.67,76899,994,0.002,299.986
1786280400,polymarket-btc-updown-5m-1786280400-2026-08-09.txt.zst,polymarket-btc-5m_2026-08-09.zip,True,UP,0.999,0.715,0.825,0.855,0.945,0.965,0.965,0.985,0.99,0.999,0.010000000000000009,0.010000000000000009,0.010000000000000009,0.010000000000000009,0.010000000000000009,0.010000000000000009,0.010000000000000009,,,214.06,922.8899999999999,1599.37,6290.27,10312.12,3664.97,2248.72,0.0,10150.099741,8237.768199000002,2135.117967000002,2656.5924880000007,3726.4124429999993,1333.586664,0,1005.39,1237,942,190,101,4,0.975,0.585,0.999,0.975,0.12,0.020000000000000018,0.025000000000000022,0.01766855600066002,0.002922709436721798,0.10399963433716056,-0.10882847073029134,0.4728905536148743,0.7002034476202326,0.8554280410358932,0.9004009262228426,1.0,0.9768689626348174,0.9787453430045506,0.99,0.99,0.04124070074710932,0.05441154742552359,0.02160152470382719,0.030500881454397385,28.0,44.0,90.0,,,,179.0,0.0,166.0,0.0,UP,28.0,0.98,0.69,62964,1237,0.0,299.991
1786280700,polymarket-btc-updown-5m-1786280700-2026-08-09.txt.zst,polymarket-btc-5m_2026-08-09.zip,True,UP,0.999,0.765,0.845,0.895,0.965,0.855,0.945,0.945,0.955,0.99,0.010000000000000009,0.010000000000000009,0.010000000000000009,0.010000000000000009,0.010000000000000009,0.010000000000000009,0.010000000000000009,0.010000000000000009,,400.84,1228.45,299.32,474.11,4763.69,4591.219999999999,4562.25,3901.54,7599.271013999997,7525.205611000002,5538.795394000002,4130.033388000001,2940.933377,3522.4068720000014,3296.0991619999995,5764.227332000001,1383,712,323,211,137,0.975,0.475,0.999,0.875,0.12,-0.020000000000000018,0.010000000000000009,0.022888071030958624,0.02426009481723501,0.004897055603072484,0.14570141200789757,-0.08996485912836885,0.8225508448753566,0.8277078055394297,0.8175223354901209,0.8329911002269996,0.95,0.95,0.95,0.95,0.06000000000000005,0.06000000000000005,0.08818011856438643,0.10513837401947386,13.0,39.0,60.0,,,,247.0,0.0,229.0,0.0,UP,13.0,0.98,0.7,76076,1383,0.008,299.986
1786281000,polymarket-btc-updown-5m-1786281000-2026-08-09.txt.zst,polymarket-btc-5m_2026-08-09.zip,True,UP,0.99,0.535,0.525,0.575,0.575,0.545,0.595,0.705,0.845,0.975,0.010000000000000009,0.010000000000000009,0.010000000000000009,0.010000000000000009,0.010000000000000009,0.010000000000000009,0.010000000000000009,0.010000000000000009,0.010000000000000009,703.72,426.85,223.42,295.98,326.7,402.27,72.5,208.47,3187.873568000001,2722.358216999998,1040.0533310000003,758.022715,1885.7820410000004,912.1243400000001,5211.843322999999,4874.949750999999,982,340,149,200,293,0.685,0.475,0.99,0.615,0.04999999999999993,0.020000000000000018,0.25,0.01877479686172076,0.01875068246396019,0.07876431380939534,0.15685132818904163,0.34799509648067817,0.5230371022129195,0.5278853825621346,0.6020408195248179,0.6133536451451598,0.6064883078410516,0.6085906541066586,0.7208137962072361,0.7392988525593429,0.41000000000000003,0.41561055869504887,0.30000000000000004,0.30906793166213953,201.0,206.0,240.0,,,,61.0,0.0,45.0,0.0,UP,201.0,0.0,1.0,81654,982,0.0,299.995
1786281300,polymarket-btc-updown-5m-1786281300-2026-08-09.txt.zst,polymarket-btc-5m_2026-08-09.zip,True,UP,0.999,0.815,0.845,0.915,0.875,0.955,0.965,0.975,0.985,0.9975,0.009999999999999898,0.010000000000000009,0.010000000000000009,0.010000000000000009,0.010000000000000009,0.010000000000000009,0.010000000000000009,0.010000000000000009,0.0030000000000000027,979.88,991.9300000000001,631.09,1568.75,185.27,3277.95,7802.97,4248.780000000001,9068.819910999988,8674.657768000003,3554.4691909999992,4030.0416330000007,2506.178253,2079.9965129999996,2128.2675100000006,541.24,1284,842,221,183,38,0.985,0.675,0.999,0.955,0.030000000000000027,0.08999999999999997,0.020000000000000018,0.015895315801385337,0.00987891367910847,0.022214480730938634,-0.06270311336297744,0.09292749660556665,0.6706370240450837,0.871972581873572,0.7462942990942578,0.8538374053884467,0.9699999999999999,0.9702770437961629,0.98,0.98,0.049362706719677935,0.060204329103562285,0.049125887709877546,0.06496452903819969,5.0,9.0,34.0,,,,266.0,0.0,249.0,0.0,UP,5.0,0.99,0.75,70071,1284,0.0,300.0
1786281600,polymarket-btc-updown-5m-1786281600-2026-08-09.txt.zst,polymarket-btc-5m_2026-08-09.zip,True,DOWN,0.99,0.705,0.745,0.685,0.395,0.185,0.10500000000000001,0.095,0.055,0.025,0.010000000000000009,0.010000000000000009,0.009999999999999898,0.010000000000000009,0.010000000000000009,0.009999999999999995,0.010000000000000009,0.009999999999999995,0.009999999999999998,246.63,907.3799999999999,652.9999999999999,11123.86,897.01,182.59,114.27,238.25,7523.236439999997,8495.133361,3947.997271000001,9915.064170000003,2889.9073429999994,2653.253504999998,3923.4411070000006,5697.230263,2064,845,699,291,229,0.835,0.10500000000000001,0.165,0.01,-0.35,-0.29000000000000004,-0.05000000000000001,0.03578403553093965,0.024309946689519635,-0.06067389709902499,-0.43042923270558414,0.04269294081289153,0.4557982248758811,0.37002525144717524,0.3354788077307887,0.3759133941953024,0.13272263263275486,0.15565171626515437,0.1358311610910976,0.15231363734344663,0.9,0.9,0.9167996088838333,0.9288986609037478,31.0,31.0,36.0,131.0,132.0,142.0,51.0,140.0,31.0,134.0,UP,31.0,0.85,0.01,88602,2064,0.0,299.979
1786281900,polymarket-btc-updown-5m-1786281900-2026-08-09.txt.zst,polymarket-btc-5m_2026-08-09.zip,True,UP,0.99,0.645,0.665,0.765,0.825,0.865,0.935,0.975,0.985,0.99,0.010000000000000009,0.010000000000000009,0.010000000000000009,0.010000000000000009,0.010000000000000009,0.009999999999999898,0.010000000000000009,0.010000000000000009,,284.08,624.5699999999999,1167.5,1808.9499999999998,223.38,10925.19,3666.99,1931.54,5611.262493000005,4383.821593000001,1709.474067999999,898.7745490000001,4027.6391619999986,4542.714996,1406.1806,498.59999999999997,997,565,155,227,50,0.935,0.425,0.99,0.915,0.15999999999999992,0.1100000000000001,0.04999999999999993,0.019089938981257208,0.008977808974405406,0.12280445961622932,0.31082141238992145,-0.060099714026310515,0.59341861667875,0.6538528439177538,0.8419601136752497,0.9066093489285801,0.9466032499736863,0.9486385708053827,0.98,0.98,0.07178214308558804,0.08401457654770345,0.03765565664317846,0.04214040393582867,86.0,115.0,133.0,,,,154.0,0.0,143.0,0.0,UP,86.0,0.94,0.71,73021,997,0.0,299.985
1786282200,polymarket-btc-updown-5m-1786282200-2026-08-09.txt.zst,polymarket-btc-5m_2026-08-09.zip,True,UP,0.999,0.745,0.625,0.705,0.745,0.985,0.965,0.965,0.9884999999999999,0.9984999999999999,0.010000000000000009,0.010000000000000009,0.010000000000000009,0.010000000000000009,0.010000000000000009,0.010000000000000009,0.010000000000000009,0.0030000000000000027,0.0010000000000000009,450.89,1425.1000000000001,2766.45,3052.22,263.03999999999996,986.81,1036.71,4214.4,11307.767681,8454.201878000002,10314.114931000007,10741.234964,3234.1383050000018,2283.656401,623.9284999999999,2357.016,1868,1078,526,219,45,0.99,0.345,0.999,0.965,0.12,0.21999999999999997,0.023499999999999965,0.031836856537253634,0.017910814797526504,0.1443968322327683,-0.02028558229286039,0.17225756930870512,0.5537027187555403,0.9664073486414143,0.9626606186600741,0.8763204270560805,0.9699999999999999,0.9700000000000001,0.9699999999999999,0.9700000000000001,0.0424053611086909,0.051550136753541344,0.040000000000000036,0.045088796512115725,30.0,133.0,133.0,,,,161.0,0.0,137.0,0.0,UP,30.0,0.99,0.52,86558,1868,0.0,300.0
1786282500,polymarket-btc-updown-5m-1786282500-2026-08-09.txt.zst,polymarket-btc-5m_2026-08-09.zip,True,UP,0.99,0.355,0.425,0.235,0.315,0.28500000000000003,0.195,0.10500000000000001,0.08499999999999999,0.035,0.010000000000000009,0.010000000000000009,0.009999999999999981,0.010000000000000009,0.009999999999999953,0.010000000000000009,0.009999999999999995,0.009999999999999995,0.010000000000000002,319.19000000000005,1018.8299999999999,2224.19,2781.98,410.57,136.0,290.53000000000003,220.36,3718.2942579999976,5806.471676000004,1053.776734,1542.78831,2283.780496,2891.286049999999,13971.358387000004,13320.654482,1553,528,132,228,665,0.445,0.195,0.99,0.015,-0.10999999999999999,-0.12,-0.11000000000000001,0.02152387769256204,0.019436862532945638,-0.21923661247631934,-0.18833018534620613,-0.11739086804005693,0.43166967106757964,0.4168413795587204,0.3645323910862135,0.3497824284687508,0.22079222307090238,0.24300509975843876,0.1209205939732816,0.13597726868672824,0.8099999999999999,0.81,0.9,0.9,279.0,279.0,279.0,89.0,180.0,202.0,2.0,115.0,2.0,92.0,DOWN,89.0,0.81,0.010000000000000009,90035,1553,0.0,299.99
1786282800,polymarket-btc-updown-5m-1786282800-2026-08-09.txt.zst,polymarket-btc-5m_2026-08-09.zip,True,UP,0.999,0.855,0.935,0.985,0.965,0.975,0.9664999999999999,0.989,0.985,0.997,0.010000000000000009,0.009999999999999898,0.010000000000000009,0.010000000000000009,0.010000000000000009,0.0050000000000000044,0.0020000000000000018,0.0020000000000000018,0.0020000000000000018,3348.7700000000004,1322.3499999999995,3411.75,3311.06,14967.880000000001,20427.789999999997,17977.58,15571.390000000001,15947.072253999997,15160.208417000013,2103.621266,3573.7035910000022,4750.252488999999,2225.7800190000003,8778.358277000001,2110.9307750000003,1347,1001,140,118,88,0.985,0.475,0.999,0.9655,0.029999999999999916,0.0014999999999999458,0.018500000000000072,0.02289816543726062,0.003818042198919551,0.02529516627705565,-0.25893926488765684,0.3618779681867846,0.6756341146016746,0.5916713940363582,0.6255659183294743,0.6590772700153806,0.9689999999999999,0.9692479928902418,0.99,0.99,0.044317016991613535,0.048575338654089466,0.019829303749199598,0.02785062045048889,9.0,10.0,22.0,,,,267.0,0.0,262.0,0.0,UP,9.0,0.99,0.71,82367,1347,0.0,300.0
1786283100,polymarket-btc-updown-5m-1786283100-2026-08-09.txt.zst,polymarket-btc-5m_2026-08-09.zip,True,DOWN,0.99,0.46499999999999997,0.46499999999999997,0.445,0.345,0.385,0.395,0.415,0.215,0.035,0.009999999999999953,0.009999999999999953,0.010000000000000009,0.009999999999999953,0.010000000000000009,0.010000000000000009,0.010000000000000009,0.010000000000000009,0.010000000000000002,328.75000000000006,592.21,183.51,761.49,716.22,147.23999999999998,152.20999999999998,400.32,2581.6008420000016,4391.607576,4549.327586999998,4430.1139349999985,3078.0440200000003,3703.987927000002,5516.181955000003,9466.812403999995,1510,414,368,296,432,0.475,0.20500000000000002,0.545,0.01,-0.12,0.050000000000000044,-0.18000000000000002,0.010011810252787207,0.04440558366904395,-0.25956584480220224,0.013276288030599805,-0.09229444978903185,0.4364833148731051,0.4653271845008565,0.4797603165001925,0.3977178876907258,0.41226963106184095,0.4252229726944225,0.41999999999999993,0.43202111921683,0.61,0.61,0.5900000000000001,0.5939927332293399,,,,131.0,174.0,249.0,0.0,47.0,0.0,32.0,DOWN,131.0,0.8,0.45999999999999996,99617,1510,0.0,300.0
1786283400,polymarket-btc-updown-5m-1786283400-2026-08-09.txt.zst,polymarket-btc-5m_2026-08-09.zip,True,UP,0.99,0.305,0.155,0.125,0.505,0.495,0.425,0.735,0.505,0.845,0.010000000000000009,0.010000000000000009,0.010000000000000009,0.010000000000000009,0.010000000000000009,0.010000000000000009,0.010000000000000009,0.010000000000000009,0.010000000000000009,578.1999999999999,337.41999999999996,608.53,423.35999999999996,416.54,462.29999999999995,287.11,516.39,6619.913575000003,7063.631713999994,4538.479749,6459.313556000003,3975.5182439999994,2847.9503040000013,11282.641472999992,9721.574947,2042,645,437,356,604,0.645,0.11499999999999999,0.99,0.425,0.35,-0.08000000000000002,0.08000000000000002,0.028610564932736088,0.03427827300200522,-0.032427132707828946,-0.1746562927425378,0.16524849965498778,0.5310517530597614,0.5064452809425449,0.5936093459506605,0.5167226343693742,0.43,0.43,0.74,0.7417073078820118,0.5800000000000001,0.5800000000000001,0.2722741449267185,0.2810269712271384,215.0,269.0,270.0,48.0,55.0,60.0,22.0,68.0,19.0,60.0,DOWN,48.0,0.89,0.010000000000000009,100911,2042,0.001,299.993
1786283700,polymarket-btc-updown-5m-1786283700-2026-08-09.txt.zst,polymarket-btc-5m_2026-08-09.zip,True,DOWN,0.98,0.445,0.495,0.525,0.505,0.515,0.455,0.365,0.20500000000000002,0.315,0.010000000000000009,0.010000000000000009,0.010000000000000009,0.010000000000000009,0.010000000000000009,0.010000000000000009,0.010000000000000009,0.009999999999999981,0.010000000000000009,889.52,502.37,115.44000000000001,74.27999999999999,292.9,209.49,594.51,214.39000000000001,5348.754131,3078.7440590000015,1229.5647300000005,2249.621185,2507.0787820000005,4271.5329710000005,9111.917539999999,11052.042273999994,1561,360,119,282,800,0.565,0.415,0.745,0.01,0.010000000000000009,-0.04999999999999999,-0.25,0.009388797037103401,0.01981586292094099,0.2693575270883562,-0.29318825723057096,-0.26029727815863,0.5091098358938555,0.4692290848037305,0.4125553408129619,0.3868069728687252,0.4600000000000001,0.4622177409210014,0.37,0.37,0.55,0.55,0.6533813089332834,0.6656320982929532,251.0,,,231.0,233.0,236.0,1.0,39.0,0.0,31.0,DOWN,231.0,0.0,1.0,89755,1561,0.001,300.0
1786284000,polymarket-btc-updown-5m-1786284000-2026-08-09.txt.zst,polymarket-btc-5m_2026-08-09.zip,True,DOWN,0.99,0.525,0.535,0.445,0.235,0.11499999999999999,0.055,0.095,0.035,0.015,0.030000000000000027,0.010000000000000009,0.010000000000000009,0.009999999999999981,0.009999999999999995,0.009999999999999995,0.010000000000000009,0.010000000000000002,0.01,647.12,12361.37,919.81,5967.86,229.35999999999999,900.45,719.1,401.15999999999997,7336.475509,9769.628965000004,3741.213818,4639.908443999996,3454.544352000001,6715.760752999991,2926.5918989999996,5249.506022000001,1718,718,402,346,252,0.785,0.055,0.245,0.01,-0.30000000000000004,-0.18,-0.019999999999999997,0.046508033702571776,0.027360957424208476,-0.1422388983826338,-0.10722843527467397,-0.3206606259429415,0.46231367458285183,0.3625089407495539,0.35691365907486655,0.21943025480318287,0.06858562316127621,0.08357273343754527,0.10298788610989296,0.10708437267520533,0.95,0.95,0.9100000000000001,0.91,22.0,,,119.0,129.0,144.0,8.0,150.0,0.0,133.0,UP,22.0,0.79,0.01,92657,1718,0.0,300.0
1786284300,polymarket-btc-updown-5m-1786284300-2026-08-09.txt.zst,polymarket-btc-5m_2026-08-09.zip,True,UP,0.99,0.735,0.805,0.855,0.935,0.945,0.965,0.985,0.955,0.99,0.010000000000000009,0.010000000000000009,0.010000000000000009,0.009999999999999898,0.010000000000000009,0.010000000000000009,0.010000000000000009,0.010000000000000009,,1248.8400000000001,3673.44,2287.62,1531.15,8639.62,5790.6900000000005,3190.5,4375.18,9158.934176,6641.087536999997,4341.996692000002,3784.99893,3922.6827819999976,2039.3942779999995,2531.8459409999996,1755.7599999999998,1336,747,283,199,107,0.975,0.405,0.99,0.935,0.13,0.029999999999999916,-0.010000000000000009,0.030989036418566814,0.008361108344270108,0.15935716322012147,0.06853673705596615,0.3158779205715263,0.7551450843355396,0.8153364717077523,0.8730456470633176,0.8303767110408781,0.9699999999999999,0.9700000000000001,0.99,0.99,0.04927139449507212,0.04970599397392833,0.02507329825226009,0.032309792246944725,53.0,53.0,86.0,,,,204.0,0.0,197.0,0.0,UP,53.0,0.98,0.68,77694,1336,0.0,299.984
1786284600,polymarket-btc-updown-5m-1786284600-2026-08-09.txt.zst,polymarket-btc-5m_2026-08-09.zip,True,UP,0.99,0.415,0.315,0.355,0.355,0.265,0.135,0.165,0.11499999999999999,0.955,0.010000000000000009,0.010000000000000009,0.010000000000000009,0.010000000000000009,0.010000000000000009,0.010000000000000009,0.010000000000000009,0.009999999999999995,0.010000000000000009,440.25,893.4699999999999,341.31,2482.17,835.1199999999999,138.04,238.83999999999997,185.39999999999998,3558.815781000001,5877.625159000006,1697.5720569999996,4221.241808999999,2360.5189840000003,2370.218816000001,9444.307153999998,6285.116239,1484,437,198,237,612,0.455,0.10500000000000001,0.99,0.11499999999999999,0.03999999999999998,-0.21999999999999997,-0.020000000000000018,0.016869909233158724,0.021323867066071155,-0.245729231258242,-0.42638099611426444,-0.0020503846144254065,0.47411630693320567,0.3752827396935271,0.3591589372704814,0.44497240164577534,0.16790239944036872,0.1919312539586181,0.18195309427224401,0.20132448250263552,0.87,0.87,0.84,0.84,242.0,242.0,252.0,151.0,162.0,163.0,33.0,89.0,28.0,72.0,DOWN,151.0,0.9,0.010000000000000009,88568,1484,0.0,299.993
1786284900,polymarket-btc-updown-5m-1786284900-2026-08-09.txt.zst,polymarket-btc-5m_2026-08-09.zip,True,DOWN,0.99,0.185,0.125,0.11499999999999999,0.035,0.05,0.025,0.015,0.01,0.01,0.010000000000000009,0.010000000000000009,0.009999999999999995,0.010000000000000002,0.019999999999999997,0.009999999999999998,0.01,,,11001.869999999999,4787.099999999999,1495.12,0.0,506.96,687.2499999999999,3362.87,4637.01,5418.017099999997,10067.457440999991,2355.3615090000003,2908.2150950000005,2422.876665,4238.712714999998,624.03,0,880,572,187,111,10,0.445,0.025,0.025,0.01,-0.09,-0.010000000000000002,-0.015000000000000001,0.01759920858610247,0.0034686830148177687,-0.30024526072416713,-0.1050338253992285,-0.2725830048083808,0.331002170403447,0.19306528188474878,0.0660733651579579,0.0,0.038584238260386074,0.05694074665054215,0.020241791846006173,0.027117475560742028,0.98,0.98,0.99,0.99,,,,10.0,11.0,21.0,0.0,204.0,0.0,203.0,DOWN,10.0,0.98,0.78,58536,880,0.0,300.0
1786285200,polymarket-btc-updown-5m-1786285200-2026-08-09.txt.zst,polymarket-btc-5m_2026-08-09.zip,True,DOWN,0.99,0.535,0.575,0.535,0.605,0.515,0.28500000000000003,0.155,0.015,0.01,0.010000000000000009,0.010000000000000009,0.010000000000000009,0.010000000000000009,0.010000000000000009,0.009999999999999953,0.010000000000000009,0.01,,312.62,543.4,367.22,2717.92,315.94,214.8,196.39,1901.8000000000002,3447.744431,4469.374075999999,3632.437587000001,4869.289871000002,4350.583526,7016.550580000008,4697.060000000001,2721.6372,1388,433,372,515,68,0.675,0.28500000000000003,0.345,0.01,0.030000000000000027,-0.31999999999999995,-0.27,0.01865881187279087,0.03559718017731161,-0.12904059022189893,-0.14548246695865802,-0.23453291121047024,0.5462914751279586,0.42767990762369607,0.3775165380235803,0.11081863047300315,0.30023689915599094,0.309303783947576,0.17006321124829354,0.19074840844937965,0.72,0.72,0.85,0.85,,,,182.0,190.0,196.0,0.0,61.0,0.0,56.0,DOWN,182.0,0.0,1.0,85777,1388,0.0,299.986
1786285500,polymarket-btc-updown-5m-1786285500-2026-08-09.txt.zst,polymarket-btc-5m_2026-08-09.zip,True,UP,0.99,0.595,0.535,0.815,0.885,0.865,0.925,0.965,0.985,0.99,0.010000000000000009,0.010000000000000009,0.009999999999999898,0.010000000000000009,0.010000000000000009,0.010000000000000009,0.010000000000000009,0.010000000000000009,,944.4599999999999,670.09,516.4,2286.84,1162.8,3515.5399999999995,4941.15,2040.16,7618.371186999999,6282.304291999998,2463.1888329999974,1697.9180999999994,4696.209056000004,1950.3517800000002,1703.5831,4162.3369999999995,1092,623,228,203,38,0.935,0.455,0.99,0.935,0.35,0.040000000000000036,0.05999999999999994,0.019169741563115524,0.009128059168240091,0.09611524972426133,0.18391037416773795,0.41312452315602377,0.5999883774388007,0.6510720129194025,0.7947029057735303,0.909219504706644,0.9299999999999999,0.9346967105384651,0.9699999999999999,0.9700000000000001,0.07999999999999996,0.08879721248066846,0.04748919056938719,0.06821865083852227,75.0,75.0,95.0,,,,170.0,0.0,166.0,0.0,UP,75.0,0.94,0.78,72834,1092,0.0,299.984
1786285800,polymarket-btc-updown-5m-1786285800-2026-08-09.txt.zst,polymarket-btc-5m_2026-08-09.zip,True,UP,0.999,0.745,0.795,0.865,0.945,0.795,0.965,0.985,0.975,0.99,0.010000000000000009,0.010000000000000009,0.010000000000000009,0.010000000000000009,0.010000000000000009,0.010000000000000009,0.010000000000000009,0.010000000000000009,,855.6600000000001,527.5,1950.74,1422.83,11933.249999999998,5067.490000000001,2792.04,744.12,6850.961709000001,9909.922427000001,4924.306446999997,5180.850385,5815.464815,6847.868380000001,3182.7092320000006,337.113332,1296,619,375,236,66,0.975,0.51,0.999,0.935,0.1499999999999999,0.020000000000000018,0.010000000000000009,0.019261169410469948,0.02132127865572721,-0.1825059282779592,-0.02538742765353279,-0.08152699996929998,0.672786964180342,0.8152658008658008,0.8900113020434677,0.9635787861063729,0.9699999999999999,0.9700000000000001,0.99,0.99,0.0651829509756372,0.07957061743833466,0.022764374188115465,0.030168277456770778,29.0,45.0,72.0,,,,231.0,0.0,217.0,0.0,UP,29.0,0.98,0.72,74065,1296,0.0,300.0
1786286100,polymarket-btc-updown-5m-1786286100-2026-08-09.txt.zst,polymarket-btc-5m_2026-08-09.zip,True,DOWN,0.999,0.28500000000000003,0.425,0.255,0.14500000000000002,0.055,0.035,0.035,0.015,0.01,0.009999999999999953,0.010000000000000009,0.010000000000000009,0.009999999999999981,0.009999999999999995,0.010000000000000002,0.010000000000000002,0.01,,313.23,9581.57,9122.25,613.87,303.08000000000004,1096.94,1989.8600000000001,3487.19,13768.010087000006,6785.781344,2001.58096,3772.2463240000025,1544.296664,5636.625530000002,1568.8799999999999,694.8308999999999,1039,573,239,189,38,0.46499999999999997,0.035,0.045,0.001,-0.27999999999999997,-0.11000000000000001,-0.020000000000000004,0.02739367016787101,0.005432117897915875,0.3397051471714919,-0.30667099601450454,-0.5698890414687037,0.42950794862447617,0.30852844774761234,0.29533839795774675,0.02646248019743296,0.04,0.048526882101963285,0.04468637847824635,0.047730201142818805,0.9699999999999999,0.9700000000000001,0.9699999999999999,0.9700000000000001,,,,57.0,101.0,103.0,0.0,161.0,0.0,140.0,DOWN,57.0,0.97,0.54,66030,1039,0.003,300.0
1786286400,polymarket-btc-updown-5m-1786286400-2026-08-09.txt.zst,polymarket-btc-5m_2026-08-09.zip,True,DOWN,0.99,0.20500000000000002,0.135,0.065,0.10500000000000001,0.095,0.155,0.125,0.065,0.015,0.009999999999999981,0.010000000000000009,0.010000000000000009,0.009999999999999995,0.010000000000000009,0.010000000000000009,0.010000000000000009,0.010000000000000009,0.01,417.47999999999996,1174.75,1757.5499999999997,11596.83,364.28999999999996,792.88,728.1700000000001,1808.17,7954.94222,8514.916495000001,3421.474291,4424.684102999994,1607.6657979999995,2550.2320350000005,6499.267361999999,7215.523521999998,1362,652,252,192,266,0.405,0.045,0.165,0.01,-0.03,0.04999999999999999,-0.09,0.016218051981789723,0.017232811867803264,-0.033999944060843834,-0.12785999996726485,-0.22669297680167433,0.3586028149205125,0.41915706378238166,0.3996121587694803,0.3531907169508143,0.16000000000000003,0.16200829737025746,0.13,0.1393988665740072,0.85,0.85,0.8855368479408162,0.8882096816404,,,,28.0,30.0,50.0,0.0,250.0,0.0,248.0,DOWN,28.0,0.96,0.79,70914,1362,0.0,299.98
1786286700,polymarket-btc-updown-5m-1786286700-2026-08-09.txt.zst,polymarket-btc-5m_2026-08-09.zip,True,UP,0.99,0.645,0.605,0.595,0.585,0.625,0.585,0.705,0.835,0.975,0.010000000000000009,0.010000000000000009,0.010000000000000009,0.010000000000000009,0.010000000000000009,0.010000000000000009,0.010000000000000009,0.030000000000000027,0.010000000000000009,1339.24,1317.29,388.83,545.9,407.58000000000004,443.72,255.26,170.94,2696.1950199999997,3765.610869,1101.279236,1425.2224440000005,3719.4110499999997,2133.476508,6285.213982999998,4327.732515000001,1078,339,110,292,337,0.645,0.525,0.99,0.605,-0.020000000000000018,0.0,0.25,0.012508820417421228,0.013925325293072145,-0.16549798421219653,-0.12821808533291787,0.27096617289909664,0.4920816786258727,0.49578193037775414,0.5569239704731535,0.6021107550968327,0.59,0.5959065623820803,0.7174976374417427,0.7189970655007617,0.42000000000000004,0.42000000000000004,0.30000000000000004,0.3045809575046431,203.0,227.0,238.0,,,,58.0,0.0,47.0,0.0,UP,203.0,0.0,1.0,75838,1078,0.0,300.0
1786287000,polymarket-btc-updown-5m-1786287000-2026-08-09.txt.zst,polymarket-btc-5m_2026-08-09.zip,True,UP,0.999,0.805,0.835,0.875,0.875,0.905,0.945,0.965,0.985,0.9955,0.010000000000000009,0.010000000000000009,0.010000000000000009,0.010000000000000009,0.010000000000000009,0.010000000000000009,0.010000000000000009,0.010000000000000009,0.0010000000000000009,1211.83,1260.6599999999999,2427.2200000000003,3377.78,524.0,12311.869999999999,10060.8,7246.66,6113.009228999992,4930.089916,1385.4361089999995,864.413174,3764.856295000001,1338.5399929999992,5357.764988000002,1088.19,978,525,166,166,121,0.945,0.52,0.999,0.945,0.040000000000000036,0.06999999999999995,0.040000000000000036,0.014887474761083722,0.003757440512914346,0.10711841825087526,0.23158126143687982,0.47543168609209957,0.5901498184865622,0.6575338617247769,0.6914428194854008,0.7619930331990464,0.95,0.95,0.9727876692595221,0.9771031433583978,0.06000000000000005,0.06000000000000005,0.04112209884254883,0.046026650862290956,10.0,27.0,61.0,,,,282.0,0.0,267.0,0.0,UP,10.0,0.95,0.74,68322,978,0.001,299.996
1786287300,polymarket-btc-updown-5m-1786287300-2026-08-09.txt.zst,polymarket-btc-5m_2026-08-09.zip,True,UP,0.999,0.795,0.845,0.905,0.965,0.99,0.99,0.9984999999999999,0.999,0.999,0.010000000000000009,0.010000000000000009,0.010000000000000009,0.010000000000000009,,,0.0010000000000000009,,,1970.13,11697.23,14481.960000000001,13914.24,4632.369999999999,0.0,5230.49,0.0,7371.937361000007,6627.5308129999985,3890.9836339999993,3508.6133300000006,3629.622,4619.32,395.10099999999994,3726.758888,826,651,122,37,16,0.99,0.54,0.999,0.99,0.12,0.025000000000000022,0.009000000000000008,0.01759005440598756,0.0021923589645331896,0.05317391623365591,0.05167447711818358,-0.11997878030903841,0.8461737957801457,1.0,0.8632094950392589,1.0,,,0.9990000000000001,0.999,0.010000000000000009,0.010000000000000009,0.005392977964823554,0.007453423397274045,6.0,27.0,58.0,,,,169.0,0.0,153.0,0.0,UP,6.0,0.99,0.71,61813,826,0.0,300.0
1786287600,polymarket-btc-updown-5m-1786287600-2026-08-09.txt.zst,polymarket-btc-5m_2026-08-09.zip,True,DOWN,0.999,0.275,0.275,0.135,0.065,0.035,0.015,0.025,0.01,0.01,0.010000000000000009,0.010000000000000009,0.010000000000000009,0.010000000000000009,0.010000000000000002,0.01,0.009999999999999998,,,12584.2,2634.47,2312.82,0.0,844.47,3087.7100000000005,2048.8100000000004,5445.75,8931.660047999998,10261.241078000003,2755.982548,5772.520842000011,1573.9999939999996,5025.753509000003,9032.325094999998,2494.6731050000008,1462,854,263,167,178,0.555,0.015,0.08499999999999999,0.001,-0.21000000000000002,-0.05,-0.004999999999999999,0.028407178443394302,0.003905211459294255,-0.0692746250955706,-0.3537007791469034,-0.5230124903045188,0.3132287511745268,0.08667833138775083,0.08092651804140483,0.0,0.02383055404995217,0.030442724397589115,0.030474140871478546,0.036120993468546705,0.99,0.99,0.98,0.98,,,,78.0,78.0,78.0,0.0,164.0,0.0,164.0,DOWN,78.0,0.99,0.87,74506,1462,0.0,299.992
1786287900,polymarket-btc-updown-5m-1786287900-2026-08-09.txt.zst,polymarket-btc-5m_2026-08-09.zip,True,UP,0.99,0.745,0.635,0.665,0.555,0.61,0.575,0.495,0.535,0.315,0.010000000000000009,0.010000000000000009,0.010000000000000009,0.010000000000000009,0.020000000000000018,0.010000000000000009,0.010000000000000009,0.010000000000000009,0.010000000000000009,338.28000000000003,467.22,360.89,358.31000000000006,392.72999999999996,813.51,212.94,356.54999999999995,8796.949330000009,8147.495757000001,3367.941198000002,6364.323420999997,1879.9496109999998,2516.0438030000005,16635.64154800001,24484.376609000006,2607,822,401,247,1137,0.785,0.445,0.99,0.10500000000000001,-0.07999999999999996,0.019999999999999907,-0.039999999999999925,0.021802526001727926,0.03273534860053977,0.03832840613342227,-0.307881293851202,-0.14469862260808214,0.5173388705767844,0.5214562732610442,0.48797997919673386,0.5044893825144405,0.58,0.58,0.5,0.5058814351120706,0.43,0.43283393371078965,0.51,0.51,30.0,281.0,281.0,250.0,255.0,255.0,21.0,21.0,14.0,14.0,UP,30.0,0.79,0.11,107833,2607,0.0,299.988
1786288200,polymarket-btc-updown-5m-1786288200-2026-08-09.txt.zst,polymarket-btc-5m_2026-08-09.zip,True,DOWN,0.69,0.645,0.675,0.655,0.625,0.665,0.685,0.355,0.29000000000000004,0.07500000000000001,0.010000000000000009,0.010000000000000009,0.010000000000000009,0.010000000000000009,0.010000000000000009,0.009999999999999898,0.010000000000000009,0.019999999999999962,0.009999999999999995,632.5600000000001,943.9,401.64000000000004,178.7,644.9399999999999,437.09,74.02,514.9499999999999,7095.319825000004,7706.454315000003,2541.311628999998,2231.6794520000003,4594.011472,6468.771984000003,16469.822070999984,21597.992522999997,2517,714,232,506,1065,0.735,0.515,0.925,0.01,-0.050000000000000044,0.06000000000000005,-0.395,0.017311964985311783,0.024569502380588405,-0.04128792158424316,0.06487172754890756,-0.16946553455163302,0.53150778281856,0.5386449815614549,0.4251123628510279,0.39958800968419467,0.6956660453896617,0.6982602610754864,0.3910233112544042,0.4058707912144028,0.31999999999999995,0.32297394909861366,0.65,0.65,286.0,288.0,288.0,241.0,241.0,252.0,9.0,37.0,7.0,30.0,DOWN,241.0,0.0,1.0,104673,2517,0.0,300.0
1786288500,polymarket-btc-updown-5m-1786288500-2026-08-09.txt.zst,polymarket-btc-5m_2026-08-09.zip,True,DOWN,0.99,0.395,0.235,0.195,0.185,0.155,0.125,0.055,0.045,0.035,0.010000000000000009,0.009999999999999981,0.010000000000000009,0.010000000000000009,0.010000000000000009,0.010000000000000009,0.009999999999999995,0.010000000000000002,0.010000000000000002,1537.31,904.19,10978.83,10713.710000000001,985.07,1392.65,457.9,302.65,5961.703116000001,6340.198964000003,558.5670709999998,1438.3922430000002,3083.845079999999,3207.2225970000013,2552.2316639999995,6323.957442000008,1234,612,147,252,223,0.445,0.10500000000000001,0.11499999999999999,0.01,-0.04999999999999999,-0.06,-0.08,0.018111852905936338,0.011909010303998305,-0.030767262293149564,-0.4405824224018218,-0.01961153866633283,0.4447143133594499,0.39200739543322105,0.3500203722088639,0.319332953406052,0.13,0.1327809794437503,0.07558778350604858,0.09096417048805275,0.88,0.8857152567417806,0.95,0.95,,,,26.0,84.0,135.0,0.0,222.0,0.0,192.0,DOWN,26.0,0.9,0.61,79009,1234,0.0,299.999
1786288800,polymarket-btc-updown-5m-1786288800-2026-08-09.txt.zst,polymarket-btc-5m_2026-08-09.zip,True,UP,0.99,0.655,0.565,0.365,0.355,0.385,0.385,0.295,0.665,0.945,0.010000000000000009,0.009999999999999898,0.010000000000000009,0.010000000000000009,0.010000000000000009,0.010000000000000009,0.010000000000000009,0.010000000000000009,0.010000000000000009,752.4,224.88,305.49,221.17000000000002,321.24,899.71,394.12,221.57,7415.874937999997,12661.936096999985,1666.1821549999995,1012.2549650000005,4923.058878999999,3522.6775830000006,9971.563583000001,7719.523727000002,1856,674,180,373,629,0.735,0.335,0.99,0.28500000000000003,-0.20999999999999996,0.030000000000000027,0.28,0.01829477738459314,0.037171434833524586,-0.26128650926413066,0.24414505948901982,0.16580925799671234,0.47665140229401454,0.4454635156990642,0.4154763537384753,0.5219830744224275,0.39,0.39,0.3,0.3134327115687865,0.6221830845814406,0.6325798800920557,0.71,0.71,256.0,257.0,264.0,,,,29.0,0.0,25.0,0.0,UP,256.0,0.0,1.0,88387,1856,0.0,300.0
1786289100,polymarket-btc-updown-5m-1786289100-2026-08-09.txt.zst,polymarket-btc-5m_2026-08-09.zip,True,DOWN,0.999,0.365,0.445,0.355,0.415,0.305,0.275,0.07500000000000001,0.035,0.015,0.010000000000000009,0.010000000000000009,0.010000000000000009,0.010000000000000009,0.010000000000000009,0.010000000000000009,0.009999999999999995,0.010000000000000002,0.01,322.97999999999996,146.35,2259.4900000000002,10430.02,255.04000000000002,1145.48,351.0,1626.9300000000003,12308.254557000015,7526.474325999995,2109.0553649999993,2036.9549600000005,3219.6311309999996,4923.553117999999,2874.6200000000003,6704.292065000005,1661,837,210,381,233,0.475,0.245,0.275,0.001,-0.030000000000000027,-0.13999999999999996,-0.24000000000000002,0.019869320973963517,0.01810973608169326,0.2410811995065079,0.017390310044632797,-0.20924517177776553,0.4858323884674121,0.4215808247253709,0.35113522763536487,0.3188239667127631,0.28,0.28627172767088976,0.10172885832861334,0.11592559768913732,0.7325374899348401,0.7414922227680816,0.93,0.9299999999999999,,,,14.0,196.0,196.0,0.0,96.0,0.0,82.0,DOWN,14.0,0.76,0.53,81469,1661,0.0,300.0
1786289400,polymarket-btc-updown-5m-1786289400-2026-08-09.txt.zst,polymarket-btc-5m_2026-08-09.zip,True,DOWN,0.99,0.485,0.46499999999999997,0.475,0.395,0.395,0.395,0.405,0.345,0.11499999999999999,0.010000000000000009,0.009999999999999953,0.010000000000000009,0.010000000000000009,0.010000000000000009,0.010000000000000009,0.009999999999999953,0.009999999999999953,0.009999999999999995,116.1,348.38,100.89,69.61,923.15,82.86,332.85,366.14,2537.422061,3653.0270060000007,1299.0836199999994,1645.3253809999992,1627.8602880000008,1858.6616689999996,5117.828816999999,7586.931178000006,1092,255,139,183,515,0.515,0.345,0.455,0.01,-0.06999999999999995,0.0,-0.050000000000000044,0.012459949845005638,0.017120350320610066,-0.1802138961044133,-0.11759295698471475,-0.06619817223196074,0.4802224056275111,0.5167377347821276,0.4747904712655812,0.45091375270653017,0.41545240309391746,0.4370104584908963,0.4116655164545289,0.42525463368556315,0.61,0.61,0.6143906849816314,0.6206131213300476,,,,244.0,244.0,269.0,0.0,31.0,0.0,27.0,DOWN,244.0,0.0,1.0,81304,1092,0.0,300.0
1786289700,polymarket-btc-updown-5m-1786289700-2026-08-09.txt.zst,polymarket-btc-5m_2026-08-09.zip,True,UP,0.99,0.495,0.425,0.495,0.735,0.835,0.425,0.335,0.865,0.985,0.010000000000000009,0.010000000000000009,0.010000000000000009,0.010000000000000009,0.010000000000000009,0.010000000000000009,0.010000000000000009,0.010000000000000009,0.010000000000000009,1027.12,251.62,105.05,221.72,249.10000000000002,68.62,381.53,841.48,4920.916520000002,4979.981554000004,5194.854998000002,7750.193030000003,7416.833113000004,3197.592093,7652.968095999999,3932.2844450000016,1669,406,472,432,359,0.885,0.325,0.99,0.305,0.31,-0.31,0.44,0.01815891374668055,0.04558276060506092,-0.005965623881646475,-0.19739888384136017,0.39750065953783337,0.5493913363832823,0.4390347849725016,0.45096450417863726,0.6274800295232819,0.44304015069824637,0.4722993684613,0.34,0.34233675705576516,0.5824674075791848,0.5869646289730616,0.6699999999999998,0.6758100507065897,116.0,126.0,126.0,,,,68.0,0.0,60.0,0.0,UP,116.0,0.89,0.31,87266,1669,0.0,299.997
1786290000,polymarket-btc-updown-5m-1786290000-2026-08-09.txt.zst,polymarket-btc-5m_2026-08-09.zip,True,DOWN,0.99,0.535,0.585,0.595,0.735,0.225,0.195,0.08499999999999999,0.035,0.015,0.010000000000000009,0.010000000000000009,0.010000000000000009,0.010000000000000009,0.010000000000000009,0.010000000000000009,0.009999999999999995,0.010000000000000002,0.01,532.15,155.54999999999998,2934.25,8548.05,380.0,518.75,432.1,202.29999999999998,5788.485130000004,3869.59903,3198.847448000001,3969.4741679999993,1817.9045079999999,4664.804294000006,2131.3100000000004,3461.570759,1169,322,337,323,187,0.735,0.14500000000000002,0.215,0.01,0.15000000000000002,-0.54,-0.16,0.01782245931465153,0.041253072378061,0.19868185741715497,-0.10750448449186858,-0.4391528098750476,0.5487526194345898,0.49340719904821134,0.378037238433482,0.3313588112707853,0.20316442554887965,0.21831583693354778,0.09231909771116492,0.10382852300127943,0.8138536750926033,0.8217103401338026,0.9296356564094073,0.9298542304950101,,,,126.0,130.0,130.0,0.0,149.0,0.0,125.0,DOWN,126.0,0.86,0.75,77655,1169,0.0,299.982
1786290300,polymarket-btc-updown-5m-1786290300-2026-08-09.txt.zst,polymarket-btc-5m_2026-08-09.zip,True,UP,0.99,0.455,0.545,0.275,0.475,0.375,0.485,0.325,0.655,0.925,0.010000000000000009,0.010000000000000009,0.010000000000000009,0.010000000000000009,0.010000000000000009,0.010000000000000009,0.010000000000000009,0.010000000000000009,0.04999999999999993,405.27,251.7,712.39,333.04999999999995,225.67,222.69,182.52,266.96000000000004,3756.8271460000074,5998.256474,1851.1317670000005,2096.376063,5326.838222999996,3396.8648399999997,9940.664482999991,5413.178814000003,1459,416,182,306,555,0.59,0.275,0.99,0.315,-0.07000000000000006,0.010000000000000009,0.17000000000000004,0.028026816640146487,0.03704986688743407,-0.2297703859149483,-0.06212636087412133,0.22123327319399813,0.4712301635287693,0.48338960897505723,0.42954407181087517,0.4977399477431342,0.49,0.4927856528376889,0.33206771669490415,0.3426047875070062,0.52,0.5219412672954725,0.6812938458099564,0.6864922196442228,215.0,242.0,262.0,,,,51.0,0.0,32.0,0.0,UP,215.0,0.0,1.0,95950,1459,0.002,300.0
1786290600,polymarket-btc-updown-5m-1786290600-2026-08-09.txt.zst,polymarket-btc-5m_2026-08-09.zip,True,DOWN,0.99,0.295,0.295,0.295,0.245,0.21000000000000002,0.225,0.225,0.10500000000000001,0.055,0.010000000000000009,0.010000000000000009,0.010000000000000009,0.010000000000000009,0.01999999999999999,0.010000000000000009,0.010000000000000009,0.009999999999999995,0.009999999999999995,349.26000000000005,580.1099999999999,404.55,2267.34,708.61,163.24,194.04000000000002,110.75,7682.259299,5372.477783999999,659.0546679999998,1351.4537860000003,1112.8538400000002,1983.5195419999998,6231.333931,6159.925052000001,1205,473,149,167,416,0.335,0.175,0.265,0.01,-0.04999999999999999,-0.01999999999999999,-0.12,0.012342849686168516,0.011515766394762358,0.17693052723427272,-0.34439005547200774,-0.28118886018766315,0.39892687507269375,0.3757026962025564,0.3856653943823474,0.37265972084257737,0.23857391789625085,0.25635070292289763,0.23991818409442536,0.25100708895704105,0.78,0.7799999999999999,0.7880007661610221,0.7922532448800755,,,,8.0,127.0,228.0,0.0,179.0,0.0,102.0,DOWN,8.0,0.83,0.6699999999999999,72186,1205,0.0,299.981
1786290900,polymarket-btc-updown-5m-1786290900-2026-08-09.txt.zst,polymarket-btc-5m_2026-08-09.zip,True,UP,0.635,0.325,0.295,0.315,0.215,0.245,0.335,0.545,0.405,0.495,0.010000000000000009,0.010000000000000009,0.010000000000000009,0.010000000000000009,0.010000000000000009,0.010000000000000009,0.010000000000000009,0.009999999999999953,0.010000000000000009,508.42999999999995,429.6,304.62,431.69,356.74,262.29999999999995,230.0,302.29,9313.621968000001,7987.380531999993,3158.2019110000006,1571.1293050000004,6803.9680750000025,7286.469923000001,23389.44513900001,25774.740882000006,2544,619,222,597,1106,0.415,0.175,0.99,0.175,-0.07999999999999999,0.12000000000000002,0.07,0.017308324044588864,0.03487622323530064,0.0766569125690843,0.33558076893212885,-0.0342432114650009,0.49900609334124146,0.5111672161428882,0.5873611718277472,0.5533945842516845,0.34,0.3462060605453902,0.5613216957237401,0.567772088738729,0.6699999999999998,0.6799511450230327,0.46162197650590314,0.4666136974047637,274.0,275.0,275.0,6.0,13.0,,5.0,73.0,3.0,14.0,DOWN,6.0,0.83,0.010000000000000009,102850,2544,0.004,299.983
1786291200,polymarket-btc-updown-5m-1786291200-2026-08-09.txt.zst,polymarket-btc-5m_2026-08-09.zip,True,DOWN,0.99,0.595,0.735,0.795,0.815,0.885,0.265,0.195,0.025,0.015,0.010000000000000009,0.010000000000000009,0.010000000000000009,0.009999999999999898,0.010000000000000009,0.010000000000000009,0.010000000000000009,0.009999999999999998,0.01,93.46000000000001,197.44,1828.52,10268.86,1140.8999999999999,994.4800000000001,100.0,2153.88,6064.546954000003,3662.815280000001,5137.3049790000005,7821.39124,3334.6578040000013,8037.716760999995,13059.583743,6436.717056000007,1653,479,466,359,349,0.885,0.215,0.20500000000000002,0.01,0.07999999999999996,-0.5499999999999999,-0.24000000000000002,0.02104313131048086,0.04123843944213756,0.24690472259840807,-0.20712625835495707,-0.4135511831868682,0.6186851261484749,0.47241061902714715,0.42921591722687014,0.2843060059182082,0.27,0.27254603266827715,0.22616146333508494,0.2511269657290222,0.7460024719485986,0.7512771882828885,0.8099999999999999,0.81,63.0,65.0,143.0,160.0,181.0,183.0,88.0,105.0,70.0,98.0,UP,63.0,0.89,0.01,84761,1653,0.0,299.982
1786291500,polymarket-btc-updown-5m-1786291500-2026-08-09.txt.zst,polymarket-btc-5m_2026-08-09.zip,True,UP,0.99,0.665,0.835,0.875,0.955,0.955,0.975,0.985,0.99,0.99,0.010000000000000009,0.010000000000000009,0.010000000000000009,0.010000000000000009,0.010000000000000009,0.010000000000000009,0.010000000000000009,,,1091.82,2986.95,2822.4700000000003,2529.6099999999997,16259.74,3438.94,2221.18,0.0,8631.923261999997,7547.265450999999,4267.958223999999,2700.016714,5181.67402,4589.31,0,321.21,880,590,184,99,7,0.985,0.46499999999999997,0.99,0.975,0.12,0.020000000000000018,0.015000000000000013,0.019053036694524923,0.004080447261079192,0.06704030901923244,0.2250211178931194,0.06062480695777456,0.6239701798496597,0.8750050431383696,0.9120654898675665,1.0,0.98,0.98,0.99,0.99,0.03565742401116275,0.038142192692693644,0.020000000000000018,0.027540495320078746,43.0,52.0,61.0,,,,177.0,0.0,168.0,0.0,UP,43.0,0.99,0.75,64235,880,0.0,300.0
1786291800,polymarket-btc-updown-5m-1786291800-2026-08-09.txt.zst,polymarket-btc-5m_2026-08-09.zip,True,DOWN,0.999,0.545,0.565,0.535,0.565,0.195,0.025,0.015,0.01,0.01,0.010000000000000009,0.009999999999999898,0.010000000000000009,0.009999999999999898,0.010000000000000009,0.009999999999999998,0.01,,,250.63,4709.04,2109.0,0.0,1338.5700000000002,1734.11,3634.6,4345.61,4368.862347000003,2980.9838750000026,3564.901553999999,5845.727786000003,1946.1333289999998,5276.093781000002,803.9219999999999,150.0,917,301,438,163,15,0.575,0.025,0.025,0.001,0.0,-0.5399999999999999,-0.015000000000000001,0.012937037789954526,0.02625316632988096,0.18883095374781017,-0.24236702452038167,-0.46107113516124276,0.48797304827356514,0.17354354933161065,0.08250621730705812,0.0,0.03817467565271093,0.0452951204413012,0.024105355873758998,0.029933147034392576,0.98,0.98,0.99,0.99,,,,130.0,137.0,146.0,0.0,107.0,0.0,93.0,DOWN,130.0,0.98,0.77,69960,917,0.001,299.985
1786292100,polymarket-btc-updown-5m-1786292100-2026-08-09.txt.zst,polymarket-btc-5m_2026-08-09.zip,True,DOWN,0.999,0.535,0.495,0.795,0.765,0.845,0.865,0.795,0.59,0.045,0.010000000000000009,0.010000000000000009,0.010000000000000009,0.010000000000000009,0.010000000000000009,0.010000000000000009,0.010000000000000009,0.020000000000000018,0.010000000000000002,361.41,634.97,499.34,53.2,883.45,525.97,535.28,883.4300000000001,6330.648288000005,3286.2573909999996,1945.155025,1644.9266209999998,1237.0032860000001,2411.008149,6688.451470000002,7838.492093999997,1273,433,193,195,452,0.865,0.46499999999999997,0.895,0.001,0.27,0.09999999999999998,-0.275,0.019071542661667374,0.021294039546567865,0.3165665754264287,0.08362717999310933,-0.32182049972110344,0.5701322873414897,0.608078493994112,0.6076796017839095,0.4907532379421515,0.87,0.87,0.8,0.8,0.149906863939736,0.16033652606459378,0.20999999999999996,0.20999999999999996,82.0,82.0,123.0,247.0,248.0,250.0,152.0,29.0,105.0,27.0,UP,82.0,0.87,0.001,77060,1273,0.0,299.99
1786292400,polymarket-btc-updown-5m-1786292400-2026-08-09.txt.zst,polymarket-btc-5m_2026-08-09.zip,True,DOWN,0.99,0.405,0.535,0.335,0.365,0.305,0.295,0.185,0.035,0.01,0.009999999999999953,0.010000000000000009,0.010000000000000009,0.010000000000000009,0.010000000000000009,0.010000000000000009,0.010000000000000009,0.010000000000000002,,320.3,99.44000000000001,206.38,9776.11,516.89,797.22,213.67000000000002,3958.62,4126.572472999997,4712.103157000001,2714.380074,1092.2504460000005,3185.8486780000003,3908.544236000004,2619.643331999999,5532.763261000004,1100,436,200,337,127,0.605,0.235,0.275,0.01,-0.17000000000000004,-0.07,-0.26,0.019432422587496587,0.01633465535829897,-0.06624642746393038,0.4261326702125005,-0.10186855545790865,0.48136735045715373,0.42932409571589114,0.4067785585775754,0.2975322690749791,0.3,0.3,0.19952647249844746,0.21730208104025178,0.7228669290359995,0.7338185156006474,0.8200000000000001,0.8200000000000001,,,,166.0,183.0,211.0,0.0,83.0,0.0,55.0,DOWN,166.0,0.77,0.71,81367,1100,0.0,300.0
1786292700,polymarket-btc-updown-5m-1786292700-2026-08-09.txt.zst,polymarket-btc-5m_2026-08-09.zip,True,DOWN,0.99,0.155,0.215,0.135,0.165,0.08499999999999999,0.08499999999999999,0.05,0.015,0.015,0.010000000000000009,0.010000000000000009,0.010000000000000009,0.010000000000000009,0.009999999999999995,0.009999999999999995,0.019999999999999997,0.01,0.01,287.57,2098.4399999999996,10692.82,5798.29,1068.25,353.49,218.15,2209.2,11558.584082000012,9488.644062000003,1932.6089149999998,2847.5032150000006,2657.0211399999994,5306.176590000015,4206.944,1885.414814,1204,679,164,256,105,0.44999999999999996,0.055,0.07500000000000001,0.01,-0.04999999999999999,-0.08000000000000002,-0.06999999999999999,0.02642543417672776,0.013240056748062837,0.09834739310269186,-0.19139599137395147,-0.33267482986385805,0.41854182104629484,0.37430562096961023,0.3586290767787033,0.21681321454946575,0.09366578568777074,0.11165673525433677,0.08057995100393395,0.10801858523224477,0.9260375596530299,0.9343680614901554,0.96,0.96,,,,6.0,8.0,11.0,0.0,245.0,0.0,240.0,DOWN,6.0,0.95,0.7,68197,1204,0.0,299.984
1786293000,polymarket-btc-updown-5m-1786293000-2026-08-09.txt.zst,polymarket-btc-5m_2026-08-09.zip,True,UP,0.999,0.805,0.915,0.915,0.895,0.955,0.985,0.985,0.99,0.999,0.010000000000000009,0.010000000000000009,0.010000000000000009,0.010000000000000009,0.010000000000000009,0.010000000000000009,0.010000000000000009,,,712.41,911.26,3635.08,2328.5299999999997,2208.81,4251.34,2923.61,0.0,10735.771214999999,11679.991175000006,3940.1600169999983,2643.727353,4320.972046000003,367.75000000000006,369.9462,2259.8535549999997,912,638,143,96,35,0.985,0.585,0.999,0.985,-0.020000000000000018,0.08999999999999997,0.0050000000000000044,0.01867438065899908,0.007989586941857224,-0.042123035726915,0.19690990916814521,0.8431342287335069,0.6570753551479984,0.847225995449129,0.89495769183647,1.0,0.99,0.99,0.99,0.99,0.028100801890197598,0.04419073683328562,0.020000000000000018,0.024837118090374408,14.0,24.0,40.0,,,,250.0,0.0,240.0,0.0,UP,14.0,0.99,0.75,70310,912,0.0,299.999
1786293300,polymarket-btc-updown-5m-1786293300-2026-08-09.txt.zst,polymarket-btc-5m_2026-08-09.zip,True,UP,0.99,0.515,0.525,0.805,0.815,0.975,0.975,0.99,0.99,0.99,0.010000000000000009,0.010000000000000009,0.010000000000000009,0.009999999999999898,0.010000000000000009,0.010000000000000009,,,,1210.21,1600.6399999999999,2496.37,4045.9100000000003,723.55,2892.11,0.0,0.0,5624.057414000005,4510.566199,5960.821376000006,5442.738263000001,2516.5190389999993,960.19,213.92359999999996,9240.260908,760,391,278,50,41,0.985,0.475,0.99,0.985,0.2899999999999999,0.16000000000000003,0.015000000000000013,0.01826432134445925,0.011588355672023237,0.10987001170637405,0.04543170110043258,0.44764431580033626,0.5716286361895344,0.883010701363003,1.0,1.0,0.9850695135321833,0.9880223008267988,,,0.03684150536675262,0.04114340036336417,0.01560363416380353,0.024475014899807693,84.0,87.0,123.0,,,,107.0,0.0,87.0,0.0,UP,84.0,0.99,0.76,72090,760,0.0,299.989
1786293600,polymarket-btc-updown-5m-1786293600-2026-08-09.txt.zst,polymarket-btc-5m_2026-08-09.zip,True,UP,0.99,0.445,0.345,0.345,0.505,0.835,0.925,0.955,0.965,0.985,0.010000000000000009,0.009999999999999953,0.009999999999999953,0.010000000000000009,0.010000000000000009,0.010000000000000009,0.010000000000000009,0.010000000000000009,0.010000000000000009,499.46,244.05,254.76,1669.35,543.46,5663.220000000001,12090.51,9964.65,5135.316625000002,6077.691069000001,4483.747303999996,5992.565122999999,2607.328522,2183.664172,5064.544955,2382.953329,1240,426,400,198,216,0.935,0.315,0.99,0.895,0.16000000000000003,0.42000000000000004,0.039999999999999925,0.024453372711648387,0.02457638537562674,-0.08404296774934496,-0.14402184256279094,0.08842934587034043,0.5298181671183845,0.612550630406402,0.6218245865581671,0.6986026954001798,0.9353023179659906,0.9381156431989437,0.96,0.96,0.08955483064510816,0.11748256267409962,0.07152039929574668,0.10550836562323497,123.0,125.0,125.0,,,,153.0,0.0,150.0,0.0,UP,123.0,0.94,0.78,81068,1240,0.0,300.0
1786293900,polymarket-btc-updown-5m-1786293900-2026-08-09.txt.zst,polymarket-btc-5m_2026-08-09.zip,True,DOWN,0.99,0.485,0.46499999999999997,0.525,0.575,0.595,0.665,0.235,0.045,0.01,0.010000000000000009,0.009999999999999953,0.010000000000000009,0.010000000000000009,0.010000000000000009,0.010000000000000009,0.009999999999999981,0.010000000000000002,,435.84999999999997,264.38,678.79,8091.11,412.09000000000003,250.17999999999998,429.61,177.29,4384.482002000002,4036.7252820000017,2708.6436459999995,2114.848308,3765.236901,6313.964590999999,2983.6340999999998,4166.773170999999,1085,313,205,392,175,0.685,0.425,0.675,0.01,0.10999999999999999,0.09000000000000008,-0.62,0.013835771443203722,0.0361891799306582,0.041295352111890817,0.1231048675239481,-0.2528700008649454,0.48807492422648696,0.5269305065111978,0.4174258112801198,0.29559827239388603,0.67,0.6745027781652632,0.24,0.24424064385960262,0.33999999999999997,0.3505969326330771,0.77,0.77,,,,202.0,203.0,217.0,0.0,60.0,0.0,52.0,DOWN,202.0,0.0,1.0,84774,1085,0.002,300.0
1786294200,polymarket-btc-updown-5m-1786294200-2026-08-09.txt.zst,polymarket-btc-5m_2026-08-09.zip,True,UP,0.99,0.715,0.705,0.755,0.785,0.835,0.875,0.855,0.875,0.98,0.010000000000000009,0.010000000000000009,0.010000000000000009,0.010000000000000009,0.010000000000000009,0.010000000000000009,0.010000000000000009,0.010000000000000009,0.020000000000000018,1288.18,309.96,284.62,337.76,417.2,1025.49,334.1,1089.33,3958.5356780000025,6500.210481,1366.059391,1380.6128289999997,2901.554286999999,2505.757872,5615.859470000004,3182.738165,997,391,113,240,253,0.875,0.475,0.99,0.725,0.08000000000000007,0.08999999999999997,0.0,0.018482143702891765,0.019786191574222196,-0.24301907364037376,-0.005298571083228741,0.07319651674653743,0.5621803562661702,0.6028579680464207,0.627017679082975,0.6220690907285314,0.88,0.88,0.86,0.8635314002231159,0.13317278471859084,0.15061977928467724,0.15225798656333994,0.1721835855210207,36.0,114.0,136.0,,,,221.0,0.0,143.0,0.0,UP,36.0,0.88,0.68,78984,997,0.001,300.0
1786294500,polymarket-btc-updown-5m-1786294500-2026-08-09.txt.zst,polymarket-btc-5m_2026-08-09.zip,True,DOWN,0.99,0.585,0.355,0.375,0.315,0.175,0.11499999999999999,0.10500000000000001,0.035,0.015,0.010000000000000009,0.010000000000000009,0.010000000000000009,0.010000000000000009,0.009999999999999981,0.009999999999999995,0.009999999999999995,0.010000000000000002,0.01,281.89000000000004,1032.94,682.0,10743.32,1083.12,178.88,427.82,270.37,4103.194986000002,6604.667362000001,2884.490424000001,2946.326114999999,3516.9061030000003,4456.760187000003,4019.3638320000005,5529.3247850000025,1111,432,222,228,229,0.595,0.07500000000000001,0.20500000000000002,0.01,-0.03999999999999998,-0.2,-0.07999999999999999,0.01600420112912583,0.01942852534827013,-0.23361080808693996,-0.010604979694765518,-0.11786975398991797,0.46295574583650523,0.41178956572012015,0.40768606741215574,0.371709793360007,0.13627196964496227,0.15345466539096997,0.11536671051949221,0.12882443881977754,0.89,0.89,0.9,0.9052614318350202,,,,140.0,149.0,164.0,0.0,136.0,0.0,127.0,DOWN,140.0,0.9299999999999999,0.75,74933,1111,0.0,299.98
1786294800,polymarket-btc-updown-5m-1786294800-2026-08-09.txt.zst,polymarket-btc-5m_2026-08-09.zip,True,DOWN,0.999,0.415,0.415,0.435,0.435,0.095,0.155,0.055,0.035,0.065,0.010000000000000009,0.010000000000000009,0.010000000000000009,0.010000000000000009,0.010000000000000009,0.010000000000000009,0.009999999999999995,0.010000000000000002,0.010000000000000009,557.92,628.9200000000001,9953.080000000002,8216.64,628.38,379.3,480.64,601.5600000000001,2195.6891990000004,3630.3406210000003,4350.457182,4667.067590999999,2391.4565850000004,4175.686987,2793.481776000001,5525.284715000001,1120,254,362,226,278,0.495,0.065,0.215,0.001,0.020000000000000018,-0.28,-0.12,0.013154703283897923,0.030795314163815323,-0.24624855456026482,-0.03511056714232539,-0.2716904819330177,0.4985012859601291,0.35248829398494613,0.3546105051938817,0.2817109245679695,0.1613180013911093,0.17775646527143243,0.06212132418634071,0.08325971978125073,0.85,0.85,0.95,0.9515218210562322,,,,131.0,131.0,131.0,0.0,148.0,0.0,147.0,DOWN,131.0,0.94,0.79,81808,1120,0.002,299.981
1786295100,polymarket-btc-updown-5m-1786295100-2026-08-09.txt.zst,polymarket-btc-5m_2026-08-09.zip,True,DOWN,0.99,0.405,0.405,0.435,0.445,0.335,0.325,0.335,0.215,0.035,0.009999999999999953,0.009999999999999953,0.010000000000000009,0.010000000000000009,0.010000000000000009,0.010000000000000009,0.010000000000000009,0.010000000000000009,0.010000000000000002,514.77,670.45,307.77,372.32000000000005,547.4399999999999,360.76,814.62,264.93,4136.449445000002,4792.198905000001,1796.226057,1958.2091499999997,1349.8943010000003,1818.799078,3979.387159,5707.974930999997,911,271,163,149,328,0.495,0.305,0.355,0.01,0.03999999999999998,-0.12,-0.11000000000000001,0.012205924538417196,0.01558341746446565,-0.0734433067912232,-0.04314446356618124,-0.14798048309362774,0.4839234168889115,0.43688955914876043,0.4021585840932191,0.4204035290153519,0.33,0.3345145760088311,0.34,0.35367779905019586,0.6799999999999999,0.6799999999999999,0.6699999999999998,0.6731767321804631,,,,187.0,241.0,250.0,0.0,51.0,0.0,40.0,DOWN,187.0,0.0,1.0,81643,911,0.0,300.0
1786295400,polymarket-btc-updown-5m-1786295400-2026-08-09.txt.zst,polymarket-btc-5m_2026-08-09.zip,True,UP,0.99,0.395,0.435,0.375,0.385,0.325,0.255,0.315,0.925,0.975,0.010000000000000009,0.010000000000000009,0.010000000000000009,0.010000000000000009,0.010000000000000009,0.010000000000000009,0.010000000000000009,0.010000000000000009,0.010000000000000009,1236.9,1573.16,1319.8100000000002,516.1800000000001,453.56,342.2,347.08,4047.08,3018.907713999998,4500.512825000002,1682.6685120000002,2776.218420999999,7478.661179000002,4462.299698999998,7049.638381000006,5934.6972049999995,1165,307,170,335,353,0.495,0.20500000000000002,0.99,0.265,-0.04999999999999999,-0.13,0.67,0.009257822795515437,0.037433509395918864,-0.19703713914064988,-0.24525176920425826,0.2526062609883717,0.4630356698792404,0.406277951544943,0.45317656186674954,0.6363716005079807,0.26983691358487594,0.273543820043471,0.32,0.32468998394832427,0.7499999999999999,0.75,0.6899999999999998,0.6957169020688875,230.0,237.0,238.0,162.0,168.0,,41.0,14.0,39.0,1.0,DOWN,162.0,0.8,0.010000000000000009,82446,1165,0.0,300.0
1786295700,polymarket-btc-updown-5m-1786295700-2026-08-09.txt.zst,polymarket-btc-5m_2026-08-09.zip,True,UP,0.985,0.405,0.395,0.395,0.425,0.405,0.425,0.355,0.545,0.605,0.009999999999999953,0.010000000000000009,0.010000000000000009,0.010000000000000009,0.009999999999999953,0.010000000000000009,0.010000000000000009,0.010000000000000009,0.010000000000000009,611.53,812.5,400.77,153.67000000000002,300.38000000000005,287.25,86.0,15.43,2564.104735,3462.5356649999994,533.7848940000001,988.3677350000007,5377.819189000001,4603.977524000003,13914.659761000006,15127.933688000017,1703,239,108,390,966,0.525,0.385,0.99,0.135,0.02999999999999997,0.0,0.12000000000000005,0.009751822353575062,0.03546283795268983,-0.14907657838685706,-0.29864471692214273,0.07752528800673421,0.48886859272427374,0.4624496397838278,0.4841233469092075,0.5029740526613146,0.43305948372963826,0.4377094520592069,0.36,0.40905043929989315,0.5800000000000001,0.5800000000000001,0.65,0.6533083840785594,212.0,243.0,279.0,271.0,272.0,273.0,53.0,3.0,27.0,2.0,UP,212.0,0.0,1.0,84262,1703,0.0,299.989
1786296000,polymarket-btc-updown-5m-1786296000-2026-08-09.txt.zst,polymarket-btc-5m_2026-08-09.zip,True,UP,0.99,0.315,0.275,0.325,0.615,0.535,0.685,0.615,0.965,0.985,0.010000000000000009,0.010000000000000009,0.010000000000000009,0.010000000000000009,0.010000000000000009,0.009999999999999898,0.010000000000000009,0.010000000000000009,0.010000000000000009,249.12,308.09,172.70999999999998,1755.56,335.76,465.80999999999995,132.14,4524.500000000001,9067.867827000005,4135.309785000002,5974.8219819999995,7127.305297000002,5215.273658999997,5063.768004,5039.315735000002,6751.617370000002,1427,371,386,358,312,0.785,0.245,0.99,0.5549999999999999,0.33999999999999997,0.07000000000000006,0.2799999999999999,0.026842959370887456,0.05239071546914893,0.37358870621545953,-0.08796154169920137,0.014739278229151512,0.5499967085472492,0.5455052869856429,0.5350901649498374,0.8221631594545368,0.6899999999999998,0.69,0.6200000000000001,0.6284616953349779,0.3340254642792016,0.34029737922431197,0.39587386786279616,0.3984799295646718,171.0,234.0,234.0,166.0,,,42.0,1.0,37.0,0.0,DOWN,166.0,0.76,0.010000000000000009,91287,1427,0.005,300.0
1786296300,polymarket-btc-updown-5m-1786296300-2026-08-09.txt.zst,polymarket-btc-5m_2026-08-09.zip,True,UP,0.99,0.505,0.485,0.425,0.475,0.495,0.565,0.605,0.625,0.625,0.010000000000000009,0.010000000000000009,0.010000000000000009,0.010000000000000009,0.010000000000000009,0.009999999999999898,0.010000000000000009,0.010000000000000009,0.010000000000000009,350.46999999999997,1027.24,418.76,360.46000000000004,681.71,167.73000000000002,571.97,102.41,3191.670606,2226.6943950000004,1557.925977,1409.2111909999996,1441.8906029999991,2044.8302589999998,7278.401585000017,7521.367185000001,1157,219,129,243,566,0.565,0.425,0.99,0.49,-0.010000000000000009,0.08999999999999997,0.06000000000000005,0.008606618357509574,0.013501702456918226,0.17809361510749203,0.050120630621280554,-0.17292455572544793,0.4995631129535,0.5546898534691552,0.5316350159065921,0.5408467612475747,0.5740645639839365,0.5842075941235125,0.61,0.61,0.43999999999999995,0.43999999999999995,0.39999999999999997,0.40731450601673613,245.0,273.0,274.0,,,,28.0,0.0,22.0,0.0,UP,245.0,0.0,1.0,82213,1157,0.0,299.994
1786296600,polymarket-btc-updown-5m-1786296600-2026-08-09.txt.zst,polymarket-btc-5m_2026-08-09.zip,True,DOWN,0.99,0.425,0.475,0.545,0.585,0.685,0.305,0.11499999999999999,0.025,0.015,0.010000000000000009,0.010000000000000009,0.010000000000000009,0.010000000000000009,0.009999999999999898,0.010000000000000009,0.009999999999999995,0.009999999999999998,0.01,289.32,104.43,717.02,9638.63,501.2,421.21999999999997,285.37,978.9100000000001,3585.0674260000005,3871.248083,3374.7217149999997,7405.581330999997,5492.429150000002,5672.443726999995,3040.3853280000008,5136.6028989999995,1272,309,353,424,186,0.735,0.255,0.33,0.01,0.10999999999999999,-0.27999999999999997,-0.27999999999999997,0.011729845937363615,0.03852227873925765,-0.03838097471258702,-0.3739096757113555,-0.016123298400542423,0.4843916691765726,0.4464648774621111,0.3715922896631853,0.3110516816120705,0.3154898330896481,0.32404202649912683,0.12317814354451422,0.13935418790375337,0.7,0.7101877128007728,0.9036251883240132,0.913635451874705,,,,178.0,197.0,197.0,0.0,75.0,0.0,74.0,DOWN,178.0,0.76,0.6799999999999999,80235,1272,0.0,300.0
1786296900,polymarket-btc-updown-5m-1786296900-2026-08-09.txt.zst,polymarket-btc-5m_2026-08-09.zip,True,UP,0.99,0.585,0.495,0.415,0.445,0.505,0.46499999999999997,0.46499999999999997,0.505,0.985,0.010000000000000009,0.010000000000000009,0.010000000000000009,0.010000000000000009,0.010000000000000009,0.009999999999999953,0.009999999999999953,0.010000000000000009,0.010000000000000009,121.06,343.37,455.16999999999996,418.55999999999995,577.12,353.7,161.19,171.07,2863.5991020000006,4025.1300510000005,1555.4115659999998,1343.5273469999995,1482.1557839999998,1114.4713979999997,6770.383420000011,3441.046984,841,296,117,86,342,0.585,0.385,0.99,0.455,-0.04999999999999999,0.019999999999999962,0.040000000000000036,0.014184409716008508,0.013891147009772658,-0.1686132410205386,0.07309026694209625,0.14160076138338762,0.4788608344777347,0.4937909485841194,0.5321609740277939,0.5427760707019876,0.47539187358293655,0.48315141698097386,0.47139884712532676,0.4814819173055856,0.54,0.5449203860799908,0.54,0.54,242.0,242.0,242.0,,,,30.0,0.0,27.0,0.0,UP,242.0,0.0,1.0,81839,841,0.0,300.0
1786297200,polymarket-btc-updown-5m-1786297200-2026-08-09.txt.zst,polymarket-btc-5m_2026-08-09.zip,True,DOWN,0.99,0.445,0.425,0.485,0.395,0.345,0.305,0.275,0.325,0.015,0.010000000000000009,0.010000000000000009,0.010000000000000009,0.010000000000000009,0.009999999999999953,0.010000000000000009,0.010000000000000009,0.010000000000000009,0.01,480.16999999999996,579.99,351.41,702.99,348.28,681.39,459.96000000000004,155.19,2662.7744309999985,3790.1513070000005,1660.3853739999995,1906.6792190000003,1902.0467199999991,1975.1647230000003,4587.960319,5614.782679000007,962,255,167,191,349,0.505,0.28500000000000003,0.375,0.01,-0.02999999999999997,-0.09000000000000002,0.020000000000000018,0.007850025424141243,0.015786935042808734,-0.1747078645832081,-0.06904664566022363,-0.01885839967072469,0.4549698532159736,0.4204764686823959,0.46667692775588865,0.4855183513999363,0.31,0.31,0.28,0.28,0.7063954405430029,0.7097172582747077,0.73,0.7340393083745911,,,,212.0,249.0,250.0,0.0,59.0,0.0,38.0,DOWN,212.0,0.0,1.0,76630,962,0.0,300.0
1786297500,polymarket-btc-updown-5m-1786297500-2026-08-09.txt.zst,polymarket-btc-5m_2026-08-09.zip,True,DOWN,0.99,0.455,0.475,0.475,0.445,0.055,0.025,0.015,0.01,0.01,0.010000000000000009,0.010000000000000009,0.010000000000000009,0.010000000000000009,0.009999999999999995,0.009999999999999998,0.01,,,347.26000000000005,7479.91,6195.52,0.0,517.3000000000001,959.96,3217.3900000000003,3820.75,2652.969736000001,2135.557768,3207.407628,5662.808292000006,1117.49,3773.609775,832.11,0,723,223,361,129,10,0.505,0.015,0.025,0.001,-0.02999999999999997,-0.42,-0.015000000000000001,0.009294060028896317,0.02342222505850703,0.1080524164407098,-0.2768140805302972,-0.5430516442490688,0.4881319402630226,0.2833888562432113,0.21787800067028354,0.0,0.03979048795916273,0.052163569773130566,0.02,0.026272370957063498,0.98,0.98,0.99,0.99,,,,126.0,126.0,127.0,0.0,114.0,0.0,114.0,DOWN,126.0,0.99,0.84,64444,723,0.0,299.985
1786297800,polymarket-btc-updown-5m-1786297800-2026-08-09.txt.zst,polymarket-btc-5m_2026-08-09.zip,True,DOWN,0.999,0.555,0.575,0.595,0.28500000000000003,0.155,0.055,0.025,0.015,0.001,0.010000000000000009,0.010000000000000009,0.010000000000000009,0.009999999999999953,0.010000000000000009,0.009999999999999995,0.009999999999999998,0.01,,643.4300000000001,10256.25,7958.05,5764.08,191.9,600.04,1648.92,4501.11,3677.870028000001,8539.898773999996,4271.881031999999,6134.935382,1371.343329,4232.731180000002,504.72999999999996,2869.6312990000006,1083,374,387,254,68,0.595,0.055,0.055,0.001,-0.2899999999999999,-0.23000000000000004,-0.04,0.017349593752054956,0.022216820111242097,-0.3979473523188703,-0.1790225056236877,-0.5105906151684252,0.41651258920942635,0.3177497447158663,0.269037731307438,0.1825758420417803,0.06386349627425955,0.07829638231750907,0.03521332589436005,0.0450628024625002,0.95,0.9511337491425965,0.98,0.98,,,,148.0,148.0,149.0,0.0,104.0,0.0,94.0,DOWN,148.0,0.95,0.71,76439,1083,0.0,299.991
1786298100,polymarket-btc-updown-5m-1786298100-2026-08-09.txt.zst,polymarket-btc-5m_2026-08-09.zip,True,UP,0.765,0.46499999999999997,0.495,0.445,0.475,0.405,0.685,0.185,0.165,0.495,0.009999999999999953,0.010000000000000009,0.010000000000000009,0.010000000000000009,0.009999999999999953,0.009999999999999898,0.010000000000000009,0.010000000000000009,0.010000000000000009,320.19,603.48,54.879999999999995,118.21000000000001,876.36,326.13,268.17,84.05,2267.279454999999,1736.6452299999996,3547.5624580000003,3470.2399569999993,7935.573688999999,12201.116026000002,25849.075174999998,30548.884049000008,2043,226,277,527,1013,0.705,0.37,0.99,0.055,-0.020000000000000018,0.21000000000000008,-0.52,0.010650745295524634,0.05845775216275382,0.13252852307335533,0.01101805044193468,-0.21182937202546068,0.4918871696064289,0.5441462386787062,0.35336195260290565,0.38833035141612937,0.6899999999999998,0.69,0.19,0.19474140067722492,0.31999999999999995,0.3216884985932934,0.8257290600184054,0.8368032292702358,184.0,186.0,187.0,209.0,209.0,209.0,22.0,54.0,18.0,42.0,UP,184.0,0.0,1.0,97541,2043,0.0,299.994
1786298400,polymarket-btc-updown-5m-1786298400-2026-08-09.txt.zst,polymarket-btc-5m_2026-08-09.zip,True,UP,0.99,0.545,0.525,0.495,0.875,0.915,0.905,0.895,0.945,0.985,0.010000000000000009,0.010000000000000009,0.010000000000000009,0.010000000000000009,0.010000000000000009,0.010000000000000009,0.010000000000000009,0.010000000000000009,0.010000000000000009,491.56,208.86,352.78000000000003,2078.1400000000003,645.35,1672.34,1202.97,9966.49,3016.3450329999996,3229.3542009999996,1588.6147729999968,1094.6606299999996,2336.6556519999995,320.592131,3115.2454469999993,1169.43,905,327,268,155,155,0.915,0.495,0.99,0.865,0.35,0.030000000000000027,0.039999999999999925,0.021325803993434488,0.007533101240522216,-0.03410493525535656,0.18408626354482252,0.7587036233120455,0.6214552197193528,0.6148847729715619,0.6244367919218332,0.6779536749152917,0.9100000000000001,0.91,0.9,0.9,0.13143107039888338,0.14732864813321173,0.1196416196506499,0.13386508180143158,111.0,111.0,113.0,,,,162.0,0.0,162.0,0.0,UP,111.0,0.92,0.83,66529,905,0.0,300.0
1786298700,polymarket-btc-updown-5m-1786298700-2026-08-09.txt.zst,polymarket-btc-5m_2026-08-09.zip,True,UP,0.99,0.545,0.555,0.545,0.605,0.28500000000000003,0.28500000000000003,0.275,0.08499999999999999,0.20500000000000002,0.010000000000000009,0.010000000000000009,0.010000000000000009,0.010000000000000009,0.009999999999999953,0.009999999999999953,0.010000000000000009,0.009999999999999995,0.009999999999999981,500.69,227.35,78.63,1933.26,1243.21,217.04999999999998,836.6999999999999,446.07,3095.765691,1394.6429229999999,1549.3889009999991,5982.236888000004,1996.5039579999998,2720.6726280000003,10310.401301999995,7017.3773980000005,1176,181,229,211,555,0.625,0.245,0.99,0.035,0.04999999999999993,-0.31999999999999995,-0.20000000000000004,0.008008661277778254,0.023484169044243792,0.37883473737697587,-0.588564555806027,-0.15351739685752788,0.5013048822360013,0.4492217639260683,0.43055658554106696,0.3616395435317944,0.29,0.3018918564902337,0.28,0.28225475613639156,0.72,0.72,0.7311983458025342,0.7410049151330831,274.0,274.0,275.0,148.0,220.0,224.0,7.0,59.0,7.0,37.0,DOWN,148.0,0.76,0.010000000000000009,78135,1176,0.0,300.0
1786299000,polymarket-btc-updown-5m-1786299000-2026-08-09.txt.zst,polymarket-btc-5m_2026-08-09.zip,True,DOWN,0.99,0.46499999999999997,0.605,0.395,0.475,0.445,0.425,0.375,0.235,0.07500000000000001,0.009999999999999953,0.010000000000000009,0.010000000000000009,0.010000000000000009,0.010000000000000009,0.010000000000000009,0.010000000000000009,0.009999999999999981,0.009999999999999995,255.49,774.48,325.36,328.09,321.5,245.39,402.22,104.0,3919.1317710000008,4131.252595,309.71039399999995,520.958012,714.4306559999999,2635.5031710000003,5099.471793999999,5247.580023999998,879,299,62,162,356,0.605,0.315,0.435,0.01,-0.13,-0.04999999999999999,-0.19,0.01706204692814292,0.009792753454725548,-0.02634915481748554,-0.2543104040964333,-0.5734658098367267,0.5106482575983536,0.5586120653260214,0.49997165716644315,0.4419369201837603,0.4403896538970042,0.44610743674105013,0.38000000000000006,0.38,0.5800000000000001,0.5800000000000001,0.63,0.63,,,,223.0,227.0,254.0,0.0,64.0,0.0,52.0,DOWN,223.0,0.0,1.0,76643,879,0.001,300.0
1786299300,polymarket-btc-updown-5m-1786299300-2026-08-09.txt.zst,polymarket-btc-5m_2026-08-09.zip,True,DOWN,0.99,0.225,0.155,0.125,0.155,0.095,0.045,0.195,0.155,0.025,0.010000000000000009,0.010000000000000009,0.010000000000000009,0.010000000000000009,0.010000000000000009,0.010000000000000002,0.010000000000000009,0.010000000000000009,0.009999999999999998,576.23,9455.220000000001,444.03999999999996,279.96,225.12,2001.24,331.63,150.61,3841.8185550000026,4973.293625,585.2738019999999,1909.0456490000008,3292.741881000001,2374.4620239999995,3046.654397999999,4844.726644999999,1095,460,141,261,233,0.575,0.045,0.305,0.01,0.0,-0.11,0.11,0.02943147098929711,0.0204918338427113,-0.12835628712327937,-0.5307146390047537,0.16203402460776667,0.38190847550845664,0.3175632399630688,0.38368205977289976,0.3630021142400409,0.05,0.05517081083983243,0.2015716713763922,0.21050895995397317,0.96,0.9600148560085121,0.8158680884711522,0.8207093446175248,,,,13.0,18.0,51.0,0.0,257.0,0.0,240.0,DOWN,13.0,0.96,0.71,76003,1095,0.001,299.984
1786299600,polymarket-btc-updown-5m-1786299600-2026-08-09.txt.zst,polymarket-btc-5m_2026-08-09.zip,True,UP,0.99,0.615,0.545,0.755,0.855,0.835,0.805,0.755,0.875,0.965,0.010000000000000009,0.010000000000000009,0.010000000000000009,0.010000000000000009,0.010000000000000009,0.010000000000000009,0.010000000000000009,0.010000000000000009,0.010000000000000009,85.0,614.0,285.84999999999997,133.03,498.38,102.0,377.61999999999995,478.76,6611.693726,4983.439579,1001.036722,1172.7626960000002,1650.9495250000002,1202.5698590000004,6072.338662999998,2348.285141,1012,412,123,173,304,0.865,0.46499999999999997,0.99,0.735,0.30999999999999994,-0.04999999999999993,0.06999999999999995,0.022963823394068102,0.015065375268326438,0.14042565136339333,-0.07899807708937391,0.15713216055728035,0.600692486092051,0.6508767462114124,0.5739940652540437,0.6217019490348251,0.8216806671497209,0.8387939923783903,0.76,0.7639056869555105,0.19999999999999993,0.19999999999999996,0.25,0.26656398772864937,81.0,81.0,82.0,,,,199.0,0.0,140.0,0.0,UP,81.0,0.87,0.74,80995,1012,0.0,300.0
1786299900,polymarket-btc-updown-5m-1786299900-2026-08-09.txt.zst,polymarket-btc-5m_2026-08-09.zip,True,UP,0.99,0.455,0.46499999999999997,0.875,0.895,0.935,0.935,0.97,0.975,0.99,0.010000000000000009,0.009999999999999953,0.010000000000000009,0.010000000000000009,0.009999999999999898,0.009999999999999898,0.020000000000000018,0.010000000000000009,,356.58,317.07,1095.71,2066.79,1473.3,10958.94,8562.45,8293.89,4529.247325999999,3858.198370999999,1471.4520190000005,857.7612939999999,2010.2731509999999,706.719042,2775.0283919999997,1453.739162,717,404,113,104,96,0.945,0.425,0.99,0.935,0.43000000000000005,0.040000000000000036,0.039999999999999925,0.032186758068466347,0.00450632181871818,0.08000635464501654,0.26347553552730385,0.479778378590284,0.6509762586039116,0.653929011953867,0.7214812178847672,0.7090221520086474,0.94,0.9400000000000001,0.98,0.98,0.08612325770800905,0.1065468783104725,0.040000000000000036,0.047570885660697865,79.0,79.0,80.0,,,,187.0,0.0,187.0,0.0,UP,79.0,0.95,0.8,65591,717,0.002,299.981
1786300200,polymarket-btc-updown-5m-1786300200-2026-08-09.txt.zst,polymarket-btc-5m_2026-08-09.zip,True,UP,0.99,0.655,0.835,0.855,0.855,0.885,0.885,0.925,0.955,0.985,0.010000000000000009,0.010000000000000009,0.010000000000000009,0.010000000000000009,0.010000000000000009,0.010000000000000009,0.010000000000000009,0.010000000000000009,0.010000000000000009,675.46,629.97,212.19,467.46999999999997,342.95000000000005,519.27,3324.7999999999997,9694.66,3580.310579999998,2948.5835610000004,1516.0960540000005,856.9751679999999,1769.276558999999,1335.684006,3655.455832,756.5400000000001,881,389,127,187,178,0.915,0.505,0.99,0.865,0.020000000000000018,0.030000000000000027,0.06999999999999995,0.014632520092509805,0.009047344178814589,0.09675865550229906,0.2777501492114932,0.13964510785984788,0.5837251494109201,0.6365897886236543,0.6358561630959569,0.6867072275735747,0.89,0.8930522351596996,0.9299999999999999,0.93,0.12000000000000001,0.1270992908766198,0.09558333346487669,0.12193010647906169,38.0,59.0,63.0,,,,226.0,0.0,217.0,0.0,UP,38.0,0.92,0.71,65345,881,0.001,300.0
1786300500,polymarket-btc-updown-5m-1786300500-2026-08-09.txt.zst,polymarket-btc-5m_2026-08-09.zip,True,DOWN,0.99,0.535,0.495,0.195,0.195,0.07500000000000001,0.095,0.095,0.065,0.15000000000000002,0.010000000000000009,0.010000000000000009,0.010000000000000009,0.010000000000000009,0.009999999999999995,0.010000000000000009,0.010000000000000009,0.010000000000000009,0.01999999999999999,621.44,1540.03,1273.11,10761.17,274.01,288.66,385.58,1644.81,3371.911011,4445.94503,1740.0857830000002,2504.5138529999986,194.09142599999998,1037.9748619999998,5662.341493,7736.515330000013,1137,428,208,101,400,0.595,0.065,0.255,0.01,-0.3,-0.1,-0.03,0.021331057301555423,0.007788509133287271,-0.1373821688922552,-0.18009426931967973,-0.6849334684498729,0.4349634169136335,0.3597395272049092,0.35073663170839664,0.33041599948416506,0.1206752814246476,0.13851822022296537,0.1032612563296602,0.12364179494832701,0.9100000000000001,0.91,0.9100000000000001,0.91,,,,83.0,85.0,130.0,0.0,197.0,0.0,185.0,DOWN,83.0,0.94,0.71,71685,1137,0.0,300.0
1786300800,polymarket-btc-updown-5m-1786300800-2026-08-09.txt.zst,polymarket-btc-5m_2026-08-09.zip,True,DOWN,0.99,0.585,0.585,0.455,0.455,0.455,0.415,0.375,0.235,0.10500000000000001,0.010000000000000009,0.010000000000000009,0.010000000000000009,0.010000000000000009,0.010000000000000009,0.010000000000000009,0.010000000000000009,0.009999999999999981,0.009999999999999995,297.06,485.84000000000003,324.08000000000004,231.50999999999996,592.61,593.41,287.28,254.27,2518.813609,2564.433328000002,370.89087499999994,512.5409749999999,515.409492,1697.0020680000002,5059.682421,5290.25027500001,1027,299,84,162,482,0.59,0.365,0.425,0.01,-0.12999999999999995,-0.040000000000000036,-0.18,0.018631347263156676,0.01632920476807685,-0.008974523481821175,-0.1603407212452211,-0.5340744901911469,0.46231984477789395,0.34937501913982233,0.3352413867306241,0.31024188039495737,0.41999999999999993,0.42,0.3827725045324175,0.3940938489794523,0.5900000000000001,0.5900000000000001,0.63,0.63,,,,238.0,238.0,270.0,0.0,39.0,0.0,25.0,DOWN,238.0,0.0,1.0,76567,1027,0.0,300.0
1786301100,polymarket-btc-updown-5m-1786301100-2026-08-09.txt.zst,polymarket-btc-5m_2026-08-09.zip,True,DOWN,0.999,0.625,0.555,0.485,0.415,0.415,0.415,0.065,0.025,0.01,0.010000000000000009,0.010000000000000009,0.010000000000000009,0.010000000000000009,0.010000000000000009,0.010000000000000009,0.010000000000000009,0.009999999999999998,,204.96,181.25,9724.039999999999,8475.95,727.0,116.63999999999999,470.04,455.53999999999996,2188.8863100000003,2671.966872,993.5054550000002,1006.7605899999999,2233.4220369999994,3787.1818340000054,4140.939164,3666.6097129999994,947,305,151,348,143,0.645,0.385,0.415,0.001,-0.14000000000000007,0.0,-0.38999999999999996,0.01204304836848222,0.021850135674606648,-0.09938184592549983,-0.006626686001661171,-0.25807374646987546,0.4682913221513619,0.4616721751704193,0.3442587722077681,0.31271433288629735,0.4209978600624614,0.4365058180706648,0.08409959148247419,0.09996267779789879,0.5900000000000001,0.5900000000000001,0.9429281975319321,0.9502376216846738,,,,205.0,205.0,205.0,0.0,63.0,0.0,63.0,DOWN,205.0,0.0,1.0,66668,947,0.0,299.984
1786301400,polymarket-btc-updown-5m-1786301400-2026-08-09.txt.zst,polymarket-btc-5m_2026-08-09.zip,True,DOWN,0.9875,0.505,0.445,0.475,0.475,0.485,0.375,0.495,0.695,0.645,0.010000000000000009,0.010000000000000009,0.010000000000000009,0.010000000000000009,0.010000000000000009,0.010000000000000009,0.010000000000000009,0.010000000000000009,0.010000000000000009,455.14,284.21,101.0,449.98,244.15000000000003,301.30999999999995,517.3299999999999,87.99,1612.8601850000002,1902.5343699999994,499.72034400000007,1075.8909790000002,1942.3148730000003,1111.7784159999994,7254.325061000004,9718.770036999995,1458,232,115,228,883,0.505,0.375,0.935,0.01,0.02999999999999997,-0.09999999999999998,0.31999999999999995,0.006479876196209866,0.014655153923901904,-0.08240161394913442,-0.3656806895135521,0.2719420719698916,0.3479123970837112,0.33838974057460913,0.3465187851701099,0.3528283130886545,0.38000000000000006,0.38,0.5,0.5,0.63,0.63,0.5120568175268493,0.5293792702075161,242.0,242.0,244.0,274.0,275.0,277.0,29.0,23.0,29.0,21.0,UP,242.0,0.0,1.0,88590,1458,0.0,300.0
1786301700,polymarket-btc-updown-5m-1786301700-2026-08-09.txt.zst,polymarket-btc-5m_2026-08-09.zip,True,DOWN,0.999,0.335,0.20500000000000002,0.10500000000000001,0.065,0.035,0.045,0.025,0.015,0.0045000000000000005,0.010000000000000009,0.009999999999999981,0.009999999999999995,0.010000000000000009,0.010000000000000002,0.010000000000000002,0.009999999999999998,0.01,0.007,11542.99,9006.17,7142.320000000001,8362.59,804.74,550.2800000000001,709.66,664.0,3956.6686350000036,5790.442929999999,1209.288325,2399.197051,3269.6781639999995,4787.687553000001,469.265,1490.5115000000005,827,506,134,119,68,0.535,0.035,0.045,0.001,-0.14,-0.020000000000000004,-0.03,0.018385414310908347,0.004779506589179082,-0.1881351498617011,-0.32975295782382025,-0.18840020948747524,0.241746414639755,0.21040776891373836,0.1669298346482383,0.18215542934961237,0.06458902252725737,0.08074714468029628,0.03732744264679643,0.05502391898443276,0.96,0.96,0.98,0.982773816309606,,,,41.0,51.0,61.0,0.0,243.0,0.0,229.0,DOWN,41.0,0.97,0.75,67949,827,0.0,300.0
1786302000,polymarket-btc-updown-5m-1786302000-2026-08-09.txt.zst,polymarket-btc-5m_2026-08-09.zip,True,UP,0.99,0.555,0.575,0.635,0.635,0.415,0.545,0.605,0.615,0.855,0.010000000000000009,0.010000000000000009,0.010000000000000009,0.010000000000000009,0.010000000000000009,0.010000000000000009,0.010000000000000009,0.010000000000000009,0.010000000000000009,291.98,146.67000000000002,200.66,202.07999999999998,578.56,495.76,397.72,432.17,3122.917469000002,2652.148633000001,1960.428317,2726.609247999999,2986.3884890000018,1315.6546870000002,7207.8890510000065,6520.847301000002,1201,301,209,188,503,0.705,0.325,0.99,0.475,0.06000000000000005,-0.08999999999999997,0.06999999999999995,0.016334005016772676,0.0269095532553445,0.08151748009204007,-0.16346805852835083,0.3883582134462522,0.38126155024390784,0.3824751416203919,0.35696194031709727,0.3514322725937003,0.55,0.55,0.61,0.6149127435605762,0.4639826232734069,0.47464667789243936,0.41038526943341436,0.4200328487830893,242.0,245.0,245.0,,,,44.0,0.0,42.0,0.0,UP,242.0,0.0,1.0,95457,1201,0.0,299.985
1786302300,polymarket-btc-updown-5m-1786302300-2026-08-09.txt.zst,polymarket-btc-5m_2026-08-09.zip,True,UP,0.99,0.475,0.385,0.405,0.425,0.405,0.325,0.505,0.595,0.645,0.010000000000000009,0.010000000000000009,0.009999999999999953,0.010000000000000009,0.009999999999999953,0.010000000000000009,0.010000000000000009,0.010000000000000009,0.010000000000000009,308.21,449.41999999999996,228.14,69.6,236.41,200.98,263.32,390.71000000000004,4861.396519000002,4091.9503260000006,926.4277270000002,1420.9172419999995,3805.078534999999,2036.854615999999,10217.051648999979,6284.944259000004,1517,303,130,293,791,0.525,0.325,0.99,0.305,0.03999999999999998,-0.09999999999999998,0.26999999999999996,0.011307315868802051,0.017436988518089194,0.08593950467022268,-0.21065907292299624,0.30267787619194564,0.4850705728193165,0.32153227624446307,0.34659046888281997,0.34204126447218614,0.33,0.3358704873848284,0.51,0.51,0.6799999999999999,0.6799999999999999,0.5,0.5045475590689885,276.0,276.0,277.0,,,,18.0,0.0,18.0,0.0,UP,276.0,0.0,1.0,81819,1517,0.0,299.987
1786302600,polymarket-btc-updown-5m-1786302600-2026-08-09.txt.zst,polymarket-btc-5m_2026-08-09.zip,True,DOWN,0.99,0.395,0.685,0.695,0.535,0.59,0.175,0.065,0.445,0.08499999999999999,0.010000000000000009,0.009999999999999898,0.010000000000000009,0.010000000000000009,0.020000000000000018,0.009999999999999981,0.010000000000000009,0.010000000000000009,0.009999999999999995,230.46999999999997,269.92,9647.16,82.53,148.22,127.08,750.36,446.28000000000003,10260.474750999996,8985.785564000007,6140.112311,6304.939074000004,7635.356772,7226.0501660000045,12377.204944000008,14415.172293999984,2607,709,519,457,922,0.795,0.155,0.575,0.01,-0.15000000000000002,-0.36000000000000004,0.27,0.040277051733692525,0.053202523197460015,0.06623048665753167,-0.013244361786940466,0.027541578513230497,0.49815003447520856,0.32252140757868036,0.32240886594637475,0.39188181903896124,0.19168028792903305,0.21818295709344693,0.07,0.07138941677747625,0.83,0.8346604735432724,0.94,0.9400000000000001,53.0,53.0,,123.0,123.0,174.0,4.0,127.0,1.0,104.0,UP,53.0,0.8,0.01,110730,2607,0.002,299.983
1786302900,polymarket-btc-updown-5m-1786302900-2026-08-09.txt.zst,polymarket-btc-5m_2026-08-09.zip,True,UP,0.99,0.46499999999999997,0.455,0.455,0.665,0.785,0.825,0.915,0.935,0.99,0.009999999999999953,0.010000000000000009,0.010000000000000009,0.010000000000000009,0.010000000000000009,0.010000000000000009,0.010000000000000009,0.009999999999999898,,622.21,439.42,503.11,484.04,424.32,286.1,2690.37,10590.6,4350.060986000002,4229.163408000002,1703.6322969999999,2045.2878989999997,2550.7674819999997,1424.107515,4935.291230000001,3704.9533320000005,1124,408,231,255,230,0.845,0.375,0.99,0.825,0.21000000000000002,0.15999999999999992,0.1100000000000001,0.03053763692409029,0.012802666721213855,0.014091900671644795,-0.09113440247795551,0.2834453832762882,0.4368018556195979,0.6291011772657411,0.6360155467588906,0.6478039040670857,0.83,0.8398206493793124,0.9200000000000002,0.9200000000000002,0.18070365060682106,0.19052760214420955,0.09251924626398754,0.10824880522271162,111.0,136.0,163.0,,,,140.0,0.0,115.0,0.0,UP,111.0,0.85,0.66,69810,1124,0.008,299.983
1786303200,polymarket-btc-updown-5m-1786303200-2026-08-09.txt.zst,polymarket-btc-5m_2026-08-09.zip,True,DOWN,0.99,0.445,0.435,0.445,0.525,0.345,0.345,0.185,0.14500000000000002,0.14500000000000002,0.010000000000000009,0.010000000000000009,0.010000000000000009,0.010000000000000009,0.009999999999999953,0.009999999999999953,0.010000000000000009,0.009999999999999981,0.009999999999999981,417.15,617.66,395.94,385.98,150.52,249.77,187.18,175.1,2637.9820619999996,4071.485903000003,1630.6973610000007,3020.813011000003,1168.081714,2128.247125000001,2293.703107,5529.7565120000045,1104,307,162,232,403,0.575,0.315,0.365,0.01,0.09000000000000002,-0.18000000000000005,-0.19999999999999996,0.01517953943197707,0.018362303551313557,-0.213653876652797,-0.29885253150629787,-0.29128326022572554,0.39196070093540925,0.3544266218820502,0.3346128786553419,0.3268561299338578,0.35,0.35033138633053845,0.20150198373788708,0.21874387280487967,0.6599999999999999,0.6649491371695861,0.8200000000000001,0.8200000000000001,,,,197.0,209.0,214.0,0.0,85.0,0.0,73.0,DOWN,197.0,0.0,1.0,79155,1104,0.0,300.0
1786303500,polymarket-btc-updown-5m-1786303500-2026-08-09.txt.zst,polymarket-btc-5m_2026-08-09.zip,True,DOWN,0.99,0.525,0.455,0.485,0.545,0.545,0.255,0.255,0.165,0.395,0.010000000000000009,0.010000000000000009,0.010000000000000009,0.010000000000000009,0.010000000000000009,0.010000000000000009,0.010000000000000009,0.010000000000000009,0.010000000000000009,211.79,1104.78,593.83,435.61000000000007,461.96,870.51,743.45,620.38,3004.810012,5176.423111,1123.1484000000003,4753.463113000001,3545.6191260000014,3127.38899,9569.629008,8260.797161999999,1500,293,191,392,624,0.645,0.255,0.64,0.01,0.09000000000000002,-0.29000000000000004,-0.09,0.013580344999598619,0.032264341788305805,-0.26543835951757905,-0.6177564579467549,0.06267490294177869,0.643331606554583,0.5739377803980741,0.6151572651413038,0.29731436944376843,0.26,0.26,0.26,0.26,0.7499999999999999,0.75,0.7499999999999999,0.75,,,,178.0,202.0,236.0,0.0,85.0,0.0,46.0,DOWN,178.0,0.75,0.37,97435,1500,0.0,300.0
1786303800,polymarket-btc-updown-5m-1786303800-2026-08-09.txt.zst,polymarket-btc-5m_2026-08-09.zip,True,DOWN,0.99,0.495,0.435,0.445,0.505,0.215,0.165,0.11499999999999999,0.065,0.015,0.010000000000000009,0.010000000000000009,0.010000000000000009,0.010000000000000009,0.010000000000000009,0.010000000000000009,0.009999999999999995,0.010000000000000009,0.01,450.37,1404.26,1081.6200000000001,10557.980000000001,456.95,213.46,339.63,2068.8199999999997,4410.375747000001,3186.760398000001,2522.407181,4121.145682000001,607.065915,2518.0175409999997,2504.53333,5158.669514000004,1095,331,344,211,209,0.505,0.14500000000000002,0.185,0.01,0.07,-0.33999999999999997,-0.1,0.014707167310808808,0.020864300680142285,0.16106271174372902,-0.24064510871944286,-0.6114881899653177,0.5048179410210072,0.32273997081385924,0.2628990480553634,0.23900940623096303,0.17201631551136876,0.19328736487189804,0.12936716317732946,0.14521350292706675,0.8461954598986513,0.8547313362633244,0.89,0.89,,,,132.0,133.0,133.0,0.0,136.0,0.0,114.0,DOWN,132.0,0.86,0.69,72336,1095,0.0,300.0
1786304100,polymarket-btc-updown-5m-1786304100-2026-08-09.txt.zst,polymarket-btc-5m_2026-08-09.zip,True,DOWN,0.99,0.385,0.395,0.405,0.455,0.355,0.325,0.245,0.155,0.045,0.010000000000000009,0.010000000000000009,0.009999999999999953,0.010000000000000009,0.010000000000000009,0.010000000000000009,0.010000000000000009,0.010000000000000009,0.010000000000000002,88.08,634.7,178.27999999999997,1651.34,665.54,179.97,347.63,85.48,3972.2849270000024,2284.739334000001,1911.086061,1547.4784780000002,1195.2978239999998,2147.7431650000017,1341.4559699999998,5525.683912999996,1081,310,169,213,389,0.495,0.305,0.325,0.01,0.06,-0.13,-0.17,0.014691982226258468,0.014553605561452534,0.2697041792723202,0.10513251347483377,-0.28490387767722386,0.3895930472117314,0.35498011960470316,0.3089899564715435,0.2799518474238496,0.3480138202071492,0.3608881306523324,0.25,0.25,0.6799999999999999,0.6799999999999999,0.7616217538708003,0.7677842212441092,,,,194.0,204.0,234.0,0.0,86.0,0.0,53.0,DOWN,194.0,0.0,1.0,73940,1081,0.0,299.984
1786304400,polymarket-btc-updown-5m-1786304400-2026-08-09.txt.zst,polymarket-btc-5m_2026-08-09.zip,True,DOWN,0.99,0.495,0.455,0.355,0.335,0.355,0.335,0.265,0.265,0.045,0.010000000000000009,0.010000000000000009,0.010000000000000009,0.010000000000000009,0.010000000000000009,0.010000000000000009,0.010000000000000009,0.010000000000000009,0.010000000000000002,663.8499999999999,560.12,681.33,325.83,222.81,501.42,196.93,229.10000000000002,4933.859498999997,4219.834683000003,520.4112719999999,1089.1809689999998,1160.8224079999995,1342.7208489999987,4088.641631,5209.635916999998,1117,426,119,203,369,0.645,0.28500000000000003,0.385,0.01,-0.12,0.0,-0.07,0.016781467369059937,0.011221507621531953,0.07800400601148189,-0.3533625986210255,-0.0726564002804443,0.3314553194272157,0.33404638522995805,0.3170977029954805,0.3107854641569603,0.34,0.3474893622063663,0.27801113341399014,0.2991412069811244,0.6699999999999998,0.6699999999999999,0.74,0.74,,,,204.0,244.0,249.0,0.0,44.0,0.0,34.0,DOWN,204.0,0.0,1.0,75342,1117,0.0,299.991
1786304700,polymarket-btc-updown-5m-1786304700-2026-08-09.txt.zst,polymarket-btc-5m_2026-08-09.zip,True,DOWN,0.99,0.435,0.375,0.28500000000000003,0.275,0.225,0.11499999999999999,0.035,0.01,0.01,0.010000000000000009,0.010000000000000009,0.009999999999999953,0.010000000000000009,0.010000000000000009,0.009999999999999995,0.010000000000000002,,,165.63,728.22,8594.210000000001,0.0,311.28,131.47,1365.44,3131.1400000000003,4066.4645120000037,6428.999767000003,1666.189958,2494.093306,1098.398885,5933.155867999997,9807.88,0,1017,423,240,319,35,0.5800000000000001,0.095,0.10500000000000001,0.01,-0.09999999999999998,-0.16000000000000003,-0.105,0.017296991772263404,0.01797712151257245,-0.225100595094884,-0.1990016774011666,-0.6875800804846552,0.4639783941579225,0.387162698026024,0.29573490082077,0.0,0.13371902934053775,0.16562338339787047,0.04,0.04584874847900836,0.89,0.8973209173830279,0.9699999999999999,0.9700000000000001,,,,88.0,138.0,138.0,0.0,118.0,0.0,94.0,DOWN,88.0,0.91,0.6699999999999999,76083,1017,0.0,300.0
1786305000,polymarket-btc-updown-5m-1786305000-2026-08-09.txt.zst,polymarket-btc-5m_2026-08-09.zip,True,UP,0.985,0.775,0.825,0.835,0.785,0.825,0.805,0.885,0.945,0.35,0.010000000000000009,0.010000000000000009,0.010000000000000009,0.010000000000000009,0.010000000000000009,0.010000000000000009,0.010000000000000009,0.010000000000000009,0.03999999999999998,425.84999999999997,203.8,93.03999999999999,264.34,2936.15,1031.6200000000001,829.48,10696.470000000001,6183.5500889999985,3525.7309210000017,1142.1985920000002,2080.9174489999996,1943.915299,1538.695357,13203.635335000028,14429.260201000008,1797,422,186,190,999,0.875,0.645,0.99,0.175,-0.039999999999999925,0.020000000000000018,0.1399999999999999,0.01473481747217709,0.012650743245258595,0.27374006018186064,-0.2912457525757446,0.11635522371754897,0.5399426480612382,0.6170025258915713,0.6242918105406366,0.6420007450180683,0.8099999999999999,0.8136106125709177,0.89,0.8909311051231704,0.19999999999999993,0.2141302888113337,0.15074063699983842,0.1766854802213451,6.0,32.0,73.0,268.0,269.0,,284.0,2.0,240.0,1.0,UP,6.0,0.88,0.18,78188,1797,0.0,300.0
1786305300,polymarket-btc-updown-5m-1786305300-2026-08-09.txt.zst,polymarket-btc-5m_2026-08-09.zip,True,DOWN,0.99,0.745,0.395,0.445,0.455,0.545,0.445,0.515,0.405,0.025,0.010000000000000009,0.010000000000000009,0.010000000000000009,0.010000000000000009,0.010000000000000009,0.010000000000000009,0.010000000000000009,0.009999999999999953,0.009999999999999998,131.49,201.67,118.7,139.92000000000002,275.76,247.94,1342.28,92.95,6633.933997000001,9350.738495999994,2376.4241909999987,2259.946172000001,1638.5897610000002,1717.5698560000005,4272.415350000001,6784.741104000005,1581,607,233,195,546,0.785,0.345,0.525,0.01,0.06,-0.010000000000000009,-0.03999999999999998,0.030312073150998504,0.02142764561452526,-0.16996310060088726,0.02512267353133321,-0.0235328780550071,0.4693930130809798,0.4445115781408928,0.4980819736911558,0.43489874662511924,0.45,0.45,0.5231504532244939,0.52723953037883,0.5674160830426437,0.5742425816346028,0.49742538210065934,0.5056129878856921,12.0,,,244.0,248.0,249.0,17.0,35.0,0.0,31.0,UP,12.0,0.79,0.01,79568,1581,0.0,299.982
1786305600,polymarket-btc-updown-5m-1786305600-2026-08-09.txt.zst,polymarket-btc-5m_2026-08-09.zip,True,DOWN,0.99,0.415,0.505,0.485,0.495,0.215,0.20500000000000002,0.165,0.025,0.01,0.010000000000000009,0.010000000000000009,0.010000000000000009,0.010000000000000009,0.010000000000000009,0.009999999999999981,0.010000000000000009,0.009999999999999998,,1087.4,111.97,594.47,7459.32,306.38,379.71000000000004,402.91999999999996,1346.56,4022.4483809999992,5126.061859000003,1860.8584480000002,4708.689035000001,2293.8773969999997,3354.430745000002,707.5766649999998,2959.6177500000003,1151,377,305,322,147,0.745,0.20500000000000002,0.20500000000000002,0.01,-0.010000000000000009,-0.29,-0.18000000000000002,0.024205549228335604,0.018819773562415855,-0.12063313578364683,-0.43348961163144406,-0.1877647821856391,0.6408108359793682,0.3938863093539423,0.42980245051461397,0.25705306251852256,0.21,0.21260439901501468,0.17575148010857491,0.189683586329069,0.8108811980985214,0.8222513461657754,0.84,0.84055045746523,23.0,,,143.0,145.0,198.0,1.0,118.0,0.0,91.0,UP,23.0,0.75,0.01,79931,1151,0.0,299.98
1786305900,polymarket-btc-updown-5m-1786305900-2026-08-09.txt.zst,polymarket-btc-5m_2026-08-09.zip,True,DOWN,0.99,0.325,0.255,0.275,0.245,0.07500000000000001,0.065,0.035,0.015,0.01,0.010000000000000009,0.010000000000000009,0.010000000000000009,0.010000000000000009,0.009999999999999995,0.010000000000000009,0.010000000000000002,0.01,,523.29,11769.11,9375.9,6573.57,198.95999999999998,444.78,2483.2599999999998,1390.4699999999998,2949.7399779999982,4770.021349999998,1464.9066189999999,2169.414062999998,1199.291543,3432.3349619999995,571.6300000000001,725.0057,780,379,188,177,36,0.535,0.065,0.07500000000000001,0.01,-0.010000000000000009,-0.18,-0.05,0.01386705333036644,0.008067202781500317,-0.2357950323409274,-0.19384845357463104,-0.48212942399162645,0.47423793353343,0.40537191121649374,0.3112607822834422,0.25689477762923046,0.08084514452415949,0.09572073317030266,0.041913178471470545,0.04641864221284168,0.94,0.9400000000000001,0.9699999999999999,0.9700000000000001,,,,37.0,124.0,133.0,0.0,178.0,0.0,132.0,DOWN,37.0,0.94,0.71,63766,780,0.0,300.0
1786306200,polymarket-btc-updown-5m-1786306200-2026-08-09.txt.zst,polymarket-btc-5m_2026-08-09.zip,True,DOWN,0.999,0.07500000000000001,0.065,0.025,0.10500000000000001,0.055,0.015,0.0055,0.0045000000000000005,0.0025,0.009999999999999995,0.010000000000000009,0.009999999999999998,0.009999999999999995,0.009999999999999995,0.01,0.005,0.005,0.003,1205.2200000000003,7691.6,16102.61,13872.0,396.56,1298.29,1336.5800000000002,2196.0899999999997,4301.459340999999,6391.158730999997,1561.8280919999997,2770.603738999999,1653.8125,2318.562705999999,3387.623333,1605.379,661,386,149,84,42,0.49,0.010499999999999999,0.015,0.001,0.04000000000000001,-0.09000000000000001,-0.010499999999999999,0.024042992247024414,0.005394829694965999,-0.1954338381796453,-0.2790062704162603,-0.16734325725222016,0.25619090483601964,0.2550713487449717,0.4089594329744132,0.3869180853244748,0.022919002678291278,0.03542966470623747,0.017063635185647175,0.030135025352362035,0.99,0.99,0.997,0.9971622173573086,,,,13.0,18.0,20.0,0.0,258.0,0.0,253.0,DOWN,13.0,0.99,0.76,70569,661,0.0,300.0
1786306500,polymarket-btc-updown-5m-1786306500-2026-08-09.txt.zst,polymarket-btc-5m_2026-08-09.zip,True,UP,0.999,0.615,0.875,0.855,0.875,0.975,0.99,0.997,0.9815,0.9964999999999999,0.010000000000000009,0.010000000000000009,0.010000000000000009,0.010000000000000009,0.010000000000000009,,0.0040000000000000036,0.0030000000000000027,0.0030000000000000027,367.11,2137.65,3911.27,1965.0099999999998,692.54,0.0,14433.65,15174.66,7422.380241,6172.039646000002,5531.971899000005,3482.1255879999994,2497.5814649999993,3609.8974960000005,8581.767328,1956.3591649999998,1195,700,306,113,76,0.99,0.515,0.999,0.966,0.0,0.11499999999999999,-0.008499999999999952,0.02028676591151136,0.007772963232479216,0.0919745458352119,0.22740449767225868,-0.18212359602101316,0.6268731352305945,1.0,0.6338978622809777,0.6058651693622976,,,0.9990000000000001,0.999,0.014471045143675051,0.0233156912847226,0.011836451089482067,0.018493257501242144,35.0,39.0,39.0,,,,240.0,0.0,234.0,0.0,UP,35.0,0.99,0.78,76813,1195,0.002,299.998
1786306800,polymarket-btc-updown-5m-1786306800-2026-08-09.txt.zst,polymarket-btc-5m_2026-08-09.zip,True,UP,0.99,0.785,0.815,0.955,0.875,0.945,0.845,0.815,0.855,0.985,0.010000000000000009,0.009999999999999898,0.010000000000000009,0.010000000000000009,0.010000000000000009,0.010000000000000009,0.009999999999999898,0.010000000000000009,0.010000000000000009,421.70000000000005,464.88,149.14,356.12,2033.4899999999998,499.78999999999996,252.51,80.13000000000001,8465.552090999992,6271.019713999998,2523.223479999999,2595.1095290000003,3093.953081999999,2967.2769999999996,5003.656294,6269.318226999999,1591,733,260,300,298,0.965,0.525,0.99,0.625,0.06000000000000005,-0.030000000000000027,0.010000000000000009,0.028355362996164545,0.03709155381206258,0.14891742842493452,-0.014044816715441872,0.02089940165383076,0.6120310213130586,0.6759829370307654,0.644132107194982,0.6945853313877292,0.85,0.8508217794168037,0.82,0.82,0.16363090889561982,0.17656746488499375,0.20050690448651362,0.22575203091046186,20.0,35.0,63.0,,,,240.0,0.0,206.0,0.0,UP,20.0,0.97,0.63,93345,1591,0.0,300.0
1786307100,polymarket-btc-updown-5m-1786307100-2026-08-09.txt.zst,polymarket-btc-5m_2026-08-09.zip,True,UP,0.99,0.28500000000000003,0.305,0.405,0.475,0.745,0.785,0.955,0.9299999999999999,0.965,0.009999999999999953,0.010000000000000009,0.009999999999999953,0.010000000000000009,0.010000000000000009,0.010000000000000009,0.010000000000000009,0.019999999999999907,0.010000000000000009,524.6999999999999,786.53,546.85,167.77,597.0300000000001,540.9599999999999,8679.13,9302.080000000002,8012.549298000009,9953.547970000003,4207.661727000001,3619.237832000003,5843.048674999998,4828.3219359999985,5565.945688999999,2095.780778,2001,890,435,360,316,0.945,0.11499999999999999,0.99,0.595,0.16999999999999998,0.31000000000000005,0.1449999999999999,0.04476760721171263,0.04596680186465794,-0.10803674515651035,0.0751796915961928,0.09508869816160488,0.5109347012639759,0.5945763662335792,0.721841746060285,0.7133727619572324,0.7899999999999999,0.7933968501279741,0.96,0.9623159095623797,0.21999999999999997,0.22005935758220094,0.05679076604515015,0.07721824522257702,149.0,154.0,157.0,35.0,39.0,49.0,118.0,32.0,103.0,27.0,DOWN,35.0,0.89,0.010000000000000009,117101,2001,0.0,299.985
1786307400,polymarket-btc-updown-5m-1786307400-2026-08-09.txt.zst,polymarket-btc-5m_2026-08-09.zip,True,UP,0.999,0.705,0.625,0.765,0.725,0.935,0.965,0.99,0.99,0.99,0.010000000000000009,0.010000000000000009,0.010000000000000009,0.010000000000000009,0.009999999999999898,0.010000000000000009,,,,565.86,896.45,1641.5299999999997,2913.9399999999996,390.2,7584.12,0.0,0.0,6641.1521219999995,5211.955124000002,3043.679892000004,2151.1329829999995,3252.3743859999995,1556.5594019999994,0,276.6,1054,645,280,125,4,0.965,0.505,0.999,0.965,0.09999999999999998,0.24,0.025000000000000022,0.02479269794008831,0.010647897631501927,0.12057572485748835,0.17181502596472334,0.3526384555827452,0.5999303196958006,0.7597392908429615,1.0,1.0,0.9719075747383384,0.9767480102466131,,,0.04600108494148343,0.0604876503629567,0.019248060686812556,0.028731046926099457,35.0,39.0,133.0,,,,134.0,0.0,96.0,0.0,UP,35.0,0.97,0.6,81126,1054,0.0,299.987
1786307700,polymarket-btc-updown-5m-1786307700-2026-08-09.txt.zst,polymarket-btc-5m_2026-08-09.zip,True,DOWN,0.99,0.355,0.11499999999999999,0.135,0.07500000000000001,0.235,0.055,0.015,0.015,0.01,0.010000000000000009,0.009999999999999995,0.010000000000000009,0.009999999999999995,0.009999999999999981,0.009999999999999995,0.01,0.01,,2295.25,8923.53,6557.33,526.27,179.57,275.76,1094.5,936.05,6124.069151000001,7332.373110999996,2419.8504080000002,3551.8395200000004,1705.1139339999997,3735.874214999996,5172.76,1529.445199,1050,512,279,191,68,0.545,0.055,0.065,0.01,-0.03999999999999998,-0.02000000000000001,-0.04,0.02037872338854372,0.020204410472351116,-0.08979371638313027,-0.18955925804056584,-0.3732337261887313,0.36901156595063844,0.29867477009132076,0.2254677351862225,0.023008129157154087,0.07745994265765709,0.10489984667103791,0.02497515397946412,0.03889984372758611,0.95,0.95,0.99,0.99,,,,35.0,41.0,51.0,0.0,207.0,0.0,173.0,DOWN,35.0,0.95,0.72,75408,1050,0.0,300.0
1786308000,polymarket-btc-updown-5m-1786308000-2026-08-09.txt.zst,polymarket-btc-5m_2026-08-09.zip,True,DOWN,0.99,0.365,0.415,0.255,0.245,0.195,0.155,0.10500000000000001,0.07500000000000001,0.045,0.010000000000000009,0.010000000000000009,0.010000000000000009,0.010000000000000009,0.010000000000000009,0.010000000000000009,0.009999999999999995,0.009999999999999995,0.010000000000000002,455.90000000000003,700.1400000000001,1064.33,1617.8,213.69,133.09,290.87,410.05,3186.828351000001,3334.479923999999,1367.8711840000003,2349.951682000001,1214.3295800000003,1626.8921129999983,5056.623326999999,3940.5536269999993,1059,396,213,196,254,0.49,0.12,0.20500000000000002,0.01,-0.16999999999999998,-0.09,-0.07999999999999999,0.015897463374283792,0.01575961983784552,-0.022641403653011302,-0.2641547307111538,-0.14520603373416457,0.44499022530091253,0.4147373798565428,0.33356980578039064,0.32417591948153884,0.17796602370051542,0.20468638456136934,0.11573671687742942,0.13785144111356717,0.85,0.85,0.9,0.9015181515161932,,,,85.0,141.0,157.0,0.0,178.0,0.0,133.0,DOWN,85.0,0.89,0.65,73819,1059,0.001,300.0
1786308300,polymarket-btc-updown-5m-1786308300-2026-08-09.txt.zst,polymarket-btc-5m_2026-08-09.zip,True,DOWN,0.99,0.615,0.215,0.135,0.20500000000000002,0.135,0.605,0.535,0.375,0.015,0.010000000000000009,0.010000000000000009,0.010000000000000009,0.009999999999999981,0.010000000000000009,0.010000000000000009,0.010000000000000009,0.010000000000000009,0.01,190.6,117.11,729.18,94.52000000000001,323.21000000000004,218.72000000000003,116.43,146.23000000000002,4131.745475000001,5086.290268000002,2150.8328630000005,1722.1382169999997,1867.7976330000006,2203.7470259999996,2139.3797930000005,5072.202128000002,1275,411,226,278,360,0.695,0.135,0.705,0.01,-0.009999999999999981,0.39999999999999997,-0.22999999999999998,0.028037808357269857,0.04443688562302822,-0.10355186501905937,0.11068883220269252,-0.08251153337036231,0.3971365099434158,0.5060650801922297,0.5499022808918671,0.47409062578022704,0.61,0.61,0.5484024328697623,0.5610733319407329,0.4085135572373209,0.4253222536943343,0.47000000000000003,0.47000000000000003,,,,40.0,61.0,66.0,0.0,169.0,0.0,145.0,DOWN,40.0,0.87,0.30000000000000004,80124,1275,0.0,299.984
1786308600,polymarket-btc-updown-5m-1786308600-2026-08-09.txt.zst,polymarket-btc-5m_2026-08-09.zip,True,UP,0.99,0.425,0.505,0.505,0.385,0.225,0.175,0.055,0.385,0.905,0.010000000000000009,0.010000000000000009,0.010000000000000009,0.010000000000000009,0.010000000000000009,0.009999999999999981,0.009999999999999995,0.010000000000000009,0.010000000000000009,310.17,202.41,11183.65,402.2,272.34000000000003,355.69,311.63,105.52000000000001,3828.8717389999993,3770.6409900000012,2101.8128629999997,3189.4852539999997,2302.7169209999997,3059.357510000006,7168.527330000007,7346.759319000002,1432,407,230,269,526,0.525,0.175,0.99,0.035,-0.12,-0.21000000000000002,0.21000000000000002,0.018292671995624253,0.027455535650017262,0.007662431931693131,-0.20555870543477833,-0.14110967662545032,0.45417495407395136,0.3832474649486801,0.38761633792995154,0.46143525659878326,0.17999999999999997,0.18162586751941123,0.07771163406924993,0.10015795103314082,0.8356258879998126,0.8383842111856955,0.95,0.95,264.0,264.0,265.0,146.0,155.0,182.0,17.0,96.0,17.0,70.0,DOWN,146.0,0.83,0.010000000000000009,89778,1432,0.0,299.999
1786308900,polymarket-btc-updown-5m-1786308900-2026-08-09.txt.zst,polymarket-btc-5m_2026-08-09.zip,True,UP,0.99,0.595,0.575,0.595,0.565,0.595,0.625,0.605,0.745,0.865,0.010000000000000009,0.010000000000000009,0.010000000000000009,0.009999999999999898,0.010000000000000009,0.010000000000000009,0.010000000000000009,0.010000000000000009,0.010000000000000009,275.79,469.53999999999996,823.3499999999999,240.42000000000002,395.02,262.87,258.36,449.15999999999997,3904.345190000002,2362.259701,881.2719670000006,752.5255490000001,1550.2697039999998,1183.8552039999997,7466.640333000004,3305.941697000001,1182,293,97,182,610,0.715,0.495,0.99,0.565,-0.010000000000000009,0.06000000000000005,0.12,0.016967385092074294,0.015198445186185384,0.24607989746006176,0.07880194255357191,0.13401527447699185,0.5225518997595562,0.5431326100110239,0.5474006999226159,0.558181957832482,0.633701993935635,0.637466482190635,0.6168331194687734,0.6198190017985222,0.38000000000000006,0.38,0.39999999999999997,0.4,233.0,264.0,266.0,,,,58.0,0.0,32.0,0.0,UP,233.0,0.0,1.0,83167,1182,0.0,300.0
1786309200,polymarket-btc-updown-5m-1786309200-2026-08-09.txt.zst,polymarket-btc-5m_2026-08-09.zip,True,DOWN,0.99,0.555,0.585,0.535,0.305,0.225,0.185,0.215,0.055,0.10500000000000001,0.010000000000000009,0.010000000000000009,0.010000000000000009,0.010000000000000009,0.010000000000000009,0.010000000000000009,0.010000000000000009,0.009999999999999995,0.009999999999999995,202.17000000000002,438.05,303.67,8700.05,273.74,345.4,464.73,590.05,3352.7438490000013,5717.938798,2330.8899929999993,1544.5091810000008,1766.4668749999994,2113.4954640000005,7336.365630999999,5902.694754000005,1247,294,204,234,515,0.605,0.155,0.515,0.01,-0.27999999999999997,-0.12,-0.13,0.02165585002571209,0.01599120253795457,-0.2607515929115052,0.20291608081970408,-0.0894412261458812,0.3908724454513466,0.3582927871753023,0.3804672532151447,0.305281301066338,0.19199637111917203,0.2041010225187187,0.22,0.22,0.8262367177381352,0.8284908143318963,0.7905071558459864,0.7968525026345932,,,,113.0,155.0,160.0,0.0,143.0,0.0,119.0,DOWN,113.0,0.85,0.49,74522,1247,0.0,299.985
1786309500,polymarket-btc-updown-5m-1786309500-2026-08-09.txt.zst,polymarket-btc-5m_2026-08-09.zip,True,UP,0.99,0.355,0.28500000000000003,0.235,0.505,0.685,0.675,0.675,0.625,0.625,0.010000000000000009,0.009999999999999953,0.009999999999999981,0.010000000000000009,0.009999999999999898,0.010000000000000009,0.010000000000000009,0.010000000000000009,0.010000000000000009,313.15,430.37,499.76,1511.09,58.83,346.94000000000005,76.26,215.34,2895.1815820000006,3470.7295569999983,7440.7289459999965,3724.069529000004,1150.743496,3311.1199000000015,9214.674250000015,8088.351288,1678,377,336,180,785,0.785,0.215,0.99,0.595,0.21999999999999997,0.17000000000000004,-0.050000000000000044,0.03333974903244202,0.02226556961705094,-0.09041093449670878,0.33289086456170836,-0.48418703403980246,0.521261039966262,0.6003866028773827,0.5791504790733148,0.5429535980334427,0.6823378602334573,0.6875032174506297,0.6918984571992127,0.7080728326297522,0.3504486467138541,0.36192943478320205,0.32999999999999996,0.32999999999999996,122.0,244.0,244.0,69.0,,,51.0,38.0,46.0,0.0,DOWN,69.0,0.79,0.010000000000000009,96073,1678,0.0,300.0
1786309800,polymarket-btc-updown-5m-1786309800-2026-08-09.txt.zst,polymarket-btc-5m_2026-08-09.zip,True,DOWN,0.99,0.405,0.445,0.365,0.735,0.735,0.165,0.095,0.065,0.01,0.009999999999999953,0.010000000000000009,0.010000000000000009,0.010000000000000009,0.010000000000000009,0.010000000000000009,0.010000000000000009,0.010000000000000009,,70.0,507.12,188.65,7944.48,472.78,255.85,380.13,569.63,6192.608200000002,2579.0894500000004,1679.1703990000008,4148.4479219999985,6244.047766999999,8351.170935000006,3059.8666640000006,3110.2412080000004,1388,279,313,609,187,0.765,0.16,0.345,0.01,0.29,-0.57,-0.1,0.03300581393484185,0.041406857463907105,0.41195204100542626,-0.42371984350826164,-0.14437078409186593,0.5865630439887418,0.3650403178016623,0.3281550239539528,0.30232472295234364,0.1900695625083516,0.19845048799167966,0.1,0.11977378984235562,0.84,0.84,0.9183625509734283,0.9292052480430674,116.0,,,174.0,176.0,179.0,8.0,90.0,0.0,87.0,UP,116.0,0.77,0.01,82172,1388,0.0,300.0
1786310100,polymarket-btc-updown-5m-1786310100-2026-08-09.txt.zst,polymarket-btc-5m_2026-08-09.zip,True,DOWN,0.99,0.415,0.395,0.485,0.755,0.855,0.905,0.945,0.305,0.015,0.010000000000000009,0.010000000000000009,0.010000000000000009,0.010000000000000009,0.010000000000000009,0.010000000000000009,0.010000000000000009,0.010000000000000009,0.01,239.6,145.24,1834.04,710.97,465.65999999999997,1642.8699999999997,8798.21,53.97,3703.025435000002,3833.9975170000007,2096.787192999999,1176.4682470000002,3858.7561720000012,7692.522223999996,5654.604010999999,7478.83194800001,1315,347,164,353,451,0.915,0.375,0.965,0.01,0.36,0.15000000000000002,-0.6000000000000001,0.026905790615171506,0.05796319107611774,-0.017377163746760845,0.28116319146787977,-0.33189106180035965,0.6098853923422786,0.6408948110055208,0.7143608953231365,0.603390909698375,0.9100000000000001,0.9144784525706334,0.95,0.95,0.12329855624340884,0.14705815812035442,0.06348753425180345,0.06724164644041578,92.0,93.0,99.0,223.0,246.0,247.0,129.0,41.0,116.0,37.0,UP,92.0,0.92,0.01,79334,1315,0.0,299.982
1786310400,polymarket-btc-updown-5m-1786310400-2026-08-09.txt.zst,polymarket-btc-5m_2026-08-09.zip,True,UP,0.99,0.435,0.445,0.425,0.715,0.695,0.585,0.305,0.815,0.985,0.010000000000000009,0.010000000000000009,0.010000000000000009,0.010000000000000009,0.010000000000000009,0.010000000000000009,0.010000000000000009,0.009999999999999898,0.010000000000000009,135.65,491.65,376.31,385.33000000000004,255.74,307.23,263.24,72.82,5678.874420000003,2096.7783849999987,2317.7137820000007,3810.108115000001,4323.583031000001,3140.7252620000017,6311.752992000004,4321.395751000001,1288,238,343,332,375,0.775,0.405,0.99,0.305,0.26999999999999996,-0.13,0.22999999999999998,0.021683964760418985,0.04023321664964071,0.46068106753642574,-0.24354401255209976,0.1584685040553963,0.5659560822340164,0.5125192687124442,0.4323595088661148,0.5803635120215785,0.5903981778049453,0.596123545453064,0.31,0.3227565104841485,0.42000000000000004,0.42000000000000004,0.7,0.7,129.0,129.0,232.0,,,,63.0,0.0,44.0,0.0,UP,129.0,0.8,0.31,86145,1288,0.0,299.99
1786310700,polymarket-btc-updown-5m-1786310700-2026-08-09.txt.zst,polymarket-btc-5m_2026-08-09.zip,True,UP,0.99,0.705,0.695,0.635,0.765,0.765,0.835,0.885,0.395,0.20500000000000002,0.010000000000000009,0.010000000000000009,0.010000000000000009,0.010000000000000009,0.010000000000000009,0.010000000000000009,0.010000000000000009,0.010000000000000009,0.009999999999999981,280.65,585.0999999999999,262.71,264.1,199.86,245.96,418.68999999999994,293.29,5799.781047999995,4432.966687000001,1044.738637,1104.6316329999997,3560.929426,4359.269874999999,8586.577014000017,9052.125402000007,1500,433,132,304,631,0.835,0.495,0.99,0.14500000000000002,0.07000000000000006,0.06999999999999995,-0.43999999999999995,0.02364700133777869,0.04597222398526376,0.1335725649059983,-0.027865369143679385,-0.10079802523393584,0.5513295004460571,0.6763548017006726,0.6570668457907209,0.5213516226883225,0.84,0.8445582226106373,0.895269893946087,0.8981023437179365,0.17000000000000004,0.1747539983051132,0.1301386222294129,0.1471244985169054,120.0,139.0,181.0,247.0,250.0,259.0,108.0,23.0,57.0,16.0,UP,120.0,0.84,0.15,86724,1500,0.0,299.989
1786311000,polymarket-btc-updown-5m-1786311000-2026-08-09.txt.zst,polymarket-btc-5m_2026-08-09.zip,True,UP,0.99,0.715,0.665,0.685,0.635,0.655,0.28500000000000003,0.415,0.335,0.365,0.010000000000000009,0.010000000000000009,0.009999999999999898,0.010000000000000009,0.010000000000000009,0.009999999999999953,0.010000000000000009,0.010000000000000009,0.010000000000000009,250.3,237.31,241.35000000000005,179.44,336.02,482.14,349.78,502.01,2266.429824,3004.2041150000005,1108.6379620000002,3571.9748349999995,5429.728708,5136.385015999997,13426.002920000012,12553.753208000007,1706,276,144,374,912,0.735,0.28500000000000003,0.99,0.08499999999999999,-0.030000000000000027,-0.35,0.04999999999999999,0.01800715699607332,0.04828334243329068,-0.13997828335996693,-0.5262851211659411,0.027762685473817855,0.5539921728227691,0.45927311660588394,0.4953433045365187,0.4594924366416385,0.29,0.2925536669579931,0.41999999999999993,0.42,0.7291418743793365,0.7333335896702109,0.5929049845826724,0.6033057635485687,275.0,275.0,279.0,181.0,252.0,252.0,19.0,19.0,17.0,15.0,DOWN,181.0,0.0,1.0,105688,1706,0.002,299.992
1786311300,polymarket-btc-updown-5m-1786311300-2026-08-09.txt.zst,polymarket-btc-5m_2026-08-09.zip,True,UP,0.999,0.515,0.835,0.965,0.975,0.985,0.985,0.99,0.995,0.9975,0.010000000000000009,0.010000000000000009,0.010000000000000009,0.010000000000000009,0.010000000000000009,0.010000000000000009,,0.006000000000000005,0.0030000000000000027,2168.74,2128.83,2606.8199999999997,3443.09,4152.05,147.96,0.0,2708.95,8873.582068999998,8604.627184000003,4865.431109000008,7684.981664999998,984.029612,2706.6666649999997,1723.445,1347.455,771,555,147,45,24,0.99,0.46499999999999997,0.999,0.975,0.14,0.010000000000000009,0.010000000000000009,0.030382597665380068,0.003505032294956937,0.015388011500882535,-0.22465799386623334,-0.46675123708642136,0.8592962797665946,0.9934575583639651,1.0,0.9066977702800909,0.99,0.99,,,0.025361042696069307,0.034746352200757495,0.013060964412705486,0.021910988827111424,37.0,37.0,59.0,,,,180.0,0.0,171.0,0.0,UP,37.0,0.99,0.77,63583,771,0.001,299.984
1786311600,polymarket-btc-updown-5m-1786311600-2026-08-09.txt.zst,polymarket-btc-5m_2026-08-09.zip,True,UP,0.99,0.705,0.545,0.20500000000000002,0.305,0.275,0.195,0.485,0.895,0.985,0.010000000000000009,0.010000000000000009,0.009999999999999981,0.010000000000000009,0.010000000000000009,0.010000000000000009,0.010000000000000009,0.010000000000000009,0.010000000000000009,612.47,1207.94,1408.0,332.63,333.67,657.23,441.72,1604.5300000000002,14848.765814000013,20386.364909000014,1827.9443259999998,1798.6199019999988,14315.482377,8198.934085,15423.375916000005,26307.572075,2930,1298,240,616,776,0.865,0.14500000000000002,0.99,0.125,-0.24000000000000005,-0.10999999999999999,0.7,0.03513476954261014,0.06085685816394155,-0.15716130411246887,0.008086007073469941,0.271672521574057,0.40164618617354747,0.3619565896407366,0.4472220819989163,0.6399363488821052,0.2,0.20718947705614713,0.49563834997701306,0.49824646618837,0.8099999999999999,0.8148182719803244,0.5219093795491886,0.5282138515639159,0.0,4.0,7.0,81.0,87.0,95.0,79.0,75.0,51.0,51.0,UP,0.0,0.87,0.13,129152,2930,0.001,299.999
1786311900,polymarket-btc-updown-5m-1786311900-2026-08-09.txt.zst,polymarket-btc-5m_2026-08-09.zip,True,DOWN,0.99,0.605,0.405,0.345,0.395,0.25,0.165,0.10500000000000001,0.055,0.015,0.010000000000000009,0.009999999999999953,0.009999999999999953,0.010000000000000009,0.020000000000000018,0.010000000000000009,0.009999999999999995,0.009999999999999995,0.01,593.17,459.61999999999995,1476.3100000000002,6130.17,453.15,448.75,659.22,763.8700000000001,7669.781498999999,8499.972285000002,2761.701467,4390.665557,1902.496399,2971.0829219999987,1332.459997,4426.661695000002,1482,611,321,272,278,0.635,0.165,0.245,0.01,-0.010000000000000009,-0.23,-0.11000000000000001,0.03506993313486688,0.028593968107042043,-0.0513422032944916,-0.2277517477128842,-0.21926113285886514,0.48665784560406145,0.36093666290622545,0.3336153850072377,0.19475751455637036,0.17,0.1766862710765063,0.11100615631925091,0.12099188650018323,0.84,0.8443664803761318,0.9027290058304014,0.9070784732039255,,,,140.0,169.0,182.0,0.0,121.0,0.0,101.0,DOWN,140.0,0.84,0.6,101401,1482,0.0,299.985
1786312200,polymarket-btc-updown-5m-1786312200-2026-08-09.txt.zst,polymarket-btc-5m_2026-08-09.zip,True,DOWN,0.99,0.245,0.255,0.235,0.125,0.185,0.055,0.035,0.035,0.01,0.010000000000000009,0.010000000000000009,0.009999999999999981,0.010000000000000009,0.010000000000000009,0.009999999999999995,0.010000000000000002,0.010000000000000002,,1162.63,11629.48,10473.95,9020.0,766.4399999999999,333.51,868.92,1380.05,4619.620784999999,5359.189058,1918.4567409999995,2170.9003239999997,1702.826606,1552.4295089999987,1168.6866639999998,4084.732733000001,919,407,189,179,144,0.505,0.055,0.065,0.01,-0.13,-0.07,-0.019999999999999997,0.017501500535908435,0.013307388825415932,-0.0741138757663368,-0.06173185148360241,0.046201310031177514,0.3818998059913746,0.3399975441899627,0.315770607265894,0.2855765178851002,0.07618390506279979,0.09715482135423462,0.04595576331694364,0.06254753212361193,0.95,0.95,0.9699999999999999,0.9700000000000001,,,,26.0,105.0,118.0,0.0,214.0,0.0,160.0,DOWN,26.0,0.95,0.6699999999999999,73581,919,0.0,299.978
1786312500,polymarket-btc-updown-5m-1786312500-2026-08-09.txt.zst,polymarket-btc-5m_2026-08-09.zip,True,UP,0.99,0.675,0.745,0.735,0.815,0.755,0.785,0.885,0.915,0.985,0.010000000000000009,0.010000000000000009,0.010000000000000009,0.009999999999999898,0.010000000000000009,0.010000000000000009,0.010000000000000009,0.010000000000000009,0.010000000000000009,458.62,287.78999999999996,521.22,1527.36,488.91999999999996,487.22,1247.3000000000002,3559.2400000000002,3840.1120640000017,3994.7581140000007,2070.366231,2196.4011570000002,1709.5063209999992,874.1745559999999,5051.6882460000015,3252.7,1039,464,210,177,188,0.835,0.405,0.99,0.775,0.06999999999999995,-0.029999999999999916,0.13,0.022398072896295945,0.019040975613515324,-0.019738176445378605,-0.029538738473174123,0.3233107356392759,0.5509490611382092,0.5644931587539198,0.6161127766792116,0.6367710606170123,0.7899999999999999,0.7957673465385168,0.89,0.89,0.22546142984597897,0.23325897273455423,0.12796339785634298,0.1401244727422021,33.0,66.0,203.0,,,,192.0,0.0,121.0,0.0,UP,33.0,0.84,0.67,83996,1039,0.001,299.984
1786312800,polymarket-btc-updown-5m-1786312800-2026-08-09.txt.zst,polymarket-btc-5m_2026-08-09.zip,True,UP,0.999,0.795,0.745,0.945,0.985,0.975,0.985,0.975,0.9975,0.9984999999999999,0.010000000000000009,0.010000000000000009,0.010000000000000009,0.010000000000000009,0.010000000000000009,0.010000000000000009,0.010000000000000009,0.0010000000000000009,0.0010000000000000009,2837.19,1743.78,1703.1200000000001,6979.93,4702.71,2661.31,1937.48,2615.0,12246.714732000015,11382.932644000002,2789.446284000003,5891.168323,2984.9017030000005,2150.2133299999996,390.974,5157.900000000001,1260,921,197,124,18,0.985,0.355,0.999,0.975,0.24,0.0,0.012500000000000067,0.02829058399639609,0.004206468963666254,0.03655501388807572,-0.35731594817016576,0.1625452142037732,0.8505264001022191,0.8978160680778258,0.9149013548283383,0.9070954227708942,0.99,0.99,0.98,0.9810955880567032,0.02957893286772729,0.036372965014777464,0.03340744643230696,0.039423098396388946,9.0,10.0,32.0,,,,241.0,0.0,213.0,0.0,UP,9.0,0.99,0.73,76060,1260,0.031,299.991
1786313100,polymarket-btc-updown-5m-1786313100-2026-08-09.txt.zst,polymarket-btc-5m_2026-08-09.zip,True,UP,0.99,0.435,0.655,0.755,0.815,0.835,0.865,0.985,0.985,0.99,0.010000000000000009,0.010000000000000009,0.010000000000000009,0.009999999999999898,0.010000000000000009,0.010000000000000009,0.010000000000000009,0.010000000000000009,,469.43,215.42000000000002,3353.23,1637.2,778.3899999999999,1502.3200000000002,1841.26,1505.62,6157.482252000001,6487.901958999998,1464.8517179999992,1638.7114459999998,5135.2933950000015,5121.845311,1650.2018999999998,3115.7525,1262,586,243,358,75,0.875,0.425,0.99,0.855,0.15999999999999992,0.050000000000000044,0.12,0.02237930591714884,0.016157892246211867,-0.02612966925216641,-0.056019394100528974,0.0013110950710001513,0.5711982920058335,0.6201408322343379,0.9399344951099686,0.9444694628517223,0.87,0.87,0.99,0.99,0.1444705021455404,0.16966266625469986,0.020000000000000018,0.025683996763712642,62.0,62.0,145.0,,,,192.0,0.0,154.0,0.0,UP,62.0,0.88,0.74,84879,1262,0.0,300.0
1786313400,polymarket-btc-updown-5m-1786313400-2026-08-09.txt.zst,polymarket-btc-5m_2026-08-09.zip,True,UP,0.99,0.695,0.425,0.425,0.385,0.28500000000000003,0.265,0.515,0.595,0.99,0.010000000000000009,0.010000000000000009,0.010000000000000009,0.010000000000000009,0.009999999999999953,0.010000000000000009,0.010000000000000009,0.010000000000000009,,417.2,1274.9299999999998,211.12,167.0,628.98,413.39,508.88,302.75,8302.296062,9678.512435000006,1990.9502210000005,2477.831815999998,5295.253521999995,2577.3183700000004,10670.432566,24649.824213999986,1940,893,284,357,406,0.725,0.255,0.99,0.385,-0.03999999999999998,-0.12,0.32999999999999996,0.024784646688718277,0.028719775824851256,-0.07653806964406636,-0.10895174366724157,0.34524107106115154,0.4886633272106308,0.5101066956363219,0.5059829255645696,0.4858156355759544,0.27926661122630025,0.28323076830142485,0.52,0.52,0.74,0.74,0.4988047564257665,0.5017890322681986,231.0,258.0,261.0,169.0,,,11.0,7.0,6.0,0.0,DOWN,169.0,0.75,0.010000000000000009,113096,1940,0.0,300.0
1786313700,polymarket-btc-updown-5m-1786313700-2026-08-09.txt.zst,polymarket-btc-5m_2026-08-09.zip,True,DOWN,0.99,0.14500000000000002,0.135,0.235,0.195,0.055,0.025,0.01,0.01,0.01,0.009999999999999981,0.010000000000000009,0.009999999999999981,0.010000000000000009,0.009999999999999995,0.009999999999999998,,,,1180.4,3329.3,0.0,0.0,958.0999999999999,1863.4,4851.3,12792.279999999999,16174.70872200002,19887.386759000023,5300.140864,4104.952040000004,2822.52,3012.2176,604.0600000000001,0,1701,1322,310,49,20,0.655,0.015,0.015,0.01,0.06,-0.17,-0.015000000000000001,0.04092077472289068,0.009598661956317627,-0.10295236556500423,0.1270788961044372,-0.032511761968524504,0.4367905257247036,0.1183324062604962,0.0,0.0,0.03031422968056509,0.036891476925171876,0.01,0.013576856816104953,0.9828021578350087,0.9871091166592509,,,,,,14.0,15.0,29.0,0.0,156.0,0.0,118.0,DOWN,14.0,0.99,0.71,97841,1701,0.0,300.0
1786314000,polymarket-btc-updown-5m-1786314000-2026-08-09.txt.zst,polymarket-btc-5m_2026-08-09.zip,True,DOWN,0.999,0.505,0.535,0.395,0.275,0.20500000000000002,0.045,0.01,0.01,0.01,0.010000000000000009,0.010000000000000009,0.010000000000000009,0.010000000000000009,0.009999999999999981,0.010000000000000002,,,,630.59,6053.64,0.0,0.0,1032.38,2024.72,4675.37,6307.41,6387.9042870000085,7172.399468000012,3051.959011000001,3103.9806419999986,2977.6333270000005,6458.9943010000015,2082.23,0,1198,688,297,201,12,0.66,0.045,0.035,0.001,-0.26,-0.23000000000000004,-0.034999999999999996,0.027025768386167024,0.009221784244789952,-0.05785233097826006,-0.008450640183687616,-0.36892003279542784,0.4541825962346815,0.18782910444496365,0.0,0.0,0.05,0.05846706234575555,0.011051187706473559,0.015940797182302485,0.96,0.96,,,,,,139.0,149.0,165.0,0.0,69.0,0.0,46.0,DOWN,139.0,0.96,0.75,91377,1198,0.002,299.985
1786314300,polymarket-btc-updown-5m-1786314300-2026-08-09.txt.zst,polymarket-btc-5m_2026-08-09.zip,True,UP,0.99,0.515,0.705,0.655,0.745,0.815,0.795,0.855,0.905,0.99,0.010000000000000009,0.010000000000000009,0.010000000000000009,0.010000000000000009,0.009999999999999898,0.010000000000000009,0.010000000000000009,0.010000000000000009,,1305.55,976.39,579.1300000000001,1402.97,659.67,415.38,1154.25,2082.76,6079.29418,4419.682617000002,2816.9337189999987,1478.9329499999992,3037.342015,1576.096259,5574.225774000001,5877.418567000001,1353,613,262,207,271,0.875,0.445,0.999,0.725,0.040000000000000036,0.050000000000000044,0.10999999999999999,0.021731748838117588,0.017751790062418157,0.1580736480410375,0.31146235954093576,0.3167368173613935,0.5765764133140525,0.6093574847576783,0.6253302162186437,0.7579976291482605,0.804560178389986,0.81020099677592,0.86,0.86,0.21228470360438242,0.21684849264886835,0.15454267262888008,0.16187853147046816,50.0,133.0,153.0,,,,141.0,0.0,126.0,0.0,UP,50.0,0.88,0.57,92537,1353,0.0,299.982
1786314600,polymarket-btc-updown-5m-1786314600-2026-08-09.txt.zst,polymarket-btc-5m_2026-08-09.zip,True,DOWN,0.999,0.605,0.545,0.325,0.11499999999999999,0.015,0.015,0.01,0.01,0.001,0.010000000000000009,0.010000000000000009,0.010000000000000009,0.009999999999999995,0.01,0.01,,,,1219.35,1804.95,0.0,0.0,935.9499999999999,7478.27,19425.35,19531.77,6096.030608999998,7269.241860000003,3720.1314239999992,3938.257140000001,1615.9900000000002,1807.948,1116.51,0,940,635,264,35,6,0.655,0.015,0.01,0.001,-0.43000000000000005,-0.09999999999999999,-0.004999999999999999,0.0278037087182159,0.0044458635709304015,-0.08778057115716892,-0.028481933787657555,-0.05606351516879098,0.27779291177492393,0.057577413461621284,0.0,0.0,0.02,0.02,0.01,0.01,0.99,0.99,,,,,,101.0,110.0,115.0,0.0,80.0,0.0,71.0,DOWN,101.0,0.99,0.76,77098,940,0.0,299.981
1786314900,polymarket-btc-updown-5m-1786314900-2026-08-09.txt.zst,polymarket-btc-5m_2026-08-09.zip,True,DOWN,0.999,0.375,0.295,0.14500000000000002,0.095,0.025,0.045,0.01,0.0055,0.0015,0.010000000000000009,0.010000000000000009,0.009999999999999981,0.010000000000000009,0.009999999999999998,0.010000000000000002,,0.009000000000000001,0.001,2465.65,9962.27,0.0,4695.07,995.11,743.78,3877.49,3846.01,7301.838485000002,9922.531035999997,6959.544398,6323.231120999994,3446.93818,4280.389229000002,861.0260000000001,2351.11475,1661,916,523,189,33,0.645,0.015,0.08499999999999999,0.001,-0.19999999999999998,-0.05,-0.0395,0.032203288973772407,0.01649643994862204,-0.15215027451686047,0.04790514422906629,-0.10785760779713868,0.2948413881906277,0.2996979937143947,0.0,0.14158660885073499,0.06332795986880638,0.07695710098026369,0.012025828744376669,0.016920605614163583,0.96,0.96,,,,,,64.0,83.0,89.0,0.0,174.0,0.0,169.0,DOWN,64.0,0.99,0.6699999999999999,112880,1661,0.0,299.988
1786315200,polymarket-btc-updown-5m-1786315200-2026-08-09.txt.zst,polymarket-btc-5m_2026-08-09.zip,True,UP,0.99,0.515,0.535,0.435,0.535,0.865,0.715,0.925,0.965,0.99,0.010000000000000009,0.010000000000000009,0.010000000000000009,0.010000000000000009,0.010000000000000009,0.010000000000000009,0.010000000000000009,0.010000000000000009,,557.11,783.25,868.25,2102.88,593.0,801.61,3171.61,5180.76,7300.291170000002,5842.769615999995,6289.342439999999,4793.484247,3776.017091000004,3155.152947,4159.778917,1823.9966640000002,1628,593,565,337,133,0.875,0.345,0.99,0.715,0.0,0.17999999999999994,0.25,0.01715781910099652,0.03558442420865084,0.11089666081074209,0.13497081883944098,0.08957566191510644,0.5175080572906227,0.5628579225511741,0.8030739494861264,0.8371095525948918,0.72,0.72,0.9299999999999999,0.93,0.29000000000000004,0.2906309345545404,0.0836634614688031,0.09495269708554283,136.0,137.0,148.0,,,,98.0,0.0,92.0,0.0,UP,136.0,0.88,0.55,112934,1628,0.0,300.0
1786315500,polymarket-btc-updown-5m-1786315500-2026-08-09.txt.zst,polymarket-btc-5m_2026-08-09.zip,True,DOWN,0.99,0.255,0.215,0.335,0.225,0.245,0.385,0.215,0.225,0.025,0.010000000000000009,0.010000000000000009,0.010000000000000009,0.010000000000000009,0.010000000000000009,0.010000000000000009,0.010000000000000009,0.010000000000000009,0.009999999999999998,1224.41,533.7499999999999,762.77,348.22,623.91,830.49,567.5,539.52,8748.592715000012,9979.986167999994,2300.1242649999995,1865.7875250000004,2215.327222,1925.3215320000002,1773.6720200000002,5014.4728559999985,1452,706,203,211,332,0.495,0.175,0.435,0.01,0.010000000000000009,0.16,-0.16,0.024587777929886465,0.022689876784032486,-0.06574943356314784,0.10425970637270719,0.07003870823861717,0.42350195919322026,0.45871221320783895,0.36704702193751804,0.38193520794461705,0.39,0.39,0.22,0.22546329899131884,0.6235014883837177,0.6273850962047799,0.7899999999999999,0.79,,,,12.0,62.0,247.0,0.0,179.0,0.0,50.0,DOWN,12.0,0.83,0.5700000000000001,104242,1452,0.0,300.0
1786315800,polymarket-btc-updown-5m-1786315800-2026-08-09.txt.zst,polymarket-btc-5m_2026-08-09.zip,True,UP,0.99,0.405,0.305,0.125,0.11499999999999999,0.275,0.315,0.575,0.965,0.99,0.009999999999999953,0.010000000000000009,0.010000000000000009,0.009999999999999995,0.010000000000000009,0.010000000000000009,0.010000000000000009,0.010000000000000009,,1191.03,494.42,340.7,1214.73,2380.7099999999996,737.7099999999999,844.39,5394.94,7788.642290000002,8776.082344999997,6615.036721000003,6579.219683000002,7160.876027999997,3020.309702,5340.770583,2315.680419,1689,557,410,485,237,0.46499999999999997,0.045,0.99,0.315,-0.19,0.2,0.6499999999999999,0.02162110054542826,0.03274111310126915,-0.05961101538105922,0.002714593145934519,0.4066880259142466,0.3331074747733879,0.4574912248753063,0.5335075706763701,0.8354423584315759,0.32,0.32,0.5845529577096208,0.5894226516995628,0.6908527993674365,0.6964381666457584,0.43213701442796304,0.44314880469686974,217.0,221.0,226.0,81.0,81.0,82.0,45.0,58.0,41.0,50.0,DOWN,81.0,0.96,0.010000000000000009,113832,1689,0.0,299.998
1786316100,polymarket-btc-updown-5m-1786316100-2026-08-09.txt.zst,polymarket-btc-5m_2026-08-09.zip,True,UP,0.999,0.845,0.895,0.875,0.955,0.965,0.965,0.975,0.9944999999999999,0.9844999999999999,0.010000000000000009,0.010000000000000009,0.010000000000000009,0.010000000000000009,0.010000000000000009,0.010000000000000009,0.010000000000000009,0.009000000000000008,0.009000000000000008,1447.87,3016.28,1107.03,3634.13,7376.79,5585.55,9577.33,2778.22,11825.374904999999,10150.946886000002,1581.0497420000008,3327.22175,5933.580774999999,5291.499163,3466.737721,3603.3244999999997,1154,745,180,143,86,0.965,0.5700000000000001,0.999,0.965,0.05999999999999994,0.010000000000000009,0.02949999999999997,0.02000835784749716,0.007232774378486025,0.0761923689926004,-0.35576108836809206,0.05720062712661629,0.8017669764532128,0.8363577555709789,0.7329087871849718,0.9009325085732237,0.9699999999999999,0.9700000000000001,0.98,0.98,0.048701913799542786,0.050581877367506786,0.04140459315377931,0.04926586502175698,14.0,18.0,25.0,,,,273.0,0.0,267.0,0.0,UP,14.0,0.97,0.78,86208,1154,0.0,299.982
1786316400,polymarket-btc-updown-5m-1786316400-2026-08-09.txt.zst,polymarket-btc-5m_2026-08-09.zip,True,UP,0.99,0.245,0.225,0.10500000000000001,0.14500000000000002,0.125,0.185,0.235,0.245,0.985,0.010000000000000009,0.010000000000000009,0.009999999999999995,0.009999999999999981,0.010000000000000009,0.010000000000000009,0.009999999999999981,0.010000000000000009,0.010000000000000009,2745.3799999999997,775.85,506.74,471.22,300.2,776.78,352.31,284.75,5890.789842000002,6903.8715589999965,3064.8595980000005,4524.602437999999,4264.946821000002,5746.52718,10388.00400400001,6274.809188000001,1626,599,277,303,447,0.51,0.055,0.99,0.11499999999999999,-0.07999999999999999,0.03999999999999998,0.06,0.018462952154000085,0.02858705597405297,-0.07918003339430418,-0.19233811738906217,-0.14798823418529672,0.3595236182150752,0.29439642390200793,0.38559933122589407,0.3845616427413255,0.19,0.19,0.2504768505518833,0.25853674517870623,0.8208573462926009,0.8289271887608914,0.77,0.77,247.0,250.0,250.0,11.0,35.0,68.0,27.0,208.0,25.0,135.0,DOWN,11.0,0.95,0.010000000000000009,96028,1626,0.0,300.0
1786316700,polymarket-btc-updown-5m-1786316700-2026-08-09.txt.zst,polymarket-btc-5m_2026-08-09.zip,True,DOWN,0.99,0.595,0.565,0.345,0.125,0.265,0.20500000000000002,0.025,0.01,0.01,0.010000000000000009,0.009999999999999898,0.009999999999999953,0.010000000000000009,0.010000000000000009,0.009999999999999981,0.009999999999999998,,,1658.74,472.24,4758.15,0.0,360.0,644.55,2807.13,7376.889999999999,7969.839603,11340.424326,2815.8783430000003,4117.200809,6625.383516000002,8468.823729000016,845.9300000000001,0,1237,624,250,350,13,0.675,0.11499999999999999,0.185,0.01,-0.43999999999999995,0.08000000000000002,-0.195,0.02837067073551828,0.02620225529596779,-0.17454886869454345,-0.1876976214276458,-0.1221289851847408,0.36959501868165395,0.41676818738062826,0.1534685607405737,0.0,0.21,0.21044964642308978,0.030000000000000002,0.03701788221358277,0.8,0.8085257265726259,0.98,0.98,,,,109.0,112.0,117.0,0.0,106.0,0.0,91.0,DOWN,109.0,0.89,0.6599999999999999,90244,1237,0.0,299.991
1786317000,polymarket-btc-updown-5m-1786317000-2026-08-09.txt.zst,polymarket-btc-5m_2026-08-09.zip,True,UP,0.999,0.565,0.585,0.475,0.695,0.885,0.945,0.985,0.985,0.99,0.009999999999999898,0.010000000000000009,0.010000000000000009,0.010000000000000009,0.010000000000000009,0.010000000000000009,0.010000000000000009,0.010000000000000009,,873.1,663.81,2814.5999999999995,2952.8999999999996,605.03,8072.860000000001,3379.17,1416.75,9247.261121000005,7089.465228000002,7521.752026000001,4731.9141100000015,4262.851988000003,5036.784602000001,2178.4916009999997,5186.528,1480,663,348,321,148,0.945,0.325,0.999,0.935,0.10999999999999999,0.25,0.040000000000000036,0.03574536462867563,0.018259238773788062,0.1320825143852694,0.2276737333167373,-0.08322181264934754,0.6251037231683777,0.7719416400033675,0.8830320553581189,0.9479586990244115,0.95,0.95,0.99,0.99,0.07276228168440195,0.08578353515931847,0.028756039041230252,0.03531185956846546,116.0,148.0,150.0,,,,115.0,0.0,105.0,0.0,UP,116.0,0.95,0.63,98305,1480,0.0,300.0
1786317300,polymarket-btc-updown-5m-1786317300-2026-08-09.txt.zst,polymarket-btc-5m_2026-08-09.zip,True,DOWN,0.99,0.455,0.455,0.435,0.665,0.795,0.885,0.10500000000000001,0.015,0.01,0.010000000000000009,0.010000000000000009,0.010000000000000009,0.010000000000000009,0.010000000000000009,0.010000000000000009,0.009999999999999995,0.01,,618.5,890.3199999999999,1225.33,4104.12,450.59000000000003,1320.2400000000002,571.24,1895.28,6870.058887999993,7605.554357000002,5194.046874999999,3500.7935210000014,7465.096626,11357.696047999998,2206.0549970000006,3863.1262470000006,1624,600,344,564,116,0.885,0.28500000000000003,0.885,0.01,0.21000000000000002,0.21999999999999997,-0.87,0.03304186292996133,0.03461037120843796,-0.050809278788520776,0.19474231577372794,-0.20680243837445347,0.5527942164813856,0.7343648335991072,0.26016188487660125,0.1576340224499006,0.89,0.89,0.12732341901654165,0.13519193695174594,0.12276620503894431,0.13832194467682618,0.9,0.9,126.0,130.0,160.0,199.0,204.0,204.0,57.0,61.0,44.0,60.0,UP,126.0,0.89,0.01,107458,1624,0.0,299.992
1786317600,polymarket-btc-updown-5m-1786317600-2026-08-09.txt.zst,polymarket-btc-5m_2026-08-09.zip,True,DOWN,0.999,0.455,0.275,0.135,0.095,0.01,0.01,0.01,0.025,0.01,0.010000000000000009,0.010000000000000009,0.010000000000000009,0.010000000000000009,,,,0.009999999999999998,,2434.4500000000003,0.0,0.0,606.51,702.63,3481.23,3025.5299999999997,1873.43,7297.320597999999,7328.735045000001,4979.195299,5696.965002000001,4481.233324,895.960792,4546.513316,2036.9650790000012,1109,583,276,115,135,0.59,0.01,0.035,0.001,-0.18000000000000002,-0.085,0.015000000000000001,0.023654847721519816,0.003980618190597936,-0.002147841343338306,-0.0672310721048999,0.6667552732254757,0.2804563330603947,0.0,0.0,0.025156734448396365,0.018026946662348376,0.024443909725024207,0.02123856965455036,0.027012905843198824,,,,,,,,61.0,62.0,70.0,0.0,132.0,0.0,131.0,DOWN,61.0,0.99,0.76,79359,1109,0.002,300.0
1786317900,polymarket-btc-updown-5m-1786317900-2026-08-09.txt.zst,polymarket-btc-5m_2026-08-09.zip,True,DOWN,0.99,0.255,0.215,0.255,0.125,0.095,0.07500000000000001,0.025,0.015,0.01,0.010000000000000009,0.010000000000000009,0.010000000000000009,0.010000000000000009,0.010000000000000009,0.009999999999999995,0.009999999999999998,0.01,,1659.13,2351.3100000000004,4652.51,810.97,563.74,641.0,1073.1200000000001,2436.24,7375.019418000001,7905.971617000002,1578.2775080000001,1603.0771589999988,2367.4599940000003,4960.044816000002,1320.08,617.3927000000001,983,534,177,244,28,0.53,0.065,0.065,0.01,-0.09,-0.04999999999999999,-0.06000000000000001,0.023507217736565198,0.008436361638327058,-0.0347459270006699,-0.007795311619054603,-0.3538155059907769,0.41819571364870456,0.2704480374568028,0.17735144061283978,0.03687762723024677,0.08661267527720372,0.09719613007468,0.03738010936284748,0.049001500809305994,0.93,0.9299999999999999,0.98,0.98,,,,26.0,32.0,68.0,0.0,192.0,0.0,150.0,DOWN,26.0,0.94,0.6599999999999999,80814,983,0.0,299.975
1786318200,polymarket-btc-updown-5m-1786318200-2026-08-09.txt.zst,polymarket-btc-5m_2026-08-09.zip,True,DOWN,0.999,0.245,0.225,0.185,0.165,0.065,0.015,0.025,0.01,0.001,0.010000000000000009,0.010000000000000009,0.010000000000000009,0.010000000000000009,0.010000000000000009,0.01,0.009999999999999998,,,1481.98,4261.93,4964.34,0.0,909.4300000000001,2271.54,1877.85,1747.04,13381.975983,15025.18248000002,3042.438812,4166.128955000008,5325.25452,5290.359071999999,195.45,0,1700,1014,375,302,9,0.495,0.015,0.08499999999999999,0.001,-0.06,-0.15000000000000002,-0.004999999999999999,0.030054921715548202,0.010928774598679504,-0.057844803419542144,-0.15588258019077414,0.0032871814424649533,0.4222876614884741,0.14786359272798927,0.16127862710737806,0.0,0.0286011842598154,0.03356342821190289,0.035057288817894064,0.04051621228017582,0.99,0.99,0.98,0.98,,,,8.0,9.0,11.0,0.0,212.0,0.0,174.0,DOWN,8.0,0.99,0.7,107239,1700,0.0,299.998
1786318500,polymarket-btc-updown-5m-1786318500-2026-08-09.txt.zst,polymarket-btc-5m_2026-08-09.zip,True,UP,0.999,0.575,0.785,0.885,0.985,0.975,0.965,0.935,0.8755,0.994,0.010000000000000009,0.010000000000000009,0.010000000000000009,0.010000000000000009,0.010000000000000009,0.010000000000000009,0.009999999999999898,0.009000000000000008,0.008000000000000007,3465.83,2587.12,726.04,596.97,4026.34,3523.46,5306.93,526.89,11565.11391,11028.663949,2351.2315670000003,3162.0391529999997,4241.080139000003,4213.839953000001,4261.202018,16449.013480999998,1504,727,203,375,199,0.985,0.505,0.999,0.8505,0.19999999999999996,-0.020000000000000018,-0.08950000000000002,0.020764409798636564,0.015220272942562172,0.023743260837023362,-0.1470647147905698,0.0032218147189560344,0.881961167154789,0.8768807048367022,0.822546311776901,0.7674085649637572,0.9699999999999999,0.9700000000000001,0.94,0.9400000000000001,0.040000000000000036,0.04071843615603111,0.0768147759145758,0.08658127055586018,53.0,53.0,56.0,,,,223.0,0.0,215.0,0.0,UP,53.0,0.99,0.77,91403,1504,0.0,300.0
1786318800,polymarket-btc-updown-5m-1786318800-2026-08-09.txt.zst,polymarket-btc-5m_2026-08-09.zip,True,UP,0.99,0.525,0.595,0.505,0.405,0.615,0.445,0.815,0.985,0.985,0.010000000000000009,0.010000000000000009,0.010000000000000009,0.009999999999999953,0.010000000000000009,0.030000000000000027,0.009999999999999898,0.010000000000000009,0.010000000000000009,853.7900000000001,692.07,982.21,2758.96,530.6500000000001,1439.03,694.63,1547.4,5547.1381020000035,7383.207805000002,5068.671687000001,2704.0071160000007,7144.524250000016,4768.565357000001,3322.5368540000004,2524.424665,1480,511,265,447,257,0.715,0.355,0.99,0.365,-0.18999999999999995,0.03999999999999998,0.54,0.028120358316008856,0.040877359906342906,-0.14199695168294135,0.30422774836486444,0.19944103262716367,0.48823490126645996,0.5013597822972746,0.657850266925922,0.9457654729976965,0.4600000000000001,0.4639930827041562,0.82,0.82,0.5700000000000001,0.5718716754840972,0.19403407655314275,0.20687171145898767,207.0,210.0,221.0,,,,65.0,0.0,61.0,0.0,UP,207.0,0.0,1.0,114594,1480,0.0,299.987
1786319100,polymarket-btc-updown-5m-1786319100-2026-08-09.txt.zst,polymarket-btc-5m_2026-08-09.zip,True,UP,0.99,0.6799999999999999,0.845,0.885,0.735,0.735,0.815,0.945,0.955,0.99,0.019999999999999907,0.010000000000000009,0.010000000000000009,0.010000000000000009,0.010000000000000009,0.009999999999999898,0.010000000000000009,0.010000000000000009,,670.83,703.07,972.28,641.72,913.8499999999999,837.62,5683.92,4674.86,8192.424007000005,6400.258020000003,1510.3386059999996,1433.312084,3150.2190110000006,2861.3641530000004,3032.2708669999984,1795.0399999999997,1142,575,141,298,128,0.895,0.455,0.99,0.825,-0.10999999999999999,0.07999999999999996,0.14,0.024915789544532822,0.01256956146873502,0.12281265251199605,0.02616700489010796,0.04804971504507994,0.5603449083020778,0.5961015552927909,0.8024534487025138,0.8298149168143165,0.82,0.8244318013061983,0.95,0.95,0.18999999999999995,0.19042378157168408,0.06800780431117258,0.07548339422615259,27.0,41.0,59.0,,,,178.0,0.0,137.0,0.0,UP,27.0,0.9,0.69,92783,1142,0.002,299.993
1786319400,polymarket-btc-updown-5m-1786319400-2026-08-09.txt.zst,polymarket-btc-5m_2026-08-09.zip,True,DOWN,0.999,0.225,0.185,0.295,0.20500000000000002,0.165,0.055,0.015,0.01,0.01,0.010000000000000009,0.010000000000000009,0.010000000000000009,0.009999999999999981,0.010000000000000009,0.009999999999999995,0.01,,,1336.6200000000001,7025.589999999999,2845.33,0.0,303.93,802.7399999999999,2423.3900000000003,4263.91,8626.336550000004,10146.742068000001,4277.987028000001,3505.3824179999956,1333.3633320000001,4922.981057999998,1097.21,408.6789,1220,692,301,194,33,0.51,0.055,0.055,0.001,0.020000000000000018,-0.15000000000000002,-0.045,0.034397551171713434,0.010830425000107391,-0.0809886086846833,0.09926351503166282,-0.5737564146464769,0.44563962069807694,0.23257728614204057,0.11171558351763941,0.0,0.071310422968343,0.0821663950175816,0.0236415069554513,0.030477223595594943,0.95,0.95,0.99,0.99,,,,25.0,56.0,85.0,0.0,180.0,0.0,119.0,DOWN,25.0,0.95,0.62,90716,1220,0.003,299.981
1786319700,polymarket-btc-updown-5m-1786319700-2026-08-09.txt.zst,polymarket-btc-5m_2026-08-09.zip,True,UP,0.99,0.255,0.155,0.11499999999999999,0.20500000000000002,0.455,0.445,0.375,0.935,0.985,0.010000000000000009,0.010000000000000009,0.009999999999999995,0.009999999999999981,0.010000000000000009,0.010000000000000009,0.010000000000000009,0.009999999999999898,0.010000000000000009,1271.22,903.0300000000001,567.57,2266.9799999999996,546.22,403.03999999999996,545.18,7664.130000000001,8467.543374999997,10606.381237000007,8124.710272000006,7073.694479,5884.674440000001,3854.217595,6849.647857000004,4742.746658999999,1911,687,530,394,300,0.575,0.055,0.99,0.365,0.05000000000000002,0.24,0.49000000000000005,0.025216707813296654,0.0415608445881106,-0.11213412580305573,0.06915303350707597,0.20848951171271513,0.4375026573663251,0.4932836671581803,0.4604879037513408,0.7800661971151971,0.45,0.45359517755050066,0.38000000000000006,0.38145244691902874,0.56,0.5646238925085982,0.63,0.6324976532360703,218.0,219.0,223.0,22.0,23.0,37.0,56.0,109.0,55.0,91.0,DOWN,22.0,0.95,0.010000000000000009,122222,1911,0.0,300.0
1786405500,polymarket-btc-updown-5m-1786405500-2026-08-10.txt.zst,polymarket-btc-5m_2026-08-10.zip,True,DOWN,0.99,0.425,0.475,0.485,0.495,0.485,0.495,0.46499999999999997,0.335,0.10500000000000001,0.010000000000000009,0.010000000000000009,0.010000000000000009,0.010000000000000009,0.010000000000000009,0.010000000000000009,0.009999999999999953,0.010000000000000009,0.009999999999999995,1507.8,1447.55,881.3000000000001,1524.5900000000001,1143.01,1330.25,917.97,1076.77,4776.734470000004,5045.650253000001,2019.003589,1579.161268,1743.3735530000004,2834.759468,6532.687398000003,5970.384036999999,1191,468,139,207,377,0.535,0.355,0.535,0.01,0.020000000000000018,0.0,-0.15999999999999998,0.01403751476324393,0.012750830464672187,-0.02737785075454294,0.12224073617536305,-0.23839104499449618,0.5168443073234187,0.5184388710862258,0.5274726562710155,0.5057297014516132,0.5,0.5,0.47000000000000003,0.47000000000000003,0.51,0.51,0.54,0.54,,,,250.0,259.0,269.0,0.0,25.0,0.0,12.0,DOWN,250.0,0.0,1.0,96132,1191,0.0,300.0
1786405800,polymarket-btc-updown-5m-1786405800-2026-08-10.txt.zst,polymarket-btc-5m_2026-08-10.zip,True,UP,0.99,0.695,0.745,0.825,0.855,0.845,0.915,0.935,0.99,0.925,0.010000000000000009,0.010000000000000009,0.010000000000000009,0.010000000000000009,0.010000000000000009,0.010000000000000009,0.009999999999999898,,0.010000000000000009,1416.76,1398.07,2079.51,5311.91,1765.26,3376.7200000000003,6418.0599999999995,0.0,5553.111656999997,6936.694625999995,2570.873771999999,1967.9179819999995,6001.537008000005,3052.0817320000006,6911.420521000007,16400.335982000004,1557,598,178,259,522,0.915,0.485,0.99,0.705,0.10999999999999999,0.06000000000000005,0.07499999999999996,0.018244180991648335,0.006518465002199705,-0.1107769758513555,0.13284499987659046,0.3257763951301535,0.6113578744588811,0.684093388965198,0.8107933456954266,1.0,0.9200000000000002,0.9200000000000002,0.94,0.9400000000000001,0.08999999999999997,0.09564177356014228,0.06999999999999995,0.07257603202493573,35.0,82.0,109.0,,,,240.0,0.0,194.0,0.0,UP,35.0,0.92,0.71,102806,1557,0.003,300.0
1786406100,polymarket-btc-updown-5m-1786406100-2026-08-10.txt.zst,polymarket-btc-5m_2026-08-10.zip,True,UP,0.99,0.525,0.675,0.835,0.875,0.925,0.855,0.895,0.945,0.985,0.010000000000000009,0.010000000000000009,0.010000000000000009,0.010000000000000009,0.010000000000000009,0.010000000000000009,0.010000000000000009,0.010000000000000009,0.010000000000000009,1769.3600000000001,1236.0100000000002,794.42,2112.75,2136.57,1813.9099999999999,2856.53,7512.969999999999,5915.039945000005,5063.866436000001,3060.8647309999997,3135.6462680000004,3265.9174459999995,2409.684792,5204.420091,2428.733332,1315,598,287,269,161,0.935,0.435,0.99,0.745,0.19999999999999996,-0.020000000000000018,0.08999999999999997,0.019877073205471833,0.02019947525904164,0.07752807788515592,-0.012068329582900616,0.15086199104427084,0.5940028044026747,0.6581647887497833,0.7007418902283289,0.7822330692274359,0.86,0.86,0.9,0.9,0.15000000000000002,0.1511078434743572,0.125519201702257,0.13315274268150565,72.0,83.0,84.0,,,,194.0,0.0,182.0,0.0,UP,72.0,0.94,0.68,95002,1315,0.0,300.0
1786491900,polymarket-btc-updown-5m-1786491900-2026-08-11.txt.zst,polymarket-btc-5m_2026-08-11.zip,True,DOWN,0.99,0.385,0.565,0.385,0.385,0.405,0.355,0.255,0.245,0.035,0.010000000000000009,0.009999999999999898,0.010000000000000009,0.010000000000000009,0.009999999999999953,0.010000000000000009,0.010000000000000009,0.010000000000000009,0.010000000000000002,982.5799999999999,852.6,2359.66,1378.26,1119.9099999999999,654.25,560.1800000000001,1491.3600000000001,5294.903253000001,4581.583186,2202.007588,1465.3303639999997,1018.201606,1951.4674219999997,3906.8956789999997,4442.450827000002,990,393,185,153,259,0.665,0.255,0.355,0.01,-0.17999999999999994,-0.030000000000000027,-0.10999999999999999,0.02932706993227119,0.02300244904382918,0.0722240719314171,0.20087519438950258,-0.31426593576609163,0.4521933381699291,0.4475580165105017,0.40517778413183153,0.4015414807335266,0.36,0.36,0.26390197378678204,0.27069646092744604,0.65,0.65,0.7499999999999999,0.75,,,,154.0,185.0,247.0,0.0,83.0,0.0,33.0,DOWN,154.0,0.75,0.62,91457,990,0.0,299.982
1786492200,polymarket-btc-updown-5m-1786492200-2026-08-11.txt.zst,polymarket-btc-5m_2026-08-11.zip,True,DOWN,0.99,0.335,0.46499999999999997,0.705,0.775,0.535,0.235,0.11499999999999999,0.015,0.01,0.010000000000000009,0.009999999999999953,0.010000000000000009,0.010000000000000009,0.010000000000000009,0.009999999999999981,0.009999999999999995,0.01,,1388.06,683.8,761.3399999999999,2087.69,354.53000000000003,723.1600000000001,1663.54,2731.74,6976.722455,6685.152812,3204.2656480000023,5678.346999,1166.3746119999998,2454.3944250000013,5110.299999999999,1805.1636999999996,1323,577,406,259,81,0.905,0.195,0.245,0.01,0.31000000000000005,-0.54,-0.21999999999999997,0.0319719546220268,0.02969297625073944,0.02134184636455295,-0.2785308162498327,-0.3557310062690975,0.5976378281279265,0.47484328063153414,0.3135894033726852,0.08495658554034191,0.242096868472998,0.2497484499186268,0.12000000000000001,0.12044760333748128,0.77,0.77,0.8965008967111483,0.8985972889687224,61.0,111.0,125.0,172.0,175.0,188.0,49.0,76.0,22.0,64.0,UP,61.0,0.91,0.01,95499,1323,0.01,300.0
1786492500,polymarket-btc-updown-5m-1786492500-2026-08-11.txt.zst,polymarket-btc-5m_2026-08-11.zip,True,DOWN,0.99,0.515,0.475,0.385,0.425,0.275,0.175,0.10500000000000001,0.035,0.015,0.010000000000000009,0.010000000000000009,0.010000000000000009,0.010000000000000009,0.010000000000000009,0.009999999999999981,0.009999999999999995,0.010000000000000002,0.01,696.25,323.33,2186.8199999999997,3900.2000000000003,1033.27,919.22,437.44,1357.0700000000002,4335.662685,3869.595417999998,1419.192171,1702.420838,1591.938571,2415.178804999999,1507.8899999999999,3113.422479999999,897,392,168,192,145,0.525,0.175,0.165,0.01,-0.04999999999999999,-0.25,-0.13999999999999999,0.018504295814362522,0.018735864443265086,0.05680104893100183,-0.09073151162024777,-0.20544450205793008,0.4861926504064533,0.40161539516323447,0.33209130351308513,0.14456080786815262,0.17999999999999997,0.18,0.1149956095676033,0.12532895848217598,0.83,0.83,0.9,0.9,,,,136.0,162.0,182.0,0.0,121.0,0.0,102.0,DOWN,136.0,0.83,0.62,85246,897,0.0,299.989
1786665300,polymarket-btc-updown-5m-1786665300-2026-08-14.txt.zst,polymarket-btc-5m_2026-08-14.zip,True,UP,0.999,0.685,0.745,0.805,0.965,0.99,0.99,0.9955,0.997,0.999,0.009999999999999898,0.010000000000000009,0.010000000000000009,0.010000000000000009,,,0.007000000000000006,0.0040000000000000036,,2099.88,3517.55,6802.49,8459.75,3490.2500000000005,0.0,5581.64,3580.5,6581.981043,6267.780385000002,3165.9603150000003,4804.05,34.468,790.6880000000001,90.85300000000001,685.5400000000001,629,516,89,12,12,0.99,0.345,0.999,0.99,0.21999999999999997,0.025000000000000022,0.007000000000000006,0.03434215708864835,0.001973113684009889,0.024451867045200203,-0.20553168945302674,-0.9164570093412641,0.7554328213673339,1.0,0.7640369448465254,0.8301036175758413,,,0.9990000000000001,0.999,0.015598841368048559,0.018372831262812177,0.009913982917184979,0.010912572756383609,60.0,61.0,98.0,,,,138.0,0.0,124.0,0.0,UP,60.0,0.99,0.75,67635,629,0.001,300.0
1786665600,polymarket-btc-updown-5m-1786665600-2026-08-14.txt.zst,polymarket-btc-5m_2026-08-14.zip,True,DOWN,0.99,0.685,0.805,0.605,0.515,0.765,0.055,0.01,0.015,0.01,0.009999999999999898,0.010000000000000009,0.010000000000000009,0.010000000000000009,0.010000000000000009,0.009999999999999995,,0.01,,214.09,1836.32,0.0,33.39,475.67,349.65999999999997,1101.27,1394.9099999999999,5208.638359,6981.028352000001,4032.6847549999998,5893.178028000001,9856.876597,3853.0608070000017,1562.77,36.5656,982,492,243,221,26,0.825,0.055,0.08499999999999999,0.001,-0.29000000000000004,-0.46,-0.04,0.030216191144532317,0.036020140277711006,-0.14540102162109075,-0.18743894749245008,0.43791708255708955,0.4468026489065349,0.1974919876965434,0.0,0.005412151812560277,0.07422144494126455,0.09765904813821834,0.022041030695580055,0.03673490773113332,0.95,0.95,,,23.0,44.0,,178.0,178.0,179.0,40.0,29.0,24.0,29.0,UP,23.0,0.83,0.001,72454,982,0.002,300.0
1786665900,polymarket-btc-updown-5m-1786665900-2026-08-14.txt.zst,polymarket-btc-5m_2026-08-14.zip,True,UP,0.99,0.845,0.745,0.835,0.775,0.945,0.865,0.975,0.99,0.99,0.010000000000000009,0.010000000000000009,0.010000000000000009,0.010000000000000009,0.010000000000000009,0.010000000000000009,0.010000000000000009,,,1486.29,1009.15,1247.32,6051.42,574.19,204.85,1646.1799999999998,0.0,5465.541654000006,7457.018299000003,2885.0918380000003,2265.868745,3014.6603750000004,3568.906182,0,918.71,773,447,186,134,6,0.955,0.5900000000000001,0.99,0.875,0.030000000000000027,0.08999999999999997,0.125,0.019389807524943143,0.014331592050209674,-0.15410852433597494,0.12021507115462236,-0.08418625409212215,0.6009531256593242,0.6716918515985045,0.8709119395752009,1.0,0.87,0.8749075887542116,0.98,0.9826037991093556,0.14,0.14248244264130053,0.036276370864443505,0.04700480533165422,4.0,4.0,30.0,,,,216.0,0.0,179.0,0.0,UP,4.0,0.96,0.75,73332,773,0.0,299.99
1786666800,polymarket-btc-updown-5m-1786666800-2026-08-14.txt.zst,polymarket-btc-5m_2026-08-14.zip,True,UP,0.999,0.415,0.605,0.895,0.955,0.895,0.845,0.975,0.99,0.99,0.010000000000000009,0.010000000000000009,0.010000000000000009,0.010000000000000009,0.010000000000000009,0.010000000000000009,0.010000000000000009,,,2017.9799999999998,1372.87,1057.95,3617.06,2015.6,650.8,1058.62,0.0,6863.495910000002,7965.808953000002,2422.897181000002,4357.273739,2491.656331,5057.213231,0,793.5100000000001,942,537,226,165,14,0.975,0.335,0.999,0.835,0.35,-0.10999999999999999,0.14500000000000002,0.022531917915037142,0.012458305337578903,-0.07433342649461173,-0.28529908476112537,-0.3398597470692393,0.8660496817716318,0.6466095117132373,0.919433411290525,1.0,0.85,0.8503267268699656,0.98,0.9805133604374656,0.16469955815036338,0.1678398399431555,0.052856568621323485,0.06245097134378074,62.0,70.0,75.0,,,,155.0,0.0,146.0,0.0,UP,62.0,0.98,0.76,72668,942,0.0,299.983
1786667100,polymarket-btc-updown-5m-1786667100-2026-08-14.txt.zst,polymarket-btc-5m_2026-08-14.zip,True,DOWN,0.999,0.20500000000000002,0.185,0.08499999999999999,0.045,0.01,0.01,0.01,0.0025,0.002,0.009999999999999981,0.010000000000000009,0.009999999999999995,0.010000000000000002,,,,0.003,,3322.7999999999997,0.0,0.0,1093.19,1568.7,9380.880000000001,11574.65,12910.08,12975.083194,6434.008831999993,4522.66,2491.3603969999995,8123.513,289.40799999999996,1510.19,1517.0270000000003,665,536,68,23,38,0.48,0.01,0.01,0.001,-0.14,-0.034999999999999996,-0.0075,0.016243453755773934,0.001942770059712119,0.3370108376650349,0.28960560249708106,0.9311991637625029,0.15612005852387897,0.0,0.0,0.0407999886541255,0.01,0.01,0.01,0.01,,,,,,,,11.0,15.0,16.0,0.0,146.0,0.0,142.0,DOWN,11.0,0.99,0.77,53755,665,0.0,300.0
1786667400,polymarket-btc-updown-5m-1786667400-2026-08-14.txt.zst,polymarket-btc-5m_2026-08-14.zip,True,DOWN,0.99,0.325,0.28500000000000003,0.225,0.155,0.365,0.135,0.07500000000000001,0.01,0.01,0.010000000000000009,0.009999999999999953,0.010000000000000009,0.010000000000000009,0.010000000000000009,0.010000000000000009,0.009999999999999995,,,2073.7400000000002,1164.55,1465.1,0.0,2043.46,1640.5,1562.7399999999998,1528.7,12140.170821000007,6405.5774590000065,4790.799453000002,5682.427926000006,3454.7487630000005,5350.329894999999,2104.7299999999996,0,1169,548,343,258,20,0.48,0.125,0.14500000000000002,0.01,-0.13000000000000003,-0.01999999999999999,-0.125,0.025829888177251167,0.03277404917594943,0.3092133720042056,-0.08513407001817017,-0.21528270281580472,0.4491897291547866,0.40186525750319374,0.25280753699203395,0.0,0.14,0.14519878293176366,0.08212400243985242,0.08977137517816122,0.87,0.87,0.93,0.9299999999999999,,,,6.0,12.0,119.0,0.0,149.0,0.0,100.0,DOWN,6.0,0.88,0.55,110063,1169,0.0,299.988
1786667700,polymarket-btc-updown-5m-1786667700-2026-08-14.txt.zst,polymarket-btc-5m_2026-08-14.zip,True,UP,0.99,0.585,0.705,0.705,0.755,0.885,0.925,0.885,0.965,0.99,0.010000000000000009,0.010000000000000009,0.010000000000000009,0.010000000000000009,0.010000000000000009,0.010000000000000009,0.010000000000000009,0.010000000000000009,,1396.94,2159.31,2482.82,466.16999999999996,1156.28,2987.4300000000003,1003.1899999999999,2520.93,7997.932774000001,9226.365936999999,3880.617899,5917.2025360000025,4123.514193000002,3092.167407,2075.154479,1189.8200000000002,1187,508,328,245,106,0.945,0.54,0.99,0.695,0.050000000000000044,0.17000000000000004,0.039999999999999925,0.026376363187786245,0.02603955992522836,-0.0713197781582527,-0.20786098811577192,0.1429313047848455,0.6090615688630916,0.7764570074924703,0.6905580311538866,0.8488020181082754,0.9299999999999999,0.93,0.89,0.8945928488143504,0.08593494377231597,0.09448355535743623,0.12000000000000001,0.12060879712894773,41.0,121.0,137.0,,,,140.0,0.0,111.0,0.0,UP,41.0,0.95,0.6,112548,1187,0.0,299.998
1786668000,polymarket-btc-updown-5m-1786668000-2026-08-14.txt.zst,polymarket-btc-5m_2026-08-14.zip,True,UP,0.99,0.615,0.725,0.755,0.935,0.955,0.99,0.99,0.99,0.99,0.010000000000000009,0.010000000000000009,0.010000000000000009,0.009999999999999898,0.010000000000000009,,,,,2161.77,6079.5599999999995,8185.96,10034.02,3951.3499999999995,0.0,0.0,0.0,4719.384798000002,7635.866094,3215.063883,2351.448171,0,1855.76,0,110.0,555,364,178,11,2,0.99,0.575,0.99,0.99,0.21000000000000008,0.05499999999999994,0.0,0.01599282051807151,0.003052617426401912,-0.23605196863209094,0.15514485617244292,-1.0,0.7813823533479951,1.0,1.0,1.0,,,,,0.010000000000000009,0.011323493656964416,0.010000000000000009,0.010000000000000009,78.0,92.0,93.0,,,,99.0,0.0,85.0,0.0,UP,78.0,0.99,0.75,68342,555,0.0,300.0
1786668300,polymarket-btc-updown-5m-1786668300-2026-08-14.txt.zst,polymarket-btc-5m_2026-08-14.zip,True,DOWN,0.999,0.20500000000000002,0.135,0.065,0.035,0.045,0.025,0.015,0.01,0.01,0.009999999999999981,0.010000000000000009,0.010000000000000009,0.010000000000000002,0.010000000000000002,0.009999999999999998,0.01,,,3009.67,1458.9399999999998,1247.55,0.0,3783.7799999999997,3514.54,3208.7400000000002,6731.5599999999995,8589.461245000002,7551.135313999999,3377.848562,2860.2292760000005,4435.096664000001,2083.725101,5413.01,0,845,536,184,117,8,0.44999999999999996,0.015,0.045,0.001,-0.1,-0.010000000000000002,-0.015000000000000001,0.03322823944115221,0.007630085355698938,0.0643300839101286,0.08297736890150031,0.360704993596339,0.1535370447459066,0.08349037303247332,0.0753282762260205,0.0,0.03400620765603882,0.04004897301494665,0.031984702825875184,0.03897061037074812,0.98,0.98,0.99,0.99,,,,3.0,30.0,55.0,0.0,172.0,0.0,163.0,DOWN,3.0,0.99,0.5700000000000001,79992,845,0.0,300.0
1786668600,polymarket-btc-updown-5m-1786668600-2026-08-14.txt.zst,polymarket-btc-5m_2026-08-14.zip,True,UP,0.99,0.655,0.835,0.715,0.785,0.945,0.985,0.985,0.99,0.99,0.010000000000000009,0.010000000000000009,0.010000000000000009,0.010000000000000009,0.010000000000000009,0.010000000000000009,0.010000000000000009,,,2212.4100000000003,3932.2200000000003,2689.99,7814.5,1646.71,2262.19,1720.26,0.0,5944.3593260000025,7980.963331000004,3558.241445000006,2530.57844,2810.4992379999994,3129.756665,0,125.13000000000001,890,484,225,174,7,0.985,0.365,0.99,0.945,-0.04999999999999993,0.19999999999999996,0.0050000000000000044,0.02251843315892056,0.010307375433191131,-0.1462518359656275,0.16877868362171222,-0.05374472618911356,0.6040241509107217,0.8944790398492418,0.9056072350995831,1.0,0.99,0.99,0.99,0.99,0.020000000000000018,0.025858186289649015,0.02862544295367405,0.035882447988318855,41.0,59.0,137.0,,,,125.0,0.0,82.0,0.0,UP,41.0,0.99,0.67,86703,890,0.0,299.981
1786668900,polymarket-btc-updown-5m-1786668900-2026-08-14.txt.zst,polymarket-btc-5m_2026-08-14.zip,True,DOWN,0.925,0.435,0.355,0.215,0.175,0.215,0.245,0.155,0.015,0.20500000000000002,0.010000000000000009,0.010000000000000009,0.010000000000000009,0.009999999999999981,0.010000000000000009,0.010000000000000009,0.010000000000000009,0.01,0.009999999999999981,1483.1399999999999,1366.03,1335.48,1221.28,1729.76,1842.4799999999998,2018.8400000000001,1978.96,8688.409686999998,7505.735369000003,4130.915605000002,4056.468507,1862.518037,3106.4358780000002,25410.749625999993,20489.575535999997,1775,463,317,240,755,0.495,0.10500000000000001,0.805,0.01,-0.18,0.07,-0.22999999999999998,0.02170268768288998,0.03161979254271573,0.07303098211793582,0.00909290403156816,-0.2503379709851868,0.3922934524462282,0.3964753293017628,0.34899242774962436,0.07942266909540696,0.2504958550434833,0.2561145415223239,0.16000000000000003,0.16,0.76,0.76,0.85,0.85,299.0,299.0,,45.0,94.0,115.0,1.0,173.0,1.0,137.0,DOWN,45.0,0.9,0.19999999999999996,128914,1775,0.0,299.996
1786669200,polymarket-btc-updown-5m-1786669200-2026-08-14.txt.zst,polymarket-btc-5m_2026-08-14.zip,True,UP,0.99,0.315,0.335,0.235,0.535,0.895,0.875,0.925,0.905,0.99,0.010000000000000009,0.010000000000000009,0.009999999999999981,0.010000000000000009,0.010000000000000009,0.010000000000000009,0.010000000000000009,0.010000000000000009,,2045.36,986.38,1575.27,734.88,1059.51,1545.3500000000001,10423.34,658.98,11050.77576100001,9276.832009000002,9432.242757000009,6622.421202000002,7522.534872000004,4674.638672999998,3800.4152270000004,4642.122068,1612,671,400,389,152,0.935,0.155,0.99,0.715,0.2,0.33999999999999997,0.030000000000000027,0.052687639868929256,0.04226626452881506,0.08726770862915009,0.17501590579383391,0.23348820843558848,0.5345688605392866,0.6351517713279982,0.5272835193905229,0.7706718977396473,0.88,0.88,0.9299999999999999,0.93,0.13,0.1324910092145388,0.08635881620182709,0.09858307562643735,142.0,145.0,148.0,42.0,78.0,80.0,110.0,17.0,104.0,6.0,DOWN,42.0,0.85,0.010000000000000009,145551,1612,0.0,299.979
1786669500,polymarket-btc-updown-5m-1786669500-2026-08-14.txt.zst,polymarket-btc-5m_2026-08-14.zip,True,DOWN,0.99,0.46499999999999997,0.765,0.365,0.14500000000000002,0.065,0.095,0.01,0.01,0.01,0.009999999999999953,0.010000000000000009,0.010000000000000009,0.009999999999999981,0.010000000000000009,0.010000000000000009,,,,1579.8600000000001,2546.51,0.0,0.0,3452.77,2234.31,3638.51,9071.9,7685.583375000001,11431.627636000007,10677.965477000003,5331.317889999997,4916.81,4422.677827000002,1430.42,0,1306,705,403,184,14,0.765,0.055,0.095,0.01,-0.62,-0.05000000000000002,-0.085,0.0401903733055887,0.017429839825331278,-0.19595139996333874,0.3339717003211445,0.05290784485756127,0.3763630824549139,0.3258155157159093,0.0,0.0,0.1039992920119546,0.10751904750952632,0.012693152113890544,0.01774507562351972,0.9100000000000001,0.91,,,56.0,,,96.0,96.0,98.0,12.0,101.0,0.0,100.0,UP,56.0,0.77,0.01,104506,1306,0.0,300.0
1786669800,polymarket-btc-updown-5m-1786669800-2026-08-14.txt.zst,polymarket-btc-5m_2026-08-14.zip,True,DOWN,0.99,0.365,0.445,0.295,0.155,0.07500000000000001,0.385,0.445,0.555,0.08499999999999999,0.010000000000000009,0.010000000000000009,0.010000000000000009,0.010000000000000009,0.009999999999999995,0.010000000000000009,0.010000000000000009,0.010000000000000009,0.009999999999999995,2565.46,682.6999999999999,835.01,181.16,1336.5900000000001,2473.9500000000003,957.42,1003.6400000000001,10619.251577,7993.501448000004,4321.013434999999,3700.5567469999987,10139.98993900001,7691.003544000003,9322.283822000001,9341.553860000004,1999,619,310,490,580,0.545,0.065,0.715,0.01,-0.29000000000000004,0.23,0.17000000000000004,0.031427743813905784,0.048860356377082866,0.14107263581444296,0.07734853325752532,0.13734436038770692,0.3626038053045383,0.44120808120617855,0.47490545786728106,0.5613514688579432,0.39,0.39,0.45,0.45,0.6200000000000001,0.6232487758839823,0.56,0.56,,,,95.0,98.0,106.0,0.0,111.0,0.0,99.0,DOWN,95.0,0.94,0.29000000000000004,141058,1999,0.0,299.976
1786670100,polymarket-btc-updown-5m-1786670100-2026-08-14.txt.zst,polymarket-btc-5m_2026-08-14.zip,True,DOWN,0.99,0.305,0.46499999999999997,0.405,0.635,0.225,0.08499999999999999,0.08499999999999999,0.01,0.01,0.010000000000000009,0.009999999999999953,0.009999999999999953,0.010000000000000009,0.010000000000000009,0.009999999999999995,0.009999999999999995,,,1414.53,2309.52,1195.15,0.0,626.75,1136.2,1730.19,7651.5599999999995,19055.204201000022,11332.180635000002,2433.8486620000017,4256.350336999998,5328.2030440000035,7195.9161370000065,24.84,0,1347,731,319,290,7,0.645,0.08499999999999999,0.08499999999999999,0.01,0.17000000000000004,-0.55,-0.075,0.03908476746277311,0.024820104783849533,0.2541522940417871,-0.2724136718911366,-0.14912929731884525,0.6152529273763357,0.22788606916570803,0.2400287389585411,0.0,0.08999999999999998,0.09428700953221598,0.09660881365031765,0.10084473338317268,0.9200000000000002,0.9200000000000002,0.9200000000000002,0.9247939002859737,,,,45.0,138.0,158.0,0.0,100.0,0.0,85.0,DOWN,45.0,0.92,0.36,104417,1347,0.0,300.0
1786670400,polymarket-btc-updown-5m-1786670400-2026-08-14.txt.zst,polymarket-btc-5m_2026-08-14.zip,True,UP,0.999,0.515,0.845,0.885,0.905,0.905,0.99,0.99,0.99,0.99,0.010000000000000009,0.010000000000000009,0.010000000000000009,0.010000000000000009,0.010000000000000009,,,,,3072.8599999999997,5889.52,21153.600000000002,25903.53,4644.77,0.0,0.0,0.0,8322.327670999997,11173.839425000002,5348.895173,6264.90328,0,887.3,0,11026.17,817,561,234,18,4,0.99,0.365,0.999,0.99,0.06000000000000005,0.08499999999999996,0.0,0.020413743859844773,0.015283835959813526,-0.14626012076933037,-0.07887239568578731,-1.0,0.6508101538916097,1.0,1.0,1.0,,,,,0.010000000000000009,0.012054325452096637,0.010000000000000009,0.010000000000000009,53.0,53.0,57.0,,,,105.0,0.0,104.0,0.0,UP,53.0,0.97,0.77,85243,817,0.0,299.983
1786670700,polymarket-btc-updown-5m-1786670700-2026-08-14.txt.zst,polymarket-btc-5m_2026-08-14.zip,True,DOWN,0.99,0.505,0.405,0.345,0.435,0.305,0.11499999999999999,0.015,0.01,0.01,0.010000000000000009,0.009999999999999953,0.009999999999999953,0.010000000000000009,0.010000000000000009,0.009999999999999995,0.01,,,2799.59,2292.45,1056.41,0.0,822.19,2454.3100000000004,1891.66,8797.86,9658.864287999992,9664.791423000002,3317.3544370000004,4002.9441130000014,4578.073328,6396.207611000011,433.59999999999997,0,1221,696,264,252,9,0.595,0.10500000000000001,0.135,0.01,0.02999999999999997,-0.32,-0.105,0.028912084211370485,0.021324201031616728,-0.0003067294868349781,-0.09365597199584173,-0.16567229261816954,0.47993225159194347,0.25159254377510015,0.05668369200292109,0.0,0.12000000000000001,0.12,0.028969729058043063,0.03696092452601358,0.89,0.8930111487925706,0.99,0.99,,,,72.0,162.0,166.0,0.0,63.0,0.0,51.0,DOWN,72.0,0.9,0.44999999999999996,109056,1221,0.0,299.977
1786671000,polymarket-btc-updown-5m-1786671000-2026-08-14.txt.zst,polymarket-btc-5m_2026-08-14.zip,True,UP,0.99,0.475,0.395,0.345,0.395,0.525,0.495,0.435,0.405,0.985,0.010000000000000009,0.010000000000000009,0.009999999999999953,0.010000000000000009,0.010000000000000009,0.010000000000000009,0.010000000000000009,0.009999999999999953,0.010000000000000009,1564.14,2769.29,2092.95,219.0,969.8499999999999,1214.56,944.1300000000001,676.6200000000001,11117.457326000003,7399.606689000004,3592.413138999999,5593.838607999998,4140.459447000001,5064.205370999998,8206.629394000009,7031.029169,1706,544,322,338,502,0.595,0.20500000000000002,0.99,0.065,0.0,0.09999999999999998,-0.08999999999999997,0.02709809444756357,0.041923299312078055,0.20077970427646102,-0.21787182891581602,-0.10035628045831545,0.4818741914652166,0.5295696320953297,0.46093476935939115,0.4648218946885228,0.5028452797887231,0.5079145674560558,0.44,0.44,0.51,0.51,0.5700000000000001,0.5700000000000001,247.0,247.0,248.0,99.0,100.0,232.0,28.0,19.0,28.0,11.0,DOWN,99.0,0.8,0.010000000000000009,138218,1706,0.0,300.0
1786671300,polymarket-btc-updown-5m-1786671300-2026-08-14.txt.zst,polymarket-btc-5m_2026-08-14.zip,True,UP,0.99,0.645,0.825,0.845,0.625,0.795,0.895,0.905,0.935,0.99,0.010000000000000009,0.010000000000000009,0.010000000000000009,0.010000000000000009,0.010000000000000009,0.010000000000000009,0.010000000000000009,0.009999999999999898,,829.36,2223.5499999999997,980.76,1633.19,1293.3200000000002,1935.6599999999999,2586.04,3854.95,6052.290023000002,7658.16565,2727.621273000001,756.5696700000002,2401.2960249999996,2299.2010929999997,2345.514549,1534.546665,1068,484,205,278,101,0.925,0.455,0.99,0.695,-0.19999999999999996,0.27,0.040000000000000036,0.024098740625183884,0.017416555897004676,-0.11712780853538284,0.5657128542165549,0.021720028634639402,0.506597781973162,0.7092797854496945,0.6625544948129012,0.762933950266526,0.9,0.9,0.9100000000000001,0.91,0.11637202937555866,0.1185221990961514,0.10609931345025182,0.11279202179299627,45.0,46.0,87.0,,,,171.0,0.0,153.0,0.0,UP,45.0,0.93,0.63,81426,1068,0.0,300.0
1786671600,polymarket-btc-updown-5m-1786671600-2026-08-14.txt.zst,polymarket-btc-5m_2026-08-14.zip,True,UP,0.99,0.705,0.775,0.795,0.875,0.905,0.955,0.975,0.99,0.99,0.010000000000000009,0.010000000000000009,0.010000000000000009,0.010000000000000009,0.010000000000000009,0.010000000000000009,0.010000000000000009,,,1056.09,1461.23,1700.6699999999998,5199.96,1505.25,3634.5,1217.86,0.0,4406.640196999999,5920.281777000002,2144.585168000002,1651.0892360000003,3474.6793769999995,2595.00333,0,410.0,934,521,232,176,5,0.965,0.53,0.99,0.955,0.09999999999999998,0.07999999999999996,0.03500000000000003,0.012546761274822875,0.005534074376554896,-0.14657238466707553,0.13001534891400063,0.144929494582228,0.60499410793012,0.7513724283002412,0.9086035828812393,1.0,0.96,0.96,0.98,0.9806243040311575,0.055311501395307994,0.06507514399103616,0.034981501480657075,0.04387470565782425,33.0,35.0,109.0,,,,193.0,0.0,161.0,0.0,UP,33.0,0.97,0.76,64037,934,0.0,299.98
1786671900,polymarket-btc-updown-5m-1786671900-2026-08-14.txt.zst,polymarket-btc-5m_2026-08-14.zip,True,DOWN,0.99,0.265,0.125,0.11499999999999999,0.11499999999999999,0.065,0.16999999999999998,0.185,0.125,0.01,0.010000000000000009,0.010000000000000009,0.009999999999999995,0.009999999999999995,0.010000000000000009,0.04000000000000001,0.010000000000000009,0.010000000000000009,,1881.54,173.5,1320.9700000000003,752.89,2776.02,2097.37,697.98,622.29,4236.4808470000025,5219.700441999999,2913.9879520000004,3217.882945,4084.4613090000003,4574.491558999996,3144.3499960000004,4164.5060840000015,1129,423,240,355,111,0.535,0.045,0.20500000000000002,0.01,-0.010000000000000009,0.05499999999999999,-0.044999999999999984,0.017149041834876425,0.022567533049220195,-0.1039763901463836,-0.049559913785640716,-0.0565923221283431,0.3131494743546486,0.31034989185995143,0.34435740075720284,0.24763013810574486,0.19,0.19,0.19,0.19,0.8634621734594256,0.8730360563850056,0.8200000000000001,0.8254270317618891,,,,24.0,33.0,51.0,0.0,221.0,0.0,195.0,DOWN,24.0,0.96,0.73,96049,1129,0.0,300.0
1786672200,polymarket-btc-updown-5m-1786672200-2026-08-14.txt.zst,polymarket-btc-5m_2026-08-14.zip,True,DOWN,0.99,0.485,0.455,0.335,0.395,0.475,0.665,0.645,0.335,0.405,0.010000000000000009,0.010000000000000009,0.010000000000000009,0.010000000000000009,0.010000000000000009,0.010000000000000009,0.010000000000000009,0.010000000000000009,0.009999999999999953,867.6899999999999,1266.01,640.4499999999999,531.75,2580.71,560.3299999999999,1330.23,173.46,7383.483253000002,6157.962596999996,3845.961904,2253.1898929999993,3821.4071529999987,5284.054832,10034.666486999999,9997.247656000005,1769,510,228,343,688,0.695,0.245,0.865,0.01,-0.06,0.27,-0.33,0.023318973172160078,0.04422390943904902,0.09050146266323593,0.26114647806985886,-0.16063409867720196,0.4774386865992134,0.5766897434510609,0.5562372011085767,0.48908056787026216,0.67,0.6709640015632772,0.65,0.65,0.33999999999999997,0.33999999999999997,0.36,0.3647427466924519,223.0,227.0,228.0,76.0,246.0,256.0,11.0,28.0,7.0,19.0,DOWN,76.0,0.76,0.14,145344,1769,0.001,299.995
1786672500,polymarket-btc-updown-5m-1786672500-2026-08-14.txt.zst,polymarket-btc-5m_2026-08-14.zip,True,UP,0.99,0.415,0.315,0.315,0.455,0.635,0.775,0.945,0.99,0.99,0.010000000000000009,0.010000000000000009,0.010000000000000009,0.010000000000000009,0.010000000000000009,0.010000000000000009,0.010000000000000009,,,1514.9099999999999,109.24000000000001,1549.3400000000001,3755.6099999999997,752.7900000000001,629.82,2380.1600000000003,0.0,19238.962892000014,7484.587806000004,8440.394010000004,6048.639531000003,3402.580731999998,2336.3499389999993,0,406.66,1259,605,356,284,14,0.905,0.155,0.99,0.685,0.14,0.32,0.21499999999999997,0.028988551782622423,0.039000929435018955,0.439850797479532,0.16507343103540953,0.18578910499614212,0.6219988501286535,0.7782599893501372,0.8730057778486809,1.0,0.78,0.7799999999999999,0.95,0.95,0.2344417710954658,0.26767290419359574,0.06576135650168541,0.0722034479744249,134.0,135.0,137.0,62.0,98.0,99.0,43.0,16.0,39.0,3.0,DOWN,62.0,0.85,0.010000000000000009,114859,1259,0.001,299.985
1786672800,polymarket-btc-updown-5m-1786672800-2026-08-14.txt.zst,polymarket-btc-5m_2026-08-14.zip,True,DOWN,0.99,0.445,0.235,0.315,0.265,0.255,0.165,0.125,0.705,0.05,0.010000000000000009,0.009999999999999981,0.010000000000000009,0.010000000000000009,0.010000000000000009,0.010000000000000009,0.010000000000000009,0.010000000000000009,0.019999999999999997,588.21,943.51,741.98,803.22,2101.95,1714.1599999999999,1512.94,538.48,6566.738225,7728.834383000003,1638.4430089999998,1842.5834810000003,2470.0579720000014,3106.3062760000003,5501.011229000001,5297.826761,1513,610,185,308,410,0.645,0.135,0.885,0.01,0.030000000000000027,-0.1,0.5399999999999999,0.032121966444962805,0.044050540045911114,-0.08129063381131567,-0.05864375711774618,-0.11409733577360792,0.38519648694501596,0.36829596270823134,0.2946861980125138,0.5637166014292483,0.17,0.17,0.13,0.13444269391721989,0.84,0.84,0.88,0.880120285411823,244.0,245.0,246.0,57.0,61.0,134.0,17.0,137.0,9.0,110.0,DOWN,57.0,0.87,0.12,125158,1513,0.0,299.979
1786673100,polymarket-btc-updown-5m-1786673100-2026-08-14.txt.zst,polymarket-btc-5m_2026-08-14.zip,True,UP,0.999,0.335,0.235,0.335,0.735,0.915,0.975,0.99,0.99,0.999,0.010000000000000009,0.009999999999999981,0.010000000000000009,0.010000000000000009,0.010000000000000009,0.010000000000000009,,,,1201.48,3830.26,4576.0599999999995,12833.33,1103.31,2595.36,0.0,0.0,7825.061188000002,5469.321039999996,4128.71852,3474.331441000001,2358.861773,2870.69,0,3862.0,910,532,311,62,5,0.975,0.215,0.999,0.985,0.5,0.24,0.015000000000000013,0.027736726201773653,0.012392106644100656,0.17719816593195717,0.0860690226102276,-0.0978722936911251,0.612527415467361,0.8634176325217764,1.0,1.0,0.98,0.98,,,0.03000000000000003,0.034628051770455706,0.010156494957972629,0.015954753959233108,121.0,125.0,148.0,40.0,,,70.0,27.0,54.0,0.0,DOWN,40.0,0.79,0.0010000000000000009,87820,910,0.0,299.991
1786673400,polymarket-btc-updown-5m-1786673400-2026-08-14.txt.zst,polymarket-btc-5m_2026-08-14.zip,True,DOWN,0.999,0.715,0.46499999999999997,0.665,0.505,0.10500000000000001,0.035,0.01,0.01,0.01,0.010000000000000009,0.009999999999999953,0.010000000000000009,0.010000000000000009,0.009999999999999995,0.010000000000000002,,,,528.1299999999999,2655.2700000000004,0.0,0.0,1891.01,1815.52,2906.7299999999996,7142.209999999999,4896.012492999997,7356.520057999998,4280.670057,6511.874873999999,6653.758662000001,3270.1233789999983,839.6800000000001,0,1103,518,388,185,12,0.755,0.035,0.08499999999999999,0.001,0.040000000000000036,-0.47,-0.025,0.0271699702413007,0.023102386624938215,-0.20081624388740638,-0.20673574502258413,0.3409588373804415,0.468216137154251,0.1499806824189678,0.0,0.0,0.050132167197306184,0.05758895332006355,0.016462968057862414,0.024558931214434716,0.9699999999999999,0.9700000000000001,,,33.0,,,134.0,139.0,141.0,3.0,75.0,0.0,70.0,UP,33.0,0.76,0.001,110074,1103,0.0,300.0
1786673700,polymarket-btc-updown-5m-1786673700-2026-08-14.txt.zst,polymarket-btc-5m_2026-08-14.zip,True,DOWN,0.99,0.785,0.805,0.805,0.815,0.735,0.735,0.225,0.015,0.01,0.010000000000000009,0.010000000000000009,0.010000000000000009,0.009999999999999898,0.010000000000000009,0.010000000000000009,0.010000000000000009,0.01,,1133.3999999999999,558.6800000000001,1111.75,769.57,1384.04,752.1600000000001,359.88,1972.7600000000002,5917.832051999999,9619.480160000003,1711.6778260000003,1922.044953,5459.789138,8850.252656999999,3171.893332,928.3207050000001,1257,493,199,488,77,0.855,0.495,0.785,0.01,0.009999999999999898,-0.07999999999999996,-0.72,0.024000466848867443,0.035495505652422404,-0.23824250021448973,-0.05789300389555108,-0.23692897390311216,0.5233066964122445,0.47322204227569553,0.2944315134686321,0.051041936803957765,0.74,0.74,0.23663843597944648,0.24608556416584848,0.27,0.27,0.78,0.7799999999999999,4.0,12.0,15.0,201.0,219.0,221.0,153.0,44.0,89.0,28.0,UP,4.0,0.86,0.01,86970,1257,0.0,299.979
1786674000,polymarket-btc-updown-5m-1786674000-2026-08-14.txt.zst,polymarket-btc-5m_2026-08-14.zip,True,UP,0.99,0.555,0.675,0.695,0.825,0.715,0.655,0.565,0.925,0.99,0.010000000000000009,0.010000000000000009,0.010000000000000009,0.010000000000000009,0.010000000000000009,0.010000000000000009,0.009999999999999898,0.010000000000000009,,2111.31,1790.16,306.31,309.11,1331.19,773.79,1000.75,3183.33,4472.009211000002,5044.985100000004,3364.0938619999997,6784.803887999997,9487.887583,6587.271403,7402.057969000002,7136.529083000001,1739,365,362,740,272,0.845,0.445,0.99,0.485,0.1499999999999999,-0.16999999999999993,0.27,0.018526988414739397,0.038410827667424284,-0.06020555127764873,-0.3370523686673263,0.1804409015504091,0.6433143486891234,0.5103241008804023,0.46136448113271017,0.7049788777091166,0.6599999999999999,0.66,0.57,0.57,0.35,0.35,0.4434018674543608,0.4584594231633277,94.0,99.0,111.0,,,,71.0,0.0,60.0,0.0,UP,94.0,0.85,0.49,116777,1739,0.0,300.0
1786674300,polymarket-btc-updown-5m-1786674300-2026-08-14.txt.zst,polymarket-btc-5m_2026-08-14.zip,True,DOWN,0.99,0.28500000000000003,0.415,0.28500000000000003,0.235,0.185,0.125,0.10500000000000001,0.01,0.01,0.009999999999999953,0.010000000000000009,0.009999999999999953,0.009999999999999981,0.010000000000000009,0.010000000000000009,0.009999999999999995,,,1222.1,1101.29,1242.5,0.0,719.2800000000001,1070.78,659.4300000000001,2202.56,7063.235584000001,4284.895510999999,1061.3844119999999,1533.6962109999995,2564.0969639999994,7424.565418000004,540.89,0,947,443,146,334,24,0.485,0.125,0.125,0.01,-0.18,-0.10999999999999999,-0.115,0.020313328199017714,0.012316304417637008,0.2448279853080074,-0.18200274581604,-0.48659853222777627,0.4145297710023153,0.2595241169604858,0.36514017984147956,0.0,0.13,0.13,0.11599687406862014,0.12763411065213165,0.88,0.8846120137150458,0.9,0.9,,,,23.0,136.0,160.0,0.0,141.0,0.0,103.0,DOWN,23.0,0.88,0.52,88580,947,0.0,300.0
1786674600,polymarket-btc-updown-5m-1786674600-2026-08-14.txt.zst,polymarket-btc-5m_2026-08-14.zip,True,UP,0.999,0.705,0.815,0.875,0.925,0.965,0.99,0.99,0.99,0.999,0.010000000000000009,0.009999999999999898,0.010000000000000009,0.010000000000000009,0.010000000000000009,,,,,1401.92,5747.209999999999,5023.55,8123.41,2780.5899999999997,0.0,0.0,0.0,4743.857520999997,5828.582008999997,3029.385685,1928.46,0,810.4100000000001,0,1184.29,620,446,155,9,10,0.99,0.51,0.999,0.99,0.1100000000000001,0.06499999999999995,0.0,0.014139102364940802,0.002968044208975833,-0.10259926149702939,0.2220572714336106,-1.0,0.6965509512625749,1.0,1.0,1.0,,,,,0.010000000000000009,0.011355154936341873,0.010000000000000009,0.012964860994668627,35.0,56.0,77.0,,,,123.0,0.0,103.0,0.0,UP,35.0,0.99,0.74,69513,620,0.0,299.993
1786674900,polymarket-btc-updown-5m-1786674900-2026-08-14.txt.zst,polymarket-btc-5m_2026-08-14.zip,True,DOWN,0.99,0.595,0.695,0.755,0.715,0.535,0.565,0.385,0.375,0.10500000000000001,0.010000000000000009,0.010000000000000009,0.010000000000000009,0.010000000000000009,0.010000000000000009,0.009999999999999898,0.010000000000000009,0.010000000000000009,0.009999999999999995,851.6999999999999,1123.51,444.91999999999996,3448.96,1137.6699999999998,778.6499999999999,1526.77,178.23,5982.429406000003,6703.607534000004,3067.2801469999995,2507.7639770000005,6695.329899,5398.326255,8128.887709999998,9783.619123000002,1681,487,258,392,544,0.785,0.39,0.585,0.01,0.020000000000000018,-0.15000000000000002,-0.18999999999999995,0.0285238793763729,0.05050411725358799,-0.05684818130444455,0.10036085052517137,0.1072466115692411,0.5599947891018714,0.5317542302159753,0.4300406018419616,0.55189779759924,0.57,0.57,0.39,0.39,0.43999999999999995,0.43999999999999995,0.6200000000000001,0.62,63.0,,,187.0,224.0,252.0,29.0,59.0,0.0,45.0,UP,63.0,0.79,0.01,139854,1681,0.0,300.0
1786675200,polymarket-btc-updown-5m-1786675200-2026-08-14.txt.zst,polymarket-btc-5m_2026-08-14.zip,True,DOWN,0.99,0.255,0.20500000000000002,0.375,0.445,0.365,0.295,0.165,0.035,0.01,0.010000000000000009,0.009999999999999981,0.010000000000000009,0.010000000000000009,0.010000000000000009,0.010000000000000009,0.010000000000000009,0.010000000000000002,,823.9200000000001,1291.96,636.09,2898.5299999999997,1210.3200000000002,668.4200000000001,1368.1399999999999,988.44,7675.117411000002,5635.611540999999,805.6055779999999,1318.9419199999998,3783.1626210000018,5132.435886999997,2909.536664,2832.269311,1135,554,109,336,136,0.505,0.20500000000000002,0.325,0.01,0.24,-0.15000000000000002,-0.26,0.03712006411179627,0.025326243332536323,0.1532227030807022,-0.24162149468686525,-0.1513384956477445,0.4436992780955165,0.46536700626628097,0.3289618617774774,0.24600401444521305,0.3,0.30774808017623734,0.17,0.17382898051717352,0.71,0.71,0.84,0.84,,,,17.0,19.0,196.0,0.0,106.0,0.0,73.0,DOWN,17.0,0.8200000000000001,0.56,110856,1135,0.0,299.978
1786675500,polymarket-btc-updown-5m-1786675500-2026-08-14.txt.zst,polymarket-btc-5m_2026-08-14.zip,True,UP,0.99,0.665,0.775,0.805,0.585,0.815,0.925,0.915,0.985,0.99,0.010000000000000009,0.010000000000000009,0.010000000000000009,0.010000000000000009,0.009999999999999898,0.010000000000000009,0.010000000000000009,0.010000000000000009,,467.39,1658.38,1269.47,1723.5600000000002,534.25,3043.4,2914.66,395.14,4251.2254989999965,6620.779088000004,3239.632791,1971.607002,4273.471064,2912.66598,657.5101,1089.66,995,465,200,304,26,0.935,0.515,0.99,0.755,-0.19000000000000006,0.3400000000000001,0.05999999999999994,0.023188991822343092,0.019912838844153156,-0.21795001740832207,0.24332516624993467,0.18936531208184956,0.44328628527933067,0.6980557966944118,0.6879510139765262,0.9576429980276134,0.9299999999999999,0.93,0.9264102976884179,0.9285610000171642,0.07999999999999996,0.08438553557355628,0.08999999999999997,0.0918000200696946,33.0,48.0,48.0,,,,159.0,0.0,135.0,0.0,UP,33.0,0.94,0.59,105266,995,0.0,300.0
1786675800,polymarket-btc-updown-5m-1786675800-2026-08-14.txt.zst,polymarket-btc-5m_2026-08-14.zip,True,UP,0.99,0.625,0.535,0.645,0.735,0.865,0.915,0.965,0.985,0.99,0.010000000000000009,0.010000000000000009,0.010000000000000009,0.010000000000000009,0.010000000000000009,0.010000000000000009,0.010000000000000009,0.010000000000000009,,1727.55,1001.05,1648.9099999999999,1551.6599999999999,596.29,2050.91,2414.6,240.72,3958.8511180000014,5155.162867000001,2625.6646559999986,2321.9840090000002,3569.9127739999985,2997.672442,204.33333000000002,1440.6100000000004,801,363,170,234,34,0.925,0.495,0.99,0.915,0.19999999999999996,0.18000000000000005,0.06999999999999995,0.01410190751346098,0.008544978893644839,-0.13126068831679538,0.06137878163181953,0.08713100982776782,0.6118469237614043,0.7296819800451704,0.7811635328141413,0.9724174913804662,0.9200000000000002,0.9200000000000002,0.9699999999999999,0.9700000000000001,0.08999999999999997,0.09460985537294601,0.04729929075879564,0.052147126431063194,109.0,134.0,135.0,,,,120.0,0.0,98.0,0.0,UP,109.0,0.93,0.74,83490,801,0.0,299.979
1786676100,polymarket-btc-updown-5m-1786676100-2026-08-14.txt.zst,polymarket-btc-5m_2026-08-14.zip,True,DOWN,0.999,0.395,0.215,0.065,0.035,0.015,0.01,0.01,0.01,0.01,0.010000000000000009,0.010000000000000009,0.010000000000000009,0.010000000000000002,0.01,,,,,1905.87,0.0,0.0,0.0,2508.79,7610.450000000001,8402.55,8727.81,7060.566406999999,6162.119758999995,1372.1900000000003,1464.5705150000001,4585.540000000001,0,9960.98,0,638,549,79,6,4,0.46499999999999997,0.01,0.01,0.001,-0.18,-0.025,0.0,0.016843113613298346,0.0013646502599060167,0.06794736233778394,-0.03256549663304934,1.0,0.12213412215398789,0.0,0.0,0.0,0.01,0.01,0.01,0.01,,,,,,,,49.0,62.0,68.0,0.0,102.0,0.0,89.0,DOWN,49.0,0.99,0.75,61935,638,0.001,299.985
1786676400,polymarket-btc-updown-5m-1786676400-2026-08-14.txt.zst,polymarket-btc-5m_2026-08-14.zip,True,DOWN,0.99,0.335,0.245,0.155,0.055,0.045,0.025,0.01,0.01,0.01,0.010000000000000009,0.010000000000000009,0.010000000000000009,0.009999999999999995,0.010000000000000002,0.009999999999999998,,,,4523.670000000001,293.0,0.0,0.0,1168.2500000000002,2476.73,7411.67,8568.02,8780.578439000003,8472.677542000001,2243.164568,3141.5702929999993,2309.39,363.9421,903.8,0,741,555,148,32,6,0.565,0.015,0.015,0.01,-0.19,-0.03,-0.015000000000000001,0.025568603821885937,0.005048899186345031,0.01784595889257509,-0.16684307550718594,0.727723989099596,0.2749593669881244,0.01864200916321557,0.0,0.0,0.030000000000000002,0.035627710357278145,0.01,0.01,0.98,0.9811579381724651,,,,,,51.0,68.0,89.0,0.0,133.0,0.0,123.0,DOWN,51.0,0.99,0.72,72911,741,0.0,299.981
1786676700,polymarket-btc-updown-5m-1786676700-2026-08-14.txt.zst,polymarket-btc-5m_2026-08-14.zip,True,UP,0.99,0.685,0.595,0.685,0.815,0.815,0.645,0.925,0.935,0.99,0.009999999999999898,0.010000000000000009,0.009999999999999898,0.009999999999999898,0.009999999999999898,0.010000000000000009,0.010000000000000009,0.009999999999999898,,610.41,425.7,1024.5900000000001,792.6399999999999,3022.68,1781.0900000000001,2443.81,3068.94,6438.204546999995,6096.180410999999,3655.2896070000015,4179.154356,6686.137850000004,5621.287907000001,3639.233232,2651.8366640000004,1234,462,233,423,116,0.865,0.475,0.99,0.385,0.21999999999999997,-0.16999999999999993,0.29000000000000004,0.022649905237835177,0.04209341826210439,0.027286870249002573,-0.06686687038340852,0.08652093167365693,0.6067078387821034,0.45306740792866673,0.7150353192872997,0.7883416669540328,0.65,0.65,0.9299999999999999,0.93,0.3798923907955283,0.385894711650711,0.07999999999999996,0.0862216492543677,108.0,109.0,136.0,,,,108.0,0.0,100.0,0.0,UP,108.0,0.87,0.39,124994,1234,0.0,300.0
1786677000,polymarket-btc-updown-5m-1786677000-2026-08-14.txt.zst,polymarket-btc-5m_2026-08-14.zip,True,UP,0.999,0.535,0.655,0.555,0.715,0.845,0.905,0.985,0.99,0.99,0.010000000000000009,0.010000000000000009,0.010000000000000009,0.010000000000000009,0.010000000000000009,0.010000000000000009,0.010000000000000009,,,1251.81,2592.39,1680.3899999999999,8138.68,1161.75,990.9100000000001,1360.04,0.0,7340.908406000003,8591.357367000004,3831.452877999997,3238.9639370000004,3941.497947,3746.2473890000015,0,59.49,1072,616,244,209,3,0.935,0.20500000000000002,0.999,0.925,0.05999999999999994,0.19000000000000006,0.08499999999999996,0.035432477110324496,0.01299918374175312,-0.07848531896317623,0.08379830447096445,0.025397636038447243,0.5745756159853777,0.7147244696521367,0.886887672782315,1.0,0.9100000000000001,0.91,0.99,0.99,0.09999999999999996,0.09999999999999998,0.026476778106972566,0.036424832553222916,143.0,144.0,150.0,70.0,73.0,,74.0,4.0,73.0,1.0,DOWN,70.0,0.8,0.0010000000000000009,105224,1072,0.0,299.989
1786677300,polymarket-btc-updown-5m-1786677300-2026-08-14.txt.zst,polymarket-btc-5m_2026-08-14.zip,True,UP,0.999,0.535,0.725,0.935,0.945,0.975,0.99,0.99,0.99,0.999,0.010000000000000009,0.010000000000000009,0.009999999999999898,0.010000000000000009,0.010000000000000009,,,,,1952.4399999999998,3572.37,13501.039999999999,18032.07,3890.8500000000004,0.0,0.0,0.0,7263.968339000003,7393.316295000004,2712.944357,1017.38,0,224.66,0,2572.64,661,539,114,4,4,0.99,0.505,0.999,0.99,0.21999999999999997,0.04500000000000004,0.0,0.020446521075469924,0.0022698898526201812,-0.00882482391724572,0.4545353687054725,-1.0,0.7779775606605122,1.0,1.0,1.0,,,,,0.013950885917798549,0.019860432478584558,0.010000000000000009,0.010000000000000009,61.0,61.0,65.0,,,,116.0,0.0,116.0,0.0,UP,61.0,0.99,0.8,72076,661,0.0,300.0
1786677600,polymarket-btc-updown-5m-1786677600-2026-08-14.txt.zst,polymarket-btc-5m_2026-08-14.zip,True,DOWN,0.999,0.405,0.335,0.225,0.215,0.555,0.195,0.045,0.01,0.01,0.009999999999999953,0.010000000000000009,0.010000000000000009,0.010000000000000009,0.010000000000000009,0.010000000000000009,0.010000000000000002,,,1517.3899999999999,1935.84,4346.37,0.0,721.51,1375.65,1690.6599999999999,3171.9,9673.931748000006,12240.711658999999,4175.689306000001,4315.015486,3373.458995,7143.522464,603.4499999999999,0,1176,619,291,254,12,0.695,0.135,0.195,0.001,-0.12000000000000002,-0.01999999999999999,-0.185,0.036048811446741054,0.030613940614044426,-0.1171262458315935,-0.01640925970377314,-0.35847391037983956,0.38613880256888344,0.39577441648007733,0.23623322158594331,0.0,0.2,0.20098629368324764,0.052092486100202756,0.05893496960162054,0.8099999999999999,0.81,0.96,0.96,,,,40.0,40.0,93.0,0.0,114.0,0.0,79.0,DOWN,40.0,0.87,0.4,117827,1176,0.0,300.0
1786677900,polymarket-btc-updown-5m-1786677900-2026-08-14.txt.zst,polymarket-btc-5m_2026-08-14.zip,True,DOWN,0.999,0.245,0.165,0.045,0.015,0.01,0.015,0.01,0.01,0.001,0.010000000000000009,0.010000000000000009,0.010000000000000002,0.01,,0.01,,,,185.04,160.0,0.0,0.0,2797.14,3615.88,10131.2,12223.66,6330.094147,10620.650871000002,3825.4399999999996,507.5416,1256.32,289.03329999999994,2530.0,0,560,483,43,32,2,0.46499999999999997,0.01,0.015,0.001,-0.15000000000000002,0.0,-0.004999999999999999,0.01460593486680443,0.001028368446001767,-0.25311906464546885,0.7657310153359526,0.6259324000537613,0.012798698549978841,0.010513174321571723,0.0,0.0,0.02,0.021677561362557485,0.01,0.01,0.99,0.99,,,,,,26.0,57.0,62.0,0.0,92.0,0.0,77.0,DOWN,26.0,0.99,0.69,58940,560,0.0,300.0
1786678200,polymarket-btc-updown-5m-1786678200-2026-08-14.txt.zst,polymarket-btc-5m_2026-08-14.zip,True,DOWN,0.999,0.265,0.265,0.20500000000000002,0.08499999999999999,0.025,0.025,0.01,0.01,0.001,0.010000000000000009,0.010000000000000009,0.009999999999999981,0.009999999999999995,0.009999999999999998,0.009999999999999998,,,,2370.37,1008.85,0.0,0.0,2522.13,2567.21,5596.44,4910.38,6121.487456999997,4617.757710999994,2815.5816649999997,5107.169103000002,838.37,1007.6057000000001,128.57999999999998,0,672,421,214,32,5,0.48,0.015,0.015,0.001,-0.18000000000000002,-0.05999999999999999,-0.015000000000000001,0.020696849852997797,0.005582760307211029,0.14002192169713254,-0.28924138914677544,-0.09167818406276966,0.29775201757121866,0.08682155732322647,0.0,0.0,0.032239495478363564,0.03676992212017915,0.01,0.010946220164643618,0.98,0.98,,,,,,19.0,87.0,91.0,0.0,126.0,0.0,102.0,DOWN,19.0,0.99,0.63,72467,672,0.0,300.0
1786678500,polymarket-btc-updown-5m-1786678500-2026-08-14.txt.zst,polymarket-btc-5m_2026-08-14.zip,True,DOWN,0.999,0.215,0.195,0.165,0.135,0.055,0.015,0.01,0.001,0.001,0.010000000000000009,0.010000000000000009,0.010000000000000009,0.010000000000000009,0.009999999999999995,0.01,,,,1784.6100000000001,632.87,0.0,0.0,2038.2700000000004,2158.63,7725.44,9758.130000000001,6494.298391999999,6531.058243999999,4582.91907,5921.126290000002,6496.445,1226.0852409999995,2.31,0,751,435,270,45,1,0.55,0.015,0.015,0.001,-0.06,-0.12000000000000001,-0.013999999999999999,0.021806982088017467,0.007320223463580761,-0.002822176238798852,-0.12739922326458822,0.682465408943162,0.3615280243688021,0.04356613534434988,0.0,0.0,0.02938626166848375,0.03594401980102684,0.01,0.01,0.99,0.99,,,,,,20.0,26.0,54.0,0.0,166.0,0.0,133.0,DOWN,20.0,0.99,0.74,74201,751,0.0,300.0
1786678800,polymarket-btc-updown-5m-1786678800-2026-08-14.txt.zst,polymarket-btc-5m_2026-08-14.zip,True,UP,0.99,0.715,0.785,0.535,0.475,0.765,0.925,0.985,0.985,0.99,0.010000000000000009,0.010000000000000009,0.010000000000000009,0.010000000000000009,0.010000000000000009,0.010000000000000009,0.010000000000000009,0.010000000000000009,,642.98,1831.81,2098.7400000000002,1373.6799999999998,1864.85,3061.85,1237.12,551.58,7196.3049720000035,6293.209995000006,4561.936398,2589.491089999999,6586.363207000001,6460.026021999999,910.5226279999997,2727.7199960000003,1202,520,249,361,72,0.925,0.395,0.99,0.745,-0.31000000000000005,0.45000000000000007,0.05999999999999994,0.027244612450226288,0.027913227500188546,0.06694792060420843,0.2758114112615611,0.00968368970007235,0.5220995184870808,0.7542764778150812,0.9045609574145549,0.9510436877262182,0.9299999999999999,0.93,0.99,0.99,0.07999999999999996,0.08494331916971935,0.024130317474222812,0.03169570148637203,11.0,135.0,170.0,,,,156.0,0.0,97.0,0.0,UP,11.0,0.93,0.4,111604,1202,0.001,299.979
1786679100,polymarket-btc-updown-5m-1786679100-2026-08-14.txt.zst,polymarket-btc-5m_2026-08-14.zip,True,DOWN,0.99,0.455,0.46499999999999997,0.235,0.165,0.265,0.095,0.015,0.01,0.01,0.010000000000000009,0.009999999999999953,0.009999999999999981,0.010000000000000009,0.010000000000000009,0.010000000000000009,0.01,,,632.16,1240.04,839.12,0.0,1876.37,2219.78,3041.74,5132.6,5647.847383000001,4933.543468999998,2436.0437469999993,2529.7699409999973,5647.434475999999,4364.518120000001,318.07000000000005,0,931,404,240,280,7,0.515,0.095,0.095,0.01,-0.29999999999999993,-0.07,-0.085,0.02272953260982426,0.014949590079833265,0.06750567330805964,-0.018874287254572103,0.12813847685540908,0.3762806071727926,0.26002133957151213,0.0715192818752248,0.0,0.1,0.10257829493749424,0.02,0.026824334447585134,0.9100000000000001,0.91,0.99,0.99,,,,75.0,100.0,104.0,0.0,130.0,0.0,105.0,DOWN,75.0,0.91,0.73,75086,931,0.0,300.0
1786679400,polymarket-btc-updown-5m-1786679400-2026-08-14.txt.zst,polymarket-btc-5m_2026-08-14.zip,True,DOWN,0.99,0.495,0.565,0.405,0.535,0.335,0.305,0.265,0.135,0.01,0.010000000000000009,0.009999999999999898,0.009999999999999953,0.010000000000000009,0.010000000000000009,0.010000000000000009,0.010000000000000009,0.010000000000000009,,479.48999999999995,1635.58,371.82,1412.52,1949.14,720.8699999999999,785.2,288.68,5451.253794000002,4760.062280000001,2359.6257109999997,3299.2947900000026,2245.706870000001,3193.6075109999983,3669.225964,4152.7132729999985,1132,436,218,224,254,0.645,0.265,0.315,0.01,-0.029999999999999916,-0.23000000000000004,-0.16999999999999998,0.023621667876704028,0.018130074887859563,0.0676887787030615,-0.16605094184199118,-0.17426840491351214,0.5239151414168118,0.42593511689230895,0.4095001143020631,0.33575356999134176,0.3102433213003395,0.31791234766610477,0.2745348469110168,0.27778850586568016,0.7,0.7,0.74,0.74,,,,208.0,215.0,217.0,0.0,58.0,0.0,50.0,DOWN,208.0,0.0,1.0,102488,1132,0.0,300.0
1786679700,polymarket-btc-updown-5m-1786679700-2026-08-14.txt.zst,polymarket-btc-5m_2026-08-14.zip,True,DOWN,0.99,0.565,0.725,0.835,0.865,0.905,0.945,0.485,0.10500000000000001,0.135,0.009999999999999898,0.010000000000000009,0.010000000000000009,0.010000000000000009,0.010000000000000009,0.010000000000000009,0.010000000000000009,0.009999999999999995,0.25,753.0,245.5,206.66000000000003,639.9,1167.01,1975.1299999999999,428.67,455.22,11630.283292000026,7545.734420000006,12923.188236000005,10710.358038999999,14519.027741000004,15680.965817000011,16263.789447000005,9905.346848000008,2265,543,381,863,478,0.975,0.455,0.955,0.01,0.14,0.07999999999999996,-0.84,0.027658886557528684,0.07751414406128855,0.2130029776434748,0.09363089953794952,-0.03847477893558056,0.6965572214449431,0.8477205458878387,0.6332311392739514,0.4576173591538624,0.95,0.95,0.49,0.49244775208576397,0.07722278532190663,0.11270736753453303,0.52,0.5230726946365694,40.0,61.0,61.0,233.0,235.0,236.0,140.0,34.0,127.0,32.0,UP,40.0,0.98,0.01,116575,2265,0.0,299.983
1786680000,polymarket-btc-updown-5m-1786680000-2026-08-14.txt.zst,polymarket-btc-5m_2026-08-14.zip,True,UP,0.99,0.305,0.305,0.295,0.585,0.885,0.915,0.985,0.99,0.99,0.010000000000000009,0.010000000000000009,0.010000000000000009,0.010000000000000009,0.010000000000000009,0.010000000000000009,0.010000000000000009,,,760.6800000000001,970.95,2824.02,5453.799999999999,192.24,2227.57,1868.5,0.0,13335.609175000003,12508.570763000012,7263.926495000002,10315.940253,4776.340985999998,3131.3523689999997,0,3928.67,1603,887,483,224,9,0.915,0.19,0.99,0.925,0.27999999999999997,0.33000000000000007,0.07499999999999996,0.048216783315328186,0.03277518993172324,0.03200095394723491,-0.17360846937859836,0.20802382479334255,0.5002432194482648,0.749152811282291,0.8868319237543335,1.0,0.9200000000000002,0.9200000000000002,0.99,0.99,0.09157512216711941,0.09869830395176941,0.02113843890415941,0.028309049626872716,145.0,146.0,149.0,31.0,32.0,,67.0,13.0,66.0,3.0,DOWN,31.0,0.8200000000000001,0.010000000000000009,130154,1603,0.0,300.0
1786680300,polymarket-btc-updown-5m-1786680300-2026-08-14.txt.zst,polymarket-btc-5m_2026-08-14.zip,True,UP,0.99,0.485,0.575,0.575,0.715,0.775,0.815,0.99,0.99,0.99,0.010000000000000009,0.010000000000000009,0.010000000000000009,0.010000000000000009,0.010000000000000009,0.009999999999999898,,,,582.8399999999999,511.37000000000006,2827.99,4662.4,1207.31,1140.5099999999998,0.0,0.0,9747.649603000005,11327.653993000009,3453.969357999998,3356.9266340000004,7290.830144000003,5946.47572,0,1224.4299999999998,1172,682,241,235,14,0.885,0.325,0.99,0.815,0.14,0.09999999999999998,0.17500000000000004,0.033268468049890046,0.013851358557342385,-0.07496947234012233,0.014248158261994152,0.10155800869239494,0.5959045320249767,0.6576788228178077,1.0,1.0,0.82,0.82,,,0.19438084604781689,0.20238734141047932,0.010852484598519755,0.018584631491111225,52.0,141.0,152.0,,,,94.0,0.0,71.0,0.0,UP,52.0,0.89,0.56,97527,1172,0.0,299.98
1786680600,polymarket-btc-updown-5m-1786680600-2026-08-14.txt.zst,polymarket-btc-5m_2026-08-14.zip,True,UP,0.99,0.515,0.495,0.495,0.435,0.535,0.455,0.725,0.805,0.99,0.010000000000000009,0.010000000000000009,0.010000000000000009,0.010000000000000009,0.010000000000000009,0.010000000000000009,0.010000000000000009,0.010000000000000009,,1107.73,1250.54,756.84,840.9399999999999,281.5,450.64000000000004,478.31,174.95999999999998,3770.8409280000024,6794.980669,4490.687765000002,5938.539966000002,5367.921101000002,4494.908526,3357.5401459999994,2909.42272,1272,347,291,367,267,0.655,0.245,0.99,0.335,-0.06,0.020000000000000018,0.35000000000000003,0.02376295165059382,0.033691483795321886,-0.28621908038449695,-0.13882640578423466,0.08851542691258549,0.5161411617561867,0.5360868267021509,0.7080854474861905,0.8056014154682608,0.4600000000000001,0.4647397330510241,0.74156692615108,0.7466050166145644,0.55,0.55,0.28,0.28,211.0,217.0,229.0,93.0,,,52.0,3.0,44.0,0.0,DOWN,93.0,0.77,0.010000000000000009,106575,1272,0.0,299.98
1786680900,polymarket-btc-updown-5m-1786680900-2026-08-14.txt.zst,polymarket-btc-5m_2026-08-14.zip,True,UP,0.999,0.545,0.415,0.835,0.985,0.965,0.975,0.985,0.975,0.999,0.010000000000000009,0.010000000000000009,0.010000000000000009,0.010000000000000009,0.010000000000000009,0.010000000000000009,0.010000000000000009,0.010000000000000009,,2489.8999999999996,1950.37,1974.1799999999998,1179.46,446.34,3062.59,301.62,547.96,11608.675294000002,9197.392117,2117.039855,5274.574987999999,2668.216883000002,3832.123326,2654.285995,3703.656037,1002,547,180,152,123,0.99,0.355,0.999,0.955,0.5700000000000001,-0.010000000000000009,0.0,0.02098080855761027,0.004738196452868875,0.11589326946644307,-0.42717798479316677,-0.1790531580775602,0.9689243194318735,0.8115200484463861,0.9769017108907797,0.9530195703206049,0.98,0.98,0.99,0.99,0.038261555456503615,0.04585972842642817,0.032031011769326254,0.03977625136164213,88.0,88.0,92.0,,,,162.0,0.0,162.0,0.0,UP,88.0,0.99,0.83,76211,1002,0.0,300.0
1786681200,polymarket-btc-updown-5m-1786681200-2026-08-14.txt.zst,polymarket-btc-5m_2026-08-14.zip,True,DOWN,0.999,0.385,0.455,0.385,0.365,0.305,0.095,0.035,0.015,0.01,0.010000000000000009,0.010000000000000009,0.010000000000000009,0.010000000000000009,0.010000000000000009,0.010000000000000009,0.010000000000000002,0.01,,334.9,1172.1,1525.45,50.0,1053.57,613.1,704.95,1199.6100000000001,3650.915743000001,4237.516976000003,1943.2132159999994,3793.2792519999975,5014.540449000001,3901.8130779999988,8805.36,55.0,818,326,162,311,19,0.46499999999999997,0.095,0.095,0.001,-0.09000000000000002,-0.27,-0.08,0.016542958253804387,0.009423452275281264,-0.07436220272084207,-0.3225082306514412,0.1247962373441681,0.4465219720418207,0.24221282014736223,0.15091198144874315,0.007153249792913417,0.1,0.1036703733181616,0.048339386661987366,0.06379872073681965,0.9100000000000001,0.91,0.9699999999999999,0.9700000000000001,,,,154.0,158.0,171.0,0.0,82.0,0.0,78.0,DOWN,154.0,0.91,0.75,71914,818,0.003,300.0
1786681500,polymarket-btc-updown-5m-1786681500-2026-08-14.txt.zst,polymarket-btc-5m_2026-08-14.zip,True,UP,0.99,0.255,0.305,0.455,0.815,0.815,0.765,0.685,0.975,0.99,0.010000000000000009,0.010000000000000009,0.010000000000000009,0.009999999999999898,0.009999999999999898,0.010000000000000009,0.009999999999999898,0.010000000000000009,,757.0500000000001,632.12,353.15999999999997,403.96,863.33,1266.2299999999998,942.1800000000001,835.81,12539.765947000005,7038.344254,5928.826382000001,6439.052149000001,6116.579147999998,9126.903486000003,1001.507521,1194.5699999999997,1384,632,248,435,69,0.935,0.165,0.99,0.185,0.51,-0.04999999999999993,0.20999999999999996,0.027001108754078594,0.08294775727685258,0.28099860694006135,-0.04125410560276142,-0.19748271509068357,0.734282156217246,0.5734999138396302,0.5639043134480228,0.9253902947842566,0.77,0.77,0.6899999999999998,0.69,0.24,0.24,0.32913851398106597,0.3324828391607258,114.0,115.0,119.0,9.0,10.0,,112.0,37.0,88.0,9.0,DOWN,9.0,0.84,0.010000000000000009,98085,1384,0.0,299.991
1786681800,polymarket-btc-updown-5m-1786681800-2026-08-14.txt.zst,polymarket-btc-5m_2026-08-14.zip,True,DOWN,0.99,0.495,0.615,0.385,0.395,0.275,0.325,0.215,0.025,0.01,0.010000000000000009,0.010000000000000009,0.010000000000000009,0.010000000000000009,0.010000000000000009,0.010000000000000009,0.010000000000000009,0.009999999999999998,,558.75,963.0,302.48,752.1800000000001,2063.95,1156.96,1031.98,1345.47,8944.188514000001,7877.806014000005,3479.8143640000003,2786.969554,2703.145059,9046.177062999996,3684.27,786.4332549999999,1185,596,168,336,85,0.635,0.215,0.595,0.01,-0.21999999999999997,-0.07,-0.3,0.037503851342845014,0.0471708869898017,0.06339215591974039,0.11055827344069605,-0.5398636566549654,0.4476431643712169,0.5768209634923441,0.41173896398318294,0.059939676227891585,0.33,0.33,0.22,0.22,0.6799999999999999,0.6820777777449697,0.7899999999999999,0.79,,,,131.0,191.0,201.0,0.0,66.0,0.0,35.0,DOWN,131.0,0.79,0.41000000000000003,115826,1185,0.002,299.996
1786682100,polymarket-btc-updown-5m-1786682100-2026-08-14.txt.zst,polymarket-btc-5m_2026-08-14.zip,True,DOWN,0.99,0.385,0.335,0.335,0.315,0.46499999999999997,0.455,0.385,0.305,0.01,0.010000000000000009,0.010000000000000009,0.010000000000000009,0.010000000000000009,0.009999999999999953,0.010000000000000009,0.010000000000000009,0.010000000000000009,,682.03,596.7,343.05,350.44,1178.91,727.31,741.1499999999999,461.12,5451.16742,3699.749858999999,1856.654681,2604.8415269999996,626.186338,3186.3528279999978,11423.830857,7686.979360000001,1142,353,211,170,408,0.545,0.255,0.485,0.01,-0.020000000000000018,0.14,-0.15000000000000002,0.01981267313632168,0.025160360211351554,0.1913925683733635,-0.16769863989986375,-0.6715121808666029,0.45502407605768713,0.45860701377356655,0.4466919569067499,0.4380160662080752,0.4602022163833961,0.4677673650928514,0.39,0.39,0.55,0.55,0.6200000000000001,0.6203205347342782,,,,65.0,242.0,243.0,0.0,30.0,0.0,27.0,DOWN,65.0,0.75,0.45999999999999996,110802,1142,0.0,299.996
1786682400,polymarket-btc-updown-5m-1786682400-2026-08-14.txt.zst,polymarket-btc-5m_2026-08-14.zip,True,DOWN,0.99,0.405,0.625,0.495,0.605,0.345,0.51,0.515,0.555,0.01,0.009999999999999953,0.010000000000000009,0.010000000000000009,0.010000000000000009,0.009999999999999953,0.020000000000000018,0.010000000000000009,0.010000000000000009,,522.5600000000001,1113.1,1263.92,344.56,870.61,605.5899999999999,468.51,554.37,7651.220874999999,6657.150631000004,2379.7803540000004,2618.5348769999996,3349.3267169999986,2429.5782139999997,8179.46501,7448.383359000002,1170,432,199,205,334,0.735,0.335,0.775,0.01,-0.020000000000000018,-0.09499999999999997,0.04500000000000004,0.03252654593522328,0.036758768926702295,0.06947472978201233,-0.04776699987212134,0.15915619204360973,0.531265523650274,0.5061408169639056,0.5696445116593241,0.4808781698924243,0.52,0.5257154948341297,0.52,0.5213180120799077,0.5,0.5,0.49,0.49,183.0,,,243.0,243.0,244.0,3.0,24.0,0.0,24.0,UP,183.0,0.0,1.0,111098,1170,0.0,299.987
1786682700,polymarket-btc-updown-5m-1786682700-2026-08-14.txt.zst,polymarket-btc-5m_2026-08-14.zip,True,DOWN,0.9825,0.325,0.335,0.335,0.46499999999999997,0.535,0.695,0.815,0.675,0.925,0.010000000000000009,0.010000000000000009,0.010000000000000009,0.009999999999999953,0.010000000000000009,0.010000000000000009,0.009999999999999898,0.010000000000000009,0.010000000000000009,278.21999999999997,1314.44,471.33000000000004,311.35,536.37,836.3399999999999,892.6500000000001,923.57,12309.890797000005,15423.600337000003,3271.2185240000003,1212.7364519999999,3134.6868689999988,2055.3568509999996,14200.014966000015,14293.482507999992,1631,494,166,276,695,0.695,0.195,0.99,0.01,0.12999999999999995,0.22999999999999998,-0.019999999999999907,0.02190362772608741,0.026317715204766588,-0.11227254170618031,0.45907732861232026,0.20796164275857,0.36514861517676206,0.5011057344743803,0.5262564818508177,0.4218727803718921,0.7,0.7,0.82,0.82,0.31000000000000005,0.31000000000000005,0.19774685762443522,0.20492329805573722,181.0,194.0,254.0,70.0,71.0,289.0,68.0,36.0,41.0,10.0,DOWN,70.0,0.81,0.010000000000000009,108200,1631,0.0,299.983
1786683000,polymarket-btc-updown-5m-1786683000-2026-08-14.txt.zst,polymarket-btc-5m_2026-08-14.zip,True,DOWN,0.99,0.325,0.305,0.255,0.305,0.615,0.505,0.175,0.07500000000000001,0.01,0.010000000000000009,0.010000000000000009,0.010000000000000009,0.010000000000000009,0.010000000000000009,0.010000000000000009,0.009999999999999981,0.009999999999999995,,452.42999999999995,666.49,573.93,656.46,733.4599999999999,444.7800000000001,760.79,438.31,9177.395610000005,2596.187963000001,3475.177481000001,3127.2339530000004,2817.111579,4295.742180000002,4245.402332000001,3296.859691,1009,288,257,291,173,0.635,0.245,0.395,0.01,0.0,0.2,-0.43,0.015762094640338266,0.03297140668856777,0.5589808409813715,0.05269946162522059,-0.20788148485817926,0.5612392034147562,0.6578591248446374,0.4936257345979529,0.40077717865548607,0.5105480851778386,0.5161790013776011,0.17999999999999997,0.18,0.5,0.5,0.83,0.83,,,,4.0,207.0,212.0,0.0,87.0,0.0,57.0,DOWN,4.0,0.76,0.37,80650,1009,0.0,299.977
1786683300,polymarket-btc-updown-5m-1786683300-2026-08-14.txt.zst,polymarket-btc-5m_2026-08-14.zip,True,DOWN,0.99,0.525,0.505,0.265,0.135,0.125,0.08499999999999999,0.065,0.01,0.01,0.010000000000000009,0.010000000000000009,0.010000000000000009,0.010000000000000009,0.010000000000000009,0.009999999999999995,0.010000000000000009,,,1297.07,1393.7,2864.3399999999997,0.0,1261.9499999999998,1295.75,2038.5,3543.3700000000003,8180.672034000002,5272.1169629999995,2068.7763359999994,3482.8031239999996,1367.6444380000003,3108.9853270000017,728.5699999999999,0,785,372,197,206,10,0.535,0.08499999999999999,0.08499999999999999,0.01,-0.37,-0.05000000000000002,-0.075,0.022365337764794286,0.013652372203068417,0.2162046153885723,-0.2547071150090321,-0.3889847899896633,0.36909301208894424,0.26853987626279086,0.21843014344215414,0.0,0.08999999999999998,0.09617315603200063,0.07,0.074164047154153,0.9200000000000002,0.9200000000000002,0.94,0.9400000000000001,,,,78.0,98.0,104.0,0.0,138.0,0.0,131.0,DOWN,78.0,0.92,0.69,68114,785,0.001,299.979
1786683600,polymarket-btc-updown-5m-1786683600-2026-08-14.txt.zst,polymarket-btc-5m_2026-08-14.zip,True,UP,0.99,0.585,0.815,0.925,0.935,0.945,0.975,0.965,0.975,0.99,0.010000000000000009,0.009999999999999898,0.010000000000000009,0.009999999999999898,0.010000000000000009,0.010000000000000009,0.010000000000000009,0.010000000000000009,,2396.81,820.67,488.13,726.5999999999999,3174.94,1681.9,2018.64,1427.1799999999998,8595.503014000007,6114.817943000001,2605.8355739999997,1083.816659,4234.6065590000035,5118.760269000001,1768.8690380000003,2251.9199970000004,1050,501,176,288,85,0.975,0.415,0.99,0.8200000000000001,0.1200000000000001,0.039999999999999925,0.0,0.021632878739941915,0.015108801627721389,0.1686356863491517,0.41251012802430687,-0.09452785571856513,0.7946156587980875,0.8664266120693352,0.8537166510139483,0.8623114860380038,0.98,0.98,0.9699999999999999,0.9700000000000001,0.04135293863358643,0.05600187118193763,0.05228552443803018,0.071509054653535,53.0,54.0,63.0,,,,202.0,0.0,201.0,0.0,UP,53.0,0.98,0.75,77798,1050,0.0,299.983
1786683900,polymarket-btc-updown-5m-1786683900-2026-08-14.txt.zst,polymarket-btc-5m_2026-08-14.zip,True,DOWN,0.99,0.305,0.255,0.155,0.07500000000000001,0.20500000000000002,0.035,0.015,0.01,0.01,0.010000000000000009,0.010000000000000009,0.010000000000000009,0.009999999999999995,0.009999999999999981,0.010000000000000002,0.01,,,1276.56,2077.63,2977.98,0.0,866.81,736.3199999999999,2413.7700000000004,7427.780000000001,4748.736256999999,5348.115137000009,3436.7674870000005,5331.874249,4215.036665,2130.8297139999995,116.11,0,813,442,258,108,5,0.625,0.025,0.045,0.01,-0.18,-0.04000000000000001,-0.025,0.030029280761970183,0.01579516547960577,-0.05936294955833334,-0.21612318293488544,0.32843536666595174,0.23296767049268147,0.14925931779648843,0.2249861743631897,0.0,0.051460468559540826,0.06635656512890893,0.02636486884684436,0.03314638057171923,0.9699999999999999,0.9700000000000001,0.99,0.99,,,,41.0,64.0,65.0,0.0,166.0,0.0,155.0,DOWN,41.0,0.98,0.6699999999999999,76543,813,0.0,299.992
1786684200,polymarket-btc-updown-5m-1786684200-2026-08-14.txt.zst,polymarket-btc-5m_2026-08-14.zip,True,DOWN,0.99,0.155,0.515,0.46499999999999997,0.225,0.11499999999999999,0.125,0.055,0.10500000000000001,0.01,0.010000000000000009,0.010000000000000009,0.009999999999999953,0.010000000000000009,0.009999999999999995,0.010000000000000009,0.009999999999999995,0.009999999999999995,,172.76999999999998,711.4200000000001,2440.89,1145.44,318.34000000000003,1029.08,1270.74,505.46999999999997,8714.800441000005,21039.85712000001,1967.127123999999,2453.594259,5846.330687999998,6217.112397000001,3507.69157,3983.89322,1706,844,188,468,206,0.585,0.10500000000000001,0.405,0.01,-0.29000000000000004,-0.1,-0.01999999999999999,0.03794843914594439,0.02968152179517556,-0.41422277012371633,-0.11004247787945272,-0.030735976983307715,0.17863072056424403,0.12773608341797638,0.15448054919329166,0.1982975979405039,0.13,0.13,0.06806183614337015,0.07631291944877097,0.88,0.8808357310546143,0.95,0.95,,,,14.0,14.0,14.0,0.0,161.0,0.0,139.0,DOWN,14.0,0.9299999999999999,0.42000000000000004,116881,1706,0.0,299.978
1786684500,polymarket-btc-updown-5m-1786684500-2026-08-14.txt.zst,polymarket-btc-5m_2026-08-14.zip,True,DOWN,0.99,0.345,0.14500000000000002,0.245,0.395,0.825,0.895,0.775,0.915,0.765,0.009999999999999953,0.009999999999999981,0.010000000000000009,0.010000000000000009,0.010000000000000009,0.010000000000000009,0.010000000000000009,0.010000000000000009,0.010000000000000009,1675.0299999999997,1247.93,709.04,776.84,475.62,919.63,662.53,1286.7799999999997,6609.633538000001,5182.839426,3508.522430999999,5032.360767,4130.902316999998,3054.4856019999997,11274.291242000003,8587.959098000005,1615,497,277,266,575,0.935,0.135,0.99,0.01,0.25,0.5,0.020000000000000018,0.024665266066678786,0.030444705189302194,0.12099193412236017,-0.1784169506447337,0.1498063468714999,0.571281291403322,0.7463162942203733,0.5849324120799723,0.7412876203635735,0.9,0.9,0.7851861728827086,0.7903509764796479,0.11,0.11197612603509605,0.22999999999999998,0.22999999999999998,137.0,141.0,166.0,14.0,41.0,52.0,124.0,68.0,112.0,39.0,DOWN,14.0,0.87,0.010000000000000009,109617,1615,0.0,299.98
1786684800,polymarket-btc-updown-5m-1786684800-2026-08-14.txt.zst,polymarket-btc-5m_2026-08-14.zip,True,DOWN,0.999,0.295,0.415,0.745,0.875,0.885,0.46499999999999997,0.08499999999999999,0.01,0.01,0.010000000000000009,0.010000000000000009,0.010000000000000009,0.010000000000000009,0.010000000000000009,0.009999999999999953,0.009999999999999995,,,819.4799999999999,925.48,1172.69,0.0,822.8600000000001,300.24,846.84,2752.7700000000004,7587.508677000002,4687.6815039999965,3869.451583999999,5273.901336999999,6049.426403000002,8067.540504000004,2719.42,0,1289,482,344,444,19,0.955,0.28,0.515,0.001,0.46,-0.41000000000000003,-0.45499999999999996,0.02577971756119555,0.04915758793703668,0.23623480616116782,-0.15360336247924217,-0.14295663610285186,0.6411193065115887,0.46878758642172924,0.2597497676436205,0.0,0.47721004832111497,0.4847208611037566,0.09721125812298459,0.10711900250175896,0.54,0.54,0.9200000000000002,0.9200000000000002,90.0,100.0,113.0,201.0,201.0,207.0,84.0,32.0,69.0,31.0,UP,90.0,0.96,0.001,95780,1289,0.0,299.981
1786685100,polymarket-btc-updown-5m-1786685100-2026-08-14.txt.zst,polymarket-btc-5m_2026-08-14.zip,True,UP,0.99,0.855,0.875,0.845,0.895,0.975,0.935,0.975,0.99,0.99,0.010000000000000009,0.010000000000000009,0.010000000000000009,0.010000000000000009,0.010000000000000009,0.009999999999999898,0.010000000000000009,,,1141.22,1099.29,1365.7400000000002,1217.25,1368.62,2256.75,1287.7199999999998,0.0,7035.268983999996,5834.276226000002,3084.2465060000027,3316.550888999998,2867.8395939999996,3123.629713,0,3487.84,802,457,223,115,7,0.985,0.425,0.99,0.955,0.020000000000000018,0.040000000000000036,0.05499999999999994,0.025306385859425018,0.007049633789193821,0.09332052830171411,-0.03629303798640156,-0.04269238577274419,0.7650379711413372,0.8262122786117312,0.9040177456707287,1.0,0.94,0.9426500020448789,0.98,0.98,0.06999999999999995,0.0774387672702806,0.034472852520388474,0.04287192406230785,19.0,19.0,23.0,,,,201.0,0.0,199.0,0.0,UP,19.0,0.99,0.76,68550,802,0.001,299.979
1786685400,polymarket-btc-updown-5m-1786685400-2026-08-14.txt.zst,polymarket-btc-5m_2026-08-14.zip,True,UP,0.99,0.435,0.575,0.565,0.705,0.665,0.965,0.965,0.965,0.99,0.010000000000000009,0.010000000000000009,0.009999999999999898,0.010000000000000009,0.010000000000000009,0.010000000000000009,0.010000000000000009,0.010000000000000009,,1034.96,1573.78,939.79,654.05,650.35,1727.8799999999999,2193.14,996.65,7379.284668000001,6130.139098999999,4023.6869760000013,3281.9944800000003,4579.769752000003,7430.033376,1678.754851,4975.140627,1210,505,274,341,90,0.965,0.215,0.99,0.725,0.13,0.26,0.0,0.030608642661873138,0.03500300107181688,0.09246475575452293,0.10152269852812493,-0.2373280888639057,0.6442643669615643,0.8870830506946051,0.8503491970344694,0.9113028465142772,0.9699999999999999,0.9700000000000001,0.9699999999999999,0.9700000000000001,0.045286073991969496,0.052311007767847265,0.04904671851905395,0.05723489651652046,102.0,162.0,162.0,8.0,,,99.0,2.0,88.0,0.0,DOWN,8.0,0.79,0.010000000000000009,101924,1210,0.0,299.979
1786685700,polymarket-btc-updown-5m-1786685700-2026-08-14.txt.zst,polymarket-btc-5m_2026-08-14.zip,True,UP,0.99,0.375,0.575,0.535,0.755,0.825,0.795,0.805,0.955,0.99,0.010000000000000009,0.010000000000000009,0.010000000000000009,0.010000000000000009,0.010000000000000009,0.010000000000000009,0.010000000000000009,0.010000000000000009,,833.79,538.51,1115.9,560.27,581.98,1703.7500000000002,626.0699999999999,1625.5800000000002,5682.168806000003,4036.419036,3191.705662000001,1975.9923569999999,3932.3026730000006,2318.139892,1773.933535,2429.9236650000007,1219,545,253,286,135,0.865,0.305,0.99,0.615,0.18000000000000005,0.040000000000000036,0.15999999999999992,0.030252323567496315,0.034112707700545676,0.1693404223695654,0.2352523890773427,0.25824775833293334,0.6901441133928491,0.5926877217860518,0.73953444692555,0.8696634186352495,0.8,0.8,0.8099999999999999,0.81,0.20999999999999996,0.21002618945152132,0.19999999999999993,0.19999999999999996,117.0,132.0,151.0,,,,109.0,0.0,77.0,0.0,UP,117.0,0.87,0.53,99964,1219,0.0,299.982
1786686000,polymarket-btc-updown-5m-1786686000-2026-08-14.txt.zst,polymarket-btc-5m_2026-08-14.zip,True,UP,0.99,0.495,0.555,0.705,0.795,0.875,0.955,0.925,0.985,0.805,0.010000000000000009,0.010000000000000009,0.010000000000000009,0.010000000000000009,0.010000000000000009,0.010000000000000009,0.010000000000000009,0.010000000000000009,0.010000000000000009,724.99,687.9300000000001,714.27,601.3399999999999,502.75,2481.38,1859.8700000000001,451.25,3959.264302999999,4311.091927999999,2041.0922369999996,2293.660042,5700.026555000002,3564.3320180000005,11138.011543999997,23389.318746000004,1585,399,226,350,610,0.965,0.42000000000000004,0.99,0.665,0.24,0.15999999999999992,0.030000000000000027,0.02066133481415276,0.028283767677403596,-0.0425408066077293,-0.058265798999306645,0.23052805223064857,0.691094764385816,0.8015724633393094,0.7784920163394968,0.9579913683316825,0.96,0.96,0.9299999999999999,0.93,0.05740453285226947,0.07099705113027543,0.08293905488232123,0.09071199865757638,67.0,107.0,128.0,,,,169.0,0.0,149.0,0.0,UP,67.0,0.97,0.67,104849,1585,0.0,299.999
1786686300,polymarket-btc-updown-5m-1786686300-2026-08-14.txt.zst,polymarket-btc-5m_2026-08-14.zip,True,UP,0.99,0.395,0.375,0.675,0.695,0.615,0.805,0.875,0.99,0.99,0.010000000000000009,0.010000000000000009,0.010000000000000009,0.010000000000000009,0.010000000000000009,0.010000000000000009,0.010000000000000009,,,1062.97,841.64,567.95,2397.09,388.43,459.99000000000007,1017.6,0.0,4884.961565999995,3088.0546850000023,2369.8235259999997,1878.1806839999997,3619.366647999999,2113.618536,1511.041006,3464.6499899999994,1008,383,242,242,141,0.905,0.355,0.99,0.735,0.31999999999999995,0.1100000000000001,0.18499999999999994,0.02128636285741364,0.02074560887774335,0.22537353799757026,0.11573501759782862,0.26264643351989503,0.659331369374214,0.6117447583036973,0.7019177742719124,1.0,0.8099999999999999,0.815110452839172,0.88,0.88,0.19999999999999993,0.19999999999999996,0.1319353117442041,0.1420308167981787,71.0,122.0,125.0,,,,123.0,0.0,114.0,0.0,UP,71.0,0.91,0.62,84593,1008,0.0,299.979
1786686600,polymarket-btc-updown-5m-1786686600-2026-08-14.txt.zst,polymarket-btc-5m_2026-08-14.zip,True,UP,0.99,0.225,0.20500000000000002,0.175,0.28500000000000003,0.595,0.665,0.775,0.805,0.965,0.010000000000000009,0.009999999999999981,0.009999999999999981,0.009999999999999953,0.010000000000000009,0.010000000000000009,0.010000000000000009,0.010000000000000009,0.010000000000000009,944.47,903.52,615.86,463.29999999999995,555.88,395.58000000000004,324.85,1037.3200000000002,5478.117800999998,6101.789682999997,3593.2628560000016,3174.5690790000003,3638.5324659999997,1703.7087680000002,8616.203585000003,3589.6456250000006,1170,369,293,248,260,0.665,0.135,0.99,0.615,0.08000000000000002,0.38,0.14,0.017251182316482736,0.022392425902225063,-0.053858105763083995,0.06186527399339168,0.3621745281149165,0.5002243837988063,0.61490142937029,0.6849877018992059,0.5866314750989763,0.67,0.6733208276989576,0.78,0.7813905971371965,0.33999999999999997,0.33999999999999997,0.22999999999999998,0.22999999999999998,201.0,212.0,241.0,7.0,33.0,33.0,64.0,113.0,39.0,85.0,DOWN,7.0,0.87,0.010000000000000009,87922,1170,0.0,299.996
1786686900,polymarket-btc-updown-5m-1786686900-2026-08-14.txt.zst,polymarket-btc-5m_2026-08-14.zip,True,UP,0.99,0.695,0.885,0.905,0.675,0.755,0.715,0.735,0.935,0.985,0.010000000000000009,0.010000000000000009,0.010000000000000009,0.010000000000000009,0.010000000000000009,0.010000000000000009,0.010000000000000009,0.009999999999999898,0.010000000000000009,1099.8,1298.74,298.58000000000004,269.75,684.08,1304.0100000000002,867.46,1557.4699999999998,6815.314662000004,9519.617526000005,2872.57628,3487.9526840000008,3255.912331,1588.4900109999996,2860.198684999999,5118.487323000001,1269,563,263,231,212,0.935,0.48,0.99,0.705,-0.20999999999999996,0.039999999999999925,0.22000000000000008,0.031583971708883656,0.01383155012819849,-0.16555335723931808,-0.09674924954873619,0.3441956720943226,0.5542155314358682,0.6319427181964866,0.6393930662213443,0.8680575322598135,0.72,0.7238903551815353,0.74,0.74,0.29000000000000004,0.29000000000000004,0.27149822269415474,0.28359774327779874,40.0,41.0,54.0,,,,141.0,0.0,108.0,0.0,UP,40.0,0.94,0.57,85971,1269,0.0,299.984
1786687200,polymarket-btc-updown-5m-1786687200-2026-08-14.txt.zst,polymarket-btc-5m_2026-08-14.zip,True,DOWN,0.999,0.395,0.335,0.195,0.185,0.11499999999999999,0.035,0.01,0.01,0.001,0.010000000000000009,0.010000000000000009,0.010000000000000009,0.010000000000000009,0.009999999999999995,0.010000000000000002,,,,780.86,2897.4100000000003,0.0,0.0,1352.45,1567.8799999999999,3035.02,5335.17,8097.945589,5886.911407999999,3626.130332,4090.3559030000033,4496.81,3023.380631000001,4151.1,0,835,491,212,124,8,0.635,0.025,0.035,0.001,-0.15000000000000002,-0.15,-0.025,0.029841317023225903,0.00949853623308053,0.1581020228862052,-0.06016022796676484,0.19592978972184238,0.33111442041104205,0.1566277630319969,0.0,0.0,0.04550950968775251,0.049162065600416895,0.0168788967468939,0.022608894361766423,0.9699999999999999,0.9700000000000001,,,,,,26.0,63.0,102.0,0.0,124.0,0.0,114.0,DOWN,26.0,0.98,0.6,74132,835,0.0,299.999
1786687500,polymarket-btc-updown-5m-1786687500-2026-08-14.txt.zst,polymarket-btc-5m_2026-08-14.zip,True,DOWN,0.99,0.485,0.605,0.635,0.445,0.235,0.185,0.10500000000000001,0.025,0.01,0.010000000000000009,0.010000000000000009,0.010000000000000009,0.010000000000000009,0.009999999999999981,0.010000000000000009,0.009999999999999995,0.009999999999999998,,532.37,1171.9199999999998,1095.61,2930.63,1485.95,1159.05,1642.49,480.67999999999995,5328.087447999997,5034.266027000001,1346.9539100000002,2054.3853800000006,2546.7305060000012,4344.469867999994,2565.8933290000004,2841.7233550000005,1029,374,185,315,155,0.725,0.175,0.165,0.01,-0.15999999999999998,-0.26,-0.16,0.03187411777215962,0.015128114523110787,0.028354699703003146,-0.20798615183138647,-0.26087463205724426,0.3645859953999489,0.39635856034804723,0.30948062945994254,0.24477460103217552,0.19,0.19,0.10999999999999999,0.11,0.8200000000000001,0.8200000000000001,0.9,0.9,,,,136.0,165.0,182.0,0.0,121.0,0.0,97.0,DOWN,136.0,0.83,0.72,87421,1029,0.002,299.979
1786687800,polymarket-btc-updown-5m-1786687800-2026-08-14.txt.zst,polymarket-btc-5m_2026-08-14.zip,True,DOWN,0.99,0.11499999999999999,0.135,0.095,0.215,0.215,0.20500000000000002,0.025,0.01,0.01,0.009999999999999995,0.010000000000000009,0.010000000000000009,0.010000000000000009,0.010000000000000009,0.009999999999999981,0.009999999999999998,,,1123.91,498.12,1241.59,0.0,1467.8899999999999,924.5999999999999,2426.42,5852.43,5112.888223000002,7601.925652999993,3931.529042000002,4477.644871999999,4450.115133,4597.85039,332.17,0,1013,486,319,199,9,0.485,0.07500000000000001,0.295,0.01,0.07999999999999999,-0.009999999999999981,-0.195,0.01976596259510081,0.02768953922581775,-0.19575885689512174,-0.06494286306658456,-0.01632800839309734,0.3954673480867465,0.33172192062973604,0.08424515973190068,0.0,0.21,0.20999999999999996,0.030292029522276213,0.03545648978453868,0.8,0.8,0.98,0.98,,,,14.0,15.0,16.0,0.0,177.0,0.0,141.0,DOWN,14.0,0.9299999999999999,0.5700000000000001,80968,1013,0.0,300.0
1786688100,polymarket-btc-updown-5m-1786688100-2026-08-14.txt.zst,polymarket-btc-5m_2026-08-14.zip,True,DOWN,0.99,0.455,0.315,0.165,0.10500000000000001,0.055,0.025,0.01,0.01,0.01,0.010000000000000009,0.010000000000000009,0.010000000000000009,0.009999999999999995,0.009999999999999995,0.009999999999999998,,,,2922.4300000000003,2195.9,0.0,0.0,1265.22,1885.2200000000003,8903.099999999999,8689.0,7504.9569420000025,6441.038319,2918.7481380000004,5360.161844999998,1330.56,1790.8863600000002,161.16,0,932,571,296,57,8,0.575,0.025,0.015,0.01,-0.21,-0.08000000000000002,-0.015000000000000001,0.027882525425248623,0.011949455580771314,0.07628846870292953,-0.29489554929492195,-0.14747213532126827,0.32601221173321987,0.12954803023161013,0.0,0.0,0.03442738572997192,0.0399855839806677,0.01,0.01,0.98,0.98,,,,,,54.0,76.0,85.0,0.0,113.0,0.0,107.0,DOWN,54.0,0.98,0.64,81408,932,0.0,300.0
1786688400,polymarket-btc-updown-5m-1786688400-2026-08-14.txt.zst,polymarket-btc-5m_2026-08-14.zip,True,UP,0.99,0.435,0.415,0.345,0.295,0.325,0.625,0.615,0.775,0.99,0.010000000000000009,0.010000000000000009,0.009999999999999953,0.010000000000000009,0.010000000000000009,0.010000000000000009,0.010000000000000009,0.010000000000000009,,680.7700000000001,355.71,722.02,1475.1099999999997,2615.19,904.56,219.75,634.13,7785.373108,7798.040305999996,6614.435783000001,7126.221915999997,6777.198235000005,5779.687695,4265.870369,7528.238087,1405,563,310,271,261,0.685,0.20500000000000002,0.99,0.515,-0.12,0.33,0.15000000000000002,0.024463107477403205,0.036713406739766585,-0.0008128641436552256,-0.03724611617661083,0.07943932481036764,0.40872478047038574,0.5980044596159468,0.6075339226076202,0.6547094349136497,0.63,0.63,0.6200000000000001,0.62,0.3859805812613295,0.39665784687892036,0.39,0.39,237.0,242.0,243.0,102.0,117.0,,22.0,11.0,17.0,2.0,DOWN,102.0,0.8,0.010000000000000009,115761,1405,0.0,299.982
1786688700,polymarket-btc-updown-5m-1786688700-2026-08-14.txt.zst,polymarket-btc-5m_2026-08-14.zip,True,DOWN,0.999,0.265,0.235,0.225,0.155,0.045,0.01,0.01,0.01,0.001,0.010000000000000009,0.009999999999999981,0.010000000000000009,0.010000000000000009,0.010000000000000002,,,,,1187.81,0.0,0.0,0.0,1954.83,4193.73,5048.65,5874.389999999999,6430.03366,5243.853920999996,3066.671097,5056.467251000003,3063.8999999999996,193.36,4456.929999999999,0,756,463,261,20,12,0.395,0.01,0.01,0.001,-0.07999999999999999,-0.145,0.0,0.01849823975273269,0.0059002895600284416,0.10160965923045102,-0.24495411363883893,0.8812744453927533,0.37791911851637194,0.0,0.0,0.0,0.01,0.014238782562288034,0.01,0.011323068492142681,,,,,,,,23.0,36.0,99.0,0.0,143.0,0.0,101.0,DOWN,23.0,0.99,0.69,68303,756,0.0,299.982
1786689000,polymarket-btc-updown-5m-1786689000-2026-08-14.txt.zst,polymarket-btc-5m_2026-08-14.zip,True,UP,0.999,0.835,0.805,0.905,0.955,0.985,0.985,0.99,0.99,0.99,0.010000000000000009,0.010000000000000009,0.010000000000000009,0.010000000000000009,0.010000000000000009,0.010000000000000009,,,,2811.38,2988.42,13315.74,13404.259999999998,2982.34,463.54,0.0,0.0,6888.435085000003,4661.736127,3466.2274479999996,1799.4099999999999,556.242918,1923.39,0,151.98000000000002,712,529,142,36,5,0.985,0.495,0.999,0.985,0.1499999999999999,0.030000000000000027,0.0050000000000000044,0.020785519361470148,0.0016330949154874715,0.1927849308144093,0.31654618542586754,-0.551350593902706,0.8385628426156334,0.966792512303978,1.0,1.0,0.99,0.99,,,0.020000000000000018,0.02463792449381046,0.010000000000000009,0.010000000000000009,17.0,25.0,27.0,,,,169.0,0.0,150.0,0.0,UP,17.0,0.99,0.74,68070,712,0.0,299.981
1786689300,polymarket-btc-updown-5m-1786689300-2026-08-14.txt.zst,polymarket-btc-5m_2026-08-14.zip,True,DOWN,0.99,0.765,0.505,0.425,0.20500000000000002,0.225,0.035,0.015,0.01,0.01,0.010000000000000009,0.010000000000000009,0.010000000000000009,0.009999999999999981,0.010000000000000009,0.010000000000000002,0.01,,,936.13,2081.59,1532.95,0.0,1789.52,2092.07,2449.9700000000003,6572.9800000000005,4005.284983000001,5275.659834999999,3693.499052000001,3634.431832000001,2657.496664,4456.414747999999,467.19,0,953,479,284,181,9,0.765,0.035,0.025,0.01,-0.3,-0.17,-0.025,0.02555148041230692,0.014845378834949585,-0.13687990575443992,0.00806055910393053,-0.25287327601037035,0.3482740090046469,0.13049739204573957,0.10329580287310511,0.0,0.04,0.04402336948020791,0.02,0.025509065268663565,0.9797105749625903,0.9798842108585212,0.99,0.99,29.0,,,110.0,118.0,124.0,4.0,104.0,0.0,90.0,UP,29.0,0.77,0.01,79345,953,0.0,299.978
1786689600,polymarket-btc-updown-5m-1786689600-2026-08-14.txt.zst,polymarket-btc-5m_2026-08-14.zip,True,DOWN,0.99,0.825,0.745,0.665,0.575,0.385,0.305,0.155,0.065,0.01,0.010000000000000009,0.010000000000000009,0.010000000000000009,0.010000000000000009,0.010000000000000009,0.010000000000000009,0.010000000000000009,0.010000000000000009,,6960.53,685.97,901.7800000000001,3044.9799999999996,346.0,1047.87,911.84,676.79,6603.640470999995,7496.658179000003,4472.276477000002,7473.681348999996,3454.398070999999,4477.186256999998,4911.733325,4006.3256349999997,1607,536,390,333,348,0.855,0.215,0.395,0.01,-0.17000000000000004,-0.26999999999999996,-0.24,0.025750771656328258,0.04111988960563147,-0.06333324776777036,-0.2512485742639683,-0.12895130956237358,0.6055774263315944,0.47913699680109495,0.37479372743951683,0.19691033052052567,0.31,0.3108756040971875,0.16000000000000003,0.1615012833527991,0.7,0.7,0.85,0.85,1.0,5.0,29.0,151.0,197.0,197.0,60.0,81.0,32.0,52.0,UP,1.0,0.86,0.01,104253,1607,0.0,299.986
1786689900,polymarket-btc-updown-5m-1786689900-2026-08-14.txt.zst,polymarket-btc-5m_2026-08-14.zip,True,DOWN,0.99,0.595,0.555,0.685,0.925,0.865,0.575,0.065,0.63,0.01,0.010000000000000009,0.010000000000000009,0.009999999999999898,0.010000000000000009,0.010000000000000009,0.010000000000000009,0.010000000000000009,0.040000000000000036,,1646.2100000000003,1392.5700000000002,4526.19,312.52000000000004,2973.48,745.06,1655.7000000000003,140.46999999999997,7799.196965000002,5233.4153080000015,2965.346128999999,3786.7124919999997,6543.110733000002,7521.218513000007,12512.344919000003,5895.1527190000015,1576,441,303,581,251,0.945,0.515,0.63,0.01,0.37,-0.3500000000000001,0.05500000000000005,0.01864285445979139,0.04770528321299573,0.19687393465357642,-0.12164680567870335,-0.06954528459138465,0.740038965306793,0.5025620831060034,0.26246542456030486,0.7258031755951799,0.58,0.5857806529576876,0.0724232913602471,0.07997921684718011,0.43,0.43000000000000005,0.94,0.9400000000000001,98.0,100.0,100.0,183.0,197.0,197.0,64.0,56.0,63.0,55.0,UP,98.0,0.95,0.01,104903,1576,0.0,300.0
1786690200,polymarket-btc-updown-5m-1786690200-2026-08-14.txt.zst,polymarket-btc-5m_2026-08-14.zip,True,DOWN,0.99,0.845,0.895,0.775,0.495,0.08499999999999999,0.01,0.01,0.01,0.01,0.010000000000000009,0.010000000000000009,0.010000000000000009,0.010000000000000009,0.009999999999999995,,,,,1475.47,0.0,0.0,0.0,1378.9099999999999,6645.129999999999,8536.8,9926.55,7366.8840009999985,10238.059257000004,16342.152532,9616.959955000008,2787.629999999999,0,300.0,0,1178,651,510,16,1,0.905,0.01,0.01,0.01,-0.4,-0.485,0.0,0.021887636406222134,0.029730187723918198,-0.16308915137771274,0.25906866347483504,1.0,0.40205766142280047,0.0,0.0,0.0,0.01,0.011334421725947319,0.01,0.01,,,,,11.0,17.0,24.0,147.0,148.0,148.0,88.0,17.0,73.0,16.0,UP,11.0,0.91,0.01,76981,1178,0.0,299.992
1786690500,polymarket-btc-updown-5m-1786690500-2026-08-14.txt.zst,polymarket-btc-5m_2026-08-14.zip,True,DOWN,0.99,0.735,0.775,0.785,0.715,0.175,0.07500000000000001,0.01,0.01,0.01,0.010000000000000009,0.010000000000000009,0.010000000000000009,0.010000000000000009,0.009999999999999981,0.009999999999999995,,,,947.47,3480.69,0.0,0.0,1717.46,1590.9,7292.95,10813.89,8298.367631000001,7377.682532999998,6167.999347999999,8246.256330000004,3879.378091,4946.809195000001,1066.42,0,1322,653,457,197,15,0.845,0.07500000000000001,0.065,0.01,-0.06000000000000005,-0.6399999999999999,-0.06500000000000002,0.026603972608304518,0.026403961950164173,0.05873195660692341,-0.1441806658925843,-0.1209390951507621,0.6261041001379268,0.25711121611924165,0.0,0.0,0.08506616322653222,0.0891917259984641,0.01,0.010614155275785265,0.93,0.9299999999999999,,,32.0,43.0,72.0,136.0,137.0,139.0,67.0,71.0,40.0,70.0,UP,32.0,0.85,0.01,103655,1322,0.0,299.979
1786690800,polymarket-btc-updown-5m-1786690800-2026-08-14.txt.zst,polymarket-btc-5m_2026-08-14.zip,True,UP,0.99,0.415,0.515,0.455,0.605,0.875,0.965,0.985,0.99,0.99,0.010000000000000009,0.010000000000000009,0.010000000000000009,0.010000000000000009,0.010000000000000009,0.010000000000000009,0.010000000000000009,,,1286.23,3512.71,3473.4,6660.75,615.1,3220.4,997.58,0.0,10815.673001000001,7859.75776800001,7444.759894999999,5181.609069000001,3310.1494769999995,4410.456665,0,153.34,1288,713,391,177,7,0.965,0.355,0.99,0.955,0.08999999999999997,0.36,0.025000000000000022,0.03240562142159733,0.009992341462725617,0.15827828924335258,0.17924003586879483,-0.14251564809326864,0.5731263618262474,0.8795536258270776,0.95795800605019,1.0,0.9699999999999999,0.975228732382121,0.99,0.99,0.040000000000000036,0.044560069154517046,0.023836421874284284,0.0297756451402508,130.0,132.0,138.0,,,,86.0,0.0,84.0,0.0,UP,130.0,0.97,0.75,108927,1288,0.002,300.0
1786691100,polymarket-btc-updown-5m-1786691100-2026-08-14.txt.zst,polymarket-btc-5m_2026-08-14.zip,True,UP,0.99,0.515,0.645,0.875,0.935,0.875,0.835,0.685,0.965,0.99,0.010000000000000009,0.010000000000000009,0.010000000000000009,0.009999999999999898,0.010000000000000009,0.010000000000000009,0.009999999999999898,0.010000000000000009,,2964.95,2353.01,1174.7399999999998,2498.4700000000003,5697.92,1839.2499999999998,1266.3600000000001,3094.51,6818.723588999999,5784.629834,3592.878506999998,5085.332764999999,5914.964030000003,4263.449135000001,2771.3183150000004,11858.656664,1246,474,279,381,112,0.935,0.445,0.99,0.645,0.29000000000000004,-0.10000000000000009,0.13,0.013859476326095932,0.01740408021875708,0.0820490960058987,-0.1719771749295114,0.16225661782712683,0.7914470113146526,0.6859759268750423,0.577571042924954,0.8527860897695108,0.84,0.84,0.6899999999999998,0.69,0.17000000000000004,0.17000000000000004,0.31999999999999995,0.32080089830883146,79.0,81.0,86.0,,,,148.0,0.0,134.0,0.0,UP,79.0,0.94,0.65,102681,1246,0.0,300.0
1786691400,polymarket-btc-updown-5m-1786691400-2026-08-14.txt.zst,polymarket-btc-5m_2026-08-14.zip,True,UP,0.99,0.395,0.505,0.595,0.775,0.745,0.815,0.905,0.965,0.99,0.010000000000000009,0.010000000000000009,0.010000000000000009,0.010000000000000009,0.010000000000000009,0.009999999999999898,0.010000000000000009,0.010000000000000009,,1974.6,1012.3399999999999,2026.51,2163.3,1384.4299999999998,7228.7,1676.37,2455.0,7032.174694000002,8831.994313000003,2941.3218169999996,3588.3431350000005,7142.256771000017,5036.811844,2551.9767309999993,4899.739332000001,1435,486,253,507,189,0.895,0.395,0.99,0.365,0.27,0.039999999999999925,0.15000000000000002,0.03168372679179908,0.029687159618810455,-0.11345186868633568,-0.0990895126712163,0.17287405084547297,0.6395406571523398,0.5390765490295935,0.7652287822993398,0.8681170390099593,0.82,0.82,0.9100000000000001,0.91,0.2056581779817295,0.20824174542546406,0.10203003357104883,0.10666812269913836,116.0,122.0,126.0,,,,125.0,0.0,91.0,0.0,UP,116.0,0.9,0.37,105914,1435,0.0,299.98
1786691700,polymarket-btc-updown-5m-1786691700-2026-08-14.txt.zst,polymarket-btc-5m_2026-08-14.zip,True,UP,0.99,0.495,0.515,0.825,0.785,0.735,0.825,0.925,0.99,0.99,0.010000000000000009,0.010000000000000009,0.010000000000000009,0.010000000000000009,0.010000000000000009,0.010000000000000009,0.010000000000000009,,,2046.91,1656.57,2101.6800000000003,3379.43,716.25,1385.4899999999998,3219.96,0.0,6242.958513000008,6459.574977999993,3441.5211370000006,3687.5999090000005,6877.110275999998,3621.341648,706.3562830000001,3831.4033290000007,1116,468,207,349,92,0.825,0.445,0.99,0.825,0.27,0.039999999999999925,0.16500000000000004,0.01351832452781097,0.01656711950812415,-0.01705301270439181,-0.03451740690222527,0.310118925301467,0.6545142300798673,0.6581195296648881,0.7178985545117397,1.0,0.83,0.83,0.9299999999999999,0.93,0.18000000000000005,0.18000000000000005,0.08456718358177212,0.08936688243639682,79.0,87.0,187.0,,,,147.0,0.0,107.0,0.0,UP,79.0,0.83,0.67,93893,1116,0.0,299.984
1786692000,polymarket-btc-updown-5m-1786692000-2026-08-14.txt.zst,polymarket-btc-5m_2026-08-14.zip,True,UP,0.999,0.335,0.375,0.425,0.675,0.855,0.765,0.875,0.975,0.99,0.010000000000000009,0.010000000000000009,0.010000000000000009,0.010000000000000009,0.010000000000000009,0.010000000000000009,0.010000000000000009,0.010000000000000009,,1428.71,1978.1,1641.08,1581.1200000000001,1721.59,1041.7,887.1600000000001,1943.5900000000001,6431.734050000001,5094.823524000002,4934.0348269999995,4302.017382999999,4783.000870999992,1983.9231780000002,1934.4276459999999,3699.9900000000002,1087,411,312,303,61,0.875,0.315,0.999,0.835,0.30000000000000004,0.08999999999999997,0.20999999999999996,0.01781951217080878,0.018233088618802736,0.11598523821332526,0.06842939273510237,0.4136410683394084,0.6371158633549981,0.5784358889212835,0.7073870041693615,0.8794413433464442,0.77,0.7731510786344269,0.88,0.8834748813584348,0.24,0.24,0.13,0.13,138.0,144.0,144.0,,,,95.0,0.0,78.0,0.0,UP,138.0,0.88,0.67,98108,1087,0.0,299.987
1786692300,polymarket-btc-updown-5m-1786692300-2026-08-14.txt.zst,polymarket-btc-5m_2026-08-14.zip,True,DOWN,0.99,0.515,0.355,0.585,0.545,0.565,0.385,0.345,0.07500000000000001,0.01,0.010000000000000009,0.010000000000000009,0.010000000000000009,0.010000000000000009,0.009999999999999898,0.010000000000000009,0.009999999999999953,0.009999999999999995,,1160.96,1726.2099999999998,1300.97,1386.27,980.4000000000001,746.1999999999999,852.1400000000001,771.6500000000001,7743.3293960000055,7856.929351000004,2749.3935449999994,2860.6329590000005,4476.243362,5956.766161000002,4369.4275640000005,4006.1877299999965,1399,545,160,415,279,0.615,0.325,0.395,0.01,0.19000000000000006,-0.16000000000000003,-0.31,0.02289361585811257,0.02537743851170135,-0.0072819276168636935,-0.019828678869999335,-0.14190754793582122,0.5250599184799093,0.4590870756148722,0.49031393177681537,0.2720044693783844,0.39947965998626495,0.40146696193357007,0.3517378236597436,0.3566500818146622,0.6200000000000001,0.62,0.6599999999999999,0.6599999999999999,,,,185.0,217.0,217.0,0.0,66.0,0.0,49.0,DOWN,185.0,0.0,1.0,107708,1399,0.0,299.994
1786692600,polymarket-btc-updown-5m-1786692600-2026-08-14.txt.zst,polymarket-btc-5m_2026-08-14.zip,True,DOWN,0.999,0.555,0.495,0.445,0.305,0.025,0.01,0.01,0.01,0.01,0.010000000000000009,0.010000000000000009,0.010000000000000009,0.010000000000000009,0.009999999999999998,,,,,727.63,0.0,0.0,0.0,1516.2,2694.5299999999997,7435.38,10621.89,5294.569712000001,6913.659577999998,11793.693252000001,6922.205922000002,1222.8000000000002,0,603.1600000000001,0,812,421,369,17,5,0.555,0.01,0.01,0.001,-0.19,-0.295,0.0,0.021470943168855536,0.013898450553499277,-0.13262282576280124,0.260286042615972,1.0,0.3782391409648585,0.0,0.0,0.0,0.015672379248713585,0.02424263658124882,0.01,0.01,,,,,,,,127.0,131.0,131.0,0.0,44.0,0.0,40.0,DOWN,127.0,0.99,0.77,74740,812,0.0,299.987
1786692900,polymarket-btc-updown-5m-1786692900-2026-08-14.txt.zst,polymarket-btc-5m_2026-08-14.zip,True,DOWN,0.99,0.515,0.315,0.355,0.265,0.235,0.215,0.015,0.01,0.01,0.010000000000000009,0.010000000000000009,0.010000000000000009,0.010000000000000009,0.009999999999999981,0.010000000000000009,0.01,,,1731.33,1554.96,2264.47,0.0,1443.6299999999999,1267.83,2942.09,7165.24,5790.479282,8128.781947999993,1466.301021,1950.4428459999988,3410.0877739999987,4649.950673000001,1350.9099999999999,0,928,491,157,268,12,0.585,0.215,0.215,0.01,-0.04999999999999999,-0.05000000000000002,-0.205,0.017045364994247404,0.010884046569803723,-0.16799042904376854,-0.14169684467015362,-0.15382841001974223,0.36327313228171665,0.3751691709392505,0.11828725928263012,0.0,0.22,0.22,0.027246765479403186,0.03546032731742943,0.7899999999999999,0.79,0.99,0.99,,,,143.0,182.0,204.0,0.0,79.0,0.0,40.0,DOWN,143.0,0.79,0.75,90332,928,0.0,299.991
1786693200,polymarket-btc-updown-5m-1786693200-2026-08-14.txt.zst,polymarket-btc-5m_2026-08-14.zip,True,UP,0.99,0.46499999999999997,0.735,0.905,0.945,0.985,0.99,0.99,0.99,0.99,0.009999999999999953,0.010000000000000009,0.010000000000000009,0.010000000000000009,0.010000000000000009,,,,,1869.1799999999998,4666.4800000000005,3481.5299999999997,9493.86,4301.54,0.0,0.0,0.0,11018.049766999995,11069.613905,3995.5677319999995,1355.156664,0,790.37,0,226.44,914,738,159,13,4,0.99,0.265,0.99,0.99,0.20999999999999996,0.04500000000000004,0.0,0.036372162070317834,0.001770157273391133,-0.002334522055647371,0.4934679629498151,-1.0,0.797851412888703,1.0,1.0,1.0,,,,,0.010000000000000009,0.01511658803420569,0.012177440498220221,0.017604633966280727,53.0,54.0,74.0,,,,122.0,0.0,113.0,0.0,UP,53.0,0.99,0.74,73675,914,0.0,299.982
1786693500,polymarket-btc-updown-5m-1786693500-2026-08-14.txt.zst,polymarket-btc-5m_2026-08-14.zip,True,DOWN,0.999,0.475,0.46499999999999997,0.455,0.425,0.14500000000000002,0.015,0.025,0.0015,0.001,0.010000000000000009,0.009999999999999953,0.010000000000000009,0.010000000000000009,0.009999999999999981,0.01,0.009999999999999998,0.001,,1284.57,1897.02,1281.78,3603.97,997.4000000000001,2322.2900000000004,1727.07,3748.8199999999997,3185.5456789999994,5115.6636370000015,4008.9845680000003,5849.4080920000015,4892.681661999999,2437.820826,5220.0,253.288,810,281,342,140,47,0.535,0.015,0.045,0.001,-0.03999999999999998,-0.41,-0.0135,0.012501820595708568,0.021954097793193822,-0.23251045534773285,-0.18668596265874451,0.3348830233696251,0.4777012269289154,0.10570352841010086,0.07985222933110725,0.19644927516482194,0.029022585679187186,0.03450738731069516,0.03746196846284449,0.043152663225004224,0.99,0.99,0.98,0.98,,,,130.0,130.0,131.0,0.0,113.0,0.0,113.0,DOWN,130.0,0.99,0.84,76498,810,0.0,300.0
1786693800,polymarket-btc-updown-5m-1786693800-2026-08-14.txt.zst,polymarket-btc-5m_2026-08-14.zip,True,DOWN,0.99,0.695,0.295,0.095,0.135,0.065,0.175,0.095,0.015,0.01,0.010000000000000009,0.010000000000000009,0.010000000000000009,0.010000000000000009,0.010000000000000009,0.009999999999999981,0.010000000000000009,0.01,,2047.0600000000002,1099.28,1487.55,1705.26,1062.76,1472.29,1687.8600000000001,1608.71,11425.187961000007,12256.77554800001,3710.4909069999994,3740.0415800000014,1790.1486059999995,3645.824228999997,4034.0099999999998,1836.301354,1462,840,283,233,106,0.785,0.055,0.175,0.01,-0.15999999999999998,0.03999999999999998,-0.15999999999999998,0.030062697089624557,0.010766784923951658,-0.035114807380054014,-0.003966249801817957,-0.3413695541397971,0.3304005374720083,0.34799017768631746,0.2275172961397048,0.09441324883759299,0.17999999999999997,0.18,0.10021643170888193,0.10586749507979987,0.83,0.834093550062051,0.9100000000000001,0.91,36.0,,,62.0,78.0,79.0,5.0,184.0,0.0,177.0,UP,36.0,0.79,0.01,107668,1462,0.0,300.0
1786694100,polymarket-btc-updown-5m-1786694100-2026-08-14.txt.zst,polymarket-btc-5m_2026-08-14.zip,True,DOWN,0.999,0.535,0.575,0.755,0.135,0.07500000000000001,0.035,0.01,0.002,0.001,0.010000000000000009,0.010000000000000009,0.010000000000000009,0.010000000000000009,0.009999999999999995,0.010000000000000002,,0.002,,2084.8199999999997,3466.31,0.0,3555.93,1226.1,1173.38,3952.7,6825.04,8136.416664999996,10845.446072000004,5357.048517000002,5258.8205510000025,903.126219,2682.2332160000005,3267.516,737.657,1087,601,319,109,58,0.755,0.035,0.025,0.001,-0.43999999999999995,-0.1,-0.033,0.03469343531248401,0.007304719243770363,-0.14271673146806024,0.009252936841138463,-0.4962144045119985,0.3577789240993264,0.18407075416591442,0.0,0.14612800424091868,0.04720544030942877,0.05385601782810136,0.010532348536637356,0.01590339050203069,0.9699999999999999,0.9700000000000001,,,89.0,,,99.0,102.0,104.0,7.0,150.0,0.0,147.0,UP,89.0,0.76,0.001,93655,1087,0.0,299.994
1786694400,polymarket-btc-updown-5m-1786694400-2026-08-14.txt.zst,polymarket-btc-5m_2026-08-14.zip,True,UP,0.99,0.695,0.605,0.28500000000000003,0.335,0.255,0.305,0.295,0.945,0.99,0.010000000000000009,0.010000000000000009,0.009999999999999953,0.010000000000000009,0.010000000000000009,0.010000000000000009,0.010000000000000009,0.010000000000000009,,793.3999999999999,1894.2699999999998,1736.92,1430.02,1940.54,1403.77,722.3100000000001,3284.5,10418.180618000008,10574.406881000006,7227.299827999999,6074.683052999999,7483.385691999998,4792.047108000001,3882.8105530000003,7322.621299000002,1932,813,382,509,228,0.695,0.135,0.99,0.185,-0.26999999999999996,-0.030000000000000027,0.6399999999999999,0.03231757680130308,0.0403829500166081,-0.0074419726966692655,0.08664999686974116,0.2192459221478527,0.405908174808272,0.43495875138645246,0.4654463528203323,0.841480436142364,0.31,0.31,0.3,0.3,0.7,0.7051678033615623,0.71,0.71,225.0,226.0,232.0,85.0,101.0,123.0,35.0,85.0,34.0,55.0,DOWN,85.0,0.87,0.010000000000000009,154279,1932,0.0,300.0
1786694700,polymarket-btc-updown-5m-1786694700-2026-08-14.txt.zst,polymarket-btc-5m_2026-08-14.zip,True,DOWN,0.99,0.64,0.405,0.235,0.445,0.375,0.475,0.385,0.325,0.055,0.06000000000000005,0.009999999999999953,0.009999999999999981,0.010000000000000009,0.010000000000000009,0.010000000000000009,0.010000000000000009,0.010000000000000009,0.009999999999999995,1161.38,765.04,935.4699999999999,820.5,725.77,654.63,1222.3500000000001,597.12,16479.991281000013,14064.763708999986,5762.2459160000035,6478.496835000004,7228.938266000002,6719.8568250000035,7142.663938,10005.973233000006,2351,987,342,492,530,0.695,0.235,0.725,0.01,0.03999999999999998,0.02999999999999997,-0.14999999999999997,0.03576884138472481,0.04615843426699951,0.07907176118422769,-0.0585136812013704,0.03649644558392476,0.5342844864573049,0.5010074915265451,0.47643520763471026,0.4551699956694834,0.4841708087858326,0.48765210845320933,0.39,0.39,0.536951053039164,0.5409780487330434,0.6200000000000001,0.62,,,,90.0,261.0,261.0,0.0,35.0,0.0,23.0,DOWN,90.0,0.77,0.28,158565,2351,0.0,299.984
1786695000,polymarket-btc-updown-5m-1786695000-2026-08-14.txt.zst,polymarket-btc-5m_2026-08-14.zip,True,DOWN,0.99,0.535,0.585,0.455,0.235,0.055,0.035,0.11499999999999999,0.035,0.01,0.010000000000000009,0.010000000000000009,0.010000000000000009,0.009999999999999981,0.009999999999999995,0.010000000000000002,0.009999999999999995,0.010000000000000002,,912.19,3993.5,1662.3700000000001,2854.64,483.40000000000003,2593.1800000000003,1388.87,1689.9,9151.967847999997,7597.971414000001,3864.944507000001,5936.322807999993,8090.053897000002,6954.090156999994,535.706664,1780.7962659999998,1464,531,366,498,69,0.635,0.025,0.195,0.01,-0.35,-0.19999999999999998,0.0,0.026161933772400777,0.016381020835467525,0.09277624292796653,-0.21133780300328364,0.0755086986619204,0.4474896186586558,0.18926387796875582,0.32357073964854477,0.16647004590020917,0.04,0.048591514529336924,0.12000000000000001,0.12024759698410294,0.9699999999999999,0.9700000000000001,0.89,0.89,,,,116.0,117.0,131.0,0.0,138.0,0.0,134.0,DOWN,116.0,0.98,0.76,111714,1464,0.0,299.984
1786695300,polymarket-btc-updown-5m-1786695300-2026-08-14.txt.zst,polymarket-btc-5m_2026-08-14.zip,True,DOWN,0.99,0.755,0.825,0.915,0.965,0.925,0.755,0.795,0.305,0.055,0.010000000000000009,0.010000000000000009,0.010000000000000009,0.010000000000000009,0.010000000000000009,0.010000000000000009,0.010000000000000009,0.010000000000000009,0.009999999999999995,3878.9199999999996,2079.2200000000003,396.47,573.12,3837.43,1468.0200000000002,1407.19,1024.2,12984.710100000002,11930.227187999999,4268.716349,4360.329852000001,11914.508397000003,11108.911026000005,7605.797973999999,8528.687065000004,2148,795,290,644,419,0.975,0.545,0.88,0.01,0.14,-0.20999999999999996,-0.45,0.022922961956822894,0.04335403093474517,0.0423233219418089,-0.01061687478152378,0.03499034423163137,0.8423871502214424,0.6204101637810333,0.6558006967822508,0.57034265177098,0.76,0.76,0.8,0.8,0.25,0.25,0.22026055883609943,0.22842620592250473,21.0,25.0,43.0,223.0,242.0,244.0,167.0,39.0,136.0,36.0,UP,21.0,0.98,0.01,139540,2148,0.0,299.983
1786695600,polymarket-btc-updown-5m-1786695600-2026-08-14.txt.zst,polymarket-btc-5m_2026-08-14.zip,True,DOWN,0.9945,0.385,0.395,0.385,0.775,0.355,0.035,0.01,0.01,0.01,0.010000000000000009,0.010000000000000009,0.010000000000000009,0.010000000000000009,0.010000000000000009,0.010000000000000002,,,,890.71,3127.89,0.0,0.0,3324.2,3186.62,3942.92,3605.71,20568.19619400002,26442.616905000003,10631.960120000003,10748.561461,1645.3899999999999,3550.309344,122.69,0,1850,1104,616,126,4,0.785,0.035,0.035,0.001,0.38,-0.74,-0.025,0.03946029454956432,0.030147467872345207,-0.124958925909855,-0.005453624719034676,-0.36663386733487635,0.4840439566928045,0.11074666340929733,0.0,0.0,0.042875425977968035,0.04688451133590998,0.012838757179803437,0.01897809410919285,0.9699999999999999,0.9700000000000001,,,111.0,,,62.0,62.0,62.0,10.0,57.0,0.0,50.0,DOWN,62.0,0.97,0.21999999999999997,133338,1850,0.0,299.996
1786695900,polymarket-btc-updown-5m-1786695900-2026-08-14.txt.zst,polymarket-btc-5m_2026-08-14.zip,True,DOWN,0.99,0.46499999999999997,0.265,0.265,0.225,0.235,0.155,0.445,0.255,0.01,0.009999999999999953,0.010000000000000009,0.010000000000000009,0.010000000000000009,0.009999999999999981,0.010000000000000009,0.010000000000000009,0.010000000000000009,,1117.42,1891.81,1356.18,318.06,1626.81,1058.51,405.76,836.8199999999999,15472.692310000006,10569.823447000012,4634.732168,6358.912075999998,7825.731164,8053.842841999999,5170.164749000001,4524.243872,2022,932,300,506,284,0.475,0.125,0.535,0.01,-0.04000000000000001,-0.07,0.1,0.02404987231865103,0.025327086889234417,0.1882640259776801,-0.15683424620011732,-0.014365100594877969,0.4818922963602828,0.4010419415544286,0.5396154192192243,0.3208032338745084,0.16304192949282295,0.1717069701606062,0.45,0.45,0.85,0.85,0.56,0.56,,,,69.0,76.0,103.0,0.0,147.0,0.0,100.0,DOWN,69.0,0.88,0.47,155611,2022,0.0,299.979
1786696200,polymarket-btc-updown-5m-1786696200-2026-08-14.txt.zst,polymarket-btc-5m_2026-08-14.zip,True,DOWN,0.99,0.555,0.305,0.135,0.065,0.025,0.01,0.01,0.01,0.065,0.010000000000000009,0.010000000000000009,0.010000000000000009,0.010000000000000009,0.009999999999999998,,,,0.010000000000000009,6287.2,0.0,0.0,0.0,2201.77,3720.08,7132.87,7947.93,9844.225139999997,17431.44466900001,4478.554091,5115.525782999998,1255.61,0,33455.113494000005,11084.014002000004,1564,752,234,14,564,0.585,0.01,0.24,0.001,-0.24,-0.055,0.0,0.03038951149596824,0.005445865973637261,-0.27816803701357684,-0.06639216062044621,1.0,0.21830964886147172,0.0,0.0,0.0,0.011565772885543623,0.017565703053804164,0.01,0.01,,,,,,,,66.0,66.0,79.0,0.0,138.0,0.0,136.0,DOWN,66.0,0.99,0.77,110035,1564,0.0,299.982
1786696500,polymarket-btc-updown-5m-1786696500-2026-08-14.txt.zst,polymarket-btc-5m_2026-08-14.zip,True,UP,0.999,0.845,0.895,0.905,0.965,0.915,0.99,0.99,0.99,0.999,0.010000000000000009,0.010000000000000009,0.010000000000000009,0.010000000000000009,0.010000000000000009,,,,,2358.29,3663.42,6111.93,5838.299999999999,3754.04,0.0,0.0,0.0,10747.612397999996,8888.98110200001,5503.277535,6959.757125,0,3360.14,0,6030.89,979,703,244,16,16,0.99,0.585,0.999,0.99,0.06999999999999995,0.025000000000000022,0.0,0.01202122306263255,0.005980014666922421,0.0946514117125246,-0.11686396048263897,-1.0,0.8583158714726538,1.0,1.0,1.0,,,,,0.010000000000000009,0.014303181199701743,0.010000000000000009,0.010145238573309411,7.0,14.0,30.0,,,,168.0,0.0,159.0,0.0,UP,7.0,0.99,0.76,81920,979,0.0,299.984
1786696800,polymarket-btc-updown-5m-1786696800-2026-08-14.txt.zst,polymarket-btc-5m_2026-08-14.zip,True,DOWN,0.999,0.595,0.575,0.46499999999999997,0.28500000000000003,0.08499999999999999,0.045,0.035,0.01,0.01,0.010000000000000009,0.010000000000000009,0.009999999999999953,0.009999999999999953,0.009999999999999995,0.010000000000000002,0.010000000000000002,,,914.52,5375.7,4053.77,0.0,1917.6,1781.3500000000001,1691.73,2794.5699999999997,7013.263939000004,7335.424062000002,5626.864750999999,6504.214857,5494.490219000003,5963.423143000004,4794.12,100.0,1293,533,433,307,20,0.605,0.045,0.07500000000000001,0.001,-0.2899999999999999,-0.24000000000000005,-0.034999999999999996,0.02151981042891313,0.017511466933097915,-0.022452235561714457,-0.07232250832987863,-0.040926555227342655,0.384111952961791,0.23077240089669698,0.18925022035316266,0.0,0.053721184117585294,0.05908250649499692,0.041771126999188106,0.050274157110202215,0.96,0.96,0.9699999999999999,0.9700000000000001,,,,122.0,123.0,127.0,0.0,112.0,0.0,111.0,DOWN,122.0,0.96,0.76,110854,1293,0.0,300.0
1786697100,polymarket-btc-updown-5m-1786697100-2026-08-14.txt.zst,polymarket-btc-5m_2026-08-14.zip,True,UP,0.999,0.365,0.625,0.825,0.935,0.945,0.965,0.99,0.999,0.999,0.010000000000000009,0.010000000000000009,0.010000000000000009,0.009999999999999898,0.010000000000000009,0.010000000000000009,,,,2310.46,2144.9900000000002,5435.549999999999,10223.08,6340.630000000001,3889.46,0.0,0.0,9131.663056000016,9736.349529,3979.4311070000017,4323.049500000002,1956.005433,6037.799999999999,0,5.05,1035,703,267,63,2,0.975,0.335,0.999,0.975,0.31000000000000005,0.029999999999999916,0.03400000000000003,0.023236054219386612,0.004459522170148041,-0.03204823349973311,-0.0413874369920585,-0.5106197043712809,0.7630732991081753,0.8286472043368408,1.0,1.0,0.9699999999999999,0.9700000000000001,,,0.042967062141734964,0.0510111040498147,0.010000000000000009,0.012690090432386876,75.0,83.0,94.0,,,,117.0,0.0,107.0,0.0,UP,75.0,0.98,0.76,95303,1035,0.0,299.983
1786697400,polymarket-btc-updown-5m-1786697400-2026-08-14.txt.zst,polymarket-btc-5m_2026-08-14.zip,True,UP,0.99,0.505,0.585,0.685,0.815,0.745,0.945,0.985,0.99,0.99,0.010000000000000009,0.010000000000000009,0.009999999999999898,0.009999999999999898,0.010000000000000009,0.010000000000000009,0.010000000000000009,,,1968.0700000000002,1520.73,2217.0099999999998,3448.57,1290.04,3614.25,1130.02,0.0,7950.061004000002,6321.64312,5151.027757,3698.4641270000006,2908.612198,3632.1023750000004,0,3558.38,997,530,281,172,14,0.965,0.405,0.99,0.935,0.22999999999999998,0.13,0.04500000000000004,0.017050294279396052,0.01626518770278963,0.11410115217155983,0.16414090764083908,-0.1106133235023831,0.6696123908738184,0.8358520772540959,0.93889656723746,1.0,0.95,0.95,0.99,0.99,0.06460897826249566,0.07155402975944761,0.025304368110271057,0.033231072982098396,107.0,110.0,124.0,,,,98.0,0.0,88.0,0.0,UP,107.0,0.97,0.63,109699,997,0.001,299.983
1786697700,polymarket-btc-updown-5m-1786697700-2026-08-14.txt.zst,polymarket-btc-5m_2026-08-14.zip,True,UP,0.99,0.425,0.405,0.435,0.245,0.395,0.405,0.735,0.985,0.99,0.010000000000000009,0.009999999999999953,0.010000000000000009,0.010000000000000009,0.010000000000000009,0.009999999999999953,0.010000000000000009,0.010000000000000009,,2346.54,4228.61,2467.8599999999997,994.08,1777.93,624.3299999999999,46.67,1453.58,3884.8499500000016,4178.417006,2751.5325750000006,2918.4292839999994,8281.771235000004,4947.970093999999,2170.998444000002,1978.409997,1242,319,222,533,168,0.455,0.245,0.99,0.345,-0.16000000000000003,0.16000000000000003,0.58,0.017354386185859622,0.03385810980381587,-0.03640795444352122,-0.02943524368423776,0.2519929194452358,0.41203495454120925,0.5665656081947996,0.6462477434739868,0.9020364645568093,0.41,0.4144091260532929,0.7450101498934764,0.7726992373521804,0.6,0.6,0.27,0.27,194.0,199.0,201.0,119.0,,,57.0,3.0,52.0,0.0,DOWN,119.0,0.76,0.010000000000000009,104979,1242,0.0,299.981
1786698000,polymarket-btc-updown-5m-1786698000-2026-08-14.txt.zst,polymarket-btc-5m_2026-08-14.zip,True,DOWN,0.99,0.415,0.445,0.265,0.14500000000000002,0.10500000000000001,0.015,0.01,0.01,0.01,0.010000000000000009,0.010000000000000009,0.010000000000000009,0.009999999999999981,0.009999999999999995,0.01,,,,1329.65,1662.31,0.0,0.0,1499.9,3479.7599999999998,6502.4,9534.83,8352.078877999998,8967.657522999998,2135.8167299999996,5263.156810000004,3345.7166650000004,2182.8553,509.34999999999997,0,926,626,196,101,3,0.485,0.015,0.025,0.01,-0.3,-0.13,-0.004999999999999999,0.026208567408430413,0.005632605953017011,-0.03554203313189326,-0.4226721535214468,0.2103366605991173,0.32243142338327374,0.07801188450387218,0.0,0.0,0.030081478091563887,0.03596867150989095,0.01,0.010343197743808501,0.99,0.99,,,,,,95.0,95.0,110.0,0.0,102.0,0.0,102.0,DOWN,95.0,0.99,0.8,97673,926,0.0,300.0
1786698300,polymarket-btc-updown-5m-1786698300-2026-08-14.txt.zst,polymarket-btc-5m_2026-08-14.zip,True,DOWN,0.99,0.375,0.335,0.235,0.28500000000000003,0.165,0.025,0.015,0.01,0.01,0.010000000000000009,0.010000000000000009,0.009999999999999981,0.009999999999999953,0.010000000000000009,0.009999999999999998,0.01,,,543.48,2098.55,110.01,0.0,1528.0900000000001,1960.4499999999998,2032.9000000000003,2528.37,4371.352013000002,6452.080561999999,3004.209333000002,4493.241888000004,2385.199997,2980.3702969999995,803.68,0,860,410,289,152,9,0.485,0.025,0.035,0.01,-0.04999999999999999,-0.26,-0.015000000000000001,0.014280110945908331,0.011081170392783094,-0.19224294460946428,-0.198605167424003,-0.11092395912985115,0.37426101906028275,0.1051093918025143,0.0072063987003458795,0.0,0.03461269301382773,0.04346669738825679,0.02872029778501414,0.03667933327128182,0.98,0.98,0.99,0.99,,,,83.0,130.0,131.0,0.0,144.0,0.0,104.0,DOWN,83.0,0.98,0.69,97625,860,0.0,299.976
1786698600,polymarket-btc-updown-5m-1786698600-2026-08-14.txt.zst,polymarket-btc-5m_2026-08-14.zip,True,DOWN,0.99,0.435,0.295,0.495,0.525,0.21000000000000002,0.215,0.065,0.015,0.015,0.010000000000000009,0.010000000000000009,0.010000000000000009,0.010000000000000009,0.01999999999999999,0.010000000000000009,0.010000000000000009,0.01,0.01,742.2800000000001,475.41999999999996,3183.5699999999993,1553.06,1771.24,1109.3700000000001,1093.3600000000001,1590.8000000000002,10850.429804999998,10060.72626600001,4408.190327000002,4918.373138000001,3667.481636,7460.141121999998,8671.785882000002,5741.410393000001,1753,770,336,412,235,0.565,0.165,0.245,0.01,0.23000000000000004,-0.31000000000000005,-0.2,0.03757336427685485,0.024920611736713127,0.03776470015902963,-0.05470212183882873,-0.34083285967556154,0.5120101872820632,0.3115802573818028,0.14446751719186915,0.09452621251203594,0.22,0.22,0.07,0.07675153639864712,0.7901741861943086,0.7960420979482965,0.94,0.9400000000000001,,,,20.0,23.0,205.0,0.0,144.0,0.0,95.0,DOWN,20.0,0.84,0.43999999999999995,134235,1753,0.0,300.0
1786698900,polymarket-btc-updown-5m-1786698900-2026-08-14.txt.zst,polymarket-btc-5m_2026-08-14.zip,True,UP,0.99,0.525,0.515,0.725,0.775,0.925,0.915,0.965,0.985,0.99,0.010000000000000009,0.010000000000000009,0.010000000000000009,0.010000000000000009,0.010000000000000009,0.010000000000000009,0.010000000000000009,0.010000000000000009,,1989.82,1287.67,1613.37,2386.67,698.5,1382.3999999999999,2615.0099999999998,125.64,8663.281992,7349.158732000003,5363.251822,3883.540400000001,6514.796244000006,4076.797914000001,273.9749,2250.1700000000005,1220,578,317,287,38,0.925,0.385,0.99,0.925,0.26,0.14,0.06999999999999995,0.026041841736106214,0.01933851250232531,0.08206889147326203,0.16002429669388102,0.2301823779906204,0.6281707892240945,0.7602239949736784,0.8557107693428216,0.9916276391861671,0.9200000000000002,0.9200000000000002,0.9699999999999999,0.9700000000000001,0.08999999999999997,0.09151822190896289,0.040000000000000036,0.0470553509331661,72.0,118.0,137.0,,,,146.0,0.0,119.0,0.0,UP,72.0,0.93,0.67,103135,1220,0.0,299.98
1786699200,polymarket-btc-updown-5m-1786699200-2026-08-14.txt.zst,polymarket-btc-5m_2026-08-14.zip,True,UP,0.999,0.46499999999999997,0.605,0.825,0.845,0.835,0.915,0.965,0.985,0.99,0.009999999999999953,0.010000000000000009,0.010000000000000009,0.010000000000000009,0.010000000000000009,0.010000000000000009,0.010000000000000009,0.010000000000000009,,1572.92,1064.9,1978.3600000000001,3543.6899999999996,1919.0399999999997,1877.63,3853.52,3078.16,8112.132419999999,9435.460000000003,3111.3078959999993,1248.7721080000001,2884.1883420000004,2633.217293,2867.7229249999996,2308.13,1134,619,187,214,114,0.915,0.305,0.999,0.915,0.24,0.07000000000000006,0.06999999999999995,0.019799414302516347,0.011801786031757303,-0.0754136264580508,0.4271792687958208,0.04548714841771828,0.6058771245712001,0.7214151309101737,0.8201896969021087,0.8310035768501209,0.9200000000000002,0.9200000000000002,0.9699999999999999,0.9700000000000001,0.08999999999999997,0.09284330690122054,0.0505806120621064,0.05584174481395033,70.0,76.0,100.0,,,,187.0,0.0,172.0,0.0,UP,70.0,0.92,0.76,89990,1134,0.0,299.981
1786699500,polymarket-btc-updown-5m-1786699500-2026-08-14.txt.zst,polymarket-btc-5m_2026-08-14.zip,True,DOWN,0.99,0.435,0.455,0.735,0.775,0.725,0.07500000000000001,0.01,0.01,0.01,0.010000000000000009,0.010000000000000009,0.010000000000000009,0.010000000000000009,0.010000000000000009,0.009999999999999995,,,,1452.33,1210.6399999999999,0.0,0.0,1236.26,784.99,8249.17,10299.43,5892.322073000004,4363.029093,7857.558971999999,7950.978905000002,2674.266664999999,3040.1339099999996,856.09,0,1115,473,473,164,5,0.775,0.07500000000000001,0.07500000000000001,0.01,0.32,-0.7,-0.06500000000000002,0.022386931899837353,0.03271048435784679,0.14912146402847062,-0.00590946068047953,-0.06402548092281761,0.5963105752657363,0.22189038305242353,0.0,0.0,0.08636907901223193,0.09636337929160176,0.01,0.01,0.93,0.9299999999999999,,,89.0,,,159.0,160.0,160.0,35.0,39.0,0.0,38.0,UP,89.0,0.78,0.01,97856,1115,0.0,299.981
1786699800,polymarket-btc-updown-5m-1786699800-2026-08-14.txt.zst,polymarket-btc-5m_2026-08-14.zip,True,DOWN,0.99,0.265,0.165,0.08499999999999999,0.035,0.035,0.135,0.28500000000000003,0.125,0.01,0.010000000000000009,0.010000000000000009,0.009999999999999995,0.010000000000000002,0.010000000000000002,0.010000000000000009,0.009999999999999953,0.010000000000000009,,3349.9700000000003,1230.16,290.27000000000004,572.16,1814.66,756.18,705.8,497.46,11271.652612000004,13582.905269999994,7186.5439259999985,6171.935687999998,5730.935329999999,6953.7439389999945,19093.283473,3179.522339,1978,926,335,441,276,0.415,0.015,0.415,0.01,-0.13,0.1,-0.010000000000000009,0.026503923920681578,0.03860182800329333,-0.09299109921701043,0.07595237387169927,-0.09640043575941327,0.13830443845624446,0.33418252360388095,0.33060724727764773,0.17140040601775572,0.14,0.14394191605099999,0.29,0.29,0.87,0.8743935005258482,0.7215223666010874,0.7265863371009069,,,,11.0,14.0,42.0,0.0,235.0,0.0,208.0,DOWN,11.0,0.99,0.5900000000000001,133182,1978,0.0,300.0
1786700100,polymarket-btc-updown-5m-1786700100-2026-08-14.txt.zst,polymarket-btc-5m_2026-08-14.zip,True,DOWN,0.99,0.755,0.405,0.525,0.375,0.165,0.28500000000000003,0.045,0.01,0.01,0.010000000000000009,0.009999999999999953,0.010000000000000009,0.010000000000000009,0.010000000000000009,0.009999999999999953,0.010000000000000002,,,973.39,665.9399999999999,3167.7200000000003,0.0,939.3299999999999,1161.73,1369.3,2510.42,6990.688691999997,11494.587206999995,7085.635877999996,6250.834580000001,6876.337964,6338.667410000014,1538.49,0,1601,709,432,441,19,0.805,0.14500000000000002,0.275,0.01,-0.030000000000000027,-0.08999999999999997,-0.275,0.030270460358377823,0.03267786559541203,-0.24364789249608373,0.06259536963914114,0.04068636665542578,0.45567180060585566,0.4811199161757296,0.17145294315680998,0.0,0.29,0.29,0.05067092702210373,0.05890349685653252,0.72,0.72,0.96,0.96,10.0,38.0,,127.0,129.0,154.0,33.0,89.0,8.0,73.0,UP,10.0,0.81,0.01,124082,1601,0.0,299.981
1786700400,polymarket-btc-updown-5m-1786700400-2026-08-14.txt.zst,polymarket-btc-5m_2026-08-14.zip,True,DOWN,0.99,0.255,0.495,0.355,0.335,0.135,0.225,0.08499999999999999,0.095,0.045,0.010000000000000009,0.010000000000000009,0.010000000000000009,0.010000000000000009,0.010000000000000009,0.010000000000000009,0.009999999999999995,0.010000000000000009,0.010000000000000002,386.27,449.01,2194.21,1398.03,620.5600000000001,822.4200000000001,724.88,432.78999999999996,12003.468703000002,19255.05718300002,6433.546236000002,9597.869744000003,3754.2001900000005,4528.772656000002,5105.335007,4748.441233,1863,790,432,343,298,0.605,0.065,0.275,0.01,-0.15999999999999998,-0.11000000000000001,-0.13,0.03834000824847326,0.034125126875807904,-0.23198753858216448,-0.19738265864647597,-0.09351382413067508,0.3252594627084569,0.25933608333129804,0.19105410345121168,0.16978240542958709,0.22999999999999998,0.23,0.08999999999999998,0.09524219310269505,0.787486516614528,0.7889927873632645,0.9200000000000002,0.9200000000000002,,,,21.0,80.0,80.0,0.0,171.0,0.0,138.0,DOWN,21.0,0.94,0.4,137714,1863,0.0,299.98
1786700700,polymarket-btc-updown-5m-1786700700-2026-08-14.txt.zst,polymarket-btc-5m_2026-08-14.zip,True,UP,0.999,0.775,0.765,0.795,0.825,0.885,0.985,0.99,0.996,0.999,0.010000000000000009,0.010000000000000009,0.010000000000000009,0.010000000000000009,0.010000000000000009,0.010000000000000009,,0.006000000000000005,,2033.4299999999998,2293.98,2804.7400000000002,6569.73,1270.62,1403.8,0.0,1113.99,5573.098729000001,7343.6881889999995,3686.4758220000012,1570.7620900000002,1537.6648,3664.4300000000003,513.7760000000001,245.7,806,516,198,73,19,0.985,0.585,0.999,0.985,0.05999999999999994,0.16000000000000003,0.01100000000000001,0.024091910843003436,0.005997723657824714,-0.1370766175241785,0.4024382703264658,-0.4088286126581161,0.6306333270558131,0.9276478276824627,1.0,0.9486698979424922,0.99,0.99,,,0.026529448722923975,0.033532650478646606,0.01697258066141366,0.02500653637123346,19.0,25.0,72.0,,,,169.0,0.0,125.0,0.0,UP,19.0,0.99,0.67,85403,806,0.0,299.986
1786701000,polymarket-btc-updown-5m-1786701000-2026-08-14.txt.zst,polymarket-btc-5m_2026-08-14.zip,True,DOWN,0.99,0.655,0.655,0.20500000000000002,0.245,0.565,0.585,0.315,0.015,0.01,0.010000000000000009,0.010000000000000009,0.009999999999999981,0.010000000000000009,0.009999999999999898,0.010000000000000009,0.010000000000000009,0.01,,368.68,709.09,920.6800000000001,1584.99,1922.56,1184.5700000000002,266.12,1055.98,10231.32557,9750.009122000005,7295.286529000004,8888.447388000002,6750.689994999999,7138.924130000002,7233.12,1559.8142,1806,748,485,440,133,0.865,0.125,0.585,0.01,-0.41000000000000003,0.33999999999999997,-0.57,0.038233375032640717,0.04219573424655165,0.024088303179902307,-0.09844210657260513,-0.027951398181841378,0.36342396445447844,0.555268172618942,0.46274303996762617,0.10288207951634083,0.59,0.59,0.32573614153743624,0.3351778419382321,0.42000000000000004,0.42330950017117036,0.6899999999999998,0.69,13.0,13.0,166.0,82.0,88.0,115.0,7.0,71.0,5.0,34.0,UP,13.0,0.87,0.01,134824,1806,0.0,299.993
1786701300,polymarket-btc-updown-5m-1786701300-2026-08-14.txt.zst,polymarket-btc-5m_2026-08-14.zip,True,DOWN,0.99,0.615,0.495,0.405,0.335,0.375,0.11499999999999999,0.14500000000000002,0.07500000000000001,0.01,0.010000000000000009,0.010000000000000009,0.009999999999999953,0.010000000000000009,0.010000000000000009,0.009999999999999995,0.009999999999999981,0.009999999999999995,,1596.25,1948.39,689.55,1812.52,456.6,1368.33,1508.1200000000001,484.0,6683.846952000001,8665.361437000009,4648.668425000004,6093.960069999998,4009.0617460000026,5564.911852999994,3833.546665000001,3064.070297999999,1568,550,358,442,218,0.685,0.11499999999999999,0.37,0.01,-0.15999999999999998,-0.22000000000000003,-0.03999999999999998,0.01844744218717868,0.03707407790529833,-0.1290955490851279,-0.1345379899968321,-0.162508293020831,0.532617467803415,0.33409087389466186,0.25612519614711204,0.23247699082582332,0.12000000000000001,0.12,0.15,0.15162605787671343,0.89,0.89,0.86,0.86,,,,157.0,157.0,162.0,0.0,99.0,0.0,80.0,DOWN,157.0,0.89,0.6699999999999999,113133,1568,0.0,300.0
1786701600,polymarket-btc-updown-5m-1786701600-2026-08-14.txt.zst,polymarket-btc-5m_2026-08-14.zip,True,UP,0.99,0.245,0.275,0.345,0.46499999999999997,0.565,0.615,0.865,0.985,0.99,0.010000000000000009,0.010000000000000009,0.009999999999999953,0.009999999999999953,0.009999999999999898,0.010000000000000009,0.010000000000000009,0.010000000000000009,,1263.75,1611.92,1030.77,1647.56,1221.1599999999999,1183.13,2034.26,1638.73,11355.204107000007,10891.402328000004,6519.596380999999,4682.871447999999,9201.340364000002,6055.4555420000015,1596.0260999999998,2192.0099999999998,1553,769,320,391,73,0.695,0.11499999999999999,0.99,0.615,0.18999999999999995,0.15000000000000002,0.37,0.030895935388484546,0.027513899583208656,0.020848203538599747,0.16395717095881704,0.20619564169189847,0.5311587128413189,0.6045098820895237,0.7139748737950846,0.9152502752621908,0.6273030343012678,0.6289185534935189,0.87,0.87,0.39,0.39,0.14,0.14433696731104068,187.0,197.0,202.0,23.0,42.0,45.0,56.0,56.0,45.0,33.0,DOWN,23.0,0.89,0.010000000000000009,130187,1553,0.0,300.0
1786701900,polymarket-btc-updown-5m-1786701900-2026-08-14.txt.zst,polymarket-btc-5m_2026-08-14.zip,True,DOWN,0.99,0.735,0.595,0.495,0.505,0.535,0.655,0.795,0.22499999999999998,0.01,0.010000000000000009,0.010000000000000009,0.010000000000000009,0.010000000000000009,0.010000000000000009,0.010000000000000009,0.010000000000000009,0.03,,1509.57,1205.35,1249.08,554.72,941.34,788.58,1218.76,1148.24,7930.039467000002,8403.652882000002,5368.829919,3447.384742999999,4518.296237999998,4818.230509000001,8075.766588,4926.822280000001,1367,554,207,343,263,0.775,0.455,0.865,0.01,-0.08999999999999997,0.15000000000000002,-0.43000000000000005,0.0289812735345822,0.05862775247201823,-0.028996102343570574,0.21794446365761608,-0.03212482319470431,0.5398309402200346,0.5938581584105623,0.7469623854031302,0.4021172815590936,0.661534906868502,0.6665892746877875,0.8063793302873238,0.8104932967617021,0.35,0.35,0.20999999999999996,0.20999999999999996,36.0,191.0,225.0,239.0,241.0,242.0,60.0,16.0,30.0,14.0,UP,36.0,0.78,0.01,118065,1367,0.0,299.982
1786702200,polymarket-btc-updown-5m-1786702200-2026-08-14.txt.zst,polymarket-btc-5m_2026-08-14.zip,True,UP,0.99,0.695,0.705,0.805,0.905,0.965,0.955,0.955,0.99,0.99,0.010000000000000009,0.010000000000000009,0.010000000000000009,0.010000000000000009,0.010000000000000009,0.010000000000000009,0.010000000000000009,,,1776.8000000000002,934.3799999999999,1201.8600000000001,2909.85,2366.98,3658.01,2891.52,0.0,5437.440063999999,7271.8218799999995,3757.0276669999976,3920.6313570000016,3379.9939970000014,2903.2806649999998,0,1262.17,927,445,261,208,13,0.985,0.535,0.99,0.925,0.20000000000000007,0.04999999999999993,0.03500000000000003,0.018336070587610574,0.007853386990594702,-0.1443342519874654,-0.021309059114058938,0.07587020425560405,0.7742592013025539,0.8300838151792616,0.8445801219807821,1.0,0.96,0.96,0.96,0.96,0.06268666783927584,0.0726204623627914,0.05468066551020625,0.0660690610666559,46.0,49.0,78.0,,,,173.0,0.0,163.0,0.0,UP,46.0,0.99,0.71,79074,927,0.0,300.0
1786702500,polymarket-btc-updown-5m-1786702500-2026-08-14.txt.zst,polymarket-btc-5m_2026-08-14.zip,True,UP,0.999,0.525,0.445,0.695,0.905,0.965,0.975,0.99,0.99,0.999,0.010000000000000009,0.010000000000000009,0.010000000000000009,0.010000000000000009,0.010000000000000009,0.010000000000000009,,,,551.78,1467.83,5064.18,8252.59,3889.1400000000003,2864.83,0.0,0.0,10730.896901999997,15632.230856000022,9360.293086999984,5488.588346000001,3471.368565,2418.0133300000007,0,712.63,1377,897,344,126,10,0.985,0.435,0.999,0.965,0.46,0.06999999999999995,0.015000000000000013,0.03312819404821757,0.007747253718541923,-0.18591625390552122,0.260740498095402,0.17885667015315865,0.7016282880445857,0.8841396586183775,1.0,1.0,0.98,0.98,,,0.03903952732087754,0.04795808545680028,0.010000000000000009,0.011494857975923187,74.0,104.0,108.0,,,,105.0,0.0,100.0,0.0,UP,74.0,0.99,0.68,79500,1377,0.0,299.994
1786702800,polymarket-btc-updown-5m-1786702800-2026-08-14.txt.zst,polymarket-btc-5m_2026-08-14.zip,True,DOWN,0.99,0.455,0.385,0.365,0.335,0.395,0.20500000000000002,0.215,0.015,0.01,0.010000000000000009,0.010000000000000009,0.010000000000000009,0.010000000000000009,0.010000000000000009,0.009999999999999981,0.010000000000000009,0.01,,1526.43,897.5799999999999,868.1099999999999,1690.9,881.45,1094.87,580.13,1380.06,3891.7232930000005,4609.966179000002,2293.5942409999993,2170.9192749999993,7470.446204000002,5931.663157999999,1303.8399999999997,1601.9577,953,287,220,389,57,0.545,0.185,0.305,0.01,-0.04999999999999999,-0.13,-0.19,0.011512917480272451,0.028431433122570852,-0.08448237122345006,0.02747779025874945,0.11481648182658682,0.41032525613176063,0.2562231654283251,0.26654889167765056,0.07676731906856803,0.21736339279013175,0.22118354284840697,0.223519166989732,0.23193480582886153,0.8,0.8,0.7899999999999999,0.7954606723274518,,,,177.0,177.0,213.0,0.0,65.0,0.0,39.0,DOWN,177.0,0.8200000000000001,0.7,93298,953,0.01,300.0
1786703100,polymarket-btc-updown-5m-1786703100-2026-08-14.txt.zst,polymarket-btc-5m_2026-08-14.zip,True,DOWN,0.99,0.475,0.445,0.295,0.595,0.345,0.415,0.065,0.01,0.025,0.010000000000000009,0.010000000000000009,0.010000000000000009,0.010000000000000009,0.009999999999999953,0.010000000000000009,0.010000000000000009,,0.009999999999999998,1276.79,1261.1399999999999,3823.03,0.0,1335.54,1209.5,1727.32,6680.86,6175.295969000001,5113.3617989999975,2465.7631759999995,4732.285615999998,4385.342696000002,4836.300619000002,15052.448264000008,7405.272430000002,1398,479,236,342,341,0.595,0.20500000000000002,0.435,0.01,0.14999999999999997,-0.18,-0.40499999999999997,0.024767264018191,0.02921271485185534,0.09407089769434522,-0.3148801161946888,-0.04890212162798228,0.5508036392039517,0.4979888328822042,0.1543541623011389,0.0,0.41999999999999993,0.42037477466165757,0.07554716170134242,0.08249732178795802,0.5900000000000001,0.5900000000000001,0.94,0.9400000000000001,,,,88.0,94.0,196.0,0.0,51.0,0.0,42.0,DOWN,88.0,0.8,0.41000000000000003,105681,1398,0.0,299.982
1786703400,polymarket-btc-updown-5m-1786703400-2026-08-14.txt.zst,polymarket-btc-5m_2026-08-14.zip,True,UP,0.999,0.795,0.885,0.855,0.905,0.875,0.965,0.985,0.99,0.99,0.010000000000000009,0.010000000000000009,0.010000000000000009,0.010000000000000009,0.010000000000000009,0.010000000000000009,0.010000000000000009,,,1818.8,950.17,1521.64,6789.950000000001,2227.7200000000003,4277.65,768.05,0.0,7941.255964999998,8024.944074999998,2580.0060479999997,1734.9117399999998,3521.4074530000003,1388.943332,0,433.39,896,553,172,162,9,0.965,0.565,0.999,0.965,0.020000000000000018,0.05999999999999994,0.025000000000000022,0.019935777488967812,0.005695471805605658,-0.005241579699010214,0.19585409259714034,0.43427938539832844,0.6827852292477641,0.8290179278059262,0.9604471651269703,1.0,0.9699999999999999,0.9700000000000001,0.99,0.99,0.04815139123048428,0.059615894530808566,0.02822455052427974,0.0399291530670723,14.0,14.0,41.0,,,,203.0,0.0,200.0,0.0,UP,14.0,0.97,0.74,77236,896,0.004,299.988
1786703700,polymarket-btc-updown-5m-1786703700-2026-08-14.txt.zst,polymarket-btc-5m_2026-08-14.zip,True,DOWN,0.99,0.565,0.635,0.895,0.685,0.495,0.055,0.03,0.01,0.01,0.009999999999999898,0.010000000000000009,0.010000000000000009,0.009999999999999898,0.010000000000000009,0.009999999999999995,0.02,,,2790.53,4566.03,2736.17,0.0,1524.76,2178.42,2071.2000000000003,1512.3000000000002,5950.475950000003,7902.537228000005,5433.691736999999,5284.416208,7652.328560000002,10062.102006999998,1895.3816650000003,1421.317681,1459,601,388,404,66,0.905,0.055,0.295,0.01,0.050000000000000044,-0.63,-0.045,0.027620882774924235,0.048635270592942814,-0.14091239594719174,0.01392741421956257,-0.1360344854374904,0.5636529060630167,0.1967910257675597,0.12563110094860286,0.0,0.06,0.06352167930736904,0.0423694948586905,0.04884422609232875,0.95,0.95,0.98,0.98,75.0,79.0,83.0,157.0,157.0,168.0,40.0,88.0,30.0,78.0,UP,75.0,0.91,0.01,115729,1459,0.0,300.0
1786704000,polymarket-btc-updown-5m-1786704000-2026-08-14.txt.zst,polymarket-btc-5m_2026-08-14.zip,True,DOWN,0.999,0.485,0.335,0.395,0.225,0.045,0.025,0.045,0.01,0.01,0.010000000000000009,0.010000000000000009,0.010000000000000009,0.010000000000000009,0.010000000000000002,0.009999999999999998,0.010000000000000002,,,2110.0200000000004,1402.25,2746.29,0.0,1442.0300000000002,1938.6,1841.2,2626.3,4125.270157,3803.6227460000027,3140.83974,4769.562523000004,4005.314995,5434.086853999998,2271.92,0,871,370,280,207,14,0.505,0.015,0.055,0.001,-0.11000000000000001,-0.2,-0.015000000000000001,0.018218253536076447,0.00973659644612276,0.04056649710557922,-0.20589632851140424,-0.15136254201863023,0.4185983979209316,0.07100650743182034,0.13255446901757878,0.0,0.03716269220273875,0.04397059291750879,0.052646179254860564,0.05987294823690431,0.98,0.98,0.96,0.96,,,,111.0,122.0,122.0,0.0,114.0,0.0,103.0,DOWN,111.0,0.99,0.78,75903,871,0.0,299.984
1786704300,polymarket-btc-updown-5m-1786704300-2026-08-14.txt.zst,polymarket-btc-5m_2026-08-14.zip,True,DOWN,0.99,0.705,0.795,0.745,0.595,0.235,0.045,0.015,0.01,0.01,0.010000000000000009,0.010000000000000009,0.010000000000000009,0.010000000000000009,0.009999999999999981,0.010000000000000002,0.01,,,1919.6799999999998,3785.4499999999994,317.72,0.0,934.66,2491.0,1796.4700000000003,3029.29,8736.539045000005,9033.453531000001,6898.307881999998,6881.393639000007,7851.464996000001,5116.204103000002,130.87,0,1175,512,405,252,6,0.855,0.045,0.055,0.01,-0.20000000000000007,-0.5499999999999999,-0.034999999999999996,0.02322327987798701,0.018778576950503972,-0.016708756896218747,0.0012274752812471363,0.210929263549062,0.5139661693480234,0.15656679292542847,0.018861136868500383,0.0,0.05,0.05303766762115235,0.027476374894147827,0.03802461569194529,0.96,0.96,0.99,0.99,15.0,37.0,37.0,146.0,155.0,170.0,81.0,68.0,39.0,53.0,UP,15.0,0.86,0.01,90320,1175,0.0,299.983
1786704600,polymarket-btc-updown-5m-1786704600-2026-08-14.txt.zst,polymarket-btc-5m_2026-08-14.zip,True,DOWN,0.99,0.505,0.635,0.605,0.585,0.725,0.735,0.635,0.125,0.01,0.010000000000000009,0.010000000000000009,0.010000000000000009,0.010000000000000009,0.010000000000000009,0.010000000000000009,0.010000000000000009,0.010000000000000009,,1720.52,2236.01,1625.31,1842.96,1803.96,1272.82,1624.3999999999999,1658.51,7059.246883,6803.505529000001,3646.6146469999976,3893.3233289999994,5541.4692780000005,6278.9008630000035,4004.388755,5442.138230000002,1469,472,269,454,274,0.855,0.475,0.755,0.01,-0.050000000000000044,0.15000000000000002,-0.61,0.02122161970390439,0.04481334629624208,0.018448093596378574,-0.032720253506764635,-0.062386505346575916,0.5322639064572856,0.609850451783197,0.6052395691111108,0.34125012219208256,0.74,0.743173053268903,0.64,0.64,0.27,0.27,0.37,0.37,127.0,128.0,132.0,217.0,217.0,218.0,39.0,46.0,11.0,46.0,UP,127.0,0.86,0.01,120775,1469,0.0,299.984
1786704900,polymarket-btc-updown-5m-1786704900-2026-08-14.txt.zst,polymarket-btc-5m_2026-08-14.zip,True,DOWN,0.99,0.665,0.375,0.215,0.275,0.405,0.445,0.20500000000000002,0.055,0.01,0.010000000000000009,0.010000000000000009,0.010000000000000009,0.010000000000000009,0.009999999999999953,0.010000000000000009,0.009999999999999981,0.009999999999999995,,582.16,1102.22,1455.11,3269.55,1860.27,1591.47,1253.74,3354.47,13981.196552000007,10920.538341000007,1589.128497,4082.404975000001,3941.1582160000016,5401.201319000002,3749.2399960000002,2993.2978279999998,1395,668,212,387,128,0.695,0.135,0.565,0.01,-0.09999999999999998,0.16999999999999998,-0.39,0.027238410790810897,0.03155943157159754,0.12290943679833183,-0.4396124064698106,-0.15628205032466666,0.44818114555651395,0.5369714662715657,0.37344710044182805,0.14675518673689142,0.45,0.45,0.21,0.2104615512471875,0.56,0.56,0.8,0.8,,,,78.0,85.0,105.0,0.0,101.0,0.0,72.0,DOWN,78.0,0.87,0.43999999999999995,115283,1395,0.0,300.0
1786705200,polymarket-btc-updown-5m-1786705200-2026-08-14.txt.zst,polymarket-btc-5m_2026-08-14.zip,True,UP,0.999,0.585,0.665,0.605,0.795,0.915,0.955,0.985,0.99,0.999,0.010000000000000009,0.010000000000000009,0.010000000000000009,0.010000000000000009,0.010000000000000009,0.010000000000000009,0.010000000000000009,,,2009.48,2219.83,4253.25,7326.03,883.65,8856.039999999999,5337.92,0.0,10349.988221999998,9528.514401000002,6426.009075000003,3936.093444000001,8924.346887000002,2558.99,0,57.93,1072,566,299,199,8,0.985,0.515,0.999,0.955,0.13,0.15999999999999992,0.03500000000000003,0.03517772006249863,0.01348811374369712,0.041324733385578405,0.24029058064562475,0.554312474643678,0.6272513695126429,0.7118741726098856,0.8059542898812987,1.0,0.96,0.96,0.99,0.99,0.06345520687620655,0.07042954510748813,0.023526787938351633,0.030005132307176163,39.0,40.0,95.0,,,,142.0,0.0,117.0,0.0,UP,39.0,0.99,0.52,90817,1072,0.001,300.0
1786705500,polymarket-btc-updown-5m-1786705500-2026-08-14.txt.zst,polymarket-btc-5m_2026-08-14.zip,True,DOWN,0.99725,0.305,0.185,0.135,0.045,0.045,0.015,0.035,0.389,0.01,0.010000000000000009,0.010000000000000009,0.010000000000000009,0.010000000000000002,0.010000000000000002,0.01,0.010000000000000002,0.0020000000000000018,,3013.18,2172.71,1797.7199999999998,491.04,1716.0099999999998,2541.63,2375.4100000000003,1254.21,7047.276526,8643.147487000004,1977.0096639999997,2735.9417399999998,6534.7139590000015,6381.566712,4575.697639000001,4841.6827969999995,1458,638,152,406,262,0.575,0.015,0.395,0.001,-0.14,-0.03,0.374,0.02243743245895439,0.021125649088801015,-0.10170986836797881,-0.1610311694187798,0.011856915384616272,0.12454033803676136,0.10326156180076461,0.08284423963133641,0.4721538462116186,0.02731528547587873,0.032294706969563665,0.04022553214204908,0.046123445204021694,0.99,0.99,0.9699999999999999,0.9700000000000001,,,,31.0,31.0,32.0,0.0,230.0,0.0,214.0,DOWN,31.0,0.99,0.61,95037,1458,0.0,299.985
1786705800,polymarket-btc-updown-5m-1786705800-2026-08-14.txt.zst,polymarket-btc-5m_2026-08-14.zip,True,DOWN,0.99,0.46499999999999997,0.435,0.385,0.235,0.125,0.475,0.615,0.815,0.135,0.009999999999999953,0.010000000000000009,0.010000000000000009,0.009999999999999981,0.010000000000000009,0.010000000000000009,0.010000000000000009,0.009999999999999898,0.010000000000000009,805.13,1712.49,1279.0200000000002,1796.81,1568.39,1484.96,1498.54,862.53,6779.990557000002,8352.449320999996,7250.181663999998,8509.495275000001,8242.419994000002,4869.135407000002,22024.087894000004,18633.72385199996,2386,531,470,396,989,0.735,0.095,0.955,0.01,-0.2,0.24,0.33999999999999997,0.03242744000913761,0.06982260265163626,-0.1039131016992232,-0.0799073239809642,0.25727569947519147,0.39613954019484016,0.4959653751688217,0.5439226949382746,0.7299969176581017,0.48,0.48,0.6200000000000001,0.62,0.53,0.53,0.39,0.3954022259707463,171.0,239.0,242.0,69.0,69.0,136.0,20.0,102.0,14.0,78.0,DOWN,69.0,0.91,0.050000000000000044,146070,2386,0.0,300.0
1786706100,polymarket-btc-updown-5m-1786706100-2026-08-14.txt.zst,polymarket-btc-5m_2026-08-14.zip,True,UP,0.99,0.525,0.505,0.485,0.825,0.895,0.725,0.965,0.99,0.99,0.010000000000000009,0.010000000000000009,0.010000000000000009,0.010000000000000009,0.010000000000000009,0.010000000000000009,0.010000000000000009,,,2012.05,2323.62,2445.9300000000003,7694.37,2203.46,1883.59,4346.75,0.0,8168.130634000006,7439.737634000001,5155.150579000002,5070.183583000004,6269.556711000002,3896.7101290000023,0,2401.7599999999998,1270,561,344,339,26,0.955,0.335,0.99,0.765,0.31999999999999995,-0.09999999999999998,0.265,0.02768356103937368,0.025853539366832105,0.04666832058631547,0.0083094590997092,0.2334039248963879,0.7020418799100101,0.6008465620751194,0.866620209657964,1.0,0.73,0.73,0.9699999999999999,0.9700000000000001,0.28,0.28,0.04468467374761486,0.048846735724634036,117.0,118.0,144.0,,,,118.0,0.0,100.0,0.0,UP,117.0,0.96,0.72,124498,1270,0.0,299.992
1786706400,polymarket-btc-updown-5m-1786706400-2026-08-14.txt.zst,polymarket-btc-5m_2026-08-14.zip,True,DOWN,0.99,0.655,0.705,0.485,0.475,0.375,0.295,0.14500000000000002,0.015,0.01,0.010000000000000009,0.010000000000000009,0.010000000000000009,0.010000000000000009,0.010000000000000009,0.010000000000000009,0.009999999999999981,0.01,,1816.02,2298.81,2145.6,1485.03,2631.27,1609.15,1725.38,1829.9499999999998,7884.272018000006,8614.252057000003,3145.0807210000003,3915.8344089999987,2845.300531000001,7552.736214999999,3304.892651,3273.8585449999996,1506,660,281,386,179,0.815,0.265,0.295,0.01,-0.22999999999999998,-0.18,-0.27999999999999997,0.023543124505566244,0.014613181688070827,-0.044245172215502976,-0.10915776125466593,-0.452723509157716,0.4352897686972717,0.38067413046100723,0.24225643301489835,0.05069638700805869,0.3,0.3,0.15,0.15,0.71,0.71,0.86,0.86,65.0,67.0,,191.0,193.0,207.0,14.0,68.0,8.0,59.0,UP,65.0,0.82,0.01,121106,1506,0.0,299.984
1786706700,polymarket-btc-updown-5m-1786706700-2026-08-14.txt.zst,polymarket-btc-5m_2026-08-14.zip,True,UP,0.99,0.445,0.655,0.855,0.905,0.845,0.765,0.935,0.985,0.99,0.010000000000000009,0.010000000000000009,0.010000000000000009,0.010000000000000009,0.010000000000000009,0.010000000000000009,0.009999999999999898,0.010000000000000009,,2302.27,2094.37,1611.4,2450.5099999999998,3438.0999999999995,1408.65,5421.179999999999,576.63,8244.917176000004,6337.9269319999985,2440.6791589999993,2929.9549270000007,5490.428541000001,1658.7501380000003,1778.2907599999996,4544.621357999999,1208,526,250,275,157,0.935,0.325,0.99,0.785,0.25,-0.14,0.21999999999999997,0.022324792463613567,0.015770122600738717,0.1307694322093075,-0.09110204869019657,0.5359606431792191,0.7236086039635827,0.6383488278060704,0.8015125697209259,0.9760869186574536,0.77,0.77,0.94,0.9400000000000001,0.24,0.24,0.07610202688976994,0.0832751788605398,75.0,84.0,85.0,,,,177.0,0.0,165.0,0.0,UP,75.0,0.94,0.75,104823,1208,0.0,299.985
1786707000,polymarket-btc-updown-5m-1786707000-2026-08-14.txt.zst,polymarket-btc-5m_2026-08-14.zip,True,UP,0.99,0.475,0.485,0.255,0.165,0.375,0.195,0.175,0.065,0.925,0.010000000000000009,0.010000000000000009,0.010000000000000009,0.010000000000000009,0.010000000000000009,0.010000000000000009,0.009999999999999981,0.010000000000000009,0.010000000000000009,1670.15,735.65,1934.57,4775.46,2390.9399999999996,1196.97,1476.9699999999998,1346.44,5556.334902000001,5688.076951000003,2908.6804259999994,3326.594511999999,2608.8531690000004,2321.2348980000006,9675.346164000008,10600.975589000001,1632,461,254,226,691,0.585,0.135,0.99,0.055,-0.31999999999999995,0.03,-0.13,0.020669975790011553,0.02448035642578583,-0.011716224087332108,-0.06702416335374109,0.05833937793630894,0.3238965881442631,0.27511802815840625,0.29907378969472725,0.17328553653287407,0.2,0.2,0.17999999999999997,0.18,0.8121828340746267,0.8213511803149701,0.83,0.83,266.0,267.0,268.0,84.0,96.0,117.0,17.0,110.0,16.0,95.0,DOWN,84.0,0.87,0.010000000000000009,122187,1632,0.0,299.983
1786707300,polymarket-btc-updown-5m-1786707300-2026-08-14.txt.zst,polymarket-btc-5m_2026-08-14.zip,True,UP,0.99,0.615,0.645,0.705,0.855,0.885,0.925,0.99,0.99,0.99,0.010000000000000009,0.010000000000000009,0.010000000000000009,0.010000000000000009,0.010000000000000009,0.010000000000000009,,,,1714.84,2009.5000000000002,5359.95,6868.71,1566.6499999999999,3010.13,0.0,0.0,5165.224515000005,6467.278914000001,4015.2179839999994,3435.1695480000008,2957.980353000001,3280.2966650000003,1790.5236469999998,15769.127493999998,1077,446,286,163,182,0.925,0.545,0.99,0.935,0.20999999999999996,0.07000000000000006,0.06499999999999995,0.014230741568949979,0.011878023906775259,-0.1119324319951589,0.07785480064072439,-0.05166752150793946,0.724376731301939,0.7844979065349309,1.0,1.0,0.9299999999999999,0.93,,,0.08284070879924507,0.08699354505420988,0.010000000000000009,0.012538290602926458,104.0,119.0,119.0,,,,99.0,0.0,76.0,0.0,UP,104.0,0.93,0.75,98351,1077,0.0,299.987
1786707600,polymarket-btc-updown-5m-1786707600-2026-08-14.txt.zst,polymarket-btc-5m_2026-08-14.zip,True,DOWN,0.999,0.10500000000000001,0.065,0.045,0.045,0.055,0.015,0.01,0.01,0.01,0.009999999999999995,0.010000000000000009,0.010000000000000002,0.010000000000000002,0.009999999999999995,0.01,,,,3680.72,1399.86,0.0,0.0,2036.9899999999998,1232.38,3081.79,5093.24,9606.254794000002,9012.799880000013,6268.038659000002,4319.250699000003,1700.65,2255.843,18571.14,738.0699999999999,849,587,132,49,81,0.32,0.015,0.015,0.001,-0.020000000000000004,-0.03,-0.004999999999999999,0.008885259091982218,0.004137210125192718,0.03187352550334901,0.18406864062211056,-0.14032452477484472,0.14817468793792055,0.0670021256157034,0.0,0.0,0.036078206524642414,0.04820278945386619,0.010343586924353198,0.01717666904089266,0.99,0.99,,,,,,3.0,7.0,12.0,0.0,186.0,0.0,182.0,DOWN,3.0,0.99,0.78,65699,849,0.0,300.0
1786707900,polymarket-btc-updown-5m-1786707900-2026-08-14.txt.zst,polymarket-btc-5m_2026-08-14.zip,True,DOWN,0.99,0.725,0.595,0.305,0.355,0.305,0.135,0.035,0.01,0.01,0.010000000000000009,0.010000000000000009,0.010000000000000009,0.010000000000000009,0.010000000000000009,0.010000000000000009,0.010000000000000002,,,1379.3600000000001,1533.34,3079.58,0.0,2263.27,2431.05,2690.52,7964.96,8032.064522000006,9403.068079000002,1995.7827829999999,2788.352073999999,4178.076402999999,5682.599535000002,792.49,0,1140,668,188,270,14,0.765,0.10500000000000001,0.165,0.01,-0.24,-0.21999999999999997,-0.125,0.026097714196352713,0.01666590702347068,-0.07863453570300699,-0.165666168427576,-0.15257809317128407,0.4795605189102941,0.34287545611730397,0.13914804479370751,0.0,0.14,0.14,0.04192649827561984,0.04788382272626055,0.87,0.87,0.9699999999999999,0.9700000000000001,33.0,,,95.0,100.0,167.0,10.0,86.0,0.0,60.0,UP,33.0,0.77,0.01,104434,1140,0.0,299.996
1786708200,polymarket-btc-updown-5m-1786708200-2026-08-14.txt.zst,polymarket-btc-5m_2026-08-14.zip,True,UP,0.999,0.785,0.825,0.885,0.925,0.975,0.99,0.99,0.99,0.99,0.010000000000000009,0.010000000000000009,0.010000000000000009,0.010000000000000009,0.010000000000000009,,,,,2152.02,4594.68,4826.780000000001,7818.9400000000005,3594.0400000000004,0.0,0.0,0.0,7289.778007999995,7331.996279999999,3600.203846999998,1968.617775,0,2442.1099999999997,0,1004.44,659,443,189,25,2,0.99,0.545,0.999,0.99,0.10000000000000009,0.06499999999999995,0.0,0.016913646223432388,0.003022137379849931,-0.002887356292639048,0.2929858743462548,-1.0,0.7323904085786626,1.0,1.0,1.0,,,,,0.010000000000000009,0.01454088367133142,0.010000000000000009,0.01395183693157674,26.0,33.0,40.0,,,,144.0,0.0,137.0,0.0,UP,26.0,0.99,0.78,64403,659,0.0,300.0
1786708500,polymarket-btc-updown-5m-1786708500-2026-08-14.txt.zst,polymarket-btc-5m_2026-08-14.zip,True,DOWN,0.99,0.745,0.785,0.645,0.675,0.615,0.175,0.015,0.01,0.01,0.010000000000000009,0.010000000000000009,0.010000000000000009,0.010000000000000009,0.010000000000000009,0.009999999999999981,0.01,,,2987.74,2262.8,360.68,0.0,1494.75,478.9,4248.4,7665.91,5580.740435999995,8120.382881999997,5965.371699000001,5681.69383,6979.020591,4913.066466999999,256.66,0,1163,449,438,267,9,0.785,0.175,0.20500000000000002,0.01,-0.10999999999999999,-0.5,-0.16499999999999998,0.013450552663246915,0.02885083612147372,-0.18536016259802007,0.02435616664933087,0.17372510930368618,0.5457651265019275,0.33101770159238214,0.016775361408855025,0.0,0.18714374414102922,0.19764287064419203,0.021575036680868822,0.0273202679821387,0.83,0.83,0.99,0.99,11.0,,,165.0,166.0,189.0,45.0,45.0,0.0,35.0,UP,11.0,0.79,0.01,95642,1163,0.0,299.981
1786708800,polymarket-btc-updown-5m-1786708800-2026-08-14.txt.zst,polymarket-btc-5m_2026-08-14.zip,True,UP,0.99,0.735,0.765,0.445,0.215,0.275,0.255,0.185,0.905,0.945,0.010000000000000009,0.010000000000000009,0.010000000000000009,0.010000000000000009,0.010000000000000009,0.010000000000000009,0.010000000000000009,0.010000000000000009,0.010000000000000009,2789.39,1154.2699999999998,1691.78,2640.9199999999996,3107.65,2027.75,2857.59,1030.38,9049.262913,10763.767922000005,3778.038260000001,3787.778544,8241.762150999999,6727.334832999995,12949.20710899999,9559.603377,2059,651,266,518,624,0.835,0.20500000000000002,0.99,0.155,-0.55,0.04000000000000001,0.65,0.029060812313576677,0.05509450517777035,-0.08653421191730577,-0.001287406799864488,0.10117025226162461,0.35171832254651536,0.37648988035399883,0.3143296454390708,0.8685066483701953,0.26,0.26,0.19,0.19,0.7499999999999999,0.7538134390494463,0.8200000000000001,0.8200000000000001,5.0,5.0,239.0,106.0,106.0,211.0,94.0,42.0,46.0,12.0,UP,5.0,0.84,0.16,154611,2059,0.0,300.0
1786709100,polymarket-btc-updown-5m-1786709100-2026-08-14.txt.zst,polymarket-btc-5m_2026-08-14.zip,True,DOWN,0.99,0.475,0.28500000000000003,0.11,0.11499999999999999,0.28500000000000003,0.195,0.11499999999999999,0.025,0.01,0.010000000000000009,0.009999999999999953,0.01999999999999999,0.009999999999999995,0.009999999999999953,0.010000000000000009,0.009999999999999995,0.009999999999999998,,2373.82,2897.12,1822.85,1706.1399999999999,2056.8700000000003,2605.58,1475.6399999999999,2763.65,8283.045004000001,8016.235312,3068.275252,4035.213860000001,5012.590072000001,4959.988411000003,3018.1599999999994,1471.94595,1251,610,264,331,46,0.555,0.065,0.175,0.01,-0.17000000000000004,0.08000000000000002,-0.17,0.029880598053854655,0.020017351111843548,0.01636941550959713,-0.13612164286512968,0.005274629935444134,0.28199733202540983,0.35386512633413236,0.32641876159752253,0.07544855259893628,0.2,0.2,0.12000000000000001,0.12573045429920285,0.8099999999999999,0.81,0.89,0.89,,,,35.0,35.0,78.0,0.0,142.0,0.0,135.0,DOWN,35.0,0.94,0.54,115385,1251,0.0,300.0
1786709400,polymarket-btc-updown-5m-1786709400-2026-08-14.txt.zst,polymarket-btc-5m_2026-08-14.zip,True,DOWN,0.99,0.28500000000000003,0.305,0.19,0.07500000000000001,0.045,0.035,0.01,0.01,0.045,0.009999999999999953,0.010000000000000009,0.020000000000000018,0.009999999999999995,0.010000000000000002,0.010000000000000002,,,0.010000000000000002,2546.25,3154.4,0.0,0.0,2196.14,3229.45,2663.21,1532.16,10732.808767000004,8555.218095999999,2839.487245,3079.1357170000015,9674.344716000009,7783.174362000003,10140.736848,4041.193414000001,1423,639,210,377,197,0.395,0.025,0.275,0.01,-0.22999999999999998,-0.04000000000000001,-0.025,0.019162434071688828,0.02444979217240696,0.11289857103928304,-0.040490579234163694,0.10832984604228563,0.18809703560225938,0.11534003444405037,0.0,0.0,0.046588598052898916,0.04857735349266904,0.01942954185709107,0.025877333000443266,0.9699999999999999,0.9700000000000001,,,,,,34.0,69.0,76.0,0.0,172.0,0.0,161.0,DOWN,34.0,0.98,0.7,111602,1423,0.0,299.991
1786709700,polymarket-btc-updown-5m-1786709700-2026-08-14.txt.zst,polymarket-btc-5m_2026-08-14.zip,True,UP,0.99675,0.715,0.905,0.905,0.955,0.925,0.945,0.965,0.957,0.9855,0.010000000000000009,0.010000000000000009,0.010000000000000009,0.010000000000000009,0.010000000000000009,0.010000000000000009,0.010000000000000009,0.006000000000000005,0.009000000000000008,3709.44,3722.9700000000003,3691.7200000000003,2451.87,4510.7300000000005,4848.4400000000005,3744.6200000000003,6466.22,8676.184051999997,10324.519660000005,2099.4156049999997,2736.3048839999997,9284.784449,4869.173979000002,4249.943021,13777.643314,1228,644,167,293,124,0.965,0.645,0.999,0.8494999999999999,0.04999999999999993,-0.010000000000000009,0.01200000000000001,0.014465016234967421,0.01296098002760156,-0.0867512926354929,-0.1317051472368506,0.31197000418376514,0.8689775366244373,0.8582211409121214,0.8823164854408048,0.8163404828212051,0.95,0.95,0.9699999999999999,0.9700000000000001,0.06000000000000005,0.06451193877567876,0.04436941315877695,0.05411938299587679,3.0,37.0,45.0,,,,234.0,0.0,230.0,0.0,UP,3.0,0.97,0.67,98467,1228,0.002,300.0
1786710000,polymarket-btc-updown-5m-1786710000-2026-08-14.txt.zst,polymarket-btc-5m_2026-08-14.zip,True,UP,0.99,0.675,0.845,0.725,0.575,0.825,0.755,0.605,0.985,0.99,0.010000000000000009,0.010000000000000009,0.010000000000000009,0.010000000000000009,0.010000000000000009,0.010000000000000009,0.010000000000000009,0.010000000000000009,,1874.9299999999998,2028.93,454.45,2567.82,1057.6,2980.03,628.53,745.22,10348.022897,10007.01506300001,4815.8697029999985,5367.493611000003,18937.369327000004,24161.851841999993,389.21000000000004,7410.43,1994,725,276,938,55,0.845,0.415,0.99,0.425,-0.27,0.18000000000000005,0.22999999999999998,0.02822615252340478,0.037728697778902,0.016752994254793853,-0.054169127722432944,-0.12121988224598837,0.5120364251682921,0.5817551241161361,0.5419372925666502,0.9683780746956704,0.76,0.76,0.6199172666221782,0.6220404995848143,0.25,0.25,0.39999999999999997,0.4,34.0,34.0,60.0,,,,102.0,0.0,50.0,0.0,UP,34.0,0.85,0.43,137902,1994,0.0,299.984
1786710300,polymarket-btc-updown-5m-1786710300-2026-08-14.txt.zst,polymarket-btc-5m_2026-08-14.zip,True,UP,0.99,0.645,0.655,0.725,0.715,0.325,0.685,0.965,0.985,0.99,0.010000000000000009,0.010000000000000009,0.010000000000000009,0.010000000000000009,0.010000000000000009,0.009999999999999898,0.010000000000000009,0.010000000000000009,,1870.39,1112.03,1952.77,1329.0,2039.3600000000001,410.43000000000006,2581.41,1300.73,5506.064825000004,7974.243424000002,12491.659780000004,8119.113977999998,8877.690089000002,10303.770106999998,1627.971758,2526.083332,1769,464,479,685,141,0.735,0.255,0.99,0.635,0.05999999999999994,-0.029999999999999916,0.29999999999999993,0.01791885694383628,0.04098753375567672,-0.18309511573543522,0.21214855169145783,-0.074346791298891,0.6039741285290404,0.7180528143737266,0.9073705672499133,0.9468062831507359,0.6899999999999998,0.6928896047634128,0.9699999999999999,0.9700000000000001,0.31999999999999995,0.31999999999999995,0.0421443710667739,0.049862433012303,183.0,192.0,196.0,154.0,,,81.0,8.0,73.0,0.0,DOWN,154.0,0.75,0.010000000000000009,121847,1769,0.0,300.0
1786710600,polymarket-btc-updown-5m-1786710600-2026-08-14.txt.zst,polymarket-btc-5m_2026-08-14.zip,True,DOWN,0.99,0.555,0.345,0.615,0.825,0.785,0.845,0.785,0.725,0.015,0.010000000000000009,0.009999999999999953,0.010000000000000009,0.010000000000000009,0.010000000000000009,0.010000000000000009,0.010000000000000009,0.010000000000000009,0.01,2365.63,2803.16,2051.49,1267.01,4553.860000000001,1417.56,586.43,349.59,12564.68886100001,14840.989259000018,5443.190376000001,5888.082668000002,7634.444911999999,7285.614157000003,7838.136226000002,11657.573110999989,2425,945,354,524,602,0.865,0.225,0.895,0.01,0.48,0.020000000000000018,-0.12,0.03996144412814335,0.051089678493215177,-0.08305944439808689,-0.03926233974527464,0.023379984850380103,0.6309373761973982,0.7340428591179317,0.6342209928100699,0.6811657751819882,0.85,0.85,0.7899999999999999,0.79,0.16000000000000003,0.16096768340869044,0.21999999999999997,0.21999999999999997,110.0,113.0,123.0,46.0,264.0,265.0,95.0,16.0,44.0,8.0,DOWN,46.0,0.78,0.10999999999999999,185724,2425,0.0,299.992
1786710900,polymarket-btc-updown-5m-1786710900-2026-08-14.txt.zst,polymarket-btc-5m_2026-08-14.zip,True,DOWN,0.99,0.325,0.215,0.305,0.245,0.175,0.125,0.015,0.01,0.01,0.010000000000000009,0.010000000000000009,0.010000000000000009,0.010000000000000009,0.009999999999999981,0.010000000000000009,0.01,,,2119.5400000000004,2206.4900000000002,939.5,0.0,2318.6800000000003,1240.47,2732.47,9391.11,10275.20284900001,6942.064538000004,2628.661479,2375.9065830000004,996.4514390000003,4587.9099559999995,4086.7599999999998,0,950,528,169,242,11,0.46499999999999997,0.125,0.135,0.01,0.03,-0.12,-0.115,0.018804612343203228,0.01104673424858009,0.19359275987760458,0.05050483735433299,-0.6431278821273348,0.3976267416332771,0.24321983117965817,0.031749636459058865,0.0,0.1364738564967155,0.14201585507072637,0.02510403460782917,0.030797584175981767,0.88,0.88,0.99,0.99,,,,36.0,36.0,178.0,0.0,159.0,0.0,104.0,DOWN,36.0,0.88,0.69,92398,950,0.0,299.981
1786711200,polymarket-btc-updown-5m-1786711200-2026-08-14.txt.zst,polymarket-btc-5m_2026-08-14.zip,True,DOWN,0.999,0.435,0.275,0.175,0.165,0.195,0.10500000000000001,0.035,0.01,0.01,0.010000000000000009,0.010000000000000009,0.009999999999999981,0.010000000000000009,0.010000000000000009,0.009999999999999995,0.010000000000000002,,,2933.33,2401.1,3646.5000000000005,0.0,144.5,2324.09,1971.9100000000003,9317.24,8398.248936999998,6259.586449000002,2108.013335,3044.9560219999976,2993.8744890000003,5050.428967000002,1541.52,0,1097,586,220,273,18,0.615,0.08499999999999999,0.155,0.001,-0.11000000000000001,-0.06,-0.09500000000000001,0.02311462122306386,0.016410665049313964,0.1459057515438246,-0.1818257827842926,-0.25565351795202107,0.3572482490487752,0.2385010535245369,0.11149009965469109,0.0,0.10999999999999999,0.11027998943447019,0.04363119329969287,0.05039632309339891,0.9,0.9,0.9699999999999999,0.9700000000000001,,,,64.0,64.0,65.0,0.0,159.0,0.0,143.0,DOWN,64.0,0.92,0.73,99070,1097,0.0,300.0
1786711500,polymarket-btc-updown-5m-1786711500-2026-08-14.txt.zst,polymarket-btc-5m_2026-08-14.zip,True,DOWN,0.99,0.645,0.575,0.395,0.315,0.08499999999999999,0.165,0.165,0.28500000000000003,0.065,0.010000000000000009,0.010000000000000009,0.010000000000000009,0.010000000000000009,0.009999999999999995,0.010000000000000009,0.010000000000000009,0.009999999999999953,0.010000000000000009,1880.9899999999998,1883.73,1640.2800000000002,1128.8,2780.7699999999995,2590.39,1954.88,909.62,7185.911993999999,6710.312743,4837.447024000001,3635.4643760000013,6634.521397000004,7335.463068999998,9812.904157000003,7690.23141200001,1928,582,361,510,475,0.685,0.055,0.525,0.01,-0.25999999999999995,-0.15,0.12000000000000002,0.023534794552361165,0.03995149993734881,0.03422506903861962,0.1418618218998489,-0.05017483546284091,0.3761947494945847,0.33943018465522856,0.3197628820018381,0.3223883722317519,0.17,0.17,0.17248040063233389,0.17691572182983867,0.84,0.84,0.84,0.84,,,,134.0,135.0,135.0,0.0,124.0,0.0,116.0,DOWN,134.0,0.95,0.48,150019,1928,0.0,300.0
1786711800,polymarket-btc-updown-5m-1786711800-2026-08-14.txt.zst,polymarket-btc-5m_2026-08-14.zip,True,DOWN,0.999,0.835,0.875,0.755,0.545,0.185,0.095,0.035,0.015,0.07500000000000001,0.010000000000000009,0.010000000000000009,0.010000000000000009,0.010000000000000009,0.010000000000000009,0.010000000000000009,0.010000000000000002,0.01,0.009999999999999995,1140.19,1260.59,2537.47,2.55,2520.04,2487.5200000000004,3955.29,4793.27,6086.160304999996,9123.583689000008,6545.314003999999,5298.632961,4468.626662000001,5375.676958999999,14121.892070000004,3527.9640849999996,1595,592,415,334,254,0.905,0.08499999999999999,0.16,0.001,-0.32999999999999996,-0.45000000000000007,-0.08,0.020050313115320892,0.020893378313971745,-0.199702466076893,0.10525891805190118,-0.0921396100649585,0.42626865263328273,0.19147822232506143,0.07935642197287247,8.585060782230338e-05,0.1,0.10511585972434187,0.04,0.044681009015866316,0.9100000000000001,0.91,0.9699999999999999,0.9700000000000001,20.0,21.0,38.0,141.0,145.0,145.0,89.0,116.0,65.0,108.0,UP,20.0,0.91,0.001,110218,1595,0.0,299.987
1786712100,polymarket-btc-updown-5m-1786712100-2026-08-14.txt.zst,polymarket-btc-5m_2026-08-14.zip,True,DOWN,0.99,0.725,0.765,0.805,0.725,0.455,0.365,0.11499999999999999,0.01,0.01,0.010000000000000009,0.010000000000000009,0.010000000000000009,0.010000000000000009,0.010000000000000009,0.010000000000000009,0.009999999999999995,,,1105.0900000000001,699.66,1368.67,0.0,2035.6599999999999,1926.5700000000002,1207.27,10153.53,6819.060875000004,10805.302600999998,4822.247572999999,7486.729401000001,5972.888387000001,7897.896071000007,1009.1800000000001,0,1503,586,441,456,20,0.805,0.335,0.355,0.01,-0.040000000000000036,-0.36,-0.355,0.02148480017722907,0.02411102837329963,-0.22617791169753523,-0.2164665539328031,-0.1387814575180536,0.5777253015009225,0.41375724205171144,0.29925447249855763,0.0,0.37,0.37,0.12476972081909708,0.1311188300695093,0.64,0.6449304493692353,0.89,0.89,5.0,82.0,,183.0,195.0,198.0,79.0,53.0,19.0,41.0,UP,5.0,0.81,0.01,114019,1503,0.0,300.0
1786712400,polymarket-btc-updown-5m-1786712400-2026-08-14.txt.zst,polymarket-btc-5m_2026-08-14.zip,True,DOWN,0.999,0.385,0.335,0.135,0.385,0.20500000000000002,0.10500000000000001,0.045,0.01,0.01,0.010000000000000009,0.010000000000000009,0.010000000000000009,0.010000000000000009,0.009999999999999981,0.009999999999999995,0.010000000000000002,,,2143.63,2606.19,3675.33,0.0,1080.67,1703.03,1614.4599999999998,4882.7,12572.528727000012,13738.51992300001,5437.2894240000005,4431.999521999998,7636.816445,8893.261806000002,9542.635554999999,600.0,1606,898,301,371,36,0.6399999999999999,0.10500000000000001,0.20500000000000002,0.001,0.04999999999999999,-0.28,-0.09500000000000001,0.03213458110075512,0.02815348242851797,-0.04431564896977217,0.10186041846585554,-0.07600964386989469,0.503671908954411,0.28604576622777955,0.162293023218845,0.0,0.11647159742646332,0.11856347967931721,0.053660969556308724,0.06108972943841159,0.9,0.9,0.96,0.96,,,,77.0,77.0,83.0,0.0,106.0,0.0,95.0,DOWN,77.0,0.9,0.49,131220,1606,0.0,300.0
1786712700,polymarket-btc-updown-5m-1786712700-2026-08-14.txt.zst,polymarket-btc-5m_2026-08-14.zip,True,DOWN,0.99,0.795,0.605,0.235,0.165,0.07500000000000001,0.155,0.155,0.015,0.01,0.010000000000000009,0.010000000000000009,0.009999999999999981,0.010000000000000009,0.009999999999999995,0.010000000000000009,0.010000000000000009,0.01,,2856.75,2006.7099999999998,1578.4899999999998,580.62,1196.78,1279.5700000000002,1104.13,2887.01,15275.499618000018,17185.349739000005,8243.783294000006,5500.110769,5219.030343000001,7377.205750000002,6953.07,382.0,1811,1016,327,405,63,0.845,0.065,0.155,0.01,-0.43999999999999995,-0.010000000000000009,-0.14,0.026129893963493564,0.016184095262550588,-0.0588354944134614,0.19962846864385098,-0.17133494411075262,0.34327128766332826,0.33279318495008153,0.3316625776948945,0.01943010773198619,0.16000000000000003,0.16624530073621507,0.16468350943612528,0.1717575693049086,0.85,0.85,0.85,0.85,25.0,29.0,41.0,76.0,80.0,107.0,29.0,163.0,20.0,139.0,UP,25.0,0.85,0.01,147984,1811,0.0,299.98
1786713000,polymarket-btc-updown-5m-1786713000-2026-08-14.txt.zst,polymarket-btc-5m_2026-08-14.zip,True,UP,0.999,0.505,0.385,0.395,0.505,0.835,0.835,0.915,0.99,0.999,0.010000000000000009,0.010000000000000009,0.010000000000000009,0.010000000000000009,0.010000000000000009,0.010000000000000009,0.010000000000000009,,,1705.69,3437.42,2317.19,8315.83,3214.1399999999994,1180.26,2538.23,0.0,15254.032248000003,13812.720405999999,3892.5828750000005,6942.3698090000025,6685.787745000005,6765.684358999996,0,3654.26,1873,1070,372,405,26,0.845,0.165,0.999,0.845,0.12,0.32999999999999996,0.15500000000000003,0.035733583721790925,0.02352999037887052,0.04958626989250756,-0.2814767191834283,-0.005939618606965156,0.5710549009562843,0.7035182194742001,0.8358916696079598,1.0,0.84,0.8418289731163376,0.9200000000000002,0.9200000000000002,0.17000000000000004,0.17000000000000004,0.08999999999999997,0.09312682420915787,143.0,144.0,179.0,64.0,71.0,,84.0,14.0,77.0,8.0,DOWN,64.0,0.84,0.0010000000000000009,158668,1873,0.0,300.0
1786713300,polymarket-btc-updown-5m-1786713300-2026-08-14.txt.zst,polymarket-btc-5m_2026-08-14.zip,True,DOWN,0.99,0.345,0.405,0.395,0.10500000000000001,0.235,0.155,0.125,0.035,0.01,0.009999999999999953,0.009999999999999953,0.010000000000000009,0.009999999999999995,0.009999999999999981,0.010000000000000009,0.010000000000000009,0.010000000000000002,,1058.4,1579.4199999999998,1825.58,2732.4500000000003,2453.21,1439.3799999999997,1533.32,1761.81,10126.650505000012,10391.262921000001,8535.521573000004,4433.137467999999,3442.357342000001,5259.160014999999,3107.66,3224.007183999999,1547,755,358,341,93,0.555,0.095,0.185,0.01,-0.30000000000000004,0.04999999999999999,-0.12,0.038034335070534664,0.01832377077505084,-0.012896653305139491,0.31633063156571917,-0.20879147836652384,0.2829048372735412,0.43658750900099536,0.3942808953748987,0.12610729538861143,0.16000000000000003,0.1659818839104322,0.13162264619506223,0.13818130245693033,0.85,0.85,0.88,0.88,,,,53.0,117.0,119.0,0.0,129.0,0.0,115.0,DOWN,53.0,0.91,0.52,119900,1547,0.0,299.983
1786713600,polymarket-btc-updown-5m-1786713600-2026-08-14.txt.zst,polymarket-btc-5m_2026-08-14.zip,True,UP,0.99,0.485,0.355,0.305,0.595,0.695,0.775,0.955,0.99,0.99,0.010000000000000009,0.010000000000000009,0.010000000000000009,0.010000000000000009,0.010000000000000009,0.010000000000000009,0.010000000000000009,,,812.6700000000001,1832.1699999999998,3991.55,9065.66,199.43,1544.59,5001.8,0.0,12423.633797000006,7585.358972000001,5790.481412,6064.004358999996,7999.420021999999,7181.808555,938.89,2197.5099999999998,1562,612,437,472,41,0.83,0.305,0.99,0.795,0.24,0.18000000000000005,0.21499999999999997,0.030678571020957852,0.029632775942451756,0.2418050164172161,-0.023073370898054783,0.05385673912048889,0.6357584053075431,0.7142351668759258,0.8689619416414573,1.0,0.78,0.7799999999999999,0.96,0.96,0.22999999999999998,0.22999999999999998,0.050000000000000044,0.054382813965830674,162.0,178.0,194.0,,,,75.0,0.0,61.0,0.0,UP,162.0,0.84,0.68,143834,1562,0.0,299.989
1786713900,polymarket-btc-updown-5m-1786713900-2026-08-14.txt.zst,polymarket-btc-5m_2026-08-14.zip,True,UP,0.99,0.445,0.575,0.815,0.855,0.945,0.965,0.99,0.99,0.99,0.010000000000000009,0.010000000000000009,0.009999999999999898,0.010000000000000009,0.010000000000000009,0.010000000000000009,,,,2347.09,1868.03,8535.63,7178.860000000001,1382.62,5506.83,0.0,0.0,9289.283302000005,12554.549636,5485.751746000003,3948.187512000002,3377.5949950000004,3751.59,0,156.56,1156,740,303,108,5,0.965,0.28500000000000003,0.99,0.975,0.28,0.10999999999999999,0.025000000000000022,0.024476844084941652,0.010072554057932103,-0.14948229751014375,0.16298220626088328,-0.052459713875049996,0.6269788060732887,0.8149064252006615,1.0,1.0,0.9699999999999999,0.9700000000000001,,,0.04336562871735501,0.05063800413930377,0.010000000000000009,0.010000000000000009,79.0,86.0,110.0,,,,127.0,0.0,115.0,0.0,UP,79.0,0.97,0.75,111648,1156,0.0,299.986
1786714200,polymarket-btc-updown-5m-1786714200-2026-08-14.txt.zst,polymarket-btc-5m_2026-08-14.zip,True,DOWN,0.99,0.715,0.405,0.305,0.095,0.10500000000000001,0.15000000000000002,0.045,0.01,0.01,0.010000000000000009,0.009999999999999953,0.010000000000000009,0.010000000000000009,0.009999999999999995,0.01999999999999999,0.010000000000000002,,,4404.43,4041.19,5146.12,0.0,3646.8299999999995,2472.23,3846.9500000000003,17690.04,23998.575799000013,22778.439086000028,4475.488022999999,6413.869319999995,5736.9844729999995,7580.481489,1570.31,0,1980,1255,376,328,21,0.735,0.045,0.325,0.01,-0.31000000000000005,0.05500000000000002,-0.14,0.03578295918544506,0.02762916217474355,0.0260841081030856,-0.17800695081845633,-0.1384270116597427,0.20237145325930123,0.2776804960413763,0.09165439085714444,0.0,0.16000000000000003,0.1629947460928069,0.05,0.05532705692588661,0.86,0.86,0.96,0.96,,,,68.0,92.0,107.0,0.0,130.0,0.0,111.0,DOWN,68.0,0.96,0.54,199733,1980,0.0,299.987
1786714500,polymarket-btc-updown-5m-1786714500-2026-08-14.txt.zst,polymarket-btc-5m_2026-08-14.zip,True,DOWN,0.99,0.715,0.385,0.595,0.235,0.345,0.345,0.905,0.955,0.01,0.010000000000000009,0.010000000000000009,0.010000000000000009,0.009999999999999981,0.009999999999999953,0.009999999999999953,0.010000000000000009,0.010000000000000009,,7044.54,1985.6299999999999,4205.0599999999995,4190.36,1823.1499999999999,2540.58,2813.4300000000003,5977.650000000001,15782.176378000006,20283.46525600003,7534.693943000002,8485.444509,10259.925376000007,10989.462889,39402.55304199999,18487.481027999987,3114,1099,515,746,754,0.715,0.235,0.985,0.01,-0.15000000000000002,0.10999999999999999,0.61,0.03827511258895889,0.03907544953423468,-0.12480822949664477,-0.059347212812714746,-0.034332165420574455,0.36922550984552727,0.4349048184241573,0.8488494982889461,0.9032149636031012,0.35,0.35,0.9100000000000001,0.91,0.6599999999999999,0.6599999999999999,0.09999999999999996,0.10520825478354298,194.0,196.0,196.0,119.0,261.0,261.0,62.0,14.0,54.0,4.0,DOWN,119.0,0.77,0.020000000000000018,236847,3114,0.0,299.976
1786714800,polymarket-btc-updown-5m-1786714800-2026-08-14.txt.zst,polymarket-btc-5m_2026-08-14.zip,True,UP,0.99,0.525,0.605,0.845,0.745,0.7,0.715,0.725,0.435,0.99,0.010000000000000009,0.010000000000000009,0.010000000000000009,0.010000000000000009,0.020000000000000018,0.010000000000000009,0.010000000000000009,0.010000000000000009,,4575.58,1911.5700000000002,1484.1200000000001,104.54,2272.97,2137.66,2802.84,2514.2,11934.802608999998,12401.134040000012,6917.367748999999,6026.442539,6910.586779,7177.915672000004,8885.580047999998,11079.859843000006,2477,966,384,547,580,0.855,0.405,0.99,0.425,0.14,-0.030000000000000027,-0.27999999999999997,0.03059219431392877,0.04740641948576515,-0.019162255298654195,0.06883021229274057,-0.018974968697331524,0.618310975435261,0.5744086333835084,0.5994697311223937,0.40848433060111444,0.72,0.72,0.73,0.73,0.29000000000000004,0.29025053673165274,0.28,0.28097304283053326,75.0,79.0,83.0,,,,74.0,0.0,36.0,0.0,UP,75.0,0.86,0.43,227936,2477,0.0,299.981
1786715100,polymarket-btc-updown-5m-1786715100-2026-08-14.txt.zst,polymarket-btc-5m_2026-08-14.zip,True,DOWN,0.99,0.565,0.555,0.675,0.415,0.215,0.475,0.695,0.43000000000000005,0.01,0.009999999999999898,0.010000000000000009,0.010000000000000009,0.010000000000000009,0.010000000000000009,0.010000000000000009,0.010000000000000009,0.06,,5678.88,3578.65,2468.08,50.71,2504.6800000000003,3509.44,2195.66,1064.65,10541.734113999995,12561.966929000015,6080.6894850000035,8002.339974999998,7510.008951,7159.720143000001,25914.175734000004,8186.435438000003,2278,792,531,521,434,0.745,0.215,0.805,0.01,-0.14000000000000007,0.06,-0.04499999999999993,0.03273386017934482,0.04779219754450542,-0.08744195621472138,-0.1364514996903226,0.0238783419758766,0.3956844748790265,0.5046294558862985,0.6664265193323843,0.3461337484884111,0.48,0.48,0.7,0.7,0.5332787108309699,0.5372919875203925,0.31568301813166827,0.31825941016321274,13.0,230.0,,145.0,241.0,241.0,2.0,17.0,1.0,15.0,UP,13.0,0.75,0.01,212782,2278,0.0,300.0
1786715400,polymarket-btc-updown-5m-1786715400-2026-08-14.txt.zst,polymarket-btc-5m_2026-08-14.zip,True,DOWN,0.99,0.395,0.295,0.335,0.295,0.28500000000000003,0.195,0.275,0.14500000000000002,0.01,0.010000000000000009,0.010000000000000009,0.010000000000000009,0.010000000000000009,0.009999999999999953,0.010000000000000009,0.010000000000000009,0.009999999999999981,,5312.639999999999,3279.8,2359.68,1922.6200000000001,2084.7599999999998,2639.77,2844.46,2292.6400000000003,12679.753404000003,8286.247791,3853.1491919999994,5827.818844000001,7600.420715000004,6673.007065000001,5435.227599000001,7937.0204870000025,1938,730,319,572,317,0.505,0.185,0.635,0.01,0.0,-0.09999999999999998,-0.04999999999999999,0.031325720587212724,0.043061558504346356,0.2095538186865968,-0.2039744005616921,0.06497483745982163,0.45677372459576104,0.3161663580821748,0.3438912142227115,0.21046193342856534,0.20944740604022577,0.20977861752557062,0.28,0.2841305272072688,0.8099999999999999,0.81,0.73,0.73,,,,79.0,129.0,224.0,0.0,85.0,0.0,55.0,DOWN,79.0,0.8200000000000001,0.37,202861,1938,0.0,299.979
1786715700,polymarket-btc-updown-5m-1786715700-2026-08-14.txt.zst,polymarket-btc-5m_2026-08-14.zip,True,DOWN,0.99,0.335,0.415,0.405,0.235,0.185,0.14500000000000002,0.045,0.01,0.055,0.010000000000000009,0.010000000000000009,0.009999999999999953,0.009999999999999981,0.010000000000000009,0.009999999999999981,0.010000000000000002,,0.009999999999999995,1849.21,2336.14,6442.35,0.0,3067.9900000000002,3644.26,3433.4799999999996,3285.7400000000002,14698.165156000001,8226.345115000002,3619.7735089999996,6029.570943999999,4397.855882,10474.464544000006,12998.362037,6579.725033999999,1745,711,282,361,391,0.525,0.14,0.16999999999999998,0.01,-0.18,-0.08999999999999997,-0.135,0.02427661408839047,0.01294923419692662,0.2823100674559225,-0.24973690666113482,-0.4085851089771298,0.40470589619900454,0.40118356085968016,0.17307662859026512,0.0,0.15,0.15102015283419587,0.05213377339233338,0.05790101402180308,0.86,0.86,0.96,0.96,,,,107.0,146.0,152.0,0.0,146.0,0.0,121.0,DOWN,107.0,0.87,0.7,154173,1745,0.0,299.985
1786716000,polymarket-btc-updown-5m-1786716000-2026-08-14.txt.zst,polymarket-btc-5m_2026-08-14.zip,True,UP,0.99,0.815,0.765,0.545,0.425,0.245,0.265,0.155,0.675,0.99,0.009999999999999898,0.010000000000000009,0.010000000000000009,0.010000000000000009,0.010000000000000009,0.010000000000000009,0.010000000000000009,0.010000000000000009,,3261.0799999999995,3190.96,4047.48,1805.5200000000002,3453.92,2980.65,2482.2999999999997,732.91,19479.621019000013,18398.49697800001,11856.81944100001,14396.127486,7570.8227480000005,10408.106582999992,9790.313792,17574.618861000006,3001,1133,709,702,457,0.895,0.175,0.99,0.08499999999999999,-0.34,-0.15999999999999998,0.41000000000000003,0.027402871509146234,0.04349531388727296,0.028542179447395687,-0.09672468588234645,-0.15781161284770348,0.38401281869196674,0.36748977573719577,0.26419643440964996,0.6495712555099296,0.27,0.27,0.16000000000000003,0.16,0.74,0.74,0.85,0.85,10.0,30.0,31.0,131.0,153.0,198.0,63.0,61.0,38.0,34.0,UP,10.0,0.9,0.09,219403,3001,0.0,299.993
1786716300,polymarket-btc-updown-5m-1786716300-2026-08-14.txt.zst,polymarket-btc-5m_2026-08-14.zip,True,DOWN,0.99,0.375,0.475,0.765,0.745,0.615,0.345,0.455,0.035,0.01,0.010000000000000009,0.010000000000000009,0.010000000000000009,0.010000000000000009,0.010000000000000009,0.009999999999999953,0.010000000000000009,0.010000000000000002,,4265.43,3132.35,1891.92,3285.45,4638.870000000001,1546.5,3459.6800000000003,4414.27,11123.861816999999,14275.270907000026,7908.727537999999,4612.573631999999,10226.319527000007,10024.472871,5030.930000000002,3063.0899629999994,2161,925,437,673,126,0.805,0.305,0.475,0.01,0.27,-0.4,-0.30999999999999994,0.03068062532459408,0.04345051062605272,-0.124075460538155,0.26324372054058665,0.009967346068884773,0.610720867142998,0.3322753337805381,0.4627921873787417,0.05685830048637042,0.35,0.35,0.4600000000000001,0.46,0.6599999999999999,0.6599999999999999,0.55,0.5510292220475557,69.0,82.0,,185.0,186.0,232.0,43.0,33.0,8.0,17.0,UP,69.0,0.81,0.01,194977,2161,0.0,300.0
1786716600,polymarket-btc-updown-5m-1786716600-2026-08-14.txt.zst,polymarket-btc-5m_2026-08-14.zip,True,DOWN,0.99,0.435,0.625,0.865,0.855,0.855,0.685,0.475,0.415,0.035,0.010000000000000009,0.010000000000000009,0.010000000000000009,0.010000000000000009,0.010000000000000009,0.009999999999999898,0.010000000000000009,0.010000000000000009,0.010000000000000002,4339.169999999999,3392.9300000000003,2621.3700000000003,2888.32,4234.33,2702.18,3136.94,2057.7,11486.274720000007,15079.204292000004,5657.071696,2916.1731270000014,8250.704982,6221.9065820000005,20625.917677,12532.815307999987,2498,1003,362,494,639,0.905,0.355,0.685,0.01,0.22999999999999998,-0.16999999999999993,-0.2700000000000001,0.025069092200426833,0.035698016519425356,-0.1352480627349885,0.31970375576430665,0.14018191471721303,0.7116206889650828,0.5597277807765203,0.44574610031227613,0.43518507646189336,0.6899999999999998,0.69,0.48,0.48,0.31999999999999995,0.31999999999999995,0.53,0.53,69.0,69.0,71.0,248.0,249.0,251.0,103.0,29.0,84.0,28.0,UP,69.0,0.91,0.01,191172,2498,0.0,299.995
1786716900,polymarket-btc-updown-5m-1786716900-2026-08-14.txt.zst,polymarket-btc-5m_2026-08-14.zip,True,DOWN,0.99,0.585,0.745,0.575,0.44,0.725,0.805,0.895,0.175,0.01,0.010000000000000009,0.010000000000000009,0.010000000000000009,0.020000000000000018,0.010000000000000009,0.010000000000000009,0.010000000000000009,0.009999999999999981,,5722.43,3435.75,2423.7200000000003,1235.01,1888.22,3179.8399999999997,5819.16,1675.96,10540.737817000008,11835.96387000002,3607.2434490000005,6400.947317999998,9991.365522000007,6855.816481000004,21541.669047000007,11097.814418999995,2452,827,372,659,594,0.885,0.385,0.915,0.01,-0.305,0.36500000000000005,-0.6300000000000001,0.021781598316241258,0.03424652367746082,-0.057882795736267326,-0.2791417483978898,0.1861171227592632,0.4922463293617488,0.6275062497153131,0.6939696638678166,0.2398278317312867,0.8099999999999999,0.81,0.9,0.9,0.19999999999999993,0.2052764951548063,0.11803989748196438,0.11920825577475909,59.0,151.0,156.0,237.0,237.0,242.0,76.0,28.0,55.0,28.0,UP,59.0,0.89,0.01,192092,2452,0.0,299.988
1786717200,polymarket-btc-updown-5m-1786717200-2026-08-14.txt.zst,polymarket-btc-5m_2026-08-14.zip,True,UP,0.99,0.645,0.445,0.395,0.745,0.805,0.885,0.935,0.945,0.965,0.010000000000000009,0.010000000000000009,0.010000000000000009,0.010000000000000009,0.010000000000000009,0.010000000000000009,0.009999999999999898,0.010000000000000009,0.010000000000000009,3853.41,3706.2200000000003,4350.07,2231.02,2409.26,4032.3500000000004,9629.369999999999,3532.2700000000004,11982.970919000016,10309.764543000012,4766.690855000003,9741.452993000006,10619.339197000007,9282.436008,8119.109745000006,17387.259144000003,2487,907,485,455,640,0.895,0.345,0.99,0.715,0.3,0.14,0.05999999999999994,0.03052986782040912,0.017798164960806603,0.07505612664054327,-0.34289445914790745,0.06717507233546334,0.703866346156793,0.7462180886369182,0.8306364721397237,0.9261194907068685,0.89,0.89,0.94,0.9400000000000001,0.1284497539612471,0.13493555474765984,0.06999999999999995,0.07241840192744985,120.0,138.0,155.0,,,,141.0,0.0,126.0,0.0,UP,120.0,0.9,0.7,189121,2487,0.0,300.0
1786717500,polymarket-btc-updown-5m-1786717500-2026-08-14.txt.zst,polymarket-btc-5m_2026-08-14.zip,True,UP,0.999,0.655,0.735,0.885,0.885,0.965,0.975,0.99,0.99,0.99,0.010000000000000009,0.010000000000000009,0.010000000000000009,0.010000000000000009,0.010000000000000009,0.010000000000000009,,,,2423.2599999999998,3067.7700000000004,3298.3999999999996,5555.54,4230.11,3018.29,0.0,0.0,7347.292351000005,12616.511761000022,4554.562142000001,6241.81762,3539.507305,3103.9,0,362.19,1185,777,281,118,9,0.975,0.435,0.999,0.985,0.15000000000000002,0.08999999999999997,0.015000000000000013,0.01866612894383566,0.005711391875138916,-0.26393864518199445,-0.15627974517334314,0.06556986272272522,0.6146449095061537,0.8839029032255582,1.0,1.0,0.98,0.98,,,0.038879586860303655,0.044868721060243755,0.015897177659092265,0.02485429632816893,50.0,78.0,78.0,,,,138.0,0.0,115.0,0.0,UP,50.0,0.98,0.71,99994,1185,0.0,299.983
1786717800,polymarket-btc-updown-5m-1786717800-2026-08-14.txt.zst,polymarket-btc-5m_2026-08-14.zip,True,UP,0.99,0.405,0.315,0.625,0.725,0.845,0.935,0.595,0.895,0.99,0.009999999999999953,0.010000000000000009,0.010000000000000009,0.010000000000000009,0.010000000000000009,0.009999999999999898,0.010000000000000009,0.010000000000000009,,3377.28,4804.76,1746.14,2884.9700000000003,2114.58,7446.03,3215.93,1604.1599999999999,13686.151380000005,10777.857580000014,6563.568518000001,6585.648737999999,7666.316379000007,6872.863115000001,4684.073253,5697.541104999999,2174,918,434,573,249,0.935,0.305,0.99,0.585,0.41,0.21000000000000008,-0.040000000000000036,0.03007681575463692,0.02910586543867155,0.11888050747345655,-0.0016792041358905058,0.05457345542280749,0.6855378702504306,0.8749115934612929,0.5055971095461714,0.8494072898489925,0.94,0.9400000000000001,0.6,0.6,0.06999999999999995,0.06999999999999995,0.41000000000000003,0.4100000000000001,114.0,141.0,144.0,,,,115.0,0.0,77.0,0.0,UP,114.0,0.94,0.59,194596,2174,0.0,299.997
1786718100,polymarket-btc-updown-5m-1786718100-2026-08-14.txt.zst,polymarket-btc-5m_2026-08-14.zip,True,UP,0.99,0.615,0.525,0.745,0.845,0.905,0.885,0.965,0.99,0.99,0.010000000000000009,0.010000000000000009,0.010000000000000009,0.010000000000000009,0.010000000000000009,0.010000000000000009,0.010000000000000009,,,4738.07,2170.5,3433.31,10665.66,3816.58,4460.75,5957.57,0.0,6377.611617,8577.271719000008,4280.181198000001,6068.797085,7381.523816000003,4489.226842,0,161.42000000000002,1317,643,327,337,10,0.915,0.495,0.99,0.885,0.31999999999999995,0.040000000000000036,0.10499999999999998,0.015146113755837232,0.012165478229859014,-0.14708641000929085,-0.1728301903906893,0.24364903764959545,0.6896813418797938,0.6952864158606904,0.8745454629686564,1.0,0.89,0.89,0.9699999999999999,0.9700000000000001,0.1330110445925604,0.1424623616854539,0.050476909942467514,0.0590434077207115,90.0,115.0,119.0,,,,140.0,0.0,114.0,0.0,UP,90.0,0.92,0.75,125156,1317,0.0,299.988
1786718400,polymarket-btc-updown-5m-1786718400-2026-08-14.txt.zst,polymarket-btc-5m_2026-08-14.zip,True,DOWN,0.999,0.365,0.405,0.365,0.335,0.10500000000000001,0.07500000000000001,0.035,0.025,0.01,0.010000000000000009,0.009999999999999953,0.010000000000000009,0.010000000000000009,0.009999999999999995,0.009999999999999995,0.010000000000000002,0.009999999999999998,,2145.6400000000003,4217.26,4625.28,928.55,5043.540000000001,4372.77,3699.7400000000002,4059.1400000000003,11853.920194000004,10934.152035000003,4076.3473700000004,3576.6925059999985,6277.379614000001,6954.259185000005,730.19,1025.5833390000003,1445,745,286,368,46,0.46499999999999997,0.07500000000000001,0.165,0.001,-0.07,-0.26,-0.05000000000000001,0.02150027685314551,0.015729088210181083,0.04036182392951643,0.06528841768705845,-0.05115614031507267,0.40403694663221557,0.1954018080654456,0.09780060288042872,0.02121795227737374,0.08,0.08058231440130396,0.046582346430264356,0.0522483351924064,0.93,0.9299999999999999,0.9699999999999999,0.9700000000000001,,,,122.0,123.0,127.0,0.0,112.0,0.0,108.0,DOWN,122.0,0.9299999999999999,0.78,141182,1445,0.0,299.995
1786718700,polymarket-btc-updown-5m-1786718700-2026-08-14.txt.zst,polymarket-btc-5m_2026-08-14.zip,True,UP,0.99,0.615,0.645,0.455,0.435,0.345,0.275,0.725,0.805,0.64,0.010000000000000009,0.010000000000000009,0.010000000000000009,0.010000000000000009,0.009999999999999953,0.010000000000000009,0.010000000000000009,0.010000000000000009,0.040000000000000036,106.31,2655.72,3320.2000000000003,209.32999999999998,5755.820000000001,2889.44,1692.72,1819.0,12203.00847300001,12459.588810000001,6374.611340000002,7342.023671000001,9748.824727000003,9225.076767000006,19768.547139000042,20416.596311999987,3063,778,446,674,1165,0.715,0.265,0.99,0.28500000000000003,-0.21000000000000002,-0.15999999999999998,0.53,0.02311064453355429,0.044592666558963615,-0.010403621891715833,-0.07052840075019756,0.02760359856224711,0.3612102145307738,0.36889738415230067,0.670365669171774,0.7343876776230354,0.28,0.2846203150425442,0.73,0.73,0.73,0.73,0.28,0.28,196.0,215.0,220.0,,,,61.0,0.0,51.0,0.0,UP,196.0,0.0,1.0,194722,3063,0.001,299.991
1786719000,polymarket-btc-updown-5m-1786719000-2026-08-14.txt.zst,polymarket-btc-5m_2026-08-14.zip,True,DOWN,0.999,0.345,0.335,0.065,0.045,0.01,0.01,0.01,0.01,0.01,0.009999999999999953,0.010000000000000009,0.010000000000000009,0.010000000000000002,,,,,,5211.78,0.0,0.0,0.0,4701.36,20842.83,22982.64,27511.63,9770.811891000001,10316.483616999996,3982.7966650000003,3271.1880349999997,427.93,0,312.0,0,744,617,117,4,6,0.475,0.01,0.01,0.001,-0.29000000000000004,-0.034999999999999996,0.0,0.018255692485448186,0.0022917462425705287,-0.027165017101614054,0.09809899792041202,1.0,0.11085098739601697,0.0,0.0,0.0,0.01,0.01,0.01,0.01,,,,,,,,63.0,63.0,64.0,0.0,87.0,0.0,87.0,DOWN,63.0,0.99,0.81,78020,744,0.0,299.979
1786719300,polymarket-btc-updown-5m-1786719300-2026-08-14.txt.zst,polymarket-btc-5m_2026-08-14.zip,True,DOWN,0.99,0.425,0.365,0.08499999999999999,0.045,0.015,0.125,0.08499999999999999,0.065,0.01,0.010000000000000009,0.010000000000000009,0.009999999999999995,0.010000000000000002,0.01,0.010000000000000009,0.009999999999999995,0.010000000000000009,,4490.04,3639.58,5538.999999999999,5380.01,4858.199999999999,1437.5700000000002,2921.6400000000003,2465.98,10937.308412,8373.921380999995,15656.813831000001,7112.997048000003,4281.224165000001,7226.569911000007,5123.531733,3888.844302999999,1534,640,373,308,213,0.525,0.01,0.185,0.01,-0.32,0.08,-0.06,0.015278919403912714,0.010613565422269555,0.1327407450730658,0.3752256366292324,-0.25594355673626873,0.08693791700542787,0.270570160741732,0.23967349449641234,0.14303435928834954,0.13217259942685028,0.13676132779177239,0.09748612477193212,0.10031784817529377,0.88,0.88,0.9200000000000002,0.9200000000000002,,,,69.0,71.0,71.0,0.0,173.0,0.0,171.0,DOWN,69.0,0.99,0.75,123223,1534,0.0,299.985
1786719600,polymarket-btc-updown-5m-1786719600-2026-08-14.txt.zst,polymarket-btc-5m_2026-08-14.zip,True,UP,0.74,0.385,0.815,0.735,0.625,0.73,0.705,0.645,0.605,0.135,0.010000000000000009,0.009999999999999898,0.010000000000000009,0.010000000000000009,0.020000000000000018,0.010000000000000009,0.010000000000000009,0.010000000000000009,0.010000000000000009,2296.6299999999997,4254.780000000001,1479.54,1887.56,3561.4100000000003,271.83,3949.8,1642.39,13440.957248999994,13464.208589000003,4680.043089000001,6247.904038000003,3799.0514810000022,2559.7179010000013,21598.418994999993,28553.36284900003,2830,896,354,300,1280,0.845,0.355,0.99,0.035,-0.18999999999999995,0.07999999999999996,-0.09999999999999998,0.027450458303358537,0.03177604879057819,-0.0008641961227821296,-0.14347259652512795,0.1949014825900475,0.5210743221556042,0.6301343331188861,0.52697733809992,0.5636593872232968,0.7239965322238697,0.7383002901909385,0.65,0.65,0.30000000000000004,0.30000000000000004,0.36,0.36,54.0,57.0,67.0,250.0,250.0,259.0,67.0,39.0,41.0,36.0,UP,54.0,0.85,0.04,177326,2830,0.0,299.997
1786719900,polymarket-btc-updown-5m-1786719900-2026-08-14.txt.zst,polymarket-btc-5m_2026-08-14.zip,True,UP,0.999,0.615,0.765,0.715,0.915,0.935,0.975,0.915,0.9615,0.994,0.010000000000000009,0.010000000000000009,0.010000000000000009,0.010000000000000009,0.009999999999999898,0.010000000000000009,0.010000000000000009,0.0030000000000000027,,2244.82,6413.19,3106.0600000000004,1043.2600000000002,4204.38,2018.79,1706.72,6224.9,17515.636651999986,12177.802956000018,5115.274887000004,6917.081031000003,6023.340444999999,8466.146107000002,3477.4533760000013,8063.788141,1989,1164,304,384,137,0.985,0.525,0.999,0.875,0.15000000000000002,0.05999999999999994,-0.013499999999999956,0.025986287053866283,0.015590374752741557,0.17976474825644148,-0.14974674588079268,-0.16859159592945133,0.7321379916009936,0.9332208433506974,0.7758817898884773,0.8155028140348153,0.98,0.9831101035076437,0.9200000000000002,0.9200000000000002,0.03000000000000003,0.03393731126084852,0.08999999999999997,0.09608562651543227,38.0,40.0,45.0,,,,179.0,0.0,156.0,0.0,UP,38.0,0.99,0.65,132129,1989,0.0,299.984
1786720200,polymarket-btc-updown-5m-1786720200-2026-08-14.txt.zst,polymarket-btc-5m_2026-08-14.zip,True,UP,0.999,0.715,0.775,0.875,0.785,0.935,0.945,0.915,0.975,0.999,0.010000000000000009,0.010000000000000009,0.010000000000000009,0.010000000000000009,0.009999999999999898,0.010000000000000009,0.010000000000000009,0.010000000000000009,,2269.15,2337.6600000000003,3628.4500000000003,2347.75,1296.0300000000002,8043.019999999999,2887.88,767.89,10852.751423999998,13486.449744000012,3045.132938000003,2599.736232,7055.404937999998,11543.180774000002,566.6963000000001,2318.466665,1517,822,261,390,44,0.955,0.6,0.999,0.865,0.010000000000000009,0.15999999999999992,0.030000000000000027,0.01620163563344391,0.014443333570606858,-0.10820808381594181,0.07890292805493,-0.2412966182210535,0.6215452313823173,0.753654966506286,0.7306878628651727,0.9668598250310626,0.95,0.95,0.9200000000000002,0.9200000000000002,0.06000000000000005,0.06525932863842704,0.08999999999999997,0.09187720626267876,34.0,36.0,64.0,,,,204.0,0.0,187.0,0.0,UP,34.0,0.96,0.74,121860,1517,0.0,299.986
1786720500,polymarket-btc-updown-5m-1786720500-2026-08-14.txt.zst,polymarket-btc-5m_2026-08-14.zip,True,UP,0.99,0.555,0.395,0.325,0.575,0.415,0.65,0.805,0.785,0.935,0.010000000000000009,0.010000000000000009,0.010000000000000009,0.010000000000000009,0.010000000000000009,0.020000000000000018,0.010000000000000009,0.010000000000000009,0.009999999999999898,2474.81,77.05,638.6600000000001,524.12,1118.79,2158.74,1979.97,1433.65,12117.406132000006,13407.992975000003,6557.954746000006,6285.503837000004,7154.492665000007,5455.258548000001,8220.610214000002,5310.387382,2353,716,515,607,515,0.765,0.265,0.99,0.505,0.17999999999999994,0.07500000000000007,0.135,0.028496277215209188,0.04165502377330692,-0.050560887905806366,0.021213204156754647,0.1347555624450531,0.5957653661234119,0.5686260464298966,0.6481417193673149,0.6737879887091204,0.6599999999999999,0.66,0.8099999999999999,0.8103876930675272,0.36484608670846835,0.38788241200569956,0.19999999999999993,0.20242349876074828,173.0,208.0,212.0,,,,71.0,0.0,59.0,0.0,UP,173.0,0.77,0.51,191028,2353,0.0,299.986
1786720800,polymarket-btc-updown-5m-1786720800-2026-08-14.txt.zst,polymarket-btc-5m_2026-08-14.zip,True,UP,0.99,0.685,0.61,0.795,0.815,0.935,0.905,0.985,0.99,0.99,0.009999999999999898,0.020000000000000018,0.010000000000000009,0.009999999999999898,0.009999999999999898,0.010000000000000009,0.010000000000000009,,,1756.6100000000001,2071.9700000000003,3366.67,4823.25,1351.01,3225.9999999999995,1263.33,0.0,10636.022129000003,10455.302465000004,2780.6641669999995,2590.5877900000014,4113.318654000001,5752.722897000001,0,875.74,1405,848,255,279,23,0.935,0.505,0.99,0.875,0.20499999999999996,0.09000000000000008,0.08499999999999996,0.021952807800099818,0.008957359940779097,0.008568435955483277,0.035387723108442896,-0.16616636312806055,0.5945621397114861,0.6953472825380757,0.9518742062080153,1.0,0.9100000000000001,0.910542529345394,0.99,0.99,0.09999999999999996,0.09999999999999998,0.020406606238703634,0.02770126604906716,32.0,72.0,81.0,,,,149.0,0.0,135.0,0.0,UP,32.0,0.94,0.52,115364,1405,0.0,299.988
1786721100,polymarket-btc-updown-5m-1786721100-2026-08-14.txt.zst,polymarket-btc-5m_2026-08-14.zip,True,UP,0.99,0.445,0.225,0.295,0.195,0.335,0.305,0.535,0.335,0.99,0.010000000000000009,0.010000000000000009,0.010000000000000009,0.010000000000000009,0.010000000000000009,0.010000000000000009,0.010000000000000009,0.010000000000000009,,1116.5500000000002,893.03,803.85,1261.33,2894.39,1362.34,1155.7099999999998,1160.47,11195.102322000008,10357.701029000005,2905.585547000001,5568.266089,5788.279174000001,6458.934013999995,8699.848404,20754.640347999997,2240,822,362,514,542,0.565,0.135,0.99,0.315,-0.03,0.10999999999999999,0.030000000000000027,0.02004040037171971,0.036625138874920034,0.03885347438857176,-0.31422317222170426,-0.05475979144848327,0.40164142128881775,0.43959002114460033,0.5087485246599462,0.40066346792157,0.31,0.31,0.54,0.54,0.7,0.7,0.47000000000000003,0.47000000000000003,245.0,247.0,249.0,50.0,54.0,96.0,16.0,66.0,14.0,44.0,DOWN,50.0,0.87,0.010000000000000009,183035,2240,0.0,299.982
1786721400,polymarket-btc-updown-5m-1786721400-2026-08-14.txt.zst,polymarket-btc-5m_2026-08-14.zip,True,UP,0.99,0.735,0.685,0.405,0.415,0.625,0.675,0.915,0.99,0.99,0.010000000000000009,0.009999999999999898,0.009999999999999953,0.010000000000000009,0.010000000000000009,0.010000000000000009,0.010000000000000009,,,1338.8200000000002,1242.99,2134.39,1829.3600000000001,4046.62,1257.1499999999999,3307.1900000000005,0.0,13283.180589999996,21407.38117900001,6343.621847999995,6304.010757000001,10681.026541,11040.323354,0,4203.58,2215,1080,605,503,27,0.875,0.345,0.99,0.575,-0.2700000000000001,0.26000000000000006,0.31499999999999995,0.02525167437663351,0.026070309107280504,-0.23419051680679093,0.0031318976631511918,-0.016541182511069754,0.34697489494669326,0.5264534510049635,0.8150797720815345,1.0,0.68,0.68,0.9200000000000002,0.9200000000000002,0.32999999999999996,0.32999999999999996,0.09144145561860786,0.0986452051096648,2.0,3.0,9.0,,,,64.0,0.0,47.0,0.0,UP,2.0,0.88,0.35,151983,2215,0.001,299.982
1786721700,polymarket-btc-updown-5m-1786721700-2026-08-14.txt.zst,polymarket-btc-5m_2026-08-14.zip,True,UP,0.999,0.605,0.755,0.795,0.835,0.905,0.975,0.9964999999999999,0.999,0.999,0.010000000000000009,0.010000000000000009,0.010000000000000009,0.010000000000000009,0.010000000000000009,0.010000000000000009,0.0010000000000000009,,,1986.0500000000002,3303.9900000000002,11888.87,16146.3,3230.88,2606.9,3273.84,0.0,14437.597945000007,18834.248548,5359.257989000002,3928.0905559999987,3857.41258,10094.213332000001,0,4037.3842849999996,1391,950,324,104,13,0.985,0.455,0.999,0.975,0.07999999999999996,0.14,0.02400000000000002,0.0243917605595266,0.009872526436364623,-0.13214327025477818,0.15409860263837052,-0.44703038852522814,0.6422038787780289,0.9452019722161029,0.9423298064836162,1.0,0.98,0.98,0.997,0.997,0.03000000000000003,0.0315682444404064,0.005467842372630114,0.007315443171332803,23.0,39.0,41.0,,,,191.0,0.0,161.0,0.0,UP,23.0,0.99,0.61,135687,1391,0.0,299.984
1786722000,polymarket-btc-updown-5m-1786722000-2026-08-14.txt.zst,polymarket-btc-5m_2026-08-14.zip,True,DOWN,0.99,0.315,0.255,0.365,0.235,0.135,0.175,0.125,0.07500000000000001,0.01,0.010000000000000009,0.010000000000000009,0.010000000000000009,0.009999999999999981,0.010000000000000009,0.009999999999999981,0.010000000000000009,0.009999999999999995,,3288.3700000000003,4522.299999999999,3921.95,2591.38,3219.52,161.3,3648.5000000000005,2614.6900000000005,11946.89051900001,10372.716884999993,6754.174502000001,4702.657343000001,3566.8750349999996,4691.927635999999,5994.396665000001,9212.419754999999,1788,753,366,358,311,0.515,0.095,0.235,0.01,-0.020000000000000018,-0.06,-0.09999999999999998,0.020782823925254316,0.01617198990139262,0.07052873312269381,0.17906496200302746,-0.13622466183270307,0.4191738620869003,0.467094075522442,0.3775266938992577,0.3048524995355864,0.21770380633795844,0.22152975884886564,0.13,0.13,0.83,0.83,0.88,0.88,,,,34.0,122.0,126.0,0.0,175.0,0.0,134.0,DOWN,34.0,0.91,0.61,144258,1788,0.0,299.982
1786722300,polymarket-btc-updown-5m-1786722300-2026-08-14.txt.zst,polymarket-btc-5m_2026-08-14.zip,True,DOWN,0.99,0.545,0.685,0.875,0.875,0.835,0.865,0.445,0.10500000000000001,0.015,0.010000000000000009,0.009999999999999898,0.010000000000000009,0.010000000000000009,0.010000000000000009,0.010000000000000009,0.010000000000000009,0.009999999999999995,0.01,2627.87,1991.19,1951.1999999999998,2210.3399999999997,2528.9900000000002,3865.12,1690.19,1410.23,9602.950316000004,15285.36373200001,3569.375606,2912.8965220000014,6015.984589000002,8905.533792000007,13630.227033999998,6935.794637000001,2407,1035,256,687,429,0.895,0.355,0.855,0.01,0.18999999999999995,-0.010000000000000009,-0.76,0.030471751854207953,0.03274421246038828,-0.22831652658516,0.10127299055594331,-0.1936498102417881,0.6485531507378078,0.628391331206148,0.4723117628072323,0.2327316535623613,0.87,0.87,0.45,0.45,0.14998998265635485,0.1558414371668026,0.56,0.5627663746891259,77.0,80.0,80.0,220.0,221.0,237.0,107.0,41.0,99.0,38.0,UP,77.0,0.9,0.01,177600,2407,0.0,299.978
1786722600,polymarket-btc-updown-5m-1786722600-2026-08-14.txt.zst,polymarket-btc-5m_2026-08-14.zip,True,UP,0.999,0.405,0.515,0.455,0.525,0.685,0.745,0.965,0.975,0.99,0.009999999999999953,0.010000000000000009,0.010000000000000009,0.010000000000000009,0.009999999999999898,0.010000000000000009,0.010000000000000009,0.010000000000000009,,1804.48,2148.6499999999996,4772.849999999999,4447.2,3486.92,2379.2999999999997,6793.89,3364.4,13689.800387000012,16814.11619699999,7900.303096000004,3506.3970400000007,10258.545203000003,6053.190137999999,2944.1874500000004,2364.8799999999997,2209,1010,434,651,114,0.775,0.255,0.999,0.745,0.010000000000000009,0.21999999999999997,0.22999999999999998,0.03958467858542602,0.01863620336261337,-0.10242343147629611,0.38520395939336205,0.2578116293016186,0.4998999641193617,0.5929404404609964,0.8014514676288175,0.886496627522105,0.7499999999999999,0.75,0.9699999999999999,0.9700000000000001,0.26,0.26,0.04256722106404997,0.04673657699750594,168.0,181.0,199.0,77.0,,,75.0,2.0,59.0,0.0,DOWN,77.0,0.75,0.0010000000000000009,155375,2209,0.0,299.981
1786722900,polymarket-btc-updown-5m-1786722900-2026-08-14.txt.zst,polymarket-btc-5m_2026-08-14.zip,True,DOWN,0.99,0.825,0.815,0.775,0.755,0.595,0.575,0.635,0.535,0.705,0.010000000000000009,0.009999999999999898,0.010000000000000009,0.010000000000000009,0.010000000000000009,0.010000000000000009,0.010000000000000009,0.010000000000000009,0.010000000000000009,2104.45,1377.48,3329.04,1802.8600000000001,3568.39,2529.94,2644.7200000000003,1074.03,15445.166802999996,15552.873248000005,5000.806460999997,3583.7015590000005,3155.462968,4193.77278,17554.607742000015,11852.463683999988,2494,950,321,380,843,0.895,0.44,0.865,0.01,-0.05999999999999994,-0.18000000000000005,-0.039999999999999925,0.020691435527813933,0.02468329520053971,-0.003474621131620038,0.16507700833856256,-0.14128133150206307,0.5630208457287952,0.45386234802487435,0.5279342951934766,0.44824542542575646,0.58,0.58,0.64,0.64,0.43,0.43000000000000005,0.37,0.37,30.0,30.0,51.0,287.0,289.0,293.0,94.0,6.0,40.0,4.0,UP,30.0,0.9,0.01,175194,2494,0.0,299.979
1786723200,polymarket-btc-updown-5m-1786723200-2026-08-14.txt.zst,polymarket-btc-5m_2026-08-14.zip,True,UP,0.99,0.335,0.405,0.335,0.445,0.805,0.935,0.915,0.955,0.99,0.010000000000000009,0.009999999999999953,0.010000000000000009,0.010000000000000009,0.010000000000000009,0.009999999999999898,0.010000000000000009,0.010000000000000009,,2048.13,1325.29,1477.62,1728.7800000000002,1278.27,2588.2499999999995,21780.679999999997,22435.21,14299.268931000008,8100.988775000002,8844.182810999999,10030.077545000002,6391.246991000005,7682.461092999998,12320.437534999997,7406.863332,2384,810,680,569,325,0.955,0.265,0.99,0.78,0.03999999999999998,0.49000000000000005,0.019999999999999907,0.02160425183798299,0.03139608710833701,0.276705752110154,-0.06283132221512538,-0.09174654570730631,0.49726932981431643,0.8949905001547807,0.4535887078865795,0.4203794586573081,0.94,0.9400000000000001,0.9200000000000002,0.9200000000000002,0.07174750226359283,0.08214254905898101,0.09305490847322306,0.09987764186672761,133.0,142.0,169.0,,,,126.0,0.0,100.0,0.0,UP,133.0,0.96,0.75,134868,2384,0.0,299.985
1786723500,polymarket-btc-updown-5m-1786723500-2026-08-14.txt.zst,polymarket-btc-5m_2026-08-14.zip,True,DOWN,0.99,0.125,0.165,0.14500000000000002,0.165,0.315,0.355,0.385,0.01,0.01,0.010000000000000009,0.010000000000000009,0.009999999999999981,0.010000000000000009,0.010000000000000009,0.010000000000000009,0.010000000000000009,,,1409.54,725.48,654.39,0.0,1802.5700000000002,2413.16,2412.66,2271.7599999999998,13488.899741000007,6754.846047999999,4009.798803,3744.573429999999,6956.359298000002,8229.888031999997,13066.655746000002,7884.872230000003,2002,646,420,492,444,0.395,0.10500000000000001,0.475,0.01,0.0,0.18999999999999997,-0.345,0.020386840100901363,0.028226932543893034,0.332648599878148,0.03420333265293755,-0.08386066065736829,0.3697185513852932,0.4504735030121097,0.45853540537461657,0.0,0.36,0.36,0.39,0.39,0.6583148514520611,0.6644237652810435,0.6283881665658726,0.629354317383171,,,,1.0,13.0,19.0,0.0,170.0,0.0,149.0,DOWN,1.0,0.9,0.53,146705,2002,0.0,299.98
1786723800,polymarket-btc-updown-5m-1786723800-2026-08-14.txt.zst,polymarket-btc-5m_2026-08-14.zip,True,UP,0.99,0.625,0.835,0.875,0.925,0.965,0.99,0.855,0.915,0.99,0.010000000000000009,0.010000000000000009,0.010000000000000009,0.010000000000000009,0.010000000000000009,,0.010000000000000009,0.010000000000000009,,4279.73,6280.11,1597.58,2564.16,4383.340000000001,0.0,3652.6400000000003,455.96,5894.569188999994,11385.303429000001,5029.778147,5783.030457,11384.538284,8829.139743000003,2561.501615,5167.760163999998,1618,680,243,539,156,0.99,0.555,0.99,0.805,0.09000000000000008,0.06499999999999995,-0.07499999999999996,0.012968867591684486,0.016936861730763357,-0.31775316643714446,-0.06966296524673043,0.12641927597672606,0.7524959369289892,1.0,0.6861191729682453,0.8975711176781379,,,0.86,0.86,0.010000000000000009,0.010000000000000009,0.15000000000000002,0.15000000000000002,38.0,42.0,61.0,,,,200.0,0.0,196.0,0.0,UP,38.0,0.99,0.75,114073,1618,0.0,299.983
1786724100,polymarket-btc-updown-5m-1786724100-2026-08-14.txt.zst,polymarket-btc-5m_2026-08-14.zip,True,UP,0.99,0.485,0.535,0.645,0.795,0.745,0.885,0.925,0.945,0.99,0.010000000000000009,0.010000000000000009,0.010000000000000009,0.010000000000000009,0.010000000000000009,0.010000000000000009,0.010000000000000009,0.010000000000000009,,1534.7399999999998,1324.46,1426.23,1207.58,1534.6100000000001,1388.5300000000002,3271.69,4270.139999999999,13515.533217,10591.647576000005,8499.445238999997,5695.288605000002,5199.846924999997,4903.671676999999,2408.197908,4140.169327999999,2201,1026,483,477,215,0.905,0.405,0.99,0.805,0.26,0.08999999999999997,0.05999999999999994,0.020842882965370298,0.024235938500455554,0.12128691720970554,0.19754908156909826,0.029314069649099245,0.6486059085611263,0.7284878485641716,0.7657724152821085,0.8033528392938802,0.8904795826847027,0.8961690223646839,0.9299999999999999,0.93,0.12000000000000001,0.12188429257868257,0.08220546979203999,0.08845202064649278,116.0,119.0,170.0,,,,136.0,0.0,105.0,0.0,UP,116.0,0.91,0.65,134289,2201,0.0,299.984
1786724400,polymarket-btc-updown-5m-1786724400-2026-08-14.txt.zst,polymarket-btc-5m_2026-08-14.zip,True,UP,0.99,0.495,0.525,0.645,0.605,0.745,0.915,0.965,0.99,0.99,0.010000000000000009,0.010000000000000009,0.010000000000000009,0.010000000000000009,0.010000000000000009,0.010000000000000009,0.010000000000000009,,,1538.47,3050.86,3069.2300000000005,5803.889999999999,422.41,3340.35,6598.040000000001,0.0,10362.629228999998,11064.301899999999,4573.961211999999,7012.861440000002,10730.587388000007,5720.149355000001,0,682.0499999999998,1920,1030,467,410,13,0.945,0.475,0.99,0.795,0.07999999999999996,0.31000000000000005,0.07499999999999996,0.0205387861543636,0.018889837233795073,-0.032747231359246336,-0.21048913073499267,0.3045722578432245,0.5902940438573155,0.7817101211526308,0.7525633241667063,1.0,0.9200000000000002,0.9200000000000002,0.9699999999999999,0.9700000000000001,0.08999999999999997,0.08999999999999997,0.0411426921059914,0.04669295283939519,101.0,140.0,154.0,,,,96.0,0.0,83.0,0.0,UP,101.0,0.95,0.58,122038,1920,0.0,299.998
1786724700,polymarket-btc-updown-5m-1786724700-2026-08-14.txt.zst,polymarket-btc-5m_2026-08-14.zip,True,UP,0.99,0.435,0.565,0.545,0.785,0.865,0.955,0.845,0.715,0.955,0.010000000000000009,0.029999999999999916,0.010000000000000009,0.010000000000000009,0.010000000000000009,0.010000000000000009,0.010000000000000009,0.010000000000000009,0.010000000000000009,1302.4,1342.9700000000003,1149.32,333.99,320.14000000000004,4643.22,2397.29,905.9100000000001,34430.71006400003,25288.067677000003,14572.794756000012,13102.799194999996,11833.610872000008,11113.285463999993,13005.679626999994,13687.646825000003,3528,1370,796,834,528,0.955,0.355,0.99,0.32,0.22000000000000008,0.16999999999999993,-0.24,0.034428100697643176,0.038410827667424284,0.15309493484028774,0.05311523082766216,0.03139097320407292,0.6920045724979734,0.7714235361067736,0.49958122857461645,0.588088847932218,0.96,0.96,0.85,0.85,0.05263824978466668,0.06303315019631034,0.17500394723776955,0.18456657883115588,105.0,110.0,133.0,,,,151.0,0.0,129.0,0.0,UP,105.0,0.96,0.33,158255,3528,0.0,299.985
1786725000,polymarket-btc-updown-5m-1786725000-2026-08-14.txt.zst,polymarket-btc-5m_2026-08-14.zip,True,UP,0.99,0.555,0.575,0.295,0.245,0.405,0.785,0.915,0.99,0.99,0.010000000000000009,0.010000000000000009,0.010000000000000009,0.010000000000000009,0.009999999999999953,0.010000000000000009,0.010000000000000009,,,840.98,1592.7600000000002,1716.35,6698.72,1363.92,867.17,4610.759999999999,0.0,14858.476801000013,11670.541970999997,6753.803883999997,7577.776536000003,7210.076112000007,7158.135126000001,0,3977.24,1802,860,427,481,34,0.805,0.20500000000000002,0.99,0.755,-0.32999999999999996,0.54,0.20499999999999996,0.02600874529716444,0.024514078343510326,0.12016783799650799,-0.057493495333573674,0.0036149932054615266,0.359695745264554,0.5009583227285019,0.6523079896181416,1.0,0.7899999999999999,0.79,0.9200000000000002,0.9200000000000002,0.21999999999999997,0.21999999999999997,0.08999999999999997,0.09078117669155304,170.0,171.0,192.0,84.0,106.0,,68.0,19.0,52.0,1.0,DOWN,84.0,0.8,0.010000000000000009,139798,1802,0.0,299.983
1786725300,polymarket-btc-updown-5m-1786725300-2026-08-14.txt.zst,polymarket-btc-5m_2026-08-14.zip,True,UP,0.99,0.46499999999999997,0.635,0.705,0.865,0.865,0.955,0.875,0.935,0.99,0.009999999999999953,0.010000000000000009,0.010000000000000009,0.010000000000000009,0.010000000000000009,0.010000000000000009,0.010000000000000009,0.009999999999999898,,1498.73,2542.56,1701.5699999999997,941.16,1144.9599999999998,4506.92,2173.69,5461.73,11101.191220000012,15300.270851000003,4642.853760999994,4766.657094000001,5803.933660000001,4713.035860999999,2069.242079,4890.3847590000005,1776,893,396,381,106,0.975,0.405,0.99,0.825,0.22999999999999998,0.08999999999999997,-0.019999999999999907,0.019048809486609468,0.01738862661525443,-0.15904723835777104,-0.013157254920878369,0.10372738998831613,0.6859805022464976,0.818967861505345,0.6920473590102932,0.7621792287119857,0.96,0.9627796554846537,0.8833209950493784,0.8873170559999554,0.050000000000000044,0.05286459310435012,0.13,0.13,94.0,103.0,105.0,,,,150.0,0.0,144.0,0.0,UP,94.0,0.98,0.72,121248,1776,0.0,299.984
1786725600,polymarket-btc-updown-5m-1786725600-2026-08-14.txt.zst,polymarket-btc-5m_2026-08-14.zip,True,UP,0.99,0.535,0.705,0.635,0.745,0.735,0.755,0.66,0.795,0.99,0.010000000000000009,0.010000000000000009,0.030000000000000027,0.010000000000000009,0.010000000000000009,0.010000000000000009,0.020000000000000018,0.010000000000000009,,1712.8799999999999,1901.41,962.82,256.01,1194.5600000000002,1468.66,3770.5699999999997,2632.85,26597.96915699999,16618.390673,4216.838817,5544.7342770000005,7590.9610600000005,7169.128692,12457.836676999996,13480.819792000002,2911,1319,414,696,482,0.835,0.525,0.99,0.66,0.040000000000000036,0.010000000000000009,0.040000000000000036,0.021443039000305607,0.02320304472945904,0.23092131135654675,-0.1360329372338766,0.028579254942731076,0.5729672770526583,0.5742142085850848,0.47935081646630695,0.560991113307215,0.7663974574828776,0.7685551393741488,0.6716552710975733,0.6780634433307529,0.25,0.25,0.35812890538915726,0.35924927592754224,54.0,66.0,214.0,,,,103.0,0.0,75.0,0.0,UP,54.0,0.84,0.56,151527,2911,0.0,299.991
1786725900,polymarket-btc-updown-5m-1786725900-2026-08-14.txt.zst,polymarket-btc-5m_2026-08-14.zip,True,DOWN,0.999,0.415,0.395,0.055,0.07500000000000001,0.025,0.045,0.035,0.055,0.046,0.010000000000000009,0.010000000000000009,0.009999999999999995,0.009999999999999995,0.009999999999999998,0.010000000000000002,0.010000000000000002,0.009999999999999995,0.0040000000000000036,2285.02,3066.6099999999997,2473.25,19560.79,3518.44,1856.74,1178.2899999999997,1399.95,27899.672671000037,8106.490098000004,7344.8456830000005,4197.782106000001,4264.991283,6864.816238000003,6692.866624999999,17589.248337000026,1918,901,227,319,471,0.435,0.015,0.125,0.001,-0.32,-0.030000000000000013,0.010000000000000002,0.017228079483479163,0.009740983947560365,0.549716522140516,0.2726470639553254,-0.23359118745715837,0.22629419914259277,0.12520649245766657,0.107452206414244,0.5008453344018968,0.05,0.054979206753895435,0.045617834650835645,0.054412465327744096,0.96,0.96,0.9699999999999999,0.9700000000000001,,,,74.0,80.0,83.0,0.0,207.0,0.0,201.0,DOWN,74.0,0.99,0.75,101976,1918,0.0,300.0
1786726200,polymarket-btc-updown-5m-1786726200-2026-08-14.txt.zst,polymarket-btc-5m_2026-08-14.zip,True,DOWN,0.99,0.245,0.195,0.265,0.185,0.225,0.185,0.10500000000000001,0.01,0.01,0.010000000000000009,0.010000000000000009,0.010000000000000009,0.010000000000000009,0.010000000000000009,0.010000000000000009,0.009999999999999995,,,1939.64,2133.71,2297.06,0.0,688.36,2247.43,1520.39,4013.7200000000003,16273.022857999991,10106.946544,3394.409698000001,5207.938550999999,6136.7237719999985,7607.095778,1334.92,0,1368,742,243,350,33,0.51,0.14500000000000002,0.255,0.01,-0.010000000000000009,0.0,-0.175,0.019118118395396348,0.020578013414606494,0.23374084404861029,-0.21081788373434152,-0.10698423394244881,0.4138979199825429,0.3728385100968332,0.23950759236287472,0.0,0.19,0.19,0.10999999999999999,0.11430483197399373,0.8210177661386938,0.8263849648874864,0.9,0.9009282438755222,,,,24.0,39.0,57.0,0.0,199.0,0.0,128.0,DOWN,24.0,0.86,0.72,118623,1368,0.0,299.982
1786726500,polymarket-btc-updown-5m-1786726500-2026-08-14.txt.zst,polymarket-btc-5m_2026-08-14.zip,True,UP,0.99,0.595,0.595,0.655,0.775,0.855,0.905,0.925,0.965,0.99,0.010000000000000009,0.010000000000000009,0.010000000000000009,0.010000000000000009,0.010000000000000009,0.010000000000000009,0.010000000000000009,0.010000000000000009,,3114.86,2564.96,1628.91,2227.17,1660.71,3429.28,3561.3900000000003,3195.98,11550.148602999996,10968.919236000003,2563.5397079999993,2638.3478639999985,5168.6489390000015,4603.6693749999995,2030.496931,1962.6199970000002,1601,838,262,379,122,0.905,0.425,0.99,0.795,0.18000000000000005,0.13,0.05999999999999994,0.019734051107394134,0.017754598033114584,0.02581054292102542,-0.014380963633790579,0.057814281713542026,0.6000165876604618,0.7125590544585418,0.7498053671575914,0.8539594108806403,0.9100000000000001,0.91,0.9299999999999999,0.9328061125172462,0.09999999999999996,0.10171930334429331,0.07999999999999996,0.08190650713615888,104.0,105.0,138.0,,,,145.0,0.0,123.0,0.0,UP,104.0,0.91,0.73,109424,1601,0.0,299.989
1786726800,polymarket-btc-updown-5m-1786726800-2026-08-14.txt.zst,polymarket-btc-5m_2026-08-14.zip,True,UP,0.99,0.515,0.705,0.785,0.795,0.825,0.905,0.99,0.975,0.99,0.010000000000000009,0.010000000000000009,0.010000000000000009,0.010000000000000009,0.010000000000000009,0.010000000000000009,,0.010000000000000009,,1844.4799999999996,4344.219999999999,2571.5099999999998,1695.37,2038.94,3044.9500000000003,0.0,871.24,9324.006987999985,9151.072212999996,3847.1439200000004,3000.9544640000013,10072.490701999994,7913.746143,2360.134979,3187.39,1881,944,247,558,132,0.905,0.505,0.99,0.745,0.09000000000000008,0.10999999999999999,0.06999999999999995,0.021301983705841146,0.019128851909083183,0.009360434838657068,0.12356561026883736,0.12002202448479958,0.6096601097517794,0.7431744475810685,1.0,0.9576876323111388,0.9100000000000001,0.91,,,0.09999999999999996,0.09999999999999998,0.019711134976171073,0.027206832596968135,62.0,79.0,132.0,,,,172.0,0.0,126.0,0.0,UP,62.0,0.91,0.67,117236,1881,0.0,299.99
1786727100,polymarket-btc-updown-5m-1786727100-2026-08-14.txt.zst,polymarket-btc-5m_2026-08-14.zip,True,DOWN,0.99,0.435,0.375,0.365,0.155,0.07500000000000001,0.07500000000000001,0.045,0.015,0.01,0.010000000000000009,0.010000000000000009,0.010000000000000009,0.010000000000000009,0.009999999999999995,0.009999999999999995,0.010000000000000002,0.01,,1196.18,1832.6599999999999,2504.8,338.23,3696.1800000000003,3113.8599999999997,3272.9300000000003,1547.4199999999998,12208.397326999993,9800.591133000009,3572.8770099999992,3676.1032389999964,7454.692847000002,7489.8351910000065,1200.0300000000002,255.322343,1550,865,325,326,34,0.545,0.055,0.055,0.01,-0.22,-0.07999999999999999,-0.06000000000000001,0.023556319960554826,0.008103315563173213,0.10940103850642777,-0.014240103497900593,-0.0023515191587614322,0.305153637653708,0.15864935256570248,0.10428132977846467,0.016222233519969997,0.08,0.08,0.05,0.05102868593234991,0.93,0.9299999999999999,0.96,0.96,,,,101.0,111.0,120.0,0.0,134.0,0.0,124.0,DOWN,101.0,0.95,0.77,104582,1550,0.0,299.983
1786727400,polymarket-btc-updown-5m-1786727400-2026-08-14.txt.zst,polymarket-btc-5m_2026-08-14.zip,True,UP,0.999,0.685,0.595,0.575,0.705,0.545,0.755,0.835,0.985,0.999,0.009999999999999898,0.010000000000000009,0.010000000000000009,0.010000000000000009,0.010000000000000009,0.010000000000000009,0.010000000000000009,0.010000000000000009,,2595.57,3595.42,3526.59,2530.25,3343.65,2472.26,1084.47,1667.46,9337.591108999999,12242.998014,5692.981214,3985.8701830000014,6480.453866999999,4081.7025640000006,1085.2435,2677.02,1482,665,335,419,63,0.785,0.445,0.999,0.765,0.10999999999999999,0.050000000000000044,0.22999999999999998,0.027715415524633243,0.025377368355856966,-0.13463056492297049,0.1763753735829775,0.22710810227726297,0.5792362771722144,0.6614172989085818,0.602057139539045,0.9191910674304324,0.76,0.76,0.84,0.84,0.25,0.25,0.17000000000000004,0.17000000000000004,21.0,184.0,206.0,,,,70.0,0.0,58.0,0.0,UP,21.0,0.79,0.48,138397,1482,0.0,299.989
1786727700,polymarket-btc-updown-5m-1786727700-2026-08-14.txt.zst,polymarket-btc-5m_2026-08-14.zip,True,UP,0.99,0.595,0.535,0.515,0.855,0.745,0.935,0.965,0.99,0.99,0.010000000000000009,0.010000000000000009,0.010000000000000009,0.010000000000000009,0.010000000000000009,0.009999999999999898,0.010000000000000009,,,2719.83,1920.5499999999997,2263.5299999999997,5825.29,1453.31,7816.34,6023.03,0.0,10218.387387,9618.054928000009,4857.680574999997,5965.307204,6241.720608000002,4319.392431000001,0,1165.7399999999998,1514,752,397,339,26,0.935,0.395,0.99,0.835,0.31999999999999995,0.08000000000000007,0.05499999999999994,0.024218889773248056,0.017007563855974638,0.03026411941550779,-0.10234019030762906,0.18201946801452096,0.6653128619502584,0.7334689572699351,0.7727464639669297,1.0,0.94,0.9400000000000001,0.9699999999999999,0.9700000000000001,0.07286710719571077,0.07698636557250398,0.040000000000000036,0.042146039714981064,110.0,111.0,117.0,,,,123.0,0.0,108.0,0.0,UP,110.0,0.94,0.74,111391,1514,0.0,299.988
1786728000,polymarket-btc-updown-5m-1786728000-2026-08-14.txt.zst,polymarket-btc-5m_2026-08-14.zip,True,UP,0.99,0.475,0.795,0.895,0.565,0.895,0.905,0.945,0.965,0.99,0.010000000000000009,0.010000000000000009,0.010000000000000009,0.009999999999999898,0.010000000000000009,0.010000000000000009,0.010000000000000009,0.010000000000000009,,849.75,1648.06,2135.82,1959.9899999999998,769.4,12122.489999999998,14357.749999999998,2604.84,28444.783156000016,16784.387141000025,6235.5392829999955,6048.956784000005,11775.855623999994,4809.680308000001,2534.6011479999997,2907.8,2704,1567,555,516,66,0.945,0.375,0.99,0.815,-0.2300000000000001,0.3400000000000001,0.05999999999999994,0.03673767633840086,0.018353769259564327,0.25780698470547453,0.015188453639641683,0.4200150869143464,0.4236490060633839,0.569246814804403,0.6085010575672708,0.8889262710834511,0.9100000000000001,0.9128546782293198,0.95,0.95,0.09999999999999996,0.10132947785093288,0.06021340396014851,0.06572845557059454,47.0,48.0,63.0,,,,175.0,0.0,148.0,0.0,UP,47.0,0.95,0.47,130002,2704,0.0,299.986
1786728300,polymarket-btc-updown-5m-1786728300-2026-08-14.txt.zst,polymarket-btc-5m_2026-08-14.zip,True,DOWN,0.99,0.445,0.365,0.14500000000000002,0.14500000000000002,0.135,0.045,0.035,0.035,0.01,0.010000000000000009,0.010000000000000009,0.009999999999999981,0.009999999999999981,0.010000000000000009,0.010000000000000002,0.010000000000000002,0.010000000000000002,,1808.3799999999999,4902.71,5367.57,2813.49,1184.63,1925.4899999999998,1622.6999999999998,1057.88,11476.584249000009,10533.035873999996,4494.853977000001,3911.180409000004,5129.155711,6425.768637000006,1994.5824999999998,2338.003737,1374,727,247,282,118,0.485,0.045,0.095,0.01,-0.21999999999999997,-0.10000000000000002,-0.009999999999999995,0.026733165073480135,0.012486711352654103,0.04286981645875874,0.0694350678569775,-0.1122130173205704,0.3797574663517579,0.17004906151853127,0.19465158455384127,0.12676713153370073,0.053528205700438314,0.05935266952842794,0.04608196734681198,0.05751623095763648,0.96,0.96,0.9699999999999999,0.9700000000000001,,,,49.0,67.0,74.0,0.0,189.0,0.0,181.0,DOWN,49.0,0.96,0.64,108521,1374,0.0,299.98
1786728600,polymarket-btc-updown-5m-1786728600-2026-08-14.txt.zst,polymarket-btc-5m_2026-08-14.zip,True,UP,0.99,0.345,0.305,0.255,0.575,0.685,0.345,0.415,0.925,0.985,0.009999999999999953,0.010000000000000009,0.010000000000000009,0.010000000000000009,0.009999999999999898,0.009999999999999953,0.010000000000000009,0.010000000000000009,0.010000000000000009,929.3399999999999,1510.3600000000001,926.17,187.49,2219.19,733.45,945.45,1486.79,11502.327791000009,8334.70888,4639.7699390000025,7579.9798839999985,14633.201447000025,10987.107839000004,6235.635759000009,10067.077088,2532,724,417,875,516,0.805,0.185,0.99,0.245,0.26999999999999996,-0.22999999999999998,0.5800000000000001,0.03222328872313398,0.04409356271816169,0.15968206156672518,-0.2406113044528895,0.1423126304721229,0.5794408460454459,0.41520894659764435,0.4942839134660685,0.8721384319655456,0.35,0.3542243326490121,0.4212340204467708,0.42645143063474866,0.6599999999999999,0.6599999999999999,0.5900000000000001,0.5900000000000001,129.0,167.0,227.0,38.0,77.0,,72.0,24.0,55.0,4.0,DOWN,38.0,0.8200000000000001,0.010000000000000009,154909,2532,0.0,299.986
1786728900,polymarket-btc-updown-5m-1786728900-2026-08-14.txt.zst,polymarket-btc-5m_2026-08-14.zip,True,DOWN,0.999,0.355,0.135,0.10500000000000001,0.045,0.01,0.01,0.01,0.01,0.001,0.010000000000000009,0.010000000000000009,0.009999999999999995,0.010000000000000002,,,,,,3236.0099999999993,0.0,0.0,0.0,3991.6899999999996,4331.5,4526.49,15651.03,7491.476309000002,5808.816293000004,6267.6766640000005,3110.174946,718.6499999999999,0,50.18,0,736,594,129,8,5,0.525,0.01,0.01,0.001,-0.09000000000000001,-0.034999999999999996,0.0,0.016236985738811036,0.0017580465911204825,0.12651300737150484,0.33669776930923306,1.0,0.12315838629520852,0.0,0.0,0.0,0.010744149062081501,0.014976176260497973,0.01,0.01403175134012621,,,,,,,,40.0,49.0,55.0,0.0,94.0,0.0,85.0,DOWN,40.0,0.99,0.76,64958,736,0.0,299.983
1786729200,polymarket-btc-updown-5m-1786729200-2026-08-14.txt.zst,polymarket-btc-5m_2026-08-14.zip,True,DOWN,0.999,0.565,0.555,0.615,0.435,0.565,0.10500000000000001,0.025,0.01,0.01,0.009999999999999898,0.010000000000000009,0.010000000000000009,0.010000000000000009,0.009999999999999898,0.009999999999999995,0.009999999999999998,,,1108.92,1643.83,1786.31,0.0,1497.1,1928.91,2002.8999999999999,6405.86,5313.786941000003,4336.645131,4950.630219999999,5759.043713,7218.304243,6234.998955000001,189.66000000000003,0,1247,500,417,319,11,0.645,0.10500000000000001,0.10500000000000001,0.001,-0.12000000000000005,-0.32999999999999996,-0.09500000000000001,0.01979194124827956,0.029767053630485395,0.10125368508992522,-0.07548441699135351,0.07309024954898653,0.4715708169846324,0.32519340585135287,0.08571631479971728,0.0,0.10999999999999999,0.11,0.034571324095605344,0.04231273238865392,0.9,0.9,0.98,0.98,,,,159.0,166.0,178.0,0.0,60.0,0.0,50.0,DOWN,159.0,0.9,0.73,107836,1247,0.0,299.988
1786729500,polymarket-btc-updown-5m-1786729500-2026-08-14.txt.zst,polymarket-btc-5m_2026-08-14.zip,True,UP,0.99,0.825,0.835,0.825,0.885,0.865,0.955,0.915,0.99,0.99,0.010000000000000009,0.010000000000000009,0.010000000000000009,0.010000000000000009,0.010000000000000009,0.010000000000000009,0.010000000000000009,,,3281.33,1430.1100000000001,1405.05,6997.18,2524.88,6921.35,2202.25,0.0,9563.800428999995,8634.349824999996,3697.630501999998,3131.6943930000016,6051.656360000002,4781.936131,0,14071.59,1195,584,286,303,22,0.955,0.615,0.99,0.885,0.050000000000000044,0.06999999999999995,0.03500000000000003,0.016663375025092925,0.012793624453721803,0.05107390537099805,0.0828685291300666,0.11720214047693046,0.6176530078330469,0.7437753629572923,0.6441742795400507,1.0,0.96,0.96,0.9200000000000002,0.9200000000000002,0.054018322101755424,0.06374852718197349,0.10376936475958567,0.1121721568753545,1.0,4.0,51.0,,,,236.0,0.0,209.0,0.0,UP,1.0,0.96,0.76,93917,1195,0.0,299.985
1786729800,polymarket-btc-updown-5m-1786729800-2026-08-14.txt.zst,polymarket-btc-5m_2026-08-14.zip,True,DOWN,0.999,0.255,0.195,0.20500000000000002,0.08499999999999999,0.08499999999999999,0.025,0.01,0.01,0.01,0.010000000000000009,0.010000000000000009,0.03,0.009999999999999995,0.009999999999999995,0.009999999999999998,,,,2415.33,4970.7,0.0,0.0,2778.8399999999997,1646.7600000000002,3865.0600000000004,7143.63,7613.526742000001,7794.3256509999965,3278.2900429999995,4550.902104000002,1023.13,3013.0479729999997,437.64,0,1075,614,361,90,10,0.52,0.025,0.025,0.001,-0.11000000000000001,-0.05999999999999999,-0.015000000000000001,0.021291913681848663,0.00797218673185506,-0.011734205675680993,-0.16254704663081274,-0.49302037380699015,0.25691126648090545,0.1938993121639666,0.0,0.0,0.03509312983274195,0.044829207014976946,0.01605185540193189,0.02143084309909266,0.98,0.98,,,,,,21.0,37.0,38.0,0.0,154.0,0.0,119.0,DOWN,21.0,0.98,0.73,85313,1075,0.0,300.0
1786730100,polymarket-btc-updown-5m-1786730100-2026-08-14.txt.zst,polymarket-btc-5m_2026-08-14.zip,True,DOWN,0.999,0.215,0.065,0.045,0.015,0.01,0.01,0.01,0.01,0.001,0.010000000000000009,0.010000000000000009,0.010000000000000002,0.01,,,,,,3133.21,0.0,0.0,0.0,2312.94,4416.73,4390.139999999999,10318.33,15829.490232000004,13082.394016999995,4193.163332,3409.319169999998,1749.4899999999998,0,2717.64,0,1045,870,154,15,6,0.495,0.01,0.01,0.001,-0.05,-0.004999999999999999,0.0,0.023277644629467954,0.0018973440758302176,0.095016159837283,0.10310371142502399,1.0,0.11847974918614444,0.0,0.0,0.0,0.014148259340851406,0.020211946568585226,0.015352246048109622,0.02017665514584733,,,,,,,,7.0,8.0,35.0,0.0,135.0,0.0,122.0,DOWN,7.0,0.99,0.6799999999999999,82141,1045,0.001,299.981
1786730400,polymarket-btc-updown-5m-1786730400-2026-08-14.txt.zst,polymarket-btc-5m_2026-08-14.zip,True,UP,0.99,0.445,0.495,0.195,0.10500000000000001,0.325,0.535,0.895,0.945,0.99,0.010000000000000009,0.010000000000000009,0.010000000000000009,0.009999999999999995,0.010000000000000009,0.010000000000000009,0.010000000000000009,0.010000000000000009,,2617.38,1893.43,2010.5700000000002,2489.2900000000004,3285.7999999999997,2003.59,2350.02,2582.56,13585.800324000005,12229.94360499999,5913.213033000003,5326.304330999999,9995.976384000005,8006.3070320000015,2685.305266000001,3549.183332,2134,958,495,577,104,0.625,0.065,0.99,0.535,-0.39,0.43000000000000005,0.4099999999999999,0.02752230442561739,0.02781911734993782,0.052520536410996875,0.052218318900406055,0.11052316564639973,0.32878850603022053,0.5649426275755739,0.7209031350077072,0.8843655048710878,0.54,0.54,0.9,0.9,0.47000000000000003,0.47000000000000003,0.11,0.11109058522845791,188.0,189.0,191.0,82.0,88.0,95.0,60.0,65.0,58.0,59.0,DOWN,82.0,0.94,0.010000000000000009,150105,2134,0.0,299.982
1786730700,polymarket-btc-updown-5m-1786730700-2026-08-14.txt.zst,polymarket-btc-5m_2026-08-14.zip,True,DOWN,0.99,0.525,0.705,0.615,0.335,0.545,0.575,0.575,0.715,0.055,0.010000000000000009,0.010000000000000009,0.010000000000000009,0.010000000000000009,0.010000000000000009,0.010000000000000009,0.010000000000000009,0.010000000000000009,0.009999999999999995,3028.0099999999998,1695.97,1565.08,748.54,2075.3500000000004,1390.5900000000001,1347.85,420.82,8203.417913999994,10004.308825,7195.164655000004,4881.065172999997,4641.930706999997,4365.185668,15980.724370999997,12881.368418999999,2362,631,499,382,850,0.805,0.295,0.875,0.01,-0.36999999999999994,0.23999999999999994,0.14,0.029633498910912996,0.04355364455958245,-0.09890805902433675,0.1916243326733088,0.030725154142354112,0.36539776888237935,0.5510693202462791,0.559527939481139,0.5894644426805792,0.58,0.58,0.58,0.58,0.43435559708724086,0.43772523731512647,0.43,0.43000000000000005,75.0,81.0,247.0,250.0,250.0,253.0,21.0,31.0,8.0,30.0,UP,75.0,0.81,0.01,168803,2362,0.0,299.997
1786731000,polymarket-btc-updown-5m-1786731000-2026-08-14.txt.zst,polymarket-btc-5m_2026-08-14.zip,True,DOWN,0.99,0.785,0.825,0.925,0.915,0.885,0.785,0.405,0.245,0.015,0.010000000000000009,0.010000000000000009,0.010000000000000009,0.010000000000000009,0.010000000000000009,0.010000000000000009,0.009999999999999953,0.010000000000000009,0.01,3850.73,2095.18,803.72,1251.11,4728.17,1815.55,930.08,1080.0900000000001,7147.091877999995,7328.471844000007,3187.5487999999973,2068.186557,6581.1182579999995,6445.380088,5142.447696,8146.077555000005,1750,527,222,595,406,0.935,0.525,0.765,0.01,0.09000000000000008,-0.13,-0.54,0.013023088740238789,0.03448504110633187,-0.012530079621310392,0.21297918691989381,0.010420157926913663,0.7510289304849763,0.6228432002075968,0.38298555943932494,0.259139893049356,0.7899999999999999,0.79,0.41,0.41,0.21999999999999997,0.21999999999999997,0.6,0.6,10.0,33.0,74.0,237.0,237.0,253.0,173.0,33.0,147.0,25.0,UP,10.0,0.94,0.01,122323,1750,0.0,299.981
1786731300,polymarket-btc-updown-5m-1786731300-2026-08-14.txt.zst,polymarket-btc-5m_2026-08-14.zip,True,UP,0.99,0.375,0.605,0.715,0.725,0.885,0.865,0.915,0.99,0.99,0.010000000000000009,0.010000000000000009,0.010000000000000009,0.010000000000000009,0.010000000000000009,0.010000000000000009,0.010000000000000009,,,1306.67,1281.03,1468.43,9992.369999999999,1908.5300000000002,2495.51,3270.3599999999997,0.0,10623.61735800001,11474.843446000014,2567.4195249999984,2874.0456769999996,7334.103566000007,4932.095872000001,0,447.0900000000001,1637,849,276,496,16,0.895,0.365,0.99,0.725,0.12,0.14,0.125,0.02905005701070017,0.018796297822980035,-0.03851970033342428,-0.05634992426071226,0.19582330339083837,0.588963559979513,0.6121467445180064,0.7689165220390212,1.0,0.87,0.87,0.9200000000000002,0.9200000000000002,0.14,0.1417879465384459,0.09879430221850861,0.10409464243457293,88.0,130.0,130.0,,,,109.0,0.0,82.0,0.0,UP,88.0,0.9,0.67,130183,1637,0.0,299.985
1786731600,polymarket-btc-updown-5m-1786731600-2026-08-14.txt.zst,polymarket-btc-5m_2026-08-14.zip,True,UP,0.99,0.525,0.505,0.785,0.685,0.925,0.895,0.905,0.905,0.6,0.010000000000000009,0.010000000000000009,0.010000000000000009,0.009999999999999898,0.010000000000000009,0.010000000000000009,0.010000000000000009,0.010000000000000009,0.020000000000000018,356.2,829.84,2625.98,396.14,489.39,22000.45,3273.71,3465.22,19051.084943999977,9836.289860000008,5033.044170999998,5021.388273,6423.01025899999,6128.654202999999,15880.762492000013,16226.416155000004,3435,1264,487,723,961,0.945,0.395,0.99,0.265,0.18000000000000005,0.20999999999999996,0.010000000000000009,0.03400691971107195,0.03230277993031438,0.3189903944723981,0.001159279558037494,0.02345155552007862,0.5873989327519703,0.4472120427017352,0.6770468508103831,0.7707044633443789,0.9,0.9,0.9100000000000001,0.91,0.11,0.11974313362682196,0.10001531741407481,0.10577768704264895,88.0,91.0,97.0,258.0,,,148.0,1.0,123.0,0.0,UP,88.0,0.95,0.27,148949,3435,0.0,299.983
1786731900,polymarket-btc-updown-5m-1786731900-2026-08-14.txt.zst,polymarket-btc-5m_2026-08-14.zip,True,DOWN,0.99,0.595,0.675,0.855,0.815,0.955,0.855,0.555,0.395,0.01,0.010000000000000009,0.010000000000000009,0.010000000000000009,0.009999999999999898,0.010000000000000009,0.010000000000000009,0.010000000000000009,0.010000000000000009,,2246.17,1771.5800000000002,2304.75,1813.8,1581.5100000000002,936.34,800.2899999999998,728.25,6464.012753000002,10486.815949000007,5532.685332999999,3782.2002310000007,5840.941386,5983.991856999999,10592.958315000002,5632.434194000001,1773,592,337,462,382,0.965,0.415,0.835,0.01,0.1399999999999999,0.040000000000000036,-0.45999999999999996,0.02465603715253582,0.03693768450614747,-0.2373219189882651,0.18792341462199402,-0.012097359711073225,0.5758791827415289,0.5638137174352127,0.49503310336895656,0.45707914303393815,0.86,0.86,0.56,0.56,0.15571225784269122,0.16148385066074358,0.45,0.4499999999999999,62.0,67.0,90.0,253.0,253.0,256.0,132.0,14.0,123.0,14.0,UP,62.0,0.97,0.01,147512,1773,0.001,299.98
1786732200,polymarket-btc-updown-5m-1786732200-2026-08-14.txt.zst,polymarket-btc-5m_2026-08-14.zip,True,DOWN,0.99,0.375,0.495,0.265,0.225,0.095,0.095,0.01,0.01,0.01,0.010000000000000009,0.09000000000000002,0.010000000000000009,0.010000000000000009,0.010000000000000009,0.010000000000000009,,,,1580.28,1967.3100000000002,0.0,0.0,1708.4299999999998,2548.98,6409.9,15119.470000000001,12406.647268000004,9122.890759000002,4532.696361,4340.085549,7867.607080999998,5154.609842999998,753.1999999999999,0,1499,938,354,201,6,0.585,0.045,0.10500000000000001,0.01,-0.27,-0.13,-0.085,0.036203207991938546,0.010663436283856177,0.15252331493977586,0.02170805210290578,0.20833605013904624,0.3910187966869383,0.26251711379400083,0.0,0.0,0.1,0.10178135905249443,0.01,0.012210055594550372,0.9100000000000001,0.91,,,,,,89.0,121.0,147.0,0.0,89.0,0.0,75.0,DOWN,89.0,0.96,0.6,107764,1499,0.0,299.997
1786732500,polymarket-btc-updown-5m-1786732500-2026-08-14.txt.zst,polymarket-btc-5m_2026-08-14.zip,True,UP,0.99,0.585,0.535,0.615,0.815,0.695,0.885,0.945,0.99,0.99,0.010000000000000009,0.010000000000000009,0.010000000000000009,0.009999999999999898,0.010000000000000009,0.010000000000000009,0.010000000000000009,,,2062.31,3912.25,3953.19,9458.58,2982.68,2339.33,3586.2400000000002,0.0,7390.232101000005,7542.745181000006,2679.7134650000003,2692.6725500000007,4874.309918000001,4810.123417000002,0,2212.45,1170,608,261,290,11,0.885,0.45999999999999996,0.99,0.885,0.2799999999999999,0.07000000000000006,0.10499999999999998,0.02542492518628701,0.016497983199501895,-0.01021317297414211,-0.0024121656492697894,0.006627801419007776,0.6077146667126356,0.6660327688993235,0.8532850534639141,1.0,0.89,0.89,0.95,0.95,0.12000000000000001,0.12,0.06000000000000005,0.06155588136716137,86.0,86.0,157.0,,,,73.0,0.0,71.0,0.0,UP,86.0,0.89,0.6,108623,1170,0.002,299.985
1786732800,polymarket-btc-updown-5m-1786732800-2026-08-14.txt.zst,polymarket-btc-5m_2026-08-14.zip,True,DOWN,0.999,0.515,0.695,0.615,0.615,0.175,0.275,0.135,0.01,0.01,0.010000000000000009,0.010000000000000009,0.010000000000000009,0.010000000000000009,0.009999999999999981,0.010000000000000009,0.010000000000000009,,,941.92,2246.09,1204.45,0.0,1555.24,1879.73,3368.24,5488.83,6751.689922999997,7373.949704000006,5188.8348620000015,3985.6629829999993,5800.925775000001,8500.897038000006,1210.6399999999999,0,1315,564,386,351,14,0.755,0.135,0.255,0.001,-0.07999999999999996,-0.33999999999999997,-0.265,0.03242312066259817,0.020129016994561735,-0.04405179499345362,0.1311430771827711,-0.1887851148977876,0.5158546279678672,0.48304839588601706,0.37089067298430367,0.0,0.28,0.28,0.14,0.14,0.73,0.73,0.87,0.8747057458349284,37.0,,,133.0,133.0,136.0,11.0,94.0,0.0,84.0,UP,37.0,0.76,0.001,126641,1315,0.0,299.998
1786733100,polymarket-btc-updown-5m-1786733100-2026-08-14.txt.zst,polymarket-btc-5m_2026-08-14.zip,True,DOWN,0.999,0.46499999999999997,0.335,0.215,0.07500000000000001,0.045,0.01,0.01,0.01,0.001,0.009999999999999953,0.010000000000000009,0.010000000000000009,0.009999999999999995,0.010000000000000002,,,,,2456.13,0.0,0.0,0.0,3933.3199999999997,7466.2699999999995,7429.05,8705.48,7265.314995000002,6281.765536000003,4076.95985,4889.164423000002,554.5,0,2574.74,0,837,529,290,10,8,0.575,0.01,0.01,0.001,-0.26,-0.06500000000000002,0.0,0.019410788533302657,0.007913459783714638,0.07260231876154627,-0.09058591519256781,1.0,0.26804432087318586,0.0,0.0,0.0,0.01,0.01,0.01,0.01,,,,,,,,63.0,91.0,108.0,0.0,87.0,0.0,78.0,DOWN,63.0,0.99,0.72,85482,837,0.0,299.984
1786733400,polymarket-btc-updown-5m-1786733400-2026-08-14.txt.zst,polymarket-btc-5m_2026-08-14.zip,True,UP,0.999,0.745,0.655,0.765,0.725,0.795,0.945,0.985,0.975,0.99,0.010000000000000009,0.010000000000000009,0.010000000000000009,0.010000000000000009,0.010000000000000009,0.010000000000000009,0.010000000000000009,0.010000000000000009,,2175.0599999999995,2168.54,3197.62,2530.4199999999996,1218.23,3506.58,1005.23,477.87,7823.730719999998,11093.889218000013,2845.504466,3089.0426680000005,7736.766468,4629.634303999999,433.1468599999999,2245.3666649999996,1401,671,281,398,51,0.955,0.515,0.999,0.915,0.06999999999999995,0.21999999999999997,0.030000000000000027,0.020456793300927267,0.010767942367182296,-0.17286310374759223,-0.04103736923829117,0.25125598153305595,0.5569319691957284,0.8481604296877367,0.9509255855483775,0.9762559450816561,0.95,0.95,0.99,0.99,0.06488439106445895,0.06786030487569819,0.027923460072733625,0.03666035201909325,28.0,28.0,154.0,,,,169.0,0.0,105.0,0.0,UP,28.0,0.96,0.66,106266,1401,0.0,299.987
1786733700,polymarket-btc-updown-5m-1786733700-2026-08-14.txt.zst,polymarket-btc-5m_2026-08-14.zip,True,UP,0.99,0.345,0.575,0.615,0.725,0.375,0.385,0.555,0.885,0.965,0.009999999999999953,0.010000000000000009,0.010000000000000009,0.010000000000000009,0.010000000000000009,0.010000000000000009,0.010000000000000009,0.010000000000000009,0.010000000000000009,1807.51,1829.98,814.67,1164.04,1524.8,1016.34,763.24,530.99,7037.235864999994,6823.625336,5323.890683000002,5483.804662000004,16820.137596000008,13717.062519000008,6580.643204000004,6861.330508000002,2946,559,638,1304,445,0.735,0.325,0.99,0.175,0.15000000000000002,-0.33999999999999997,0.5,0.020442410739997013,0.05035018376882814,0.01541105750229886,-0.01479630706596325,0.1016162275950032,0.5665269389631015,0.4615547295742871,0.542095538287438,0.834964199600094,0.39,0.39103062690338497,0.56,0.56,0.6200000000000001,0.62,0.45,0.4499999999999999,233.0,233.0,233.0,201.0,202.0,,44.0,3.0,44.0,2.0,DOWN,201.0,0.0,1.0,138712,2946,0.0,299.996
1786734000,polymarket-btc-updown-5m-1786734000-2026-08-14.txt.zst,polymarket-btc-5m_2026-08-14.zip,True,DOWN,0.999,0.275,0.135,0.265,0.415,0.175,0.215,0.155,0.01,0.01,0.010000000000000009,0.010000000000000009,0.010000000000000009,0.010000000000000009,0.009999999999999981,0.010000000000000009,0.010000000000000009,,,982.01,1274.2099999999998,1289.7800000000002,0.0,1175.23,1319.3200000000002,1177.37,7445.299999999999,17845.798878999994,13646.286809000005,4695.290047,4149.951257000001,3387.4543400000007,7800.28422,3429.17,0,1600,850,340,370,40,0.545,0.10500000000000001,0.295,0.001,0.27999999999999997,-0.19999999999999998,-0.205,0.03343332341909697,0.024615111566254805,0.13335134775148302,0.0616533536234208,-0.3944344834600782,0.48753823170557414,0.40413596237934163,0.3440514071245185,0.0,0.22,0.22,0.16000000000000003,0.16,0.7899999999999999,0.79,0.85,0.85,,,,28.0,39.0,50.0,0.0,131.0,0.0,91.0,DOWN,28.0,0.9,0.51,125860,1600,0.0,299.982
1786734300,polymarket-btc-updown-5m-1786734300-2026-08-14.txt.zst,polymarket-btc-5m_2026-08-14.zip,True,UP,0.99,0.505,0.665,0.405,0.265,0.345,0.135,0.635,0.715,0.99,0.010000000000000009,0.010000000000000009,0.009999999999999953,0.010000000000000009,0.009999999999999953,0.010000000000000009,0.010000000000000009,0.010000000000000009,,1314.23,2275.43,2417.9900000000002,1055.55,1178.2199999999998,1993.64,1166.3600000000001,574.65,8913.521850000003,8039.457287000003,2826.3109590000004,3154.1233730000004,5582.423800999998,6949.124748999999,4319.658672000002,5472.416224999999,1576,586,225,430,335,0.695,0.125,0.99,0.07500000000000001,-0.4,-0.13,0.58,0.029807388214281083,0.033597608788970446,0.051558168976469,-0.054814148237686884,-0.10906081898393963,0.4466017987125368,0.39608900964879157,0.5553956645896174,0.6349723701286794,0.14140742401999595,0.14787107813880013,0.64,0.64,0.87,0.87,0.37036564253648696,0.3760882276835565,241.0,251.0,256.0,108.0,109.0,170.0,15.0,56.0,10.0,41.0,DOWN,108.0,0.88,0.010000000000000009,145706,1576,0.0,299.995
1786734600,polymarket-btc-updown-5m-1786734600-2026-08-14.txt.zst,polymarket-btc-5m_2026-08-14.zip,True,DOWN,0.999,0.575,0.265,0.135,0.275,0.135,0.265,0.07500000000000001,0.045,0.001,0.010000000000000009,0.010000000000000009,0.010000000000000009,0.010000000000000009,0.010000000000000009,0.010000000000000009,0.009999999999999995,0.010000000000000002,,1682.9699999999998,1254.18,3075.5299999999997,2801.91,965.4100000000001,2030.4699999999993,2532.4199999999996,2298.41,7845.8039260000005,4763.837029000001,3947.9791069999997,4157.971395000001,3308.0823610000007,5013.139519999999,1621.0199969999999,2445.5692249999997,1268,518,270,354,126,0.575,0.095,0.175,0.001,0.010000000000000009,-0.010000000000000009,-0.22000000000000003,0.022869132009753924,0.01991185532851115,0.24441353310523334,-0.02590594254778509,-0.20490466224596016,0.482111992782217,0.4438259402259261,0.2978181473348103,0.13744008876501548,0.27,0.2754776765816919,0.08376288289060149,0.08972917891682682,0.74,0.74,0.93,0.9299999999999999,,,,46.0,72.0,72.0,0.0,189.0,0.0,164.0,DOWN,46.0,0.91,0.69,110223,1268,0.0,299.99
1786734900,polymarket-btc-updown-5m-1786734900-2026-08-14.txt.zst,polymarket-btc-5m_2026-08-14.zip,True,DOWN,0.99,0.585,0.605,0.245,0.295,0.155,0.195,0.10500000000000001,0.065,0.01,0.010000000000000009,0.010000000000000009,0.010000000000000009,0.010000000000000009,0.010000000000000009,0.010000000000000009,0.009999999999999995,0.010000000000000009,,1562.2,900.26,1353.71,8441.230000000001,1444.74,2329.26,932.86,925.46,9113.26101800001,7880.613891000005,2927.5822760000005,2732.527113,3069.779076,3465.627217999999,2579.5524929999992,2909.4512619999996,1380,618,253,284,225,0.685,0.14500000000000002,0.305,0.01,-0.31,-0.09999999999999998,-0.13,0.03530655563983068,0.0228788197489817,0.07253478877540698,0.03446137690891196,-0.06056978314621666,0.4225033353239392,0.40677564088163914,0.26535455795372004,0.2716930058901155,0.2,0.2,0.10999999999999999,0.11353665575123903,0.8099999999999999,0.81,0.9,0.9,,,,82.0,107.0,147.0,0.0,147.0,0.0,98.0,DOWN,82.0,0.86,0.6799999999999999,130117,1380,0.001,299.983
1786735200,polymarket-btc-updown-5m-1786735200-2026-08-14.txt.zst,polymarket-btc-5m_2026-08-14.zip,True,UP,0.99,0.425,0.635,0.785,0.805,0.945,0.965,0.99,0.99,0.99,0.010000000000000009,0.010000000000000009,0.010000000000000009,0.010000000000000009,0.010000000000000009,0.010000000000000009,,,,3712.8700000000003,4038.3100000000004,3657.6,1990.53,1330.56,2852.79,0.0,0.0,8916.156795000008,9891.577475,3504.840014000004,4641.8046380000005,4276.2263889999995,19754.856999999996,0,422.4100000000001,1110,669,298,135,8,0.975,0.345,0.99,0.965,0.17000000000000004,0.15999999999999992,0.025000000000000022,0.03315038203598343,0.02002553205778582,-0.051862742529060174,-0.1395623195275703,-0.6441087303656562,0.5650241134084241,0.8866516425000616,1.0,1.0,0.9699999999999999,0.9700000000000001,,,0.040000000000000036,0.04104852873494165,0.012734024020538812,0.021420211497678913,72.0,87.0,105.0,,,,113.0,0.0,84.0,0.0,UP,72.0,0.98,0.71,99636,1110,0.0,299.984
1786735500,polymarket-btc-updown-5m-1786735500-2026-08-14.txt.zst,polymarket-btc-5m_2026-08-14.zip,True,UP,0.99,0.485,0.495,0.435,0.435,0.755,0.925,0.99,0.99,0.99,0.010000000000000009,0.010000000000000009,0.010000000000000009,0.010000000000000009,0.010000000000000009,0.010000000000000009,,,,2376.75,2852.7599999999998,4814.16,8127.29,1328.1799999999998,4365.09,0.0,0.0,7186.176446,7351.23344,5634.907105999996,4470.8642660000005,4539.334134,3196.4257099999995,0,248.79,1010,428,364,213,5,0.925,0.365,0.99,0.925,-0.06,0.49000000000000005,0.06499999999999995,0.019788800839249002,0.023888255858931375,-0.01135394786927999,0.11518594644098148,0.17359748118881757,0.4641061696922912,0.729285850696217,1.0,1.0,0.9299999999999999,0.93,,,0.08721637074348938,0.09347478087039852,0.012112486479065659,0.018102606771029466,145.0,154.0,155.0,,,,54.0,0.0,50.0,0.0,UP,145.0,0.93,0.74,94907,1010,0.0,299.994
1786735800,polymarket-btc-updown-5m-1786735800-2026-08-14.txt.zst,polymarket-btc-5m_2026-08-14.zip,True,DOWN,0.99,0.195,0.155,0.165,0.045,0.10500000000000001,0.175,0.11499999999999999,0.01,0.01,0.010000000000000009,0.010000000000000009,0.010000000000000009,0.010000000000000002,0.009999999999999995,0.009999999999999981,0.009999999999999995,,,10700.73,1743.76,1993.21,0.0,2126.25,995.53,1828.45,6498.92,9861.091758999999,8767.826917999992,5607.278851999999,7202.209089000001,5037.911985000001,8109.681382000003,701.3100000000002,0,1280,625,303,336,16,0.46499999999999997,0.045,0.215,0.01,-0.11,0.13,-0.16499999999999998,0.020069207987454252,0.025679693534385106,0.05868643585576419,-0.1245116310929983,-0.2336373898442916,0.27646436023277227,0.3849480959908628,0.3405832622904234,0.0,0.17999999999999997,0.18391505204656283,0.12000000000000001,0.12295349226908879,0.83,0.83,0.89,0.89,,,,19.0,19.0,36.0,0.0,208.0,0.0,196.0,DOWN,19.0,0.96,0.64,122147,1280,0.0,299.987
1786736100,polymarket-btc-updown-5m-1786736100-2026-08-14.txt.zst,polymarket-btc-5m_2026-08-14.zip,True,UP,0.99,0.675,0.815,0.815,0.865,0.895,0.935,0.985,0.99,0.99,0.010000000000000009,0.009999999999999898,0.009999999999999898,0.010000000000000009,0.010000000000000009,0.009999999999999898,0.010000000000000009,,,4127.88,2947.4400000000005,3427.6800000000003,5239.42,2740.9,8716.8,2068.12,0.0,8887.195269999995,15068.91776100001,5466.163650999998,5532.859204000002,5574.139859,4052.493213,0,403.1499999999999,1136,567,311,245,13,0.935,0.435,0.99,0.925,0.050000000000000044,0.07000000000000006,0.05499999999999994,0.02864591131896693,0.02398576466205709,-0.2580436351673855,-0.006063770743933427,0.15806633893898553,0.6620582704424143,0.8196216872805229,0.9508481879410602,1.0,0.94,0.9400000000000001,0.99,0.99,0.07519625412525735,0.08012128744506082,0.02370879346476617,0.030681554831384062,58.0,59.0,98.0,,,,160.0,0.0,157.0,0.0,UP,58.0,0.94,0.66,106559,1136,0.0,299.988
1786736400,polymarket-btc-updown-5m-1786736400-2026-08-14.txt.zst,polymarket-btc-5m_2026-08-14.zip,True,UP,0.999,0.425,0.555,0.905,0.915,0.925,0.965,0.985,0.99,0.99,0.010000000000000009,0.010000000000000009,0.010000000000000009,0.010000000000000009,0.010000000000000009,0.010000000000000009,0.010000000000000009,,,4177.97,5429.57,5081.86,7283.450000000001,4819.95,4650.1,1540.95,0.0,11808.53935000001,12586.952410000004,2848.688460000001,3561.123476000001,2539.203244999999,5142.563327,0,185.98,1219,788,265,156,10,0.965,0.275,0.999,0.965,0.36,0.04999999999999993,0.025000000000000022,0.02397243982469159,0.0037706843020064783,-0.03190807005072617,-0.11114756924437785,-0.3389012224726062,0.7664786563933471,0.909430038936455,0.9668716705324806,1.0,0.9699999999999999,0.9700000000000001,0.99,0.99,0.040000000000000036,0.04380388700989542,0.02522242538277883,0.030938908236144154,80.0,81.0,86.0,,,,133.0,0.0,132.0,0.0,UP,80.0,0.97,0.76,87611,1219,0.001,299.985
1786736700,polymarket-btc-updown-5m-1786736700-2026-08-14.txt.zst,polymarket-btc-5m_2026-08-14.zip,True,DOWN,0.99,0.685,0.485,0.315,0.125,0.155,0.14500000000000002,0.08499999999999999,0.015,0.01,0.009999999999999898,0.010000000000000009,0.030000000000000027,0.010000000000000009,0.010000000000000009,0.009999999999999981,0.009999999999999995,0.01,,2606.73,1126.17,2600.0299999999997,490.72,4051.19,3239.6099999999997,3330.12,3884.3100000000004,10599.937663000006,11995.343116000004,3348.4202540000024,4001.7746589999974,4023.983888999999,5417.022493000006,1316.33,1197.0109320000001,1537,815,304,375,43,0.725,0.08499999999999999,0.235,0.01,-0.36,0.020000000000000018,-0.13,0.03985258199058784,0.024612073583369788,-0.061756499804015874,-0.08888939854430702,-0.14755191847512575,0.24727789606842604,0.2562786870009956,0.17221974197292514,0.012084577265125605,0.15,0.15,0.08999999999999998,0.0903565393858501,0.86,0.86,0.9200000000000002,0.9235008879044808,,,,102.0,107.0,107.0,0.0,141.0,0.0,135.0,DOWN,102.0,0.92,0.76,128278,1537,0.0,299.982
1786737000,polymarket-btc-updown-5m-1786737000-2026-08-14.txt.zst,polymarket-btc-5m_2026-08-14.zip,True,UP,0.99,0.515,0.575,0.405,0.46499999999999997,0.615,0.455,0.625,0.675,0.99,0.010000000000000009,0.010000000000000009,0.009999999999999953,0.009999999999999953,0.010000000000000009,0.010000000000000009,0.010000000000000009,0.010000000000000009,,559.0,853.64,1789.8199999999997,944.69,2605.94,1273.1200000000001,812.06,508.9,7860.414097000001,9348.360000999997,3704.691704999999,4407.161272,6118.468914000002,8581.125909,10121.514122999992,45959.843182000004,1786,620,279,324,563,0.695,0.335,0.99,0.495,-0.10999999999999999,-0.009999999999999953,0.22000000000000003,0.027842091746654588,0.03299887996441908,-0.08646437541259405,-0.08659791652927558,-0.16753230443785805,0.4475996274448928,0.45398283492020924,0.5304645251601419,0.5339337490409851,0.4600000000000001,0.46,0.63,0.63,0.55,0.55,0.38000000000000006,0.38,249.0,249.0,250.0,,,,24.0,0.0,24.0,0.0,UP,249.0,0.0,1.0,163605,1786,0.002,299.992
1786737300,polymarket-btc-updown-5m-1786737300-2026-08-14.txt.zst,polymarket-btc-5m_2026-08-14.zip,True,DOWN,0.99,0.525,0.555,0.405,0.345,0.415,0.39,0.07500000000000001,0.01,0.01,0.010000000000000009,0.010000000000000009,0.009999999999999953,0.009999999999999953,0.010000000000000009,0.020000000000000018,0.009999999999999995,,,2305.99,1992.24,1638.7000000000003,0.0,1169.83,1888.15,2582.61,5964.25,6485.881993,8213.209926999998,3223.2165809999997,7763.391254999997,6272.945554000002,8393.307539000003,3742.136662,499.3777,1282,498,260,443,81,0.615,0.265,0.375,0.01,-0.21000000000000008,0.04500000000000004,-0.38,0.023839448981280847,0.020693881183001417,-0.1175125608711751,-0.4132462668889603,-0.1445742120741132,0.4199546621782573,0.44428160528958094,0.212150998866455,0.0,0.39999999999999997,0.4,0.08,0.08124295122607013,0.6200000000000001,0.625583768085253,0.93,0.9299999999999999,,,,190.0,193.0,196.0,0.0,55.0,0.0,52.0,DOWN,190.0,0.0,1.0,127250,1282,0.005,299.979
1786737600,polymarket-btc-updown-5m-1786737600-2026-08-14.txt.zst,polymarket-btc-5m_2026-08-14.zip,True,UP,0.99,0.765,0.675,0.825,0.955,0.955,0.985,0.975,0.99,0.99,0.010000000000000009,0.010000000000000009,0.010000000000000009,0.010000000000000009,0.010000000000000009,0.010000000000000009,0.010000000000000009,,,2281.77,2223.81,2079.6,4563.280000000001,13119.949999999999,3263.54,3076.49,0.0,7008.809965,8692.191670000007,5453.813580999999,4805.133446000001,3285.6639969999997,3871.476665,0,354.58,947,604,216,121,6,0.985,0.585,0.99,0.955,0.2799999999999999,0.030000000000000027,0.0050000000000000044,0.017706564007835778,0.00513768552582902,-0.1072149245082227,0.06323067399536916,-0.0818500984772179,0.6648264410027144,0.8899634474752594,0.8969421205772734,1.0,0.99,0.99,0.98,0.98,0.02572183380775847,0.03270494594558197,0.033041236305963013,0.0416507098622489,3.0,71.0,75.0,,,,187.0,0.0,151.0,0.0,UP,3.0,0.99,0.65,82529,947,0.0,299.989
1786737900,polymarket-btc-updown-5m-1786737900-2026-08-14.txt.zst,polymarket-btc-5m_2026-08-14.zip,True,UP,0.99,0.645,0.555,0.505,0.345,0.265,0.365,0.335,0.665,0.965,0.010000000000000009,0.010000000000000009,0.010000000000000009,0.009999999999999953,0.010000000000000009,0.010000000000000009,0.010000000000000009,0.010000000000000009,0.010000000000000009,1094.44,2937.3199999999997,462.45000000000005,1078.79,991.5699999999999,1035.47,1052.8400000000001,1168.97,9548.505181000008,8604.653827000002,4683.173044999999,5778.199664,2608.8023840000005,2334.912773999999,6371.623218000003,6021.416356,1843,741,441,211,450,0.785,0.185,0.99,0.275,-0.21000000000000008,0.020000000000000018,0.30000000000000004,0.03973016038550188,0.050655825689222986,0.0519937799026635,-0.10467332055361543,0.055401575787955536,0.4540723195647757,0.5025796126446258,0.47318519293516226,0.5978151855642915,0.37607501670502635,0.37842046072484986,0.34,0.34,0.64,0.64,0.6699999999999998,0.6723315713563817,45.0,257.0,259.0,125.0,125.0,,20.0,5.0,14.0,3.0,UP,45.0,0.79,0.19,137804,1843,0.0,299.986
1786738200,polymarket-btc-updown-5m-1786738200-2026-08-14.txt.zst,polymarket-btc-5m_2026-08-14.zip,True,DOWN,0.999,0.665,0.495,0.395,0.305,0.325,0.215,0.10500000000000001,0.01,0.001,0.010000000000000009,0.010000000000000009,0.010000000000000009,0.010000000000000009,0.010000000000000009,0.010000000000000009,0.009999999999999995,,,1430.0700000000002,1319.86,1882.04,0.0,1411.92,1504.23,1644.2799999999997,9125.2,4863.643712,6247.422183999996,1078.5623529999998,1863.2795879999999,2997.576247,4567.931742999999,302.72999999999996,0,1059,563,183,304,9,0.685,0.215,0.20500000000000002,0.001,-0.19,-0.09,-0.205,0.02247485367291737,0.013760184818055066,-0.12454056928041071,-0.2667435065302171,-0.2075677532923998,0.41317574111534144,0.38933658542413757,0.3366363433613946,0.0,0.22,0.22,0.10999999999999999,0.11,0.7899999999999999,0.79,0.9,0.9043663287261927,,,,112.0,181.0,183.0,0.0,60.0,0.0,39.0,DOWN,112.0,0.79,0.6599999999999999,100566,1059,0.0,299.995
1786738500,polymarket-btc-updown-5m-1786738500-2026-08-14.txt.zst,polymarket-btc-5m_2026-08-14.zip,True,DOWN,0.99,0.335,0.235,0.335,0.215,0.07500000000000001,0.015,0.035,0.01,0.01,0.010000000000000009,0.009999999999999981,0.010000000000000009,0.010000000000000009,0.009999999999999995,0.01,0.010000000000000002,,,2043.18,998.23,2995.66,0.0,1033.3799999999999,4194.4,3438.4399999999996,8443.220000000001,8023.075271000001,7319.810060999995,2963.1764410000005,5201.142994000005,4468.474164,1637.8048200000026,341.36,0,1101,643,326,126,6,0.515,0.015,0.035,0.01,-0.01999999999999999,-0.2,-0.004999999999999999,0.03865780348530065,0.008580325819533259,0.04583656820619235,-0.27411550599134576,0.46356698595283125,0.40996400251888376,0.03469823316150426,0.11339929106042641,0.0,0.020195458907579546,0.02688903985633408,0.04,0.04398550517695124,0.99,0.99,0.9699999999999999,0.9700000000000001,,,,38.0,38.0,100.0,0.0,128.0,0.0,111.0,DOWN,38.0,0.99,0.5,93301,1101,0.0,299.978
1786738800,polymarket-btc-updown-5m-1786738800-2026-08-14.txt.zst,polymarket-btc-5m_2026-08-14.zip,True,UP,0.999,0.665,0.665,0.625,0.665,0.715,0.945,0.99,0.99,0.999,0.010000000000000009,0.010000000000000009,0.010000000000000009,0.010000000000000009,0.010000000000000009,0.010000000000000009,,,,1805.94,1893.41,3084.3999999999996,9269.0,763.7,6735.040000000001,0.0,0.0,7413.880606,7106.5861909999985,3113.3841299999995,2893.832124,4266.486006000001,3054.5166639999998,0,2895.3599999999997,960,478,302,168,12,0.945,0.495,0.999,0.955,0.0,0.2799999999999999,0.04500000000000004,0.023588701124230883,0.028132163111620846,0.021162846848938065,0.03654804433814203,0.16554690615896211,0.5587224384263,0.780399634425438,1.0,1.0,0.95,0.95,,,0.06000000000000005,0.06489896280197525,0.01648489991507802,0.02195944190424278,69.0,172.0,172.0,,,,42.0,0.0,35.0,0.0,UP,69.0,0.95,0.58,91509,960,0.0,299.982
1786739100,polymarket-btc-updown-5m-1786739100-2026-08-14.txt.zst,polymarket-btc-5m_2026-08-14.zip,True,DOWN,0.99,0.20500000000000002,0.11499999999999999,0.07500000000000001,0.065,0.025,0.08499999999999999,0.045,0.065,0.01,0.009999999999999981,0.009999999999999995,0.009999999999999995,0.010000000000000009,0.009999999999999998,0.009999999999999995,0.010000000000000002,0.010000000000000009,,6879.6900000000005,3391.32,5875.1900000000005,6229.97,3314.2500000000005,1391.58,1341.0900000000001,2248.41,6014.844996000002,7558.57979199999,2468.632222999999,4057.4991710000027,2754.9914120000008,2479.6332009999983,11639.4,2771.208225,1109,491,243,292,83,0.485,0.025,0.165,0.01,-0.04999999999999999,0.01999999999999999,-0.01999999999999999,0.011019145548882227,0.01635154064166225,-0.11373215088389302,-0.24346229827073002,0.052603239268802664,0.23710061135425362,0.3260292649755648,0.2291190569413615,0.2505628642328838,0.09467490323851321,0.09780008944904871,0.05098981685827586,0.05895357418643851,0.9200000000000002,0.9200000000000002,0.96,0.96,,,,17.0,18.0,31.0,0.0,228.0,0.0,219.0,DOWN,17.0,0.98,0.78,77283,1109,0.0,299.999
1786739400,polymarket-btc-updown-5m-1786739400-2026-08-14.txt.zst,polymarket-btc-5m_2026-08-14.zip,True,DOWN,0.99,0.625,0.565,0.635,0.575,0.415,0.135,0.14500000000000002,0.025,0.01,0.010000000000000009,0.009999999999999898,0.010000000000000009,0.010000000000000009,0.010000000000000009,0.010000000000000009,0.009999999999999981,0.009999999999999998,,892.61,2150.17,584.9300000000001,4313.42,1745.69,774.7099999999999,1590.08,1430.1999999999998,3791.706360000003,3590.8966899999996,1440.849109,3351.8083560000014,3740.787967000001,4506.738541000003,2116.1,1858.2736029999999,1197,447,260,410,80,0.635,0.135,0.185,0.01,0.010000000000000009,-0.43999999999999995,-0.11000000000000001,0.024829636613163248,0.026895589581306424,0.027200388350827453,-0.39872643954954556,-0.09287033794399316,0.5289943946823203,0.3698445444407953,0.33418983389706214,0.20356287654049482,0.14710595558785666,0.15290821791208942,0.15,0.15,0.87,0.87,0.86,0.86,,,,176.0,176.0,176.0,0.0,70.0,0.0,70.0,DOWN,176.0,0.87,0.8200000000000001,98245,1197,0.0,299.992
1786739700,polymarket-btc-updown-5m-1786739700-2026-08-14.txt.zst,polymarket-btc-5m_2026-08-14.zip,True,DOWN,0.99,0.305,0.225,0.225,0.20500000000000002,0.155,0.07500000000000001,0.01,0.01,0.01,0.010000000000000009,0.010000000000000009,0.010000000000000009,0.009999999999999981,0.010000000000000009,0.009999999999999995,,,,1113.13,2582.24,0.0,0.0,3135.3100000000004,2631.4,3670.16,3361.16,5430.740137000001,4831.942993999998,2730.0577429999994,3021.1458049999987,2215.4900000000002,4007.123785999999,2351.06,0,932,483,237,205,7,0.615,0.065,0.07500000000000001,0.01,-0.01999999999999999,-0.13,-0.06500000000000002,0.019401225812437986,0.012414929147829249,0.05834703608759433,-0.050613416751912096,-0.2879230252134435,0.4231225490847701,0.30223666622142903,0.0,0.0,0.08,0.08249630335185792,0.010261481824742926,0.015484963169459048,0.93,0.9299999999999999,,,,,,41.0,62.0,123.0,0.0,169.0,0.0,114.0,DOWN,41.0,0.94,0.75,83200,932,0.0,299.983
1786740000,polymarket-btc-updown-5m-1786740000-2026-08-14.txt.zst,polymarket-btc-5m_2026-08-14.zip,True,DOWN,0.99,0.505,0.575,0.575,0.535,0.525,0.565,0.485,0.135,0.015,0.010000000000000009,0.010000000000000009,0.010000000000000009,0.010000000000000009,0.010000000000000009,0.009999999999999898,0.010000000000000009,0.010000000000000009,0.01,816.1500000000001,2006.11,1115.73,896.53,1045.79,349.92,797.93,300.96999999999997,3221.8540170000056,1837.8909179999998,1162.6033350000002,2137.543895,2425.220160999999,3245.373383999997,6854.706606,5836.248605000002,1129,309,138,317,365,0.595,0.455,0.565,0.01,-0.039999999999999925,0.029999999999999916,-0.42999999999999994,0.00943650459903554,0.02062692460149794,0.2735242817136205,-0.29542335297567907,-0.14463269435404377,0.5324905026189434,0.5509464394771655,0.50678192851196,0.3078182829574684,0.57,0.5746364256478297,0.49,0.49,0.43999999999999995,0.43999999999999995,0.52,0.52,,,,230.0,231.0,235.0,0.0,42.0,0.0,40.0,DOWN,230.0,0.0,1.0,89406,1129,0.0,299.982
1786740300,polymarket-btc-updown-5m-1786740300-2026-08-14.txt.zst,polymarket-btc-5m_2026-08-14.zip,True,UP,0.99,0.775,0.725,0.775,0.615,0.425,0.255,0.615,0.825,0.985,0.010000000000000009,0.010000000000000009,0.010000000000000009,0.010000000000000009,0.010000000000000009,0.010000000000000009,0.010000000000000009,0.010000000000000009,0.010000000000000009,2615.16,1767.55,1153.18,288.05,989.0,1657.19,1041.85,977.84,4883.565629999999,5597.916183000001,2329.34639,3328.991100999999,6210.954419,5173.136572,4059.922382,5423.833107000001,1473,503,273,379,318,0.805,0.255,0.99,0.235,-0.10999999999999999,-0.36,0.57,0.01923388226257914,0.0370196770337049,-0.06815358417299407,-0.17666756579825915,0.09116387490406341,0.5228074857951523,0.39380450707759873,0.5516628238365372,0.6515122031624517,0.26,0.26,0.6200000000000001,0.62,0.7499999999999999,0.7550327179729794,0.39,0.39,4.0,14.0,243.0,180.0,,,95.0,8.0,50.0,0.0,UP,4.0,0.81,0.24,107499,1473,0.0,299.99
1786740600,polymarket-btc-updown-5m-1786740600-2026-08-14.txt.zst,polymarket-btc-5m_2026-08-14.zip,True,DOWN,0.99,0.745,0.535,0.565,0.46499999999999997,0.575,0.625,0.525,0.455,0.01,0.010000000000000009,0.010000000000000009,0.009999999999999898,0.009999999999999953,0.010000000000000009,0.010000000000000009,0.010000000000000009,0.010000000000000009,,1223.94,931.3800000000001,1118.9099999999999,1590.9699999999998,1420.8000000000002,1075.87,675.49,266.0,5636.638693999999,7195.0610830000005,1116.6271100000001,1507.9438040000007,4952.318954000001,5162.762466000004,4945.391059000001,4602.074517000006,1335,572,145,286,332,0.835,0.46499999999999997,0.635,0.01,-0.07000000000000006,0.16000000000000003,-0.16999999999999998,0.026095601011604665,0.025685377965278214,-0.12145097033780151,-0.1490973979451791,-0.02080492516688041,0.4804322885632072,0.5534845627421319,0.540589387143352,0.521037758912436,0.63,0.63,0.5374311291520532,0.5389696163440053,0.3829647264843922,0.3871558927054406,0.48,0.48,19.0,26.0,,242.0,242.0,242.0,35.0,23.0,2.0,23.0,UP,19.0,0.84,0.01,92487,1335,0.0,299.981
1786741500,polymarket-btc-updown-5m-1786741500-2026-08-14.txt.zst,polymarket-btc-5m_2026-08-14.zip,True,DOWN,0.99,0.545,0.495,0.525,0.645,0.655,0.395,0.315,0.01,0.01,0.010000000000000009,0.010000000000000009,0.010000000000000009,0.010000000000000009,0.010000000000000009,0.010000000000000009,0.010000000000000009,,,1242.6299999999999,458.84000000000003,1147.0900000000001,0.0,1319.6,2014.84,779.5899999999999,4063.88,6228.535890000002,6117.110261000003,1907.1900089999992,3773.1216260000006,8502.797662,6483.27015100001,2158.78,0,1178,534,192,435,17,0.685,0.335,0.425,0.01,0.15000000000000002,-0.25,-0.385,0.02719367202713396,0.03147622502420956,0.00902549997279591,-0.3284910647336343,0.13476033447867528,0.5368822335811975,0.42869671786931485,0.37623654893436714,0.0,0.39999999999999997,0.4,0.32,0.32,0.6102825691926559,0.6160776764794933,0.6899999999999998,0.69,,,,207.0,211.0,211.0,0.0,24.0,0.0,23.0,DOWN,207.0,0.0,1.0,95686,1178,0.0,299.989
1786741800,polymarket-btc-updown-5m-1786741800-2026-08-14.txt.zst,polymarket-btc-5m_2026-08-14.zip,True,UP,0.99,0.515,0.515,0.505,0.805,0.865,0.955,0.945,0.855,0.895,0.010000000000000009,0.010000000000000009,0.010000000000000009,0.010000000000000009,0.010000000000000009,0.010000000000000009,0.010000000000000009,0.010000000000000009,0.010000000000000009,1474.18,2434.75,1599.6100000000001,1048.3500000000001,992.99,6846.86,7676.52,372.83,4447.049675999998,4229.340276,2453.2171830000016,641.205334,4735.559809,4735.404734000002,7280.034271000004,6551.641776000004,1439,355,173,377,534,0.965,0.485,0.99,0.715,0.29000000000000004,0.1499999999999999,-0.09999999999999998,0.029633144438275874,0.018928722591727228,0.02509216404569433,0.5855735081570959,1.637372828234018e-05,0.5841770138612346,0.745648312874946,0.7320043848318334,0.6573765458232517,0.96,0.96,0.95,0.95,0.05513264295824931,0.06182749773364529,0.061184639255963645,0.06795230734993045,96.0,96.0,139.0,,,,188.0,0.0,182.0,0.0,UP,96.0,0.97,0.72,92132,1439,0.0,299.984
1786742100,polymarket-btc-updown-5m-1786742100-2026-08-14.txt.zst,polymarket-btc-5m_2026-08-14.zip,True,DOWN,0.99,0.545,0.555,0.605,0.675,0.765,0.825,0.905,0.305,0.035,0.010000000000000009,0.010000000000000009,0.010000000000000009,0.010000000000000009,0.010000000000000009,0.010000000000000009,0.010000000000000009,0.010000000000000009,0.010000000000000002,1359.64,2715.18,842.31,497.15999999999997,1552.72,1324.82,3929.6299999999997,1087.05,3164.3727709999985,2803.128217000001,2214.4284310000007,2000.142525,3980.352990000002,4842.299662000003,8014.058922000004,7064.413699000004,1389,338,208,429,414,0.865,0.515,0.905,0.01,0.12,0.1499999999999999,-0.52,0.010595371855763478,0.046718556890145216,0.06053531532318493,0.05084406176503835,-0.0976969972635845,0.5603253417320136,0.6713357988548968,0.6850967879775614,0.34098056147218553,0.83,0.83,0.9100000000000001,0.91,0.18000000000000005,0.18000000000000005,0.11157685146459237,0.12146518016903664,141.0,148.0,161.0,244.0,245.0,246.0,89.0,34.0,67.0,33.0,UP,141.0,0.87,0.01,95866,1389,0.0,299.981
1786742400,polymarket-btc-updown-5m-1786742400-2026-08-14.txt.zst,polymarket-btc-5m_2026-08-14.zip,True,DOWN,0.99,0.325,0.305,0.325,0.315,0.575,0.505,0.28500000000000003,0.125,0.275,0.010000000000000009,0.010000000000000009,0.010000000000000009,0.010000000000000009,0.010000000000000009,0.010000000000000009,0.009999999999999953,0.010000000000000009,0.010000000000000009,951.94,1525.3199999999997,519.63,2129.8,2074.61,563.87,1042.63,1234.9099999999999,8994.241151000004,4046.9191640000017,2480.3162399999997,1819.1344609999996,2117.0534770000004,3674.9460649999983,7762.395064000002,8598.352143000006,1512,407,220,289,596,0.575,0.235,0.505,0.01,0.010000000000000009,0.19,-0.38,0.015150967649899176,0.02863086681680576,0.3793621017992984,0.15378284924774627,-0.2689731890866227,0.4684038367598779,0.5730761595880394,0.41547402062512495,0.36375667224661257,0.51,0.51,0.29,0.29,0.5,0.5,0.7281449989213616,0.7292569226703937,,,,64.0,193.0,239.0,0.0,81.0,0.0,54.0,DOWN,64.0,0.77,0.43000000000000005,102768,1512,0.0,299.982
1786742700,polymarket-btc-updown-5m-1786742700-2026-08-14.txt.zst,polymarket-btc-5m_2026-08-14.zip,True,DOWN,0.99,0.605,0.595,0.675,0.695,0.705,0.825,0.935,0.425,0.065,0.010000000000000009,0.010000000000000009,0.010000000000000009,0.010000000000000009,0.010000000000000009,0.010000000000000009,0.009999999999999898,0.010000000000000009,0.010000000000000009,1091.32,1232.42,1397.0800000000002,1278.46,1180.07,670.04,6509.29,907.19,2813.941994,3031.3604860000046,2348.9816909999995,3465.8545869999994,4314.997640000003,3841.960922,9799.522035000002,8228.936627,1554,311,276,356,611,0.955,0.555,0.965,0.01,0.09999999999999998,0.13,-0.39999999999999997,0.008236588283665873,0.04162864428572776,-0.03719542192109186,-0.1920729737870016,0.05799180103766755,0.5869448086819492,0.713412565889703,0.7469143314601914,0.505016734905887,0.83,0.83,0.94,0.9400000000000001,0.18000000000000005,0.18525568607866796,0.07377262410030311,0.07738759827460559,151.0,151.0,151.0,261.0,262.0,263.0,87.0,20.0,87.0,19.0,UP,151.0,0.96,0.01,88209,1554,0.0,299.979
1786743000,polymarket-btc-updown-5m-1786743000-2026-08-14.txt.zst,polymarket-btc-5m_2026-08-14.zip,True,DOWN,0.99,0.485,0.495,0.435,0.245,0.305,0.245,0.155,0.065,0.01,0.010000000000000009,0.010000000000000009,0.010000000000000009,0.010000000000000009,0.010000000000000009,0.010000000000000009,0.010000000000000009,0.010000000000000009,,963.8400000000001,878.7199999999999,1740.7,3999.1800000000003,1205.63,1293.76,1272.85,1684.9099999999999,3604.7989910000015,5544.542755999999,5773.853504000003,2789.8883579999997,1315.2227519999997,2034.3917969999993,2330.125234,2543.292493000001,1102,440,227,233,202,0.525,0.245,0.245,0.01,-0.25,0.0,-0.18,0.02041567338806034,0.010864235795831751,-0.21200910607979254,0.34844174358416724,-0.21470203048129877,0.399715085853505,0.4399055982436883,0.361944949562203,0.2088559501943542,0.25,0.25,0.16000000000000003,0.16310836313006638,0.766767780001787,0.7746555742385325,0.85,0.85,,,,120.0,192.0,208.0,0.0,100.0,0.0,70.0,DOWN,120.0,0.76,0.62,85256,1102,0.0,299.988
1786743300,polymarket-btc-updown-5m-1786743300-2026-08-14.txt.zst,polymarket-btc-5m_2026-08-14.zip,True,UP,0.99,0.395,0.365,0.325,0.235,0.305,0.545,0.695,0.945,0.99,0.010000000000000009,0.010000000000000009,0.010000000000000009,0.009999999999999981,0.010000000000000009,0.010000000000000009,0.010000000000000009,0.010000000000000009,,1094.17,1442.1299999999999,1217.1299999999999,1372.25,1981.7499999999998,821.8,598.26,3613.9300000000003,3194.3607180000004,2717.7273210000017,2524.683807000001,1486.619958,6276.295463000009,5231.954382000001,3127.2341529999985,3304.4591590000005,1245,319,223,478,225,0.595,0.225,0.99,0.20500000000000002,-0.13,0.31000000000000005,0.3999999999999999,0.00833095204071911,0.04150902143584179,0.08062014534557213,0.25878465202697026,0.0907471679070074,0.4146761678338406,0.5611670531171395,0.6945735393724747,0.8154056047498988,0.55,0.55,0.7,0.7,0.45999999999999996,0.45999999999999996,0.31000000000000005,0.31306170136798106,212.0,212.0,212.0,106.0,202.0,,57.0,49.0,57.0,2.0,DOWN,106.0,0.78,0.010000000000000009,93425,1245,0.0,299.998
1786743600,polymarket-btc-updown-5m-1786743600-2026-08-14.txt.zst,polymarket-btc-5m_2026-08-14.zip,True,DOWN,0.9875,0.755,0.845,0.755,0.825,0.825,0.375,0.305,0.165,0.755,0.010000000000000009,0.010000000000000009,0.010000000000000009,0.010000000000000009,0.010000000000000009,0.010000000000000009,0.010000000000000009,0.010000000000000009,0.010000000000000009,1740.4700000000003,1224.65,552.82,229.2,1346.09,1396.1799999999998,1180.57,450.39000000000004,5680.045544,6478.942322000001,3319.0074430000013,8774.501995000008,10410.27191,8165.168900000001,27486.859554000013,20246.208974000016,2751,506,257,644,1344,0.905,0.365,0.945,0.01,-0.020000000000000018,-0.44999999999999996,-0.21,0.025610063454432445,0.09637399479976286,-0.06570421706184482,-0.45110929792288823,0.12086405017055414,0.6144239278878713,0.39814757377692905,0.33998761555410956,0.2421810624655552,0.38000000000000006,0.38,0.31,0.31,0.63,0.63,0.7,0.7,11.0,15.0,57.0,234.0,234.0,234.0,177.0,29.0,121.0,28.0,UP,11.0,0.91,0.01,144946,2751,0.0,299.981
1786743900,polymarket-btc-updown-5m-1786743900-2026-08-14.txt.zst,polymarket-btc-5m_2026-08-14.zip,True,UP,0.99,0.515,0.425,0.275,0.275,0.46499999999999997,0.645,0.805,0.985,0.99,0.010000000000000009,0.010000000000000009,0.010000000000000009,0.010000000000000009,0.009999999999999953,0.010000000000000009,0.010000000000000009,0.010000000000000009,,843.4000000000001,1718.77,1203.16,1864.9500000000003,1302.51,960.58,1484.15,689.05,4385.675938000001,4970.289293000005,4053.159307000002,4695.268103000002,7790.248724000006,6852.5178179999975,912.2731950000001,2831.766665,1521,401,421,605,94,0.785,0.245,0.99,0.485,-0.14999999999999997,0.37,0.33999999999999997,0.018079926811284404,0.06641436138220844,-0.062485627144375146,-0.07339705365401206,0.06404055567711915,0.4002356145037676,0.5356947855291638,0.6237019832169526,0.9580266782323509,0.65,0.65,0.8099999999999999,0.81,0.36,0.36,0.20833758556448423,0.21523081649487236,163.0,196.0,197.0,135.0,,,57.0,4.0,47.0,0.0,DOWN,135.0,0.76,0.010000000000000009,118940,1521,0.0,299.998
1786744200,polymarket-btc-updown-5m-1786744200-2026-08-14.txt.zst,polymarket-btc-5m_2026-08-14.zip,True,DOWN,0.99,0.415,0.445,0.425,0.385,0.475,0.065,0.045,0.01,0.01,0.010000000000000009,0.010000000000000009,0.010000000000000009,0.010000000000000009,0.010000000000000009,0.010000000000000009,0.010000000000000002,,,1728.75,8159.789999999999,3003.23,0.0,1204.83,615.84,2145.4799999999996,5837.969999999999,3983.4775230000014,6973.979817,4465.793244000002,4580.3120709999985,3260.7369370000006,4618.321320000001,1936.6599999999996,0,1090,381,360,337,12,0.645,0.065,0.10500000000000001,0.01,-0.06,-0.32,-0.055,0.021319235537926036,0.029450227663205146,-0.27291936452111243,-0.01265946205712466,-0.17230287411492104,0.4281385970400963,0.2827315201091039,0.13403530977503608,0.0,0.10005647712467583,0.1082354750944607,0.05358888937292214,0.060191774205870414,0.94,0.9400000000000001,0.96,0.9622814327084867,,,,154.0,160.0,160.0,0.0,83.0,0.0,77.0,DOWN,154.0,0.94,0.76,82653,1090,0.0,299.995
1786744500,polymarket-btc-updown-5m-1786744500-2026-08-14.txt.zst,polymarket-btc-5m_2026-08-14.zip,True,UP,0.99,0.485,0.595,0.725,0.755,0.805,0.835,0.99,0.99,0.99,0.010000000000000009,0.010000000000000009,0.010000000000000009,0.010000000000000009,0.010000000000000009,0.010000000000000009,,,,1211.79,1690.44,3760.13,5888.97,391.4,1334.36,0.0,0.0,4336.7642529999985,4378.816474000001,1252.6649770000001,1153.353961,5682.4713790000005,5228.040928,0,441.72,784,418,142,218,6,0.845,0.435,0.99,0.845,0.16000000000000003,0.07999999999999996,0.15500000000000003,0.017461391985865087,0.007658964360830568,-0.004824947679014556,0.04127607411209833,0.04165069780531252,0.558618080103901,0.6221979146601463,1.0,1.0,0.84,0.8457257141890315,,,0.17000000000000004,0.17000000000000004,0.011218791677959264,0.016684902879684535,87.0,122.0,176.0,,,,105.0,0.0,72.0,0.0,UP,87.0,0.85,0.71,64393,784,0.0,299.981
1786744800,polymarket-btc-updown-5m-1786744800-2026-08-14.txt.zst,polymarket-btc-5m_2026-08-14.zip,True,UP,0.999,0.585,0.625,0.635,0.805,0.915,0.935,0.965,0.985,0.99,0.010000000000000009,0.010000000000000009,0.010000000000000009,0.010000000000000009,0.010000000000000009,0.009999999999999898,0.010000000000000009,0.010000000000000009,,1838.8900000000003,2243.53,1633.29,2011.1,1948.13,7454.72,2894.68,1463.83,4869.862462000005,4474.218442,3684.890434,3906.1716730000003,4028.3688270000016,4799.739867000002,1099.2585860000002,1127.96,1156,471,277,347,61,0.945,0.275,0.999,0.835,0.18000000000000005,0.13,0.04999999999999993,0.02559375443553451,0.01695650744850368,0.04234167320090704,-0.029150234299354334,-0.08737670397332786,0.6033718162953532,0.7368178011757678,0.856607650517929,0.9170401897415988,0.94,0.9400000000000001,0.9699999999999999,0.9700000000000001,0.06999999999999995,0.07243251322099319,0.048604085303791005,0.05572911833418414,95.0,117.0,129.0,,,,152.0,0.0,130.0,0.0,UP,95.0,0.95,0.77,97210,1156,0.0,299.991
1786745100,polymarket-btc-updown-5m-1786745100-2026-08-14.txt.zst,polymarket-btc-5m_2026-08-14.zip,True,DOWN,0.999,0.475,0.525,0.515,0.295,0.035,0.01,0.01,0.01,0.001,0.010000000000000009,0.010000000000000009,0.010000000000000009,0.010000000000000009,0.010000000000000002,,,,,1452.35,0.0,0.0,0.0,716.8600000000001,4762.4400000000005,3979.4700000000003,5972.3099999999995,2386.3062849999983,3549.487167000001,4113.557400000001,4662.289878,1190.54,0,10903.573000000002,146.047,607,318,261,11,17,0.585,0.01,0.01,0.001,-0.23000000000000004,-0.285,0.0,0.01714980747292935,0.011840642976339973,-0.19596047123372898,-0.06252757832005641,1.0,0.3918977066676687,0.0,0.0,0.0,0.01103999620605446,0.016844685779230713,0.011087363697538889,0.017202634729577698,,,,,,,,125.0,127.0,127.0,0.0,46.0,0.0,44.0,DOWN,125.0,0.99,0.75,70049,607,0.0,299.994
1786745400,polymarket-btc-updown-5m-1786745400-2026-08-14.txt.zst,polymarket-btc-5m_2026-08-14.zip,True,DOWN,0.999,0.335,0.165,0.175,0.035,0.045,0.01,0.01,0.01,0.01,0.010000000000000009,0.010000000000000009,0.009999999999999981,0.010000000000000002,0.010000000000000002,,,,,3039.98,0.0,0.0,0.0,2829.95,2561.89,3239.0699999999997,4792.66,10120.752438999998,7886.169546000002,5336.220514,4725.0087310000035,2129.27,0,52.059999999999995,0,820,610,188,16,6,0.415,0.01,0.01,0.001,-0.13,-0.025,0.0,0.02566087278634269,0.0050587630791709935,0.12409577244025562,0.06074921544042365,1.0,0.11021408501767424,0.0,0.0,0.0,0.01263620536875422,0.020666748967743606,0.010616988445955532,0.016737062530038656,,,,,,,,57.0,57.0,57.0,0.0,110.0,0.0,109.0,DOWN,57.0,0.99,0.6799999999999999,74049,820,0.0,299.999
1786745700,polymarket-btc-updown-5m-1786745700-2026-08-14.txt.zst,polymarket-btc-5m_2026-08-14.zip,True,DOWN,0.999,0.435,0.20500000000000002,0.165,0.095,0.055,0.025,0.025,0.01,0.001,0.010000000000000009,0.009999999999999981,0.010000000000000009,0.010000000000000009,0.009999999999999995,0.009999999999999998,0.009999999999999998,,,2602.8700000000003,2533.91,1759.3600000000001,0.0,2340.34,1987.31,2448.23,2945.77,8253.466450999997,7403.681902000003,898.0157070000001,2435.831803000002,2266.06,3325.0074430000013,9017.966193999999,1491.299094,1091,591,184,173,143,0.54,0.025,0.045,0.001,-0.11000000000000001,-0.07,-0.015000000000000001,0.028726348205654218,0.0047517041673432,0.05427454156025608,-0.46127367595166374,-0.1893998693086416,0.27968480349858804,0.1056550386400955,0.07260239320161387,0.0,0.034423430873159425,0.04099404704581814,0.030000000000000002,0.03556703145469718,0.98,0.98,0.98,0.98,,,,53.0,55.0,66.0,0.0,209.0,0.0,204.0,DOWN,53.0,0.98,0.78,87023,1091,0.001,299.987
1786746000,polymarket-btc-updown-5m-1786746000-2026-08-14.txt.zst,polymarket-btc-5m_2026-08-14.zip,True,UP,0.99,0.565,0.615,0.635,0.725,0.785,0.795,0.785,0.915,0.11499999999999999,0.009999999999999898,0.010000000000000009,0.010000000000000009,0.010000000000000009,0.010000000000000009,0.010000000000000009,0.010000000000000009,0.010000000000000009,0.009999999999999995,1074.51,1742.69,1632.17,665.5899999999999,1553.0,813.11,855.75,3193.77,4804.934876000001,3926.957765000001,1749.3137080000001,1436.7075689999995,3229.6025099999974,2222.1929189999996,16900.92223000001,17281.333278000016,1858,337,177,239,1105,0.845,0.565,0.99,0.01,0.10999999999999999,0.07000000000000006,0.12,0.014890825856139456,0.01717226741774739,0.10054831719729568,0.09811803243647976,0.18478492161338916,0.5812890731414772,0.6600163410604074,0.7137832235334031,0.7471796997920986,0.8,0.8,0.7939594331855376,0.7975733792040711,0.20999999999999996,0.20999999999999996,0.21999999999999997,0.21999999999999997,102.0,103.0,171.0,255.0,255.0,263.0,131.0,15.0,88.0,14.0,UP,102.0,0.85,0.01,115013,1858,0.0,299.983
1786746300,polymarket-btc-updown-5m-1786746300-2026-08-14.txt.zst,polymarket-btc-5m_2026-08-14.zip,True,DOWN,0.99,0.445,0.395,0.375,0.335,0.355,0.385,0.325,0.20500000000000002,0.035,0.010000000000000009,0.010000000000000009,0.010000000000000009,0.010000000000000009,0.010000000000000009,0.010000000000000009,0.010000000000000009,0.009999999999999981,0.010000000000000002,1415.15,911.5400000000001,682.0600000000001,655.66,1164.9899999999998,1406.0,1369.46,303.05,3620.4017430000013,4576.558693999999,1963.7674789999999,1845.5149370000001,717.6704780000001,1696.2746420000003,4689.337057,5682.765885000001,1023,349,178,135,361,0.595,0.28500000000000003,0.385,0.01,-0.06,0.04999999999999999,-0.18,0.01490492746527463,0.01488884897068412,-0.11664774502070686,0.031043259355963623,-0.4053961939283856,0.4460315916509932,0.48583011125133146,0.4272691121198319,0.3151959650497637,0.39,0.39,0.33,0.33,0.6200000000000001,0.62,0.6837069195920763,0.6875322098584982,,,,235.0,239.0,242.0,0.0,45.0,0.0,41.0,DOWN,235.0,0.0,1.0,91717,1023,0.0,299.978
1786746600,polymarket-btc-updown-5m-1786746600-2026-08-14.txt.zst,polymarket-btc-5m_2026-08-14.zip,True,UP,0.999,0.755,0.575,0.925,0.955,0.915,0.845,0.975,0.99,0.999,0.010000000000000009,0.010000000000000009,0.010000000000000009,0.010000000000000009,0.010000000000000009,0.010000000000000009,0.010000000000000009,,,1923.27,630.1400000000001,1678.75,3935.64,4871.76,1439.4900000000002,3903.01,0.0,11080.169801000007,9508.580586999999,3035.7633430000005,2906.625574000001,5321.726339000002,3328.6033900000007,0,3201.85,1292,720,245,310,17,0.965,0.415,0.999,0.865,0.38,-0.10999999999999999,0.14500000000000002,0.034127761890470655,0.012593617526065401,0.07633242350230236,0.021731625244278744,0.23041005504311687,0.8151207694269371,0.6369404962956571,0.8319000585311902,1.0,0.85,0.85,0.98,0.98,0.16000000000000003,0.16391906360551228,0.03252314241116695,0.04153517856691249,25.0,31.0,48.0,,,,206.0,0.0,192.0,0.0,UP,25.0,0.97,0.52,88587,1292,0.0,299.984
1786746900,polymarket-btc-updown-5m-1786746900-2026-08-14.txt.zst,polymarket-btc-5m_2026-08-14.zip,True,UP,0.99,0.705,0.725,0.705,0.845,0.875,0.915,0.935,0.975,0.99,0.010000000000000009,0.010000000000000009,0.010000000000000009,0.010000000000000009,0.010000000000000009,0.010000000000000009,0.009999999999999898,0.010000000000000009,,2509.9700000000003,2016.68,2918.94,2604.39,1321.03,3131.5199999999995,6496.820000000001,1159.31,4265.865919999999,4048.802208000001,1567.723071999999,988.8080760000001,3171.9354350000003,2745.37086,1072.3898,1341.4299999999996,840,387,138,254,61,0.915,0.565,0.99,0.905,0.12,0.07000000000000006,0.05999999999999994,0.016333361916170044,0.005491120099126234,0.026106118567622315,0.22644550857629495,0.07208762800743278,0.6520040507724072,0.6976649832299832,0.7679506585926356,0.9419494559529711,0.9200000000000002,0.9200000000000002,0.94,0.9400000000000001,0.09734435742023767,0.10456490079396022,0.06999999999999995,0.07277635985048705,62.0,108.0,108.0,,,,158.0,0.0,140.0,0.0,UP,62.0,0.92,0.7,82426,840,0.0,299.983
1786747200,polymarket-btc-updown-5m-1786747200-2026-08-14.txt.zst,polymarket-btc-5m_2026-08-14.zip,True,UP,0.99,0.48,0.545,0.535,0.695,0.795,0.805,0.865,0.925,0.99,0.020000000000000018,0.010000000000000009,0.010000000000000009,0.010000000000000009,0.010000000000000009,0.010000000000000009,0.010000000000000009,0.010000000000000009,,1014.41,1164.25,2112.67,2213.76,742.65,1206.9599999999998,1296.65,3508.77,3625.915478,2650.2386610000003,2418.0208940000007,1509.3426230000002,2544.452967,1155.646961,2193.79497,2497.174043,802,252,201,200,149,0.815,0.475,0.99,0.775,0.1499999999999999,0.1100000000000001,0.12,0.01167096759458432,0.01457169946490601,0.15545775253305957,0.23137106281776368,0.37534283749754993,0.5657289395476889,0.6343259820163036,0.7083093906470104,0.8172171097028884,0.8099999999999999,0.81,0.87,0.87,0.19999999999999993,0.19999999999999996,0.1430312507659049,0.14713333104225731,124.0,124.0,192.0,,,,118.0,0.0,91.0,0.0,UP,124.0,0.82,0.73,76486,802,0.0,299.986
1786747500,polymarket-btc-updown-5m-1786747500-2026-08-14.txt.zst,polymarket-btc-5m_2026-08-14.zip,True,DOWN,0.99,0.745,0.775,0.445,0.385,0.425,0.385,0.185,0.11499999999999999,0.035,0.010000000000000009,0.010000000000000009,0.010000000000000009,0.010000000000000009,0.010000000000000009,0.010000000000000009,0.010000000000000009,0.009999999999999995,0.010000000000000002,1051.38,2419.94,592.14,871.71,1500.72,895.23,1260.8600000000001,75.0,7324.853311999997,6061.986152000004,1896.272545,3025.2805860000017,2133.3397059999998,3525.2570409999985,6335.017078999999,5930.996784000002,1324,517,187,244,376,0.835,0.275,0.425,0.01,-0.39,0.0,-0.27,0.03157357686899793,0.019998575650747755,0.09433646854405817,-0.2294007625130729,-0.2459827758070846,0.41974033513336984,0.4571800216151543,0.2823528083178466,0.2753685852560307,0.3968976099637732,0.39875339479091704,0.19,0.19,0.6200000000000001,0.62,0.8200000000000001,0.8200000000000001,28.0,67.0,,201.0,201.0,231.0,37.0,84.0,8.0,70.0,UP,28.0,0.84,0.01,98978,1324,0.0,299.977
1786747800,polymarket-btc-updown-5m-1786747800-2026-08-14.txt.zst,polymarket-btc-5m_2026-08-14.zip,True,UP,0.99,0.525,0.565,0.575,0.585,0.605,0.275,0.785,0.875,0.975,0.010000000000000009,0.009999999999999898,0.010000000000000009,0.010000000000000009,0.010000000000000009,0.010000000000000009,0.010000000000000009,0.010000000000000009,0.010000000000000009,806.25,759.8000000000001,479.98,731.8299999999999,1571.1200000000001,1065.87,1147.94,960.78,1967.2490819999996,3009.4084400000006,1280.351971,2473.0780809999997,5129.4304299999985,2892.350579000002,3877.4008539999986,5250.865872,975,186,210,348,231,0.605,0.275,0.99,0.265,0.020000000000000018,-0.30999999999999994,0.6,0.006163050646985705,0.034041758667016996,-0.20940949892432661,-0.31776963829776456,0.27887570708925047,0.520844194808133,0.38538169872434475,0.6834766518910003,0.6578680372916265,0.28,0.28,0.7899999999999999,0.79,0.73,0.73,0.2262593340320601,0.2389819314898559,197.0,197.0,199.0,,,,66.0,0.0,57.0,0.0,UP,197.0,0.0,1.0,79403,975,0.0,299.983
1786748100,polymarket-btc-updown-5m-1786748100-2026-08-14.txt.zst,polymarket-btc-5m_2026-08-14.zip,True,UP,0.99,0.215,0.185,0.14500000000000002,0.155,0.595,0.575,0.505,0.815,0.985,0.010000000000000009,0.010000000000000009,0.009999999999999981,0.010000000000000009,0.010000000000000009,0.010000000000000009,0.010000000000000009,0.009999999999999898,0.010000000000000009,1160.14,811.59,1019.7099999999999,548.51,2293.94,1286.29,608.67,524.8199999999999,4722.229788000001,4950.937316000001,5614.272912999997,4440.166574999999,4734.935831999998,5374.207690999999,5105.914150000004,4479.3158809999995,1614,462,366,396,390,0.625,0.10500000000000001,0.99,0.325,-0.03,0.41999999999999993,0.24,0.018548095933143598,0.03476184053833853,-0.023643500162984547,0.11677491713001975,-0.06323699505754861,0.33353476437917,0.5576032334821498,0.5378553482284107,0.6747786429421465,0.58,0.58,0.51,0.5162573789865167,0.43646131849138076,0.4385778636826046,0.5,0.5,214.0,215.0,216.0,24.0,46.0,70.0,59.0,99.0,58.0,77.0,DOWN,24.0,0.9,0.010000000000000009,98511,1614,0.0,299.982
1786748400,polymarket-btc-updown-5m-1786748400-2026-08-14.txt.zst,polymarket-btc-5m_2026-08-14.zip,True,DOWN,0.99,0.525,0.505,0.655,0.335,0.395,0.125,0.155,0.07500000000000001,0.015,0.010000000000000009,0.010000000000000009,0.010000000000000009,0.010000000000000009,0.010000000000000009,0.010000000000000009,0.010000000000000009,0.009999999999999995,0.01,311.28,235.47,452.57,1259.38,880.57,1097.52,842.0699999999999,479.90999999999997,7080.131293999997,11372.937178000004,2955.6890000000008,3336.4063169999986,2996.3128619999993,3040.7551989999956,1881.606662,5216.3833790000035,1231,482,262,273,214,0.685,0.08499999999999999,0.195,0.01,-0.16999999999999998,-0.21000000000000002,-0.04999999999999999,0.042152849786201166,0.01929722393106488,-0.2326337156616392,-0.06050723929298636,-0.007361576273605035,0.33773402866250785,0.15329815287394527,0.22786353157270314,0.21627268948091471,0.13,0.13322786853988997,0.16137883328161512,0.16954277091247433,0.88,0.88,0.85,0.85,,,,112.0,177.0,177.0,0.0,101.0,0.0,97.0,DOWN,112.0,0.92,0.61,99645,1231,0.0,299.977
1786748700,polymarket-btc-updown-5m-1786748700-2026-08-14.txt.zst,polymarket-btc-5m_2026-08-14.zip,True,UP,0.99,0.615,0.565,0.555,0.585,0.475,0.805,0.935,0.965,0.99,0.010000000000000009,0.009999999999999898,0.010000000000000009,0.010000000000000009,0.010000000000000009,0.010000000000000009,0.009999999999999898,0.010000000000000009,,800.03,1364.53,1069.8700000000001,1739.27,1325.97,801.61,4185.4800000000005,2339.6800000000003,2396.3657290000006,1981.2007780000008,3718.5643549999972,4706.565404,3481.52156,2473.084348,3074.846497,4464.5066640000005,925,176,311,290,148,0.805,0.455,0.99,0.805,0.020000000000000018,0.22000000000000008,0.15999999999999992,0.007749582079632653,0.018258166183616267,0.0948392104006016,-0.11726834805654926,0.16935414829807077,0.5098227091393377,0.6962394713951864,0.8272067216927094,0.8692056173249114,0.8099999999999999,0.81,0.94,0.9400000000000001,0.19999999999999993,0.19999999999999996,0.07904330240133609,0.08701203567699618,177.0,178.0,192.0,,,,81.0,0.0,80.0,0.0,UP,177.0,0.81,0.77,77310,925,0.0,299.993
1786749000,polymarket-btc-updown-5m-1786749000-2026-08-14.txt.zst,polymarket-btc-5m_2026-08-14.zip,True,UP,0.999,0.605,0.695,0.845,0.905,0.935,0.975,0.99,0.99,0.99,0.010000000000000009,0.010000000000000009,0.010000000000000009,0.010000000000000009,0.009999999999999898,0.010000000000000009,,,,1692.8500000000001,2557.26,2855.92,5436.139999999999,1527.8,4355.030000000001,0.0,0.0,3328.566253,2694.428307,2408.715817999999,2128.2433049999995,1987.55515,2381.78,0,183.39,580,329,198,50,3,0.975,0.505,0.999,0.985,0.21000000000000008,0.06999999999999995,0.015000000000000013,0.011069869773702076,0.006020959924337887,0.10528615619403778,0.06181949305607614,-0.09022536300517031,0.737018531027807,0.8028547164703678,1.0,1.0,0.98,0.98,,,0.03000000000000003,0.03512325865906031,0.016850396645456202,0.023955256165007658,64.0,64.0,87.0,,,,128.0,0.0,128.0,0.0,UP,64.0,0.98,0.81,57478,580,0.0,299.984
1786749300,polymarket-btc-updown-5m-1786749300-2026-08-14.txt.zst,polymarket-btc-5m_2026-08-14.zip,True,DOWN,0.99,0.795,0.585,0.20500000000000002,0.485,0.10500000000000001,0.07500000000000001,0.045,0.015,0.01,0.010000000000000009,0.010000000000000009,0.009999999999999981,0.010000000000000009,0.009999999999999995,0.009999999999999995,0.010000000000000002,0.01,,710.37,1346.4400000000003,5296.02,1927.03,1427.8400000000001,1895.54,1881.73,2798.22,8332.170123999998,9066.568844,3252.58628,4328.672018999997,1929.5933280000002,2828.850043,2877.4500000000003,2180.5471359999997,1128,585,247,205,91,0.805,0.07500000000000001,0.065,0.01,-0.09999999999999998,-0.41,-0.06000000000000001,0.03699875083060521,0.021142418300376442,-0.042209882069655584,-0.14194025537184737,-0.18898127914696994,0.4543764144420888,0.20477176247217257,0.1994789310591214,0.10627445184303612,0.08,0.08429763438743082,0.05,0.056100534598835246,0.93,0.9299999999999999,0.96,0.964200310776729,20.0,29.0,,81.0,81.0,93.0,23.0,132.0,14.0,122.0,UP,20.0,0.81,0.01,92629,1128,0.0,299.975
1786749600,polymarket-btc-updown-5m-1786749600-2026-08-14.txt.zst,polymarket-btc-5m_2026-08-14.zip,True,UP,0.999,0.155,0.095,0.045,0.055,0.335,0.295,0.565,0.99,0.992,0.010000000000000009,0.010000000000000009,0.010000000000000002,0.009999999999999995,0.010000000000000009,0.010000000000000009,0.009999999999999898,,,6065.300000000001,1150.39,813.45,3685.73,2227.3799999999997,887.2900000000001,863.94,0.0,6355.251826000001,6289.319239999998,4159.121270000001,3674.008445,6938.499712000002,7175.788262,114.977,5474.125999999999,1246,518,313,377,38,0.385,0.035,0.999,0.295,-0.04,0.24,0.6950000000000001,0.019943855017051655,0.03950740881264663,0.005214299928076551,0.06193090662995622,-0.016811939110007446,0.23041152540080695,0.41295541620084747,0.5519459426944437,1.0,0.3,0.309319263521154,0.57,0.57,0.71,0.71,0.44070347509537167,0.44623611904623733,211.0,211.0,211.0,20.0,20.0,21.0,25.0,110.0,25.0,110.0,DOWN,20.0,0.97,0.0010000000000000009,92083,1246,0.0,300.0
1786749900,polymarket-btc-updown-5m-1786749900-2026-08-14.txt.zst,polymarket-btc-5m_2026-08-14.zip,True,DOWN,0.99,0.295,0.155,0.11499999999999999,0.135,0.095,0.065,0.055,0.165,0.10500000000000001,0.010000000000000009,0.010000000000000009,0.009999999999999995,0.010000000000000009,0.010000000000000009,0.010000000000000009,0.009999999999999995,0.010000000000000009,0.009999999999999995,980.4100000000001,7365.780000000001,4150.18,705.73,1322.83,1036.8200000000002,1122.65,603.52,7337.126099000004,8834.269262000016,1562.4708219999998,2286.9919929999996,3776.865310999999,4090.2897009999997,5132.037904000004,6687.233995000003,1479,606,158,316,399,0.375,0.065,0.295,0.01,-0.01999999999999999,-0.07,0.1,0.019221544868060055,0.019537542516472366,-0.09257971433996472,-0.18821357831456284,-0.03983961031934992,0.3420228357256552,0.24363732346847233,0.1682677083945727,0.2957486642526052,0.07244040954916973,0.08144026079556553,0.06172742815598157,0.0691743132220251,0.94,0.9400000000000001,0.95,0.95,,,,11.0,13.0,59.0,0.0,246.0,0.0,227.0,DOWN,11.0,0.94,0.63,101888,1479,0.0,299.978
1786750200,polymarket-btc-updown-5m-1786750200-2026-08-14.txt.zst,polymarket-btc-5m_2026-08-14.zip,True,UP,0.99,0.565,0.635,0.695,0.835,0.635,0.825,0.885,0.965,0.99,0.009999999999999898,0.010000000000000009,0.010000000000000009,0.010000000000000009,0.010000000000000009,0.010000000000000009,0.010000000000000009,0.010000000000000009,,923.31,1119.29,1650.5800000000002,794.68,1663.09,1680.35,981.0500000000001,2434.99,2958.3159610000002,2930.7455019999998,3174.4268660000007,3791.186615999999,4831.199497000002,2146.201406,9095.398281,13709.692145000003,1428,337,301,284,506,0.935,0.535,0.99,0.675,0.19999999999999996,-0.010000000000000009,0.14,0.011467894533959438,0.024899455986378584,0.004681638861000368,-0.0885434932032593,0.3848135041008695,0.6463469230995973,0.662038300843519,0.7797203361197999,0.858268151937165,0.83,0.83,0.89,0.89,0.18000000000000005,0.18000000000000005,0.12000000000000001,0.12,116.0,116.0,119.0,,,,140.0,0.0,118.0,0.0,UP,116.0,0.94,0.6,107363,1428,0.0,299.987
1786750500,polymarket-btc-updown-5m-1786750500-2026-08-14.txt.zst,polymarket-btc-5m_2026-08-14.zip,True,UP,0.99,0.165,0.11499999999999999,0.065,0.44,0.305,0.365,0.585,0.99,0.99,0.010000000000000009,0.009999999999999995,0.010000000000000009,0.020000000000000018,0.010000000000000009,0.010000000000000009,0.010000000000000009,,,126.3,679.87,827.49,2826.04,159.9,1022.12,244.76,0.0,6789.834690000005,5462.085271999996,3553.084571,3121.5382880000006,6034.5833809999995,5666.509601999999,1004.0514620000001,4996.913331999999,1326,546,279,425,76,0.615,0.035,0.99,0.195,0.325,-0.07500000000000001,0.625,0.023903656706068397,0.03888911044580733,0.10837072247599534,0.06465478156838571,0.03145635878073599,0.4706763288509841,0.46957324184592236,0.5506995343822348,1.0,0.37,0.37,0.59,0.5951333909746128,0.6412571173483794,0.6464756479370495,0.42000000000000004,0.42000000000000004,216.0,216.0,216.0,23.0,26.0,29.0,26.0,99.0,26.0,85.0,DOWN,23.0,0.97,0.010000000000000009,103309,1326,0.0,299.983
1786750800,polymarket-btc-updown-5m-1786750800-2026-08-14.txt.zst,polymarket-btc-5m_2026-08-14.zip,True,UP,0.99,0.725,0.765,0.905,0.955,0.975,0.955,0.99,0.99,0.99,0.010000000000000009,0.010000000000000009,0.010000000000000009,0.010000000000000009,0.010000000000000009,0.010000000000000009,,,,1225.6899999999998,1634.04,4049.5699999999997,4782.110000000001,4352.3099999999995,3589.81,0.0,0.0,9314.046159000003,9278.012873000003,4974.868922999999,5617.440087,2313.014321,3674.1138220000007,0,795.8000000000001,1010,667,192,139,12,0.99,0.375,0.99,0.895,0.18999999999999995,0.0,0.03500000000000003,0.02409699703503411,0.011482478617322354,0.0019381008815635011,-0.06066393676707898,-0.22733762640296312,0.8254740776087802,0.8528264555782955,1.0,1.0,0.96,0.96,,,0.055144801229084044,0.05997161892977902,0.013787741703597487,0.021679760733418596,36.0,68.0,71.0,,,,152.0,0.0,130.0,0.0,UP,36.0,0.99,0.74,82479,1010,0.0,299.998
1786751100,polymarket-btc-updown-5m-1786751100-2026-08-14.txt.zst,polymarket-btc-5m_2026-08-14.zip,True,UP,0.99,0.445,0.615,0.515,0.645,0.685,0.535,0.965,0.99,0.99,0.010000000000000009,0.010000000000000009,0.010000000000000009,0.010000000000000009,0.009999999999999898,0.010000000000000009,0.010000000000000009,,,1171.5200000000002,1402.69,2395.92,5840.639999999999,1860.7199999999998,713.4399999999999,4140.84,0.0,5727.684647000001,5893.600309000003,2373.6466020000007,1804.9565910000001,7065.943423000005,4675.3424749999995,0,1121.93,1004,514,151,333,6,0.705,0.4,0.99,0.535,0.030000000000000027,-0.10999999999999999,0.45499999999999996,0.028258231739874056,0.02438650465846515,-0.014276877525005602,0.13609572020446223,0.20360639956882554,0.5153195051084325,0.5219892432160651,0.8311792671486459,1.0,0.54,0.5430463684915998,0.9699999999999999,0.9700000000000001,0.47000000000000003,0.47000000000000003,0.04363769612897586,0.050075864464272785,195.0,196.0,207.0,,,,33.0,0.0,32.0,0.0,UP,195.0,0.0,1.0,104542,1004,0.0,299.991
1786751400,polymarket-btc-updown-5m-1786751400-2026-08-14.txt.zst,polymarket-btc-5m_2026-08-14.zip,True,DOWN,0.99,0.335,0.135,0.125,0.095,0.125,0.515,0.695,0.195,0.015,0.010000000000000009,0.010000000000000009,0.010000000000000009,0.010000000000000009,0.010000000000000009,0.010000000000000009,0.010000000000000009,0.010000000000000009,0.01,1830.43,1433.08,921.11,517.95,2340.34,961.02,830.1099999999999,980.94,6563.200336000001,7947.853563999998,4888.214593000001,4503.185187999999,4821.056700000002,4973.779711,4166.733324,4349.706596,1455,524,294,389,248,0.615,0.08499999999999999,0.795,0.01,-0.04000000000000001,0.42000000000000004,-0.32,0.03005305765658136,0.05199135899412082,-0.09542058333888467,0.04099808484129976,-0.015592196193137441,0.2898308139263908,0.5188859686022836,0.5119873413877403,0.2309159887787076,0.52,0.5218774955596625,0.7,0.7,0.49,0.49,0.3126819146779335,0.31703289635198145,182.0,182.0,,51.0,59.0,59.0,7.0,151.0,1.0,136.0,DOWN,51.0,0.92,0.20999999999999996,115207,1455,0.0,299.976
1786751700,polymarket-btc-updown-5m-1786751700-2026-08-14.txt.zst,polymarket-btc-5m_2026-08-14.zip,True,DOWN,0.99,0.415,0.435,0.405,0.385,0.395,0.315,0.355,0.065,0.015,0.010000000000000009,0.010000000000000009,0.009999999999999953,0.010000000000000009,0.010000000000000009,0.010000000000000009,0.010000000000000009,0.010000000000000009,0.01,725.23,642.79,535.01,2437.8,970.44,1077.06,1811.48,1152.29,3123.4904490000013,3216.510815999999,1909.4138579999994,2363.8235439999994,2464.091015999999,2948.114234999998,5495.536608000001,4168.391840000002,916,248,150,252,266,0.46499999999999997,0.225,0.375,0.01,-0.04999999999999999,-0.07,-0.25,0.0074171426845006105,0.01571447993561269,-0.01467197924920253,-0.10633850714386313,-0.08943179287418335,0.44378562387367315,0.43346539981501736,0.4082427406144694,0.12914176192844917,0.32,0.32,0.36,0.36,0.6899999999999998,0.69,0.65,0.65,,,,171.0,214.0,219.0,0.0,59.0,0.0,50.0,DOWN,171.0,0.78,0.63,84420,916,0.0,299.997
1786837500,polymarket-btc-updown-5m-1786837500-2026-08-15.txt.zst,polymarket-btc-5m_2026-08-15.zip,True,UP,0.8025,0.585,0.495,0.385,0.385,0.355,0.395,0.245,0.11499999999999999,0.775,0.010000000000000009,0.010000000000000009,0.010000000000000009,0.010000000000000009,0.010000000000000009,0.010000000000000009,0.010000000000000009,0.009999999999999995,0.010000000000000009,571.78,167.69,536.86,612.0,159.04000000000002,195.89999999999998,15.0,31.020000000000003,3039.108326999999,3475.2741869999963,439.63239699999997,1780.726771000001,1904.5141270000001,1609.7555949999996,10010.333306999994,10330.852913000004,1821,468,209,271,873,0.625,0.235,0.975,0.095,-0.10999999999999999,0.010000000000000009,-0.28,0.021386794008995205,0.030564934344904662,-0.06695429061198625,-0.6039988454696716,0.08387476070910431,0.4662831546318457,0.3982489860735169,0.4397034840961964,0.3480061340018686,0.4099054098736277,0.4197920935928319,0.33750766097953155,0.3697072078892939,0.61,0.61,0.76,0.76,262.0,262.0,269.0,170.0,198.0,200.0,30.0,63.0,21.0,29.0,DOWN,170.0,0.77,0.030000000000000027,116930,1821,0.0,300.0
1786837800,polymarket-btc-updown-5m-1786837800-2026-08-15.txt.zst,polymarket-btc-5m_2026-08-15.zip,True,DOWN,0.999,0.385,0.365,0.065,0.08499999999999999,0.045,0.045,0.025,0.01,0.01,0.010000000000000009,0.010000000000000009,0.010000000000000009,0.009999999999999995,0.010000000000000002,0.010000000000000002,0.009999999999999998,,,1481.6299999999999,6867.18,5935.03,0.0,448.16999999999996,1672.1399999999999,1364.02,1997.3799999999999,5746.63705,3493.5086299999916,740.7146580000001,2445.6644870000005,1432.6079999999997,2779.5551629999995,665.04,0,764,504,118,136,6,0.5549999999999999,0.025,0.045,0.001,-0.28,-0.039999999999999994,-0.034999999999999996,0.025905316716335842,0.0060209599243378825,0.2438412226418502,-0.5350743748355784,-0.31977563804548187,0.29064432775007565,0.22882049740746865,0.2347170694802516,0.0,0.05,0.06124859775924509,0.04165564888183467,0.05602259032678656,0.96,0.9632399805949923,0.98,0.98,,,,61.0,61.0,61.0,0.0,178.0,0.0,178.0,DOWN,61.0,0.98,0.87,60018,764,0.0,299.99
1786838100,polymarket-btc-updown-5m-1786838100-2026-08-15.txt.zst,polymarket-btc-5m_2026-08-15.zip,True,UP,0.99,0.615,0.525,0.565,0.565,0.625,0.395,0.535,0.355,0.81,0.010000000000000009,0.010000000000000009,0.009999999999999898,0.009999999999999898,0.010000000000000009,0.010000000000000009,0.010000000000000009,0.010000000000000009,0.019999999999999907,184.0,285.53,327.01,564.92,784.46,604.8,266.33,183.78,4378.035548999994,3995.731575000001,1434.9703840000009,2443.820484999999,3461.3208520000003,3216.2551340000005,8509.188458999995,5833.299372999996,1664,449,248,257,710,0.695,0.355,0.99,0.195,0.039999999999999925,-0.16999999999999993,-0.040000000000000036,0.02902717745169731,0.03340549682829108,0.04565495652539392,-0.2600939661539659,0.036699802220715574,0.5079575850464557,0.4635577131186713,0.49621354431302606,0.4382072690834147,0.39999999999999997,0.4,0.54,0.5455932585474663,0.61,0.61,0.49093427738325895,0.5022045853311452,258.0,270.0,271.0,243.0,245.0,,32.0,4.0,25.0,1.0,DOWN,243.0,0.0,1.0,117851,1664,0.0,300.0
1786923900,polymarket-btc-updown-5m-1786923900-2026-08-16.txt.zst,polymarket-btc-5m_2026-08-16.zip,True,UP,0.99,0.545,0.355,0.345,0.405,0.415,0.535,0.935,0.975,0.99,0.010000000000000009,0.010000000000000009,0.009999999999999953,0.009999999999999953,0.010000000000000009,0.010000000000000009,0.009999999999999898,0.010000000000000009,,646.5,865.36,2248.2000000000003,2572.47,1130.99,535.71,5584.85,2619.06,6329.280555000001,7715.000128,2249.0349909999995,1633.0441750000002,6781.672855000004,4306.688796,1597.0582570000004,2925.7875,1413,576,234,492,111,0.595,0.20500000000000002,0.99,0.535,0.050000000000000044,0.13,0.43999999999999995,0.03535642842273983,0.03132972667055481,-0.09866789223867853,0.15867549054510946,0.22320556786464457,0.47313608716149474,0.5321480532132438,0.8310715162895594,0.8991491603272128,0.54,0.54,0.94,0.9400000000000001,0.47000000000000003,0.47000000000000003,0.07372084607873093,0.07736480895717622,189.0,189.0,190.0,63.0,70.0,,60.0,9.0,60.0,4.0,DOWN,63.0,0.8,0.010000000000000009,100355,1413,0.001,299.979
1786924200,polymarket-btc-updown-5m-1786924200-2026-08-16.txt.zst,polymarket-btc-5m_2026-08-16.zip,True,DOWN,0.999,0.675,0.735,0.335,0.225,0.245,0.10500000000000001,0.065,0.015,0.001,0.010000000000000009,0.010000000000000009,0.010000000000000009,0.010000000000000009,0.010000000000000009,0.009999999999999995,0.010000000000000009,0.01,,1275.97,918.8999999999999,5724.570000000001,2645.71,295.90999999999997,1407.92,800.3100000000001,3600.17,5802.697578000002,8492.650812,1481.148146,2562.9647569999997,1801.7576029999998,2741.3070440000015,1134.6400000000003,1265.1112,1182,615,212,296,59,0.745,0.10500000000000001,0.10500000000000001,0.001,-0.51,-0.12,-0.09000000000000001,0.03788518331545907,0.01158313091551721,-0.1881698270384019,-0.2675040576135962,-0.20680961289433342,0.4132649289383789,0.28674513336288915,0.1923876648902938,0.09616224778268292,0.10999999999999999,0.1113282802064627,0.07803759403259077,0.08776899184321318,0.9022060909718341,0.9068673460155522,0.94,0.9400000000000001,21.0,,,114.0,115.0,179.0,4.0,111.0,0.0,87.0,UP,21.0,0.75,0.001,94965,1182,0.0,300.0
1786924500,polymarket-btc-updown-5m-1786924500-2026-08-16.txt.zst,polymarket-btc-5m_2026-08-16.zip,True,DOWN,0.99,0.435,0.805,0.495,0.535,0.345,0.325,0.335,0.345,0.045,0.010000000000000009,0.010000000000000009,0.010000000000000009,0.010000000000000009,0.009999999999999953,0.010000000000000009,0.010000000000000009,0.009999999999999953,0.010000000000000002,763.91,1214.5700000000002,808.4,724.39,1218.51,1172.52,1492.21,747.1600000000001,6822.411729999997,6930.126244000005,842.465058,2366.0838750000003,3259.1659170000003,3995.6747,7366.9667169999975,8055.120064000012,1819,624,203,328,664,0.845,0.325,0.46499999999999997,0.01,-0.27,-0.21000000000000002,0.019999999999999962,0.03565000166967204,0.02579707825599783,-0.00783233714414374,-0.4748622660323318,-0.10151963659603574,0.4687402440257917,0.44537819957775515,0.4189224547965896,0.4771327938259041,0.3312107563751189,0.34304264353279385,0.34,0.34,0.6799999999999999,0.6799999999999999,0.672981906263733,0.6771760777181662,42.0,49.0,64.0,215.0,215.0,247.0,30.0,64.0,17.0,48.0,UP,42.0,0.85,0.01,113370,1819,0.0,299.977
1787010300,polymarket-btc-updown-5m-1787010300-2026-08-17.txt.zst,polymarket-btc-5m_2026-08-17.zip,True,UP,0.99,0.515,0.455,0.575,0.405,0.845,0.875,0.965,0.99,0.99,0.010000000000000009,0.010000000000000009,0.010000000000000009,0.009999999999999953,0.010000000000000009,0.010000000000000009,0.010000000000000009,,,404.16999999999996,1462.02,1794.85,9021.76,764.47,791.99,5254.66,0.0,5977.382199000007,6903.717201000004,4502.270470999999,4958.683705,5861.414188000008,2897.369223,0,555.6500000000001,1149,528,329,283,9,0.915,0.255,0.99,0.835,-0.04999999999999999,0.47,0.11499999999999999,0.029565924770976214,0.03280000512400042,-0.07191428101237976,-0.04824177620031224,0.33840829552623874,0.4630427519526468,0.5721565849841261,0.8007872729140737,1.0,0.88,0.88,0.9699999999999999,0.9700000000000001,0.13,0.13572582524980484,0.04100471355814047,0.04802822327410209,149.0,150.0,150.0,24.0,,,84.0,1.0,83.0,0.0,DOWN,24.0,0.75,0.010000000000000009,93521,1149,0.0,299.99
1787010600,polymarket-btc-updown-5m-1787010600-2026-08-17.txt.zst,polymarket-btc-5m_2026-08-17.zip,True,UP,0.99,0.535,0.335,0.345,0.365,0.605,0.715,0.835,0.975,0.99,0.010000000000000009,0.010000000000000009,0.009999999999999953,0.010000000000000009,0.010000000000000009,0.010000000000000009,0.010000000000000009,0.010000000000000009,,931.41,936.47,1081.03,1651.56,410.73,471.19,427.52000000000004,5558.95,5941.976877000002,6784.370333000001,3329.925541999999,2349.5935080000004,5932.741531999996,2975.175391,3738.5263299999974,3988.8106649999995,1398,579,299,342,178,0.715,0.125,0.99,0.795,0.02999999999999997,0.35,0.26,0.04143333124883094,0.02831019299632134,-0.06619287075069506,0.17260828344259166,0.332015460692459,0.4761236263599983,0.5703346567659999,0.6512668209097712,0.758176673126657,0.72,0.72,0.84,0.8445293711947567,0.29000000000000004,0.29306199664436383,0.17000000000000004,0.17000000000000004,181.0,181.0,183.0,41.0,61.0,61.0,83.0,2.0,83.0,1.0,DOWN,41.0,0.88,0.010000000000000009,91616,1398,0.0,299.978
1787010900,polymarket-btc-updown-5m-1787010900-2026-08-17.txt.zst,polymarket-btc-5m_2026-08-17.zip,True,UP,0.999,0.225,0.11499999999999999,0.605,0.365,0.935,0.965,0.985,0.985,0.999,0.010000000000000009,0.009999999999999995,0.010000000000000009,0.010000000000000009,0.009999999999999898,0.010000000000000009,0.010000000000000009,0.010000000000000009,,790.5899999999999,1845.5900000000001,946.53,2266.8,975.8600000000001,4823.0,2391.75,38.5,9516.008105000004,9887.928291999995,7208.915112,8964.587192,8445.948641000004,11700.114641000002,61.620200000000004,4478.0,1681,719,465,444,53,0.975,0.07500000000000001,0.999,0.865,0.25,0.6,0.020000000000000018,0.03472155648288016,0.035998435215798506,-0.01916725448850123,-0.1085523745568572,-0.16152862990892675,0.4615124384391056,0.8139198593769652,0.9018707233195451,0.9979179138903265,0.9699999999999999,0.9700000000000001,0.99,0.99,0.04593038016464329,0.056065063184038644,0.032133795415532795,0.045873171594788056,136.0,140.0,140.0,14.0,32.0,32.0,86.0,64.0,82.0,38.0,DOWN,14.0,0.9299999999999999,0.0010000000000000009,106365,1681,0.0,299.98
