path,filename,archive,market_start,market_end,complete,line_count,book_messages_total,in_window_book_messages,trade_count_window,snapshots,deltas,sequence_breaks,first_book_age,last_book_age,sampled_points,outcome,outcome_source,final_quote_proxy,final_trade_proxy,elapsed_seconds,fatal_error,raw_status,raw_leader,raw_leader_time,raw_pullback_time,raw_confirm_time,raw_entry_side,raw_up_ask_at_entry,raw_down_ask_at_entry,raw_entry_levels,sampled_status,sampled_leader,sampled_leader_time,sampled_pullback_time,sampled_confirm_time,sampled_entry_side,sampled_up_ask_at_entry,sampled_down_ask_at_entry,sampled_entry_levels,duplicate_of
zip:///Users/bradamanka/Downloads/Stratgey testing/polymarket-btc-5m_2026-08-10.zip::polymarket-btc-updown-5m-1785941700-2026-08-10.txt.zst,polymarket-btc-updown-5m-1785941700-2026-08-10.txt.zst,polymarket-btc-5m_2026-08-10.zip,1785941700,1785942000,False,195,193,0,0,2,191,0,,,301,UNKNOWN,not_extreme,,,0.016850948333740234,,no_leader,,,,,,,,,no_leader,,,,,,,,,zip:///Users/bradamanka/Downloads/Stratgey testing/polymarket-btc-5m_2026-08-09.zip::polymarket-btc-updown-5m-1785941700-2026-08-09.txt.zst
zip:///Users/bradamanka/Downloads/Stratgey testing/polymarket-btc-5m_2026-08-11.zip::polymarket-btc-updown-5m-1785941700-2026-08-11.txt.zst,polymarket-btc-updown-5m-1785941700-2026-08-11.txt.zst,polymarket-btc-5m_2026-08-11.zip,1785941700,1785942000,False,203,191,0,0,7,184,0,,,301,UP,quotes,0.99,,0.011053800582885742,,no_leader,,,,,,,,,no_leader,,,,,,,,,zip:///Users/bradamanka/Downloads/Stratgey testing/polymarket-btc-5m_2026-08-09.zip::polymarket-btc-updown-5m-1785941700-2026-08-09.txt.zst
zip:///Users/bradamanka/Downloads/Stratgey testing/polymarket-btc-5m_2026-08-14.zip::polymarket-btc-updown-5m-1785941700-2026-08-14.txt.zst,polymarket-btc-updown-5m-1785941700-2026-08-14.txt.zst,polymarket-btc-5m_2026-08-14.zip,1785941700,1785942000,False,191,187,0,0,3,184,0,,,301,UP,quotes,0.99,,0.022581100463867188,,no_leader,,,,,,,,,no_leader,,,,,,,,,zip:///Users/bradamanka/Downloads/Stratgey testing/polymarket-btc-5m_2026-08-09.zip::polymarket-btc-updown-5m-1785941700-2026-08-09.txt.zst
zip:///Users/bradamanka/Downloads/Stratgey testing/polymarket-btc-5m_2026-08-15.zip::polymarket-btc-updown-5m-1785941700-2026-08-15.txt.zst,polymarket-btc-updown-5m-1785941700-2026-08-15.txt.zst,polymarket-btc-5m_2026-08-15.zip,1785941700,1785942000,False,182,180,0,0,1,179,0,,,301,UNKNOWN,not_extreme,,,0.016213655471801758,,no_leader,,,,,,,,,no_leader,,,,,,,,,zip:///Users/bradamanka/Downloads/Stratgey testing/polymarket-btc-5m_2026-08-09.zip::polymarket-btc-updown-5m-1785941700-2026-08-09.txt.zst
zip:///Users/bradamanka/Downloads/Stratgey testing/polymarket-btc-5m_2026-08-16.zip::polymarket-btc-updown-5m-1785941700-2026-08-16.txt.zst,polymarket-btc-updown-5m-1785941700-2026-08-16.txt.zst,polymarket-btc-5m_2026-08-16.zip,1785941700,1785942000,False,202,200,0,0,1,199,0,,,301,UNKNOWN,not_extreme,,,0.010866880416870117,,no_leader,,,,,,,,,no_leader,,,,,,,,,zip:///Users/bradamanka/Downloads/Stratgey testing/polymarket-btc-5m_2026-08-09.zip::polymarket-btc-updown-5m-1785941700-2026-08-09.txt.zst
zip:///Users/bradamanka/Downloads/Stratgey testing/polymarket-btc-5m_2026-08-17.zip::polymarket-btc-updown-5m-1785941700-2026-08-17.txt.zst,polymarket-btc-updown-5m-1785941700-2026-08-17.txt.zst,polymarket-btc-5m_2026-08-17.zip,1785941700,1785942000,False,196,194,0,0,1,193,0,,,301,UNKNOWN,not_extreme,,,0.011033296585083008,,no_leader,,,,,,,,,no_leader,,,,,,,,,zip:///Users/bradamanka/Downloads/Stratgey testing/polymarket-btc-5m_2026-08-09.zip::polymarket-btc-updown-5m-1785941700-2026-08-09.txt.zst
zip:///Users/bradamanka/Downloads/Stratgey testing/polymarket-btc-5m_2026-08-09.zip::polymarket-btc-updown-5m-1786320000-2026-08-09.txt.zst,polymarket-btc-updown-5m-1786320000-2026-08-09.txt.zst,polymarket-btc-5m_2026-08-09.zip,1786320000,1786320300,False,37393,36864,30152,476,558,36306,0,0.0,59.312,301,UNKNOWN,not_extreme,0.235,,0.619499921798706,,leader_confirm_too_soon_after_pullback,DOWN,5.58,9.853,10.439,,,,,leader_confirm_too_soon_after_pullback,DOWN,6.0,10.0,20.0,,,,,zip:///Users/bradamanka/Downloads/Stratgey testing/polymarket-btc-5m_2026-08-10.zip::polymarket-btc-updown-5m-1786320000-2026-08-10.txt.zst
zip:///Users/bradamanka/Downloads/Stratgey testing/polymarket-btc-5m_2026-08-10.zip::polymarket-btc-updown-5m-1786318500-2026-08-10.txt.zst,polymarket-btc-updown-5m-1786318500-2026-08-10.txt.zst,polymarket-btc-5m_2026-08-10.zip,1786318500,1786318800,False,4,1,0,0,1,0,0,,,301,UNKNOWN,not_extreme,,,0.01638197898864746,,no_leader,,,,,,,,,no_leader,,,,,,,,,zip:///Users/bradamanka/Downloads/Stratgey testing/polymarket-btc-5m_2026-08-09.zip::polymarket-btc-updown-5m-1786318500-2026-08-09.txt.zst
zip:///Users/bradamanka/Downloads/Stratgey testing/polymarket-btc-5m_2026-08-09.zip::polymarket-btc-updown-5m-1786320900-2026-08-09.txt.zst,polymarket-btc-updown-5m-1786320900-2026-08-09.txt.zst,polymarket-btc-5m_2026-08-09.zip,1786320900,1786321200,False,2710,2701,0,0,8,2693,0,,,301,UNKNOWN,not_extreme,0.505,,0.02299809455871582,,no_leader,,,,,,,,,no_leader,,,,,,,,,zip:///Users/bradamanka/Downloads/Stratgey testing/polymarket-btc-5m_2026-08-10.zip::polymarket-btc-updown-5m-1786320900-2026-08-10.txt.zst
zip:///Users/bradamanka/Downloads/Stratgey testing/polymarket-btc-5m_2026-08-09.zip::polymarket-btc-updown-5m-1786320600-2026-08-09.txt.zst,polymarket-btc-updown-5m-1786320600-2026-08-09.txt.zst,polymarket-btc-5m_2026-08-09.zip,1786320600,1786320900,False,3978,3972,0,0,5,3967,0,,,301,UNKNOWN,not_extreme,0.505,,0.0513608455657959,,no_leader,,,,,,,,,no_leader,,,,,,,,,zip:///Users/bradamanka/Downloads/Stratgey testing/polymarket-btc-5m_2026-08-10.zip::polymarket-btc-updown-5m-1786320600-2026-08-10.txt.zst
zip:///Users/bradamanka/Downloads/Stratgey testing/polymarket-btc-5m_2026-08-09.zip::polymarket-btc-updown-5m-1786320300-2026-08-09.txt.zst,polymarket-btc-updown-5m-1786320300-2026-08-09.txt.zst,polymarket-btc-5m_2026-08-09.zip,1786320300,1786320600,False,5099,5093,0,0,5,5088,0,,,301,UNKNOWN,not_extreme,0.505,,0.06928205490112305,,no_leader,,,,,,,,,no_leader,,,,,,,,,zip:///Users/bradamanka/Downloads/Stratgey testing/polymarket-btc-5m_2026-08-10.zip::polymarket-btc-updown-5m-1786320300-2026-08-10.txt.zst
zip:///Users/bradamanka/Downloads/Stratgey testing/polymarket-btc-5m_2026-08-09.zip::polymarket-btc-updown-5m-1786321800-2026-08-09.txt.zst,polymarket-btc-updown-5m-1786321800-2026-08-09.txt.zst,polymarket-btc-5m_2026-08-09.zip,1786321800,1786322100,False,669,666,0,0,2,664,0,,,301,UNKNOWN,not_extreme,0.505,,0.010948896408081055,,no_leader,,,,,,,,,no_leader,,,,,,,,,zip:///Users/bradamanka/Downloads/Stratgey testing/polymarket-btc-5m_2026-08-10.zip::polymarket-btc-updown-5m-1786321800-2026-08-10.txt.zst
zip:///Users/bradamanka/Downloads/Stratgey testing/polymarket-btc-5m_2026-08-09.zip::polymarket-btc-updown-5m-1786321500-2026-08-09.txt.zst,polymarket-btc-updown-5m-1786321500-2026-08-09.txt.zst,polymarket-btc-5m_2026-08-09.zip,1786321500,1786321800,False,788,784,0,0,3,781,0,,,301,UNKNOWN,not_extreme,0.505,,0.01241302490234375,,no_leader,,,,,,,,,no_leader,,,,,,,,,zip:///Users/bradamanka/Downloads/Stratgey testing/polymarket-btc-5m_2026-08-10.zip::polymarket-btc-updown-5m-1786321500-2026-08-10.txt.zst
zip:///Users/bradamanka/Downloads/Stratgey testing/polymarket-btc-5m_2026-08-09.zip::polymarket-btc-updown-5m-1786322100-2026-08-09.txt.zst,polymarket-btc-updown-5m-1786322100-2026-08-09.txt.zst,polymarket-btc-5m_2026-08-09.zip,1786322100,1786322400,False,607,604,0,0,2,602,0,,,301,UNKNOWN,not_extreme,0.505,,0.0062220096588134766,,no_leader,,,,,,,,,no_leader,,,,,,,,,zip:///Users/bradamanka/Downloads/Stratgey testing/polymarket-btc-5m_2026-08-10.zip::polymarket-btc-updown-5m-1786322100-2026-08-10.txt.zst
zip:///Users/bradamanka/Downloads/Stratgey testing/polymarket-btc-5m_2026-08-09.zip::polymarket-btc-updown-5m-1786322400-2026-08-09.txt.zst,polymarket-btc-updown-5m-1786322400-2026-08-09.txt.zst,polymarket-btc-5m_2026-08-09.zip,1786322400,1786322700,False,599,596,0,0,2,594,0,,,301,UNKNOWN,not_extreme,0.505,,0.0059278011322021484,,no_leader,,,,,,,,,no_leader,,,,,,,,,zip:///Users/bradamanka/Downloads/Stratgey testing/polymarket-btc-5m_2026-08-10.zip::polymarket-btc-updown-5m-1786322400-2026-08-10.txt.zst
zip:///Users/bradamanka/Downloads/Stratgey testing/polymarket-btc-5m_2026-08-09.zip::polymarket-btc-updown-5m-1786321200-2026-08-09.txt.zst,polymarket-btc-updown-5m-1786321200-2026-08-09.txt.zst,polymarket-btc-5m_2026-08-09.zip,1786321200,1786321500,False,1573,1569,0,0,3,1566,0,,,301,UNKNOWN,not_extreme,0.505,,0.022235870361328125,,no_leader,,,,,,,,,no_leader,,,,,,,,,zip:///Users/bradamanka/Downloads/Stratgey testing/polymarket-btc-5m_2026-08-10.zip::polymarket-btc-updown-5m-1786321200-2026-08-10.txt.zst
zip:///Users/bradamanka/Downloads/Stratgey testing/polymarket-btc-5m_2026-08-09.zip::polymarket-btc-updown-5m-1786323300-2026-08-09.txt.zst,polymarket-btc-updown-5m-1786323300-2026-08-09.txt.zst,polymarket-btc-5m_2026-08-09.zip,1786323300,1786323600,False,562,560,0,0,1,559,0,,,301,UNKNOWN,not_extreme,0.505,,0.007138967514038086,,no_leader,,,,,,,,,no_leader,,,,,,,,,zip:///Users/bradamanka/Downloads/Stratgey testing/polymarket-btc-5m_2026-08-10.zip::polymarket-btc-updown-5m-1786323300-2026-08-10.txt.zst
zip:///Users/bradamanka/Downloads/Stratgey testing/polymarket-btc-5m_2026-08-09.zip::polymarket-btc-updown-5m-1786322700-2026-08-09.txt.zst,polymarket-btc-updown-5m-1786322700-2026-08-09.txt.zst,polymarket-btc-5m_2026-08-09.zip,1786322700,1786323000,False,556,554,0,0,1,553,0,,,301,UNKNOWN,not_extreme,0.505,,0.0154571533203125,,no_leader,,,,,,,,,no_leader,,,,,,,,,zip:///Users/bradamanka/Downloads/Stratgey testing/polymarket-btc-5m_2026-08-10.zip::polymarket-btc-updown-5m-1786322700-2026-08-10.txt.zst
zip:///Users/bradamanka/Downloads/Stratgey testing/polymarket-btc-5m_2026-08-09.zip::polymarket-btc-updown-5m-1786323000-2026-08-09.txt.zst,polymarket-btc-updown-5m-1786323000-2026-08-09.txt.zst,polymarket-btc-5m_2026-08-09.zip,1786323000,1786323300,False,651,649,0,0,1,648,0,,,301,UNKNOWN,not_extreme,0.505,,0.018651247024536133,,no_leader,,,,,,,,,no_leader,,,,,,,,,zip:///Users/bradamanka/Downloads/Stratgey testing/polymarket-btc-5m_2026-08-10.zip::polymarket-btc-updown-5m-1786323000-2026-08-10.txt.zst
zip:///Users/bradamanka/Downloads/Stratgey testing/polymarket-btc-5m_2026-08-09.zip::polymarket-btc-updown-5m-1786323600-2026-08-09.txt.zst,polymarket-btc-updown-5m-1786323600-2026-08-09.txt.zst,polymarket-btc-5m_2026-08-09.zip,1786323600,1786323900,False,506,504,0,0,1,503,0,,,301,UNKNOWN,not_extreme,0.505,,0.012417078018188477,,no_leader,,,,,,,,,no_leader,,,,,,,,,zip:///Users/bradamanka/Downloads/Stratgey testing/polymarket-btc-5m_2026-08-10.zip::polymarket-btc-updown-5m-1786323600-2026-08-10.txt.zst
zip:///Users/bradamanka/Downloads/Stratgey testing/polymarket-btc-5m_2026-08-09.zip::polymarket-btc-updown-5m-1786323900-2026-08-09.txt.zst,polymarket-btc-updown-5m-1786323900-2026-08-09.txt.zst,polymarket-btc-5m_2026-08-09.zip,1786323900,1786324200,False,430,428,0,0,1,427,0,,,301,UNKNOWN,not_extreme,0.505,,0.0060617923736572266,,no_leader,,,,,,,,,no_leader,,,,,,,,,zip:///Users/bradamanka/Downloads/Stratgey testing/polymarket-btc-5m_2026-08-10.zip::polymarket-btc-updown-5m-1786323900-2026-08-10.txt.zst
zip:///Users/bradamanka/Downloads/Stratgey testing/polymarket-btc-5m_2026-08-09.zip::polymarket-btc-updown-5m-1786324200-2026-08-09.txt.zst,polymarket-btc-updown-5m-1786324200-2026-08-09.txt.zst,polymarket-btc-5m_2026-08-09.zip,1786324200,1786324500,False,452,450,0,0,1,449,0,,,301,UNKNOWN,not_extreme,0.505,,0.005308866500854492,,no_leader,,,,,,,,,no_leader,,,,,,,,,zip:///Users/bradamanka/Downloads/Stratgey testing/polymarket-btc-5m_2026-08-10.zip::polymarket-btc-updown-5m-1786324200-2026-08-10.txt.zst
zip:///Users/bradamanka/Downloads/Stratgey testing/polymarket-btc-5m_2026-08-09.zip::polymarket-btc-updown-5m-1786324500-2026-08-09.txt.zst,polymarket-btc-updown-5m-1786324500-2026-08-09.txt.zst,polymarket-btc-5m_2026-08-09.zip,1786324500,1786324800,False,511,509,0,0,1,508,0,,,301,UNKNOWN,not_extreme,0.505,,0.005362987518310547,,no_leader,,,,,,,,,no_leader,,,,,,,,,zip:///Users/bradamanka/Downloads/Stratgey testing/polymarket-btc-5m_2026-08-10.zip::polymarket-btc-updown-5m-1786324500-2026-08-10.txt.zst
zip:///Users/bradamanka/Downloads/Stratgey testing/polymarket-btc-5m_2026-08-09.zip::polymarket-btc-updown-5m-1786324800-2026-08-09.txt.zst,polymarket-btc-updown-5m-1786324800-2026-08-09.txt.zst,polymarket-btc-5m_2026-08-09.zip,1786324800,1786325100,False,495,493,0,0,1,492,0,,,301,UNKNOWN,not_extreme,0.505,,0.006331920623779297,,no_leader,,,,,,,,,no_leader,,,,,,,,,zip:///Users/bradamanka/Downloads/Stratgey testing/polymarket-btc-5m_2026-08-10.zip::polymarket-btc-updown-5m-1786324800-2026-08-10.txt.zst
zip:///Users/bradamanka/Downloads/Stratgey testing/polymarket-btc-5m_2026-08-09.zip::polymarket-btc-updown-5m-1786325100-2026-08-09.txt.zst,polymarket-btc-updown-5m-1786325100-2026-08-09.txt.zst,polymarket-btc-5m_2026-08-09.zip,1786325100,1786325400,False,441,439,0,0,1,438,0,,,301,UNKNOWN,not_extreme,0.505,,0.005002737045288086,,no_leader,,,,,,,,,no_leader,,,,,,,,,zip:///Users/bradamanka/Downloads/Stratgey testing/polymarket-btc-5m_2026-08-10.zip::polymarket-btc-updown-5m-1786325100-2026-08-10.txt.zst
zip:///Users/bradamanka/Downloads/Stratgey testing/polymarket-btc-5m_2026-08-09.zip::polymarket-btc-updown-5m-1786325400-2026-08-09.txt.zst,polymarket-btc-updown-5m-1786325400-2026-08-09.txt.zst,polymarket-btc-5m_2026-08-09.zip,1786325400,1786325700,False,452,448,0,0,3,445,0,,,301,UNKNOWN,not_extreme,0.505,,0.005572795867919922,,no_leader,,,,,,,,,no_leader,,,,,,,,,zip:///Users/bradamanka/Downloads/Stratgey testing/polymarket-btc-5m_2026-08-10.zip::polymarket-btc-updown-5m-1786325400-2026-08-10.txt.zst
zip:///Users/bradamanka/Downloads/Stratgey testing/polymarket-btc-5m_2026-08-09.zip::polymarket-btc-updown-5m-1786326000-2026-08-09.txt.zst,polymarket-btc-updown-5m-1786326000-2026-08-09.txt.zst,polymarket-btc-5m_2026-08-09.zip,1786326000,1786326300,False,450,448,0,0,1,447,0,,,301,UNKNOWN,not_extreme,0.505,,0.005102872848510742,,no_leader,,,,,,,,,no_leader,,,,,,,,,zip:///Users/bradamanka/Downloads/Stratgey testing/polymarket-btc-5m_2026-08-10.zip::polymarket-btc-updown-5m-1786326000-2026-08-10.txt.zst
zip:///Users/bradamanka/Downloads/Stratgey testing/polymarket-btc-5m_2026-08-09.zip::polymarket-btc-updown-5m-1786325700-2026-08-09.txt.zst,polymarket-btc-updown-5m-1786325700-2026-08-09.txt.zst,polymarket-btc-5m_2026-08-09.zip,1786325700,1786326000,False,454,452,0,0,1,451,0,,,301,UNKNOWN,not_extreme,0.505,,0.006979227066040039,,no_leader,,,,,,,,,no_leader,,,,,,,,,zip:///Users/bradamanka/Downloads/Stratgey testing/polymarket-btc-5m_2026-08-10.zip::polymarket-btc-updown-5m-1786325700-2026-08-10.txt.zst
zip:///Users/bradamanka/Downloads/Stratgey testing/polymarket-btc-5m_2026-08-09.zip::polymarket-btc-updown-5m-1786326300-2026-08-09.txt.zst,polymarket-btc-updown-5m-1786326300-2026-08-09.txt.zst,polymarket-btc-5m_2026-08-09.zip,1786326300,1786326600,False,429,427,0,0,1,426,0,,,301,UNKNOWN,not_extreme,0.505,,0.006461143493652344,,no_leader,,,,,,,,,no_leader,,,,,,,,,zip:///Users/bradamanka/Downloads/Stratgey testing/polymarket-btc-5m_2026-08-10.zip::polymarket-btc-updown-5m-1786326300-2026-08-10.txt.zst
zip:///Users/bradamanka/Downloads/Stratgey testing/polymarket-btc-5m_2026-08-09.zip::polymarket-btc-updown-5m-1786326900-2026-08-09.txt.zst,polymarket-btc-updown-5m-1786326900-2026-08-09.txt.zst,polymarket-btc-5m_2026-08-09.zip,1786326900,1786327200,False,426,424,0,0,1,423,0,,,301,UNKNOWN,not_extreme,0.505,,0.00793910026550293,,no_leader,,,,,,,,,no_leader,,,,,,,,,zip:///Users/bradamanka/Downloads/Stratgey testing/polymarket-btc-5m_2026-08-10.zip::polymarket-btc-updown-5m-1786326900-2026-08-10.txt.zst
zip:///Users/bradamanka/Downloads/Stratgey testing/polymarket-btc-5m_2026-08-09.zip::polymarket-btc-updown-5m-1786326600-2026-08-09.txt.zst,polymarket-btc-updown-5m-1786326600-2026-08-09.txt.zst,polymarket-btc-5m_2026-08-09.zip,1786326600,1786326900,False,411,409,0,0,1,408,0,,,301,UNKNOWN,not_extreme,0.505,,0.004602193832397461,,no_leader,,,,,,,,,no_leader,,,,,,,,,zip:///Users/bradamanka/Downloads/Stratgey testing/polymarket-btc-5m_2026-08-10.zip::polymarket-btc-updown-5m-1786326600-2026-08-10.txt.zst
zip:///Users/bradamanka/Downloads/Stratgey testing/polymarket-btc-5m_2026-08-09.zip::polymarket-btc-updown-5m-1786327200-2026-08-09.txt.zst,polymarket-btc-updown-5m-1786327200-2026-08-09.txt.zst,polymarket-btc-5m_2026-08-09.zip,1786327200,1786327500,False,360,358,0,0,1,357,0,,,301,UNKNOWN,not_extreme,0.505,,0.00539708137512207,,no_leader,,,,,,,,,no_leader,,,,,,,,,zip:///Users/bradamanka/Downloads/Stratgey testing/polymarket-btc-5m_2026-08-10.zip::polymarket-btc-updown-5m-1786327200-2026-08-10.txt.zst
zip:///Users/bradamanka/Downloads/Stratgey testing/polymarket-btc-5m_2026-08-09.zip::polymarket-btc-updown-5m-1786327500-2026-08-09.txt.zst,polymarket-btc-updown-5m-1786327500-2026-08-09.txt.zst,polymarket-btc-5m_2026-08-09.zip,1786327500,1786327800,False,336,334,0,0,1,333,0,,,301,UNKNOWN,not_extreme,0.505,,0.004681110382080078,,no_leader,,,,,,,,,no_leader,,,,,,,,,zip:///Users/bradamanka/Downloads/Stratgey testing/polymarket-btc-5m_2026-08-10.zip::polymarket-btc-updown-5m-1786327500-2026-08-10.txt.zst
zip:///Users/bradamanka/Downloads/Stratgey testing/polymarket-btc-5m_2026-08-09.zip::polymarket-btc-updown-5m-1786327800-2026-08-09.txt.zst,polymarket-btc-updown-5m-1786327800-2026-08-09.txt.zst,polymarket-btc-5m_2026-08-09.zip,1786327800,1786328100,False,375,373,0,0,1,372,0,,,301,UNKNOWN,not_extreme,0.505,,0.004576921463012695,,no_leader,,,,,,,,,no_leader,,,,,,,,,zip:///Users/bradamanka/Downloads/Stratgey testing/polymarket-btc-5m_2026-08-10.zip::polymarket-btc-updown-5m-1786327800-2026-08-10.txt.zst
zip:///Users/bradamanka/Downloads/Stratgey testing/polymarket-btc-5m_2026-08-09.zip::polymarket-btc-updown-5m-1786328100-2026-08-09.txt.zst,polymarket-btc-updown-5m-1786328100-2026-08-09.txt.zst,polymarket-btc-5m_2026-08-09.zip,1786328100,1786328400,False,313,311,0,0,1,310,0,,,301,UNKNOWN,not_extreme,0.505,,0.005377054214477539,,no_leader,,,,,,,,,no_leader,,,,,,,,,zip:///Users/bradamanka/Downloads/Stratgey testing/polymarket-btc-5m_2026-08-10.zip::polymarket-btc-updown-5m-1786328100-2026-08-10.txt.zst
zip:///Users/bradamanka/Downloads/Stratgey testing/polymarket-btc-5m_2026-08-09.zip::polymarket-btc-updown-5m-1786328700-2026-08-09.txt.zst,polymarket-btc-updown-5m-1786328700-2026-08-09.txt.zst,polymarket-btc-5m_2026-08-09.zip,1786328700,1786329000,False,321,319,0,0,1,318,0,,,301,UNKNOWN,not_extreme,0.505,,0.004258871078491211,,no_leader,,,,,,,,,no_leader,,,,,,,,,zip:///Users/bradamanka/Downloads/Stratgey testing/polymarket-btc-5m_2026-08-10.zip::polymarket-btc-updown-5m-1786328700-2026-08-10.txt.zst
zip:///Users/bradamanka/Downloads/Stratgey testing/polymarket-btc-5m_2026-08-09.zip::polymarket-btc-updown-5m-1786328400-2026-08-09.txt.zst,polymarket-btc-updown-5m-1786328400-2026-08-09.txt.zst,polymarket-btc-5m_2026-08-09.zip,1786328400,1786328700,False,375,373,0,0,1,372,0,,,301,UNKNOWN,not_extreme,0.505,,0.01870107650756836,,no_leader,,,,,,,,,no_leader,,,,,,,,,zip:///Users/bradamanka/Downloads/Stratgey testing/polymarket-btc-5m_2026-08-10.zip::polymarket-btc-updown-5m-1786328400-2026-08-10.txt.zst
zip:///Users/bradamanka/Downloads/Stratgey testing/polymarket-btc-5m_2026-08-09.zip::polymarket-btc-updown-5m-1786329000-2026-08-09.txt.zst,polymarket-btc-updown-5m-1786329000-2026-08-09.txt.zst,polymarket-btc-5m_2026-08-09.zip,1786329000,1786329300,False,337,335,0,0,1,334,0,,,301,UNKNOWN,not_extreme,0.505,,0.0169830322265625,,no_leader,,,,,,,,,no_leader,,,,,,,,,zip:///Users/bradamanka/Downloads/Stratgey testing/polymarket-btc-5m_2026-08-10.zip::polymarket-btc-updown-5m-1786329000-2026-08-10.txt.zst
zip:///Users/bradamanka/Downloads/Stratgey testing/polymarket-btc-5m_2026-08-09.zip::polymarket-btc-updown-5m-1786329300-2026-08-09.txt.zst,polymarket-btc-updown-5m-1786329300-2026-08-09.txt.zst,polymarket-btc-5m_2026-08-09.zip,1786329300,1786329600,False,341,339,0,0,1,338,0,,,301,UNKNOWN,not_extreme,0.505,,0.017416000366210938,,no_leader,,,,,,,,,no_leader,,,,,,,,,zip:///Users/bradamanka/Downloads/Stratgey testing/polymarket-btc-5m_2026-08-10.zip::polymarket-btc-updown-5m-1786329300-2026-08-10.txt.zst
zip:///Users/bradamanka/Downloads/Stratgey testing/polymarket-btc-5m_2026-08-09.zip::polymarket-btc-updown-5m-1786329600-2026-08-09.txt.zst,polymarket-btc-updown-5m-1786329600-2026-08-09.txt.zst,polymarket-btc-5m_2026-08-09.zip,1786329600,1786329900,False,326,324,0,0,1,323,0,,,301,UNKNOWN,not_extreme,0.505,,0.0040781497955322266,,no_leader,,,,,,,,,no_leader,,,,,,,,,zip:///Users/bradamanka/Downloads/Stratgey testing/polymarket-btc-5m_2026-08-10.zip::polymarket-btc-updown-5m-1786329600-2026-08-10.txt.zst
zip:///Users/bradamanka/Downloads/Stratgey testing/polymarket-btc-5m_2026-08-09.zip::polymarket-btc-updown-5m-1786329900-2026-08-09.txt.zst,polymarket-btc-updown-5m-1786329900-2026-08-09.txt.zst,polymarket-btc-5m_2026-08-09.zip,1786329900,1786330200,False,345,343,0,0,1,342,0,,,301,UNKNOWN,not_extreme,0.505,,0.004258155822753906,,no_leader,,,,,,,,,no_leader,,,,,,,,,zip:///Users/bradamanka/Downloads/Stratgey testing/polymarket-btc-5m_2026-08-10.zip::polymarket-btc-updown-5m-1786329900-2026-08-10.txt.zst
zip:///Users/bradamanka/Downloads/Stratgey testing/polymarket-btc-5m_2026-08-09.zip::polymarket-btc-updown-5m-1786330200-2026-08-09.txt.zst,polymarket-btc-updown-5m-1786330200-2026-08-09.txt.zst,polymarket-btc-5m_2026-08-09.zip,1786330200,1786330500,False,319,317,0,0,1,316,0,,,301,UNKNOWN,not_extreme,0.505,,0.004195213317871094,,no_leader,,,,,,,,,no_leader,,,,,,,,,zip:///Users/bradamanka/Downloads/Stratgey testing/polymarket-btc-5m_2026-08-10.zip::polymarket-btc-updown-5m-1786330200-2026-08-10.txt.zst
zip:///Users/bradamanka/Downloads/Stratgey testing/polymarket-btc-5m_2026-08-09.zip::polymarket-btc-updown-5m-1786330500-2026-08-09.txt.zst,polymarket-btc-updown-5m-1786330500-2026-08-09.txt.zst,polymarket-btc-5m_2026-08-09.zip,1786330500,1786330800,False,302,300,0,0,1,299,0,,,301,UNKNOWN,not_extreme,0.505,,0.004008054733276367,,no_leader,,,,,,,,,no_leader,,,,,,,,,zip:///Users/bradamanka/Downloads/Stratgey testing/polymarket-btc-5m_2026-08-10.zip::polymarket-btc-updown-5m-1786330500-2026-08-10.txt.zst
zip:///Users/bradamanka/Downloads/Stratgey testing/polymarket-btc-5m_2026-08-09.zip::polymarket-btc-updown-5m-1786330800-2026-08-09.txt.zst,polymarket-btc-updown-5m-1786330800-2026-08-09.txt.zst,polymarket-btc-5m_2026-08-09.zip,1786330800,1786331100,False,326,324,0,0,1,323,0,,,301,UNKNOWN,not_extreme,0.505,,0.007356882095336914,,no_leader,,,,,,,,,no_leader,,,,,,,,,zip:///Users/bradamanka/Downloads/Stratgey testing/polymarket-btc-5m_2026-08-10.zip::polymarket-btc-updown-5m-1786330800-2026-08-10.txt.zst
zip:///Users/bradamanka/Downloads/Stratgey testing/polymarket-btc-5m_2026-08-09.zip::polymarket-btc-updown-5m-1786331400-2026-08-09.txt.zst,polymarket-btc-updown-5m-1786331400-2026-08-09.txt.zst,polymarket-btc-5m_2026-08-09.zip,1786331400,1786331700,False,287,285,0,0,1,284,0,,,301,UNKNOWN,not_extreme,0.505,,0.006928920745849609,,no_leader,,,,,,,,,no_leader,,,,,,,,,zip:///Users/bradamanka/Downloads/Stratgey testing/polymarket-btc-5m_2026-08-10.zip::polymarket-btc-updown-5m-1786331400-2026-08-10.txt.zst
zip:///Users/bradamanka/Downloads/Stratgey testing/polymarket-btc-5m_2026-08-09.zip::polymarket-btc-updown-5m-1786331100-2026-08-09.txt.zst,polymarket-btc-updown-5m-1786331100-2026-08-09.txt.zst,polymarket-btc-5m_2026-08-09.zip,1786331100,1786331400,False,321,319,0,0,1,318,0,,,301,UNKNOWN,not_extreme,0.505,,0.00806879997253418,,no_leader,,,,,,,,,no_leader,,,,,,,,,zip:///Users/bradamanka/Downloads/Stratgey testing/polymarket-btc-5m_2026-08-10.zip::polymarket-btc-updown-5m-1786331100-2026-08-10.txt.zst
zip:///Users/bradamanka/Downloads/Stratgey testing/polymarket-btc-5m_2026-08-09.zip::polymarket-btc-updown-5m-1786331700-2026-08-09.txt.zst,polymarket-btc-updown-5m-1786331700-2026-08-09.txt.zst,polymarket-btc-5m_2026-08-09.zip,1786331700,1786332000,False,302,300,0,0,1,299,0,,,301,UNKNOWN,not_extreme,0.505,,0.0042171478271484375,,no_leader,,,,,,,,,no_leader,,,,,,,,,zip:///Users/bradamanka/Downloads/Stratgey testing/polymarket-btc-5m_2026-08-10.zip::polymarket-btc-updown-5m-1786331700-2026-08-10.txt.zst
zip:///Users/bradamanka/Downloads/Stratgey testing/polymarket-btc-5m_2026-08-09.zip::polymarket-btc-updown-5m-1786332300-2026-08-09.txt.zst,polymarket-btc-updown-5m-1786332300-2026-08-09.txt.zst,polymarket-btc-5m_2026-08-09.zip,1786332300,1786332600,False,311,309,0,0,1,308,0,,,301,UNKNOWN,not_extreme,0.505,,0.004275798797607422,,no_leader,,,,,,,,,no_leader,,,,,,,,,zip:///Users/bradamanka/Downloads/Stratgey testing/polymarket-btc-5m_2026-08-10.zip::polymarket-btc-updown-5m-1786332300-2026-08-10.txt.zst
zip:///Users/bradamanka/Downloads/Stratgey testing/polymarket-btc-5m_2026-08-09.zip::polymarket-btc-updown-5m-1786332000-2026-08-09.txt.zst,polymarket-btc-updown-5m-1786332000-2026-08-09.txt.zst,polymarket-btc-5m_2026-08-09.zip,1786332000,1786332300,False,326,324,0,0,1,323,0,,,301,UNKNOWN,not_extreme,0.505,,0.008195161819458008,,no_leader,,,,,,,,,no_leader,,,,,,,,,zip:///Users/bradamanka/Downloads/Stratgey testing/polymarket-btc-5m_2026-08-10.zip::polymarket-btc-updown-5m-1786332000-2026-08-10.txt.zst
zip:///Users/bradamanka/Downloads/Stratgey testing/polymarket-btc-5m_2026-08-09.zip::polymarket-btc-updown-5m-1786332900-2026-08-09.txt.zst,polymarket-btc-updown-5m-1786332900-2026-08-09.txt.zst,polymarket-btc-5m_2026-08-09.zip,1786332900,1786333200,False,299,297,0,0,1,296,0,,,301,UNKNOWN,not_extreme,0.505,,0.005403995513916016,,no_leader,,,,,,,,,no_leader,,,,,,,,,zip:///Users/bradamanka/Downloads/Stratgey testing/polymarket-btc-5m_2026-08-10.zip::polymarket-btc-updown-5m-1786332900-2026-08-10.txt.zst
zip:///Users/bradamanka/Downloads/Stratgey testing/polymarket-btc-5m_2026-08-09.zip::polymarket-btc-updown-5m-1786332600-2026-08-09.txt.zst,polymarket-btc-updown-5m-1786332600-2026-08-09.txt.zst,polymarket-btc-5m_2026-08-09.zip,1786332600,1786332900,False,330,328,0,0,1,327,0,,,301,UNKNOWN,not_extreme,0.505,,0.009022235870361328,,no_leader,,,,,,,,,no_leader,,,,,,,,,zip:///Users/bradamanka/Downloads/Stratgey testing/polymarket-btc-5m_2026-08-10.zip::polymarket-btc-updown-5m-1786332600-2026-08-10.txt.zst
zip:///Users/bradamanka/Downloads/Stratgey testing/polymarket-btc-5m_2026-08-09.zip::polymarket-btc-updown-5m-1786333200-2026-08-09.txt.zst,polymarket-btc-updown-5m-1786333200-2026-08-09.txt.zst,polymarket-btc-5m_2026-08-09.zip,1786333200,1786333500,False,276,274,0,0,1,273,0,,,301,UNKNOWN,not_extreme,0.505,,0.003935098648071289,,no_leader,,,,,,,,,no_leader,,,,,,,,,zip:///Users/bradamanka/Downloads/Stratgey testing/polymarket-btc-5m_2026-08-10.zip::polymarket-btc-updown-5m-1786333200-2026-08-10.txt.zst
zip:///Users/bradamanka/Downloads/Stratgey testing/polymarket-btc-5m_2026-08-09.zip::polymarket-btc-updown-5m-1786333500-2026-08-09.txt.zst,polymarket-btc-updown-5m-1786333500-2026-08-09.txt.zst,polymarket-btc-5m_2026-08-09.zip,1786333500,1786333800,False,212,210,0,0,1,209,0,,,301,UNKNOWN,not_extreme,0.505,,0.004508018493652344,,no_leader,,,,,,,,,no_leader,,,,,,,,,zip:///Users/bradamanka/Downloads/Stratgey testing/polymarket-btc-5m_2026-08-10.zip::polymarket-btc-updown-5m-1786333500-2026-08-10.txt.zst
zip:///Users/bradamanka/Downloads/Stratgey testing/polymarket-btc-5m_2026-08-09.zip::polymarket-btc-updown-5m-1786333800-2026-08-09.txt.zst,polymarket-btc-updown-5m-1786333800-2026-08-09.txt.zst,polymarket-btc-5m_2026-08-09.zip,1786333800,1786334100,False,234,232,0,0,1,231,0,,,301,UNKNOWN,not_extreme,0.505,,0.0039370059967041016,,no_leader,,,,,,,,,no_leader,,,,,,,,,zip:///Users/bradamanka/Downloads/Stratgey testing/polymarket-btc-5m_2026-08-10.zip::polymarket-btc-updown-5m-1786333800-2026-08-10.txt.zst
zip:///Users/bradamanka/Downloads/Stratgey testing/polymarket-btc-5m_2026-08-09.zip::polymarket-btc-updown-5m-1786334100-2026-08-09.txt.zst,polymarket-btc-updown-5m-1786334100-2026-08-09.txt.zst,polymarket-btc-5m_2026-08-09.zip,1786334100,1786334400,False,212,210,0,0,1,209,0,,,301,UNKNOWN,not_extreme,0.505,,0.004030942916870117,,no_leader,,,,,,,,,no_leader,,,,,,,,,zip:///Users/bradamanka/Downloads/Stratgey testing/polymarket-btc-5m_2026-08-10.zip::polymarket-btc-updown-5m-1786334100-2026-08-10.txt.zst
zip:///Users/bradamanka/Downloads/Stratgey testing/polymarket-btc-5m_2026-08-09.zip::polymarket-btc-updown-5m-1786334400-2026-08-09.txt.zst,polymarket-btc-updown-5m-1786334400-2026-08-09.txt.zst,polymarket-btc-5m_2026-08-09.zip,1786334400,1786334700,False,216,214,0,0,1,213,0,,,301,UNKNOWN,not_extreme,0.505,,0.0035550594329833984,,no_leader,,,,,,,,,no_leader,,,,,,,,,zip:///Users/bradamanka/Downloads/Stratgey testing/polymarket-btc-5m_2026-08-10.zip::polymarket-btc-updown-5m-1786334400-2026-08-10.txt.zst
zip:///Users/bradamanka/Downloads/Stratgey testing/polymarket-btc-5m_2026-08-09.zip::polymarket-btc-updown-5m-1786334700-2026-08-09.txt.zst,polymarket-btc-updown-5m-1786334700-2026-08-09.txt.zst,polymarket-btc-5m_2026-08-09.zip,1786334700,1786335000,False,335,333,0,0,1,332,0,,,301,UNKNOWN,not_extreme,0.505,,0.004318952560424805,,no_leader,,,,,,,,,no_leader,,,,,,,,,zip:///Users/bradamanka/Downloads/Stratgey testing/polymarket-btc-5m_2026-08-10.zip::polymarket-btc-updown-5m-1786334700-2026-08-10.txt.zst
zip:///Users/bradamanka/Downloads/Stratgey testing/polymarket-btc-5m_2026-08-09.zip::polymarket-btc-updown-5m-1786335000-2026-08-09.txt.zst,polymarket-btc-updown-5m-1786335000-2026-08-09.txt.zst,polymarket-btc-5m_2026-08-09.zip,1786335000,1786335300,False,293,291,0,0,1,290,0,,,301,UNKNOWN,not_extreme,0.505,,0.0038530826568603516,,no_leader,,,,,,,,,no_leader,,,,,,,,,zip:///Users/bradamanka/Downloads/Stratgey testing/polymarket-btc-5m_2026-08-10.zip::polymarket-btc-updown-5m-1786335000-2026-08-10.txt.zst
zip:///Users/bradamanka/Downloads/Stratgey testing/polymarket-btc-5m_2026-08-09.zip::polymarket-btc-updown-5m-1786335600-2026-08-09.txt.zst,polymarket-btc-updown-5m-1786335600-2026-08-09.txt.zst,polymarket-btc-5m_2026-08-09.zip,1786335600,1786335900,False,383,381,0,0,1,380,0,,,301,UNKNOWN,not_extreme,0.505,,0.006516933441162109,,no_leader,,,,,,,,,no_leader,,,,,,,,,zip:///Users/bradamanka/Downloads/Stratgey testing/polymarket-btc-5m_2026-08-10.zip::polymarket-btc-updown-5m-1786335600-2026-08-10.txt.zst
zip:///Users/bradamanka/Downloads/Stratgey testing/polymarket-btc-5m_2026-08-09.zip::polymarket-btc-updown-5m-1786335900-2026-08-09.txt.zst,polymarket-btc-updown-5m-1786335900-2026-08-09.txt.zst,polymarket-btc-5m_2026-08-09.zip,1786335900,1786336200,False,388,386,0,0,1,385,0,,,301,UNKNOWN,not_extreme,0.505,,0.01137995719909668,,no_leader,,,,,,,,,no_leader,,,,,,,,,zip:///Users/bradamanka/Downloads/Stratgey testing/polymarket-btc-5m_2026-08-10.zip::polymarket-btc-updown-5m-1786335900-2026-08-10.txt.zst
zip:///Users/bradamanka/Downloads/Stratgey testing/polymarket-btc-5m_2026-08-09.zip::polymarket-btc-updown-5m-1786336200-2026-08-09.txt.zst,polymarket-btc-updown-5m-1786336200-2026-08-09.txt.zst,polymarket-btc-5m_2026-08-09.zip,1786336200,1786336500,False,428,426,0,0,1,425,0,,,301,UNKNOWN,not_extreme,0.505,,0.00941920280456543,,no_leader,,,,,,,,,no_leader,,,,,,,,,zip:///Users/bradamanka/Downloads/Stratgey testing/polymarket-btc-5m_2026-08-10.zip::polymarket-btc-updown-5m-1786336200-2026-08-10.txt.zst
zip:///Users/bradamanka/Downloads/Stratgey testing/polymarket-btc-5m_2026-08-09.zip::polymarket-btc-updown-5m-1786335300-2026-08-09.txt.zst,polymarket-btc-updown-5m-1786335300-2026-08-09.txt.zst,polymarket-btc-5m_2026-08-09.zip,1786335300,1786335600,False,322,320,0,0,1,319,0,,,301,UNKNOWN,not_extreme,0.505,,0.020884037017822266,,no_leader,,,,,,,,,no_leader,,,,,,,,,zip:///Users/bradamanka/Downloads/Stratgey testing/polymarket-btc-5m_2026-08-10.zip::polymarket-btc-updown-5m-1786335300-2026-08-10.txt.zst
zip:///Users/bradamanka/Downloads/Stratgey testing/polymarket-btc-5m_2026-08-09.zip::polymarket-btc-updown-5m-1786336800-2026-08-09.txt.zst,polymarket-btc-updown-5m-1786336800-2026-08-09.txt.zst,polymarket-btc-5m_2026-08-09.zip,1786336800,1786337100,False,314,312,0,0,1,311,0,,,301,UNKNOWN,not_extreme,0.505,,0.004511117935180664,,no_leader,,,,,,,,,no_leader,,,,,,,,,zip:///Users/bradamanka/Downloads/Stratgey testing/polymarket-btc-5m_2026-08-10.zip::polymarket-btc-updown-5m-1786336800-2026-08-10.txt.zst
zip:///Users/bradamanka/Downloads/Stratgey testing/polymarket-btc-5m_2026-08-09.zip::polymarket-btc-updown-5m-1786337100-2026-08-09.txt.zst,polymarket-btc-updown-5m-1786337100-2026-08-09.txt.zst,polymarket-btc-5m_2026-08-09.zip,1786337100,1786337400,False,216,214,0,0,1,213,0,,,301,UNKNOWN,not_extreme,0.505,,0.0038712024688720703,,no_leader,,,,,,,,,no_leader,,,,,,,,,zip:///Users/bradamanka/Downloads/Stratgey testing/polymarket-btc-5m_2026-08-10.zip::polymarket-btc-updown-5m-1786337100-2026-08-10.txt.zst
zip:///Users/bradamanka/Downloads/Stratgey testing/polymarket-btc-5m_2026-08-09.zip::polymarket-btc-updown-5m-1786337400-2026-08-09.txt.zst,polymarket-btc-updown-5m-1786337400-2026-08-09.txt.zst,polymarket-btc-5m_2026-08-09.zip,1786337400,1786337700,False,240,238,0,0,1,237,0,,,301,UNKNOWN,not_extreme,0.505,,0.003535032272338867,,no_leader,,,,,,,,,no_leader,,,,,,,,,zip:///Users/bradamanka/Downloads/Stratgey testing/polymarket-btc-5m_2026-08-10.zip::polymarket-btc-updown-5m-1786337400-2026-08-10.txt.zst
zip:///Users/bradamanka/Downloads/Stratgey testing/polymarket-btc-5m_2026-08-09.zip::polymarket-btc-updown-5m-1786337700-2026-08-09.txt.zst,polymarket-btc-updown-5m-1786337700-2026-08-09.txt.zst,polymarket-btc-5m_2026-08-09.zip,1786337700,1786338000,False,221,219,0,0,1,218,0,,,301,UNKNOWN,not_extreme,0.505,,0.0035338401794433594,,no_leader,,,,,,,,,no_leader,,,,,,,,,zip:///Users/bradamanka/Downloads/Stratgey testing/polymarket-btc-5m_2026-08-10.zip::polymarket-btc-updown-5m-1786337700-2026-08-10.txt.zst
zip:///Users/bradamanka/Downloads/Stratgey testing/polymarket-btc-5m_2026-08-09.zip::polymarket-btc-updown-5m-1786336500-2026-08-09.txt.zst,polymarket-btc-updown-5m-1786336500-2026-08-09.txt.zst,polymarket-btc-5m_2026-08-09.zip,1786336500,1786336800,False,475,473,0,0,1,472,0,,,301,UNKNOWN,not_extreme,0.505,,0.015265941619873047,,no_leader,,,,,,,,,no_leader,,,,,,,,,zip:///Users/bradamanka/Downloads/Stratgey testing/polymarket-btc-5m_2026-08-10.zip::polymarket-btc-updown-5m-1786336500-2026-08-10.txt.zst
zip:///Users/bradamanka/Downloads/Stratgey testing/polymarket-btc-5m_2026-08-09.zip::polymarket-btc-updown-5m-1786338600-2026-08-09.txt.zst,polymarket-btc-updown-5m-1786338600-2026-08-09.txt.zst,polymarket-btc-5m_2026-08-09.zip,1786338600,1786338900,False,192,190,0,0,1,189,0,,,301,UNKNOWN,not_extreme,0.505,,0.0033261775970458984,,no_leader,,,,,,,,,no_leader,,,,,,,,,zip:///Users/bradamanka/Downloads/Stratgey testing/polymarket-btc-5m_2026-08-10.zip::polymarket-btc-updown-5m-1786338600-2026-08-10.txt.zst
zip:///Users/bradamanka/Downloads/Stratgey testing/polymarket-btc-5m_2026-08-09.zip::polymarket-btc-updown-5m-1786338000-2026-08-09.txt.zst,polymarket-btc-updown-5m-1786338000-2026-08-09.txt.zst,polymarket-btc-5m_2026-08-09.zip,1786338000,1786338300,False,243,241,0,0,1,240,0,,,301,UNKNOWN,not_extreme,0.505,,0.007615089416503906,,no_leader,,,,,,,,,no_leader,,,,,,,,,zip:///Users/bradamanka/Downloads/Stratgey testing/polymarket-btc-5m_2026-08-10.zip::polymarket-btc-updown-5m-1786338000-2026-08-10.txt.zst
zip:///Users/bradamanka/Downloads/Stratgey testing/polymarket-btc-5m_2026-08-09.zip::polymarket-btc-updown-5m-1786338900-2026-08-09.txt.zst,polymarket-btc-updown-5m-1786338900-2026-08-09.txt.zst,polymarket-btc-5m_2026-08-09.zip,1786338900,1786339200,False,195,193,0,0,1,192,0,,,301,UNKNOWN,not_extreme,0.505,,0.0032110214233398438,,no_leader,,,,,,,,,no_leader,,,,,,,,,zip:///Users/bradamanka/Downloads/Stratgey testing/polymarket-btc-5m_2026-08-10.zip::polymarket-btc-updown-5m-1786338900-2026-08-10.txt.zst
zip:///Users/bradamanka/Downloads/Stratgey testing/polymarket-btc-5m_2026-08-09.zip::polymarket-btc-updown-5m-1786339200-2026-08-09.txt.zst,polymarket-btc-updown-5m-1786339200-2026-08-09.txt.zst,polymarket-btc-5m_2026-08-09.zip,1786339200,1786339500,False,317,315,0,0,1,314,0,,,301,UNKNOWN,not_extreme,0.505,,0.004031181335449219,,no_leader,,,,,,,,,no_leader,,,,,,,,,zip:///Users/bradamanka/Downloads/Stratgey testing/polymarket-btc-5m_2026-08-10.zip::polymarket-btc-updown-5m-1786339200-2026-08-10.txt.zst
zip:///Users/bradamanka/Downloads/Stratgey testing/polymarket-btc-5m_2026-08-09.zip::polymarket-btc-updown-5m-1786338300-2026-08-09.txt.zst,polymarket-btc-updown-5m-1786338300-2026-08-09.txt.zst,polymarket-btc-5m_2026-08-09.zip,1786338300,1786338600,False,262,260,0,0,1,259,0,,,301,UNKNOWN,not_extreme,0.505,,0.011785030364990234,,no_leader,,,,,,,,,no_leader,,,,,,,,,zip:///Users/bradamanka/Downloads/Stratgey testing/polymarket-btc-5m_2026-08-10.zip::polymarket-btc-updown-5m-1786338300-2026-08-10.txt.zst
zip:///Users/bradamanka/Downloads/Stratgey testing/polymarket-btc-5m_2026-08-09.zip::polymarket-btc-updown-5m-1786339800-2026-08-09.txt.zst,polymarket-btc-updown-5m-1786339800-2026-08-09.txt.zst,polymarket-btc-5m_2026-08-09.zip,1786339800,1786340100,False,214,212,0,0,1,211,0,,,301,UNKNOWN,not_extreme,0.505,,0.0032329559326171875,,no_leader,,,,,,,,,no_leader,,,,,,,,,zip:///Users/bradamanka/Downloads/Stratgey testing/polymarket-btc-5m_2026-08-10.zip::polymarket-btc-updown-5m-1786339800-2026-08-10.txt.zst
zip:///Users/bradamanka/Downloads/Stratgey testing/polymarket-btc-5m_2026-08-09.zip::polymarket-btc-updown-5m-1786339500-2026-08-09.txt.zst,polymarket-btc-updown-5m-1786339500-2026-08-09.txt.zst,polymarket-btc-5m_2026-08-09.zip,1786339500,1786339800,False,252,250,0,0,1,249,0,,,301,UNKNOWN,not_extreme,0.505,,0.005414247512817383,,no_leader,,,,,,,,,no_leader,,,,,,,,,zip:///Users/bradamanka/Downloads/Stratgey testing/polymarket-btc-5m_2026-08-10.zip::polymarket-btc-updown-5m-1786339500-2026-08-10.txt.zst
zip:///Users/bradamanka/Downloads/Stratgey testing/polymarket-btc-5m_2026-08-09.zip::polymarket-btc-updown-5m-1786340100-2026-08-09.txt.zst,polymarket-btc-updown-5m-1786340100-2026-08-09.txt.zst,polymarket-btc-5m_2026-08-09.zip,1786340100,1786340400,False,187,185,0,0,1,184,0,,,301,UNKNOWN,not_extreme,0.505,,0.003973960876464844,,no_leader,,,,,,,,,no_leader,,,,,,,,,zip:///Users/bradamanka/Downloads/Stratgey testing/polymarket-btc-5m_2026-08-10.zip::polymarket-btc-updown-5m-1786340100-2026-08-10.txt.zst
zip:///Users/bradamanka/Downloads/Stratgey testing/polymarket-btc-5m_2026-08-09.zip::polymarket-btc-updown-5m-1786340400-2026-08-09.txt.zst,polymarket-btc-updown-5m-1786340400-2026-08-09.txt.zst,polymarket-btc-5m_2026-08-09.zip,1786340400,1786340700,False,198,196,0,0,1,195,0,,,301,UNKNOWN,not_extreme,0.505,,0.009402036666870117,,no_leader,,,,,,,,,no_leader,,,,,,,,,zip:///Users/bradamanka/Downloads/Stratgey testing/polymarket-btc-5m_2026-08-10.zip::polymarket-btc-updown-5m-1786340400-2026-08-10.txt.zst
zip:///Users/bradamanka/Downloads/Stratgey testing/polymarket-btc-5m_2026-08-09.zip::polymarket-btc-updown-5m-1786341000-2026-08-09.txt.zst,polymarket-btc-updown-5m-1786341000-2026-08-09.txt.zst,polymarket-btc-5m_2026-08-09.zip,1786341000,1786341300,False,207,205,0,0,1,204,0,,,301,UNKNOWN,not_extreme,0.505,,0.0034890174865722656,,no_leader,,,,,,,,,no_leader,,,,,,,,,zip:///Users/bradamanka/Downloads/Stratgey testing/polymarket-btc-5m_2026-08-10.zip::polymarket-btc-updown-5m-1786341000-2026-08-10.txt.zst
zip:///Users/bradamanka/Downloads/Stratgey testing/polymarket-btc-5m_2026-08-09.zip::polymarket-btc-updown-5m-1786340700-2026-08-09.txt.zst,polymarket-btc-updown-5m-1786340700-2026-08-09.txt.zst,polymarket-btc-5m_2026-08-09.zip,1786340700,1786341000,False,206,204,0,0,1,203,0,,,301,UNKNOWN,not_extreme,0.505,,0.007034778594970703,,no_leader,,,,,,,,,no_leader,,,,,,,,,zip:///Users/bradamanka/Downloads/Stratgey testing/polymarket-btc-5m_2026-08-10.zip::polymarket-btc-updown-5m-1786340700-2026-08-10.txt.zst
zip:///Users/bradamanka/Downloads/Stratgey testing/polymarket-btc-5m_2026-08-09.zip::polymarket-btc-updown-5m-1786341300-2026-08-09.txt.zst,polymarket-btc-updown-5m-1786341300-2026-08-09.txt.zst,polymarket-btc-5m_2026-08-09.zip,1786341300,1786341600,False,211,209,0,0,1,208,0,,,301,UNKNOWN,not_extreme,0.505,,0.003674030303955078,,no_leader,,,,,,,,,no_leader,,,,,,,,,zip:///Users/bradamanka/Downloads/Stratgey testing/polymarket-btc-5m_2026-08-10.zip::polymarket-btc-updown-5m-1786341300-2026-08-10.txt.zst
zip:///Users/bradamanka/Downloads/Stratgey testing/polymarket-btc-5m_2026-08-09.zip::polymarket-btc-updown-5m-1786341600-2026-08-09.txt.zst,polymarket-btc-updown-5m-1786341600-2026-08-09.txt.zst,polymarket-btc-5m_2026-08-09.zip,1786341600,1786341900,False,216,214,0,0,1,213,0,,,301,UNKNOWN,not_extreme,0.505,,0.003340005874633789,,no_leader,,,,,,,,,no_leader,,,,,,,,,zip:///Users/bradamanka/Downloads/Stratgey testing/polymarket-btc-5m_2026-08-10.zip::polymarket-btc-updown-5m-1786341600-2026-08-10.txt.zst
zip:///Users/bradamanka/Downloads/Stratgey testing/polymarket-btc-5m_2026-08-09.zip::polymarket-btc-updown-5m-1786342200-2026-08-09.txt.zst,polymarket-btc-updown-5m-1786342200-2026-08-09.txt.zst,polymarket-btc-5m_2026-08-09.zip,1786342200,1786342500,False,140,138,0,0,1,137,0,,,301,UNKNOWN,not_extreme,0.505,,0.0029282569885253906,,no_leader,,,,,,,,,no_leader,,,,,,,,,zip:///Users/bradamanka/Downloads/Stratgey testing/polymarket-btc-5m_2026-08-10.zip::polymarket-btc-updown-5m-1786342200-2026-08-10.txt.zst
zip:///Users/bradamanka/Downloads/Stratgey testing/polymarket-btc-5m_2026-08-09.zip::polymarket-btc-updown-5m-1786341900-2026-08-09.txt.zst,polymarket-btc-updown-5m-1786341900-2026-08-09.txt.zst,polymarket-btc-5m_2026-08-09.zip,1786341900,1786342200,False,185,183,0,0,1,182,0,,,301,UNKNOWN,not_extreme,0.505,,0.0037643909454345703,,no_leader,,,,,,,,,no_leader,,,,,,,,,zip:///Users/bradamanka/Downloads/Stratgey testing/polymarket-btc-5m_2026-08-10.zip::polymarket-btc-updown-5m-1786341900-2026-08-10.txt.zst
zip:///Users/bradamanka/Downloads/Stratgey testing/polymarket-btc-5m_2026-08-09.zip::polymarket-btc-updown-5m-1786343100-2026-08-09.txt.zst,polymarket-btc-updown-5m-1786343100-2026-08-09.txt.zst,polymarket-btc-5m_2026-08-09.zip,1786343100,1786343400,False,197,195,0,0,1,194,0,,,301,UNKNOWN,not_extreme,0.505,,0.004901885986328125,,no_leader,,,,,,,,,no_leader,,,,,,,,,zip:///Users/bradamanka/Downloads/Stratgey testing/polymarket-btc-5m_2026-08-10.zip::polymarket-btc-updown-5m-1786343100-2026-08-10.txt.zst
zip:///Users/bradamanka/Downloads/Stratgey testing/polymarket-btc-5m_2026-08-09.zip::polymarket-btc-updown-5m-1786342500-2026-08-09.txt.zst,polymarket-btc-updown-5m-1786342500-2026-08-09.txt.zst,polymarket-btc-5m_2026-08-09.zip,1786342500,1786342800,False,187,185,0,0,1,184,0,,,301,UNKNOWN,not_extreme,0.505,,0.01483297348022461,,no_leader,,,,,,,,,no_leader,,,,,,,,,zip:///Users/bradamanka/Downloads/Stratgey testing/polymarket-btc-5m_2026-08-10.zip::polymarket-btc-updown-5m-1786342500-2026-08-10.txt.zst
zip:///Users/bradamanka/Downloads/Stratgey testing/polymarket-btc-5m_2026-08-09.zip::polymarket-btc-updown-5m-1786342800-2026-08-09.txt.zst,polymarket-btc-updown-5m-1786342800-2026-08-09.txt.zst,polymarket-btc-5m_2026-08-09.zip,1786342800,1786343100,False,192,190,0,0,1,189,0,,,301,UNKNOWN,not_extreme,0.505,,0.014478683471679688,,no_leader,,,,,,,,,no_leader,,,,,,,,,zip:///Users/bradamanka/Downloads/Stratgey testing/polymarket-btc-5m_2026-08-10.zip::polymarket-btc-updown-5m-1786342800-2026-08-10.txt.zst
zip:///Users/bradamanka/Downloads/Stratgey testing/polymarket-btc-5m_2026-08-09.zip::polymarket-btc-updown-5m-1786343700-2026-08-09.txt.zst,polymarket-btc-updown-5m-1786343700-2026-08-09.txt.zst,polymarket-btc-5m_2026-08-09.zip,1786343700,1786344000,False,174,172,0,0,1,171,0,,,301,UNKNOWN,not_extreme,0.505,,0.004488945007324219,,no_leader,,,,,,,,,no_leader,,,,,,,,,zip:///Users/bradamanka/Downloads/Stratgey testing/polymarket-btc-5m_2026-08-10.zip::polymarket-btc-updown-5m-1786343700-2026-08-10.txt.zst
zip:///Users/bradamanka/Downloads/Stratgey testing/polymarket-btc-5m_2026-08-09.zip::polymarket-btc-updown-5m-1786344000-2026-08-09.txt.zst,polymarket-btc-updown-5m-1786344000-2026-08-09.txt.zst,polymarket-btc-5m_2026-08-09.zip,1786344000,1786344300,False,172,170,0,0,1,169,0,,,301,UNKNOWN,not_extreme,0.505,,0.0032341480255126953,,no_leader,,,,,,,,,no_leader,,,,,,,,,zip:///Users/bradamanka/Downloads/Stratgey testing/polymarket-btc-5m_2026-08-10.zip::polymarket-btc-updown-5m-1786344000-2026-08-10.txt.zst
zip:///Users/bradamanka/Downloads/Stratgey testing/polymarket-btc-5m_2026-08-09.zip::polymarket-btc-updown-5m-1786343400-2026-08-09.txt.zst,polymarket-btc-updown-5m-1786343400-2026-08-09.txt.zst,polymarket-btc-5m_2026-08-09.zip,1786343400,1786343700,False,234,232,0,0,1,231,0,,,301,UNKNOWN,not_extreme,0.505,,0.015026092529296875,,no_leader,,,,,,,,,no_leader,,,,,,,,,zip:///Users/bradamanka/Downloads/Stratgey testing/polymarket-btc-5m_2026-08-10.zip::polymarket-btc-updown-5m-1786343400-2026-08-10.txt.zst
zip:///Users/bradamanka/Downloads/Stratgey testing/polymarket-btc-5m_2026-08-09.zip::polymarket-btc-updown-5m-1786344300-2026-08-09.txt.zst,polymarket-btc-updown-5m-1786344300-2026-08-09.txt.zst,polymarket-btc-5m_2026-08-09.zip,1786344300,1786344600,False,182,180,0,0,1,179,0,,,301,UNKNOWN,not_extreme,0.505,,0.0036449432373046875,,no_leader,,,,,,,,,no_leader,,,,,,,,,zip:///Users/bradamanka/Downloads/Stratgey testing/polymarket-btc-5m_2026-08-10.zip::polymarket-btc-updown-5m-1786344300-2026-08-10.txt.zst
zip:///Users/bradamanka/Downloads/Stratgey testing/polymarket-btc-5m_2026-08-09.zip::polymarket-btc-updown-5m-1786344600-2026-08-09.txt.zst,polymarket-btc-updown-5m-1786344600-2026-08-09.txt.zst,polymarket-btc-5m_2026-08-09.zip,1786344600,1786344900,False,176,174,0,0,1,173,0,,,301,UNKNOWN,not_extreme,0.505,,0.003139972686767578,,no_leader,,,,,,,,,no_leader,,,,,,,,,zip:///Users/bradamanka/Downloads/Stratgey testing/polymarket-btc-5m_2026-08-10.zip::polymarket-btc-updown-5m-1786344600-2026-08-10.txt.zst
zip:///Users/bradamanka/Downloads/Stratgey testing/polymarket-btc-5m_2026-08-09.zip::polymarket-btc-updown-5m-1786344900-2026-08-09.txt.zst,polymarket-btc-updown-5m-1786344900-2026-08-09.txt.zst,polymarket-btc-5m_2026-08-09.zip,1786344900,1786345200,False,210,208,0,0,1,207,0,,,301,UNKNOWN,not_extreme,0.505,,0.003412008285522461,,no_leader,,,,,,,,,no_leader,,,,,,,,,zip:///Users/bradamanka/Downloads/Stratgey testing/polymarket-btc-5m_2026-08-10.zip::polymarket-btc-updown-5m-1786344900-2026-08-10.txt.zst
zip:///Users/bradamanka/Downloads/Stratgey testing/polymarket-btc-5m_2026-08-09.zip::polymarket-btc-updown-5m-1786345500-2026-08-09.txt.zst,polymarket-btc-updown-5m-1786345500-2026-08-09.txt.zst,polymarket-btc-5m_2026-08-09.zip,1786345500,1786345800,False,151,149,0,0,1,148,0,,,301,UNKNOWN,not_extreme,0.505,,0.002882719039916992,,no_leader,,,,,,,,,no_leader,,,,,,,,,zip:///Users/bradamanka/Downloads/Stratgey testing/polymarket-btc-5m_2026-08-10.zip::polymarket-btc-updown-5m-1786345500-2026-08-10.txt.zst
zip:///Users/bradamanka/Downloads/Stratgey testing/polymarket-btc-5m_2026-08-09.zip::polymarket-btc-updown-5m-1786345200-2026-08-09.txt.zst,polymarket-btc-updown-5m-1786345200-2026-08-09.txt.zst,polymarket-btc-5m_2026-08-09.zip,1786345200,1786345500,False,186,184,0,0,1,183,0,,,301,UNKNOWN,not_extreme,0.505,,0.0054759979248046875,,no_leader,,,,,,,,,no_leader,,,,,,,,,zip:///Users/bradamanka/Downloads/Stratgey testing/polymarket-btc-5m_2026-08-10.zip::polymarket-btc-updown-5m-1786345200-2026-08-10.txt.zst
zip:///Users/bradamanka/Downloads/Stratgey testing/polymarket-btc-5m_2026-08-09.zip::polymarket-btc-updown-5m-1786346100-2026-08-09.txt.zst,polymarket-btc-updown-5m-1786346100-2026-08-09.txt.zst,polymarket-btc-5m_2026-08-09.zip,1786346100,1786346400,False,160,158,0,0,1,157,0,,,301,UNKNOWN,not_extreme,0.505,,0.002893209457397461,,no_leader,,,,,,,,,no_leader,,,,,,,,,zip:///Users/bradamanka/Downloads/Stratgey testing/polymarket-btc-5m_2026-08-10.zip::polymarket-btc-updown-5m-1786346100-2026-08-10.txt.zst
zip:///Users/bradamanka/Downloads/Stratgey testing/polymarket-btc-5m_2026-08-09.zip::polymarket-btc-updown-5m-1786345800-2026-08-09.txt.zst,polymarket-btc-updown-5m-1786345800-2026-08-09.txt.zst,polymarket-btc-5m_2026-08-09.zip,1786345800,1786346100,False,250,248,0,0,1,247,0,,,301,UNKNOWN,not_extreme,0.505,,0.003763914108276367,,no_leader,,,,,,,,,no_leader,,,,,,,,,zip:///Users/bradamanka/Downloads/Stratgey testing/polymarket-btc-5m_2026-08-10.zip::polymarket-btc-updown-5m-1786345800-2026-08-10.txt.zst
zip:///Users/bradamanka/Downloads/Stratgey testing/polymarket-btc-5m_2026-08-09.zip::polymarket-btc-updown-5m-1786346400-2026-08-09.txt.zst,polymarket-btc-updown-5m-1786346400-2026-08-09.txt.zst,polymarket-btc-5m_2026-08-09.zip,1786346400,1786346700,False,172,170,0,0,1,169,0,,,301,UNKNOWN,not_extreme,0.505,,0.0043261051177978516,,no_leader,,,,,,,,,no_leader,,,,,,,,,zip:///Users/bradamanka/Downloads/Stratgey testing/polymarket-btc-5m_2026-08-10.zip::polymarket-btc-updown-5m-1786346400-2026-08-10.txt.zst
zip:///Users/bradamanka/Downloads/Stratgey testing/polymarket-btc-5m_2026-08-09.zip::polymarket-btc-updown-5m-1786347000-2026-08-09.txt.zst,polymarket-btc-updown-5m-1786347000-2026-08-09.txt.zst,polymarket-btc-5m_2026-08-09.zip,1786347000,1786347300,False,90,88,0,0,1,87,0,,,301,UNKNOWN,not_extreme,0.505,,0.0029048919677734375,,no_leader,,,,,,,,,no_leader,,,,,,,,,zip:///Users/bradamanka/Downloads/Stratgey testing/polymarket-btc-5m_2026-08-10.zip::polymarket-btc-updown-5m-1786347000-2026-08-10.txt.zst
zip:///Users/bradamanka/Downloads/Stratgey testing/polymarket-btc-5m_2026-08-09.zip::polymarket-btc-updown-5m-1786346700-2026-08-09.txt.zst,polymarket-btc-updown-5m-1786346700-2026-08-09.txt.zst,polymarket-btc-5m_2026-08-09.zip,1786346700,1786347000,False,159,157,0,0,1,156,0,,,301,UNKNOWN,not_extreme,0.505,,0.005876064300537109,,no_leader,,,,,,,,,no_leader,,,,,,,,,zip:///Users/bradamanka/Downloads/Stratgey testing/polymarket-btc-5m_2026-08-10.zip::polymarket-btc-updown-5m-1786346700-2026-08-10.txt.zst
zip:///Users/bradamanka/Downloads/Stratgey testing/polymarket-btc-5m_2026-08-09.zip::polymarket-btc-updown-5m-1786347600-2026-08-09.txt.zst,polymarket-btc-updown-5m-1786347600-2026-08-09.txt.zst,polymarket-btc-5m_2026-08-09.zip,1786347600,1786347900,False,172,170,0,0,1,169,0,,,301,UNKNOWN,not_extreme,0.505,,0.0030498504638671875,,no_leader,,,,,,,,,no_leader,,,,,,,,,zip:///Users/bradamanka/Downloads/Stratgey testing/polymarket-btc-5m_2026-08-10.zip::polymarket-btc-updown-5m-1786347600-2026-08-10.txt.zst
zip:///Users/bradamanka/Downloads/Stratgey testing/polymarket-btc-5m_2026-08-09.zip::polymarket-btc-updown-5m-1786348200-2026-08-09.txt.zst,polymarket-btc-updown-5m-1786348200-2026-08-09.txt.zst,polymarket-btc-5m_2026-08-09.zip,1786348200,1786348500,False,151,149,0,0,1,148,0,,,301,UNKNOWN,not_extreme,0.505,,0.0029838085174560547,,no_leader,,,,,,,,,no_leader,,,,,,,,,zip:///Users/bradamanka/Downloads/Stratgey testing/polymarket-btc-5m_2026-08-10.zip::polymarket-btc-updown-5m-1786348200-2026-08-10.txt.zst
zip:///Users/bradamanka/Downloads/Stratgey testing/polymarket-btc-5m_2026-08-09.zip::polymarket-btc-updown-5m-1786347900-2026-08-09.txt.zst,polymarket-btc-updown-5m-1786347900-2026-08-09.txt.zst,polymarket-btc-5m_2026-08-09.zip,1786347900,1786348200,False,177,172,0,0,4,168,0,,,301,UNKNOWN,not_extreme,0.505,,0.004781961441040039,,no_leader,,,,,,,,,no_leader,,,,,,,,,zip:///Users/bradamanka/Downloads/Stratgey testing/polymarket-btc-5m_2026-08-10.zip::polymarket-btc-updown-5m-1786347900-2026-08-10.txt.zst
zip:///Users/bradamanka/Downloads/Stratgey testing/polymarket-btc-5m_2026-08-09.zip::polymarket-btc-updown-5m-1786347300-2026-08-09.txt.zst,polymarket-btc-updown-5m-1786347300-2026-08-09.txt.zst,polymarket-btc-5m_2026-08-09.zip,1786347300,1786347600,False,396,394,0,0,1,393,0,,,301,UNKNOWN,not_extreme,0.505,,0.010751008987426758,,no_leader,,,,,,,,,no_leader,,,,,,,,,zip:///Users/bradamanka/Downloads/Stratgey testing/polymarket-btc-5m_2026-08-10.zip::polymarket-btc-updown-5m-1786347300-2026-08-10.txt.zst
zip:///Users/bradamanka/Downloads/Stratgey testing/polymarket-btc-5m_2026-08-09.zip::polymarket-btc-updown-5m-1786348800-2026-08-09.txt.zst,polymarket-btc-updown-5m-1786348800-2026-08-09.txt.zst,polymarket-btc-5m_2026-08-09.zip,1786348800,1786349100,False,124,122,0,0,1,121,0,,,301,UNKNOWN,not_extreme,0.505,,0.0030002593994140625,,no_leader,,,,,,,,,no_leader,,,,,,,,,zip:///Users/bradamanka/Downloads/Stratgey testing/polymarket-btc-5m_2026-08-10.zip::polymarket-btc-updown-5m-1786348800-2026-08-10.txt.zst
zip:///Users/bradamanka/Downloads/Stratgey testing/polymarket-btc-5m_2026-08-09.zip::polymarket-btc-updown-5m-1786349100-2026-08-09.txt.zst,polymarket-btc-updown-5m-1786349100-2026-08-09.txt.zst,polymarket-btc-5m_2026-08-09.zip,1786349100,1786349400,False,182,180,0,0,1,179,0,,,301,UNKNOWN,not_extreme,0.505,,0.0035419464111328125,,no_leader,,,,,,,,,no_leader,,,,,,,,,zip:///Users/bradamanka/Downloads/Stratgey testing/polymarket-btc-5m_2026-08-10.zip::polymarket-btc-updown-5m-1786349100-2026-08-10.txt.zst
zip:///Users/bradamanka/Downloads/Stratgey testing/polymarket-btc-5m_2026-08-09.zip::polymarket-btc-updown-5m-1786348500-2026-08-09.txt.zst,polymarket-btc-updown-5m-1786348500-2026-08-09.txt.zst,polymarket-btc-5m_2026-08-09.zip,1786348500,1786348800,False,131,129,0,0,1,128,0,,,301,UNKNOWN,not_extreme,0.505,,0.007631778717041016,,no_leader,,,,,,,,,no_leader,,,,,,,,,zip:///Users/bradamanka/Downloads/Stratgey testing/polymarket-btc-5m_2026-08-10.zip::polymarket-btc-updown-5m-1786348500-2026-08-10.txt.zst
zip:///Users/bradamanka/Downloads/Stratgey testing/polymarket-btc-5m_2026-08-09.zip::polymarket-btc-updown-5m-1786349700-2026-08-09.txt.zst,polymarket-btc-updown-5m-1786349700-2026-08-09.txt.zst,polymarket-btc-5m_2026-08-09.zip,1786349700,1786350000,False,158,156,0,0,1,155,0,,,301,UNKNOWN,not_extreme,0.505,,0.0030829906463623047,,no_leader,,,,,,,,,no_leader,,,,,,,,,zip:///Users/bradamanka/Downloads/Stratgey testing/polymarket-btc-5m_2026-08-10.zip::polymarket-btc-updown-5m-1786349700-2026-08-10.txt.zst
zip:///Users/bradamanka/Downloads/Stratgey testing/polymarket-btc-5m_2026-08-09.zip::polymarket-btc-updown-5m-1786349400-2026-08-09.txt.zst,polymarket-btc-updown-5m-1786349400-2026-08-09.txt.zst,polymarket-btc-5m_2026-08-09.zip,1786349400,1786349700,False,230,228,0,0,1,227,0,,,301,UNKNOWN,not_extreme,0.505,,0.011199235916137695,,no_leader,,,,,,,,,no_leader,,,,,,,,,zip:///Users/bradamanka/Downloads/Stratgey testing/polymarket-btc-5m_2026-08-10.zip::polymarket-btc-updown-5m-1786349400-2026-08-10.txt.zst
zip:///Users/bradamanka/Downloads/Stratgey testing/polymarket-btc-5m_2026-08-09.zip::polymarket-btc-updown-5m-1786350300-2026-08-09.txt.zst,polymarket-btc-updown-5m-1786350300-2026-08-09.txt.zst,polymarket-btc-5m_2026-08-09.zip,1786350300,1786350600,False,180,178,0,0,1,177,0,,,301,UNKNOWN,not_extreme,0.505,,0.0051229000091552734,,no_leader,,,,,,,,,no_leader,,,,,,,,,zip:///Users/bradamanka/Downloads/Stratgey testing/polymarket-btc-5m_2026-08-10.zip::polymarket-btc-updown-5m-1786350300-2026-08-10.txt.zst
zip:///Users/bradamanka/Downloads/Stratgey testing/polymarket-btc-5m_2026-08-09.zip::polymarket-btc-updown-5m-1786350600-2026-08-09.txt.zst,polymarket-btc-updown-5m-1786350600-2026-08-09.txt.zst,polymarket-btc-5m_2026-08-09.zip,1786350600,1786350900,False,130,128,0,0,1,127,0,,,301,UNKNOWN,not_extreme,0.505,,0.007642030715942383,,no_leader,,,,,,,,,no_leader,,,,,,,,,zip:///Users/bradamanka/Downloads/Stratgey testing/polymarket-btc-5m_2026-08-10.zip::polymarket-btc-updown-5m-1786350600-2026-08-10.txt.zst
zip:///Users/bradamanka/Downloads/Stratgey testing/polymarket-btc-5m_2026-08-09.zip::polymarket-btc-updown-5m-1786350900-2026-08-09.txt.zst,polymarket-btc-updown-5m-1786350900-2026-08-09.txt.zst,polymarket-btc-5m_2026-08-09.zip,1786350900,1786351200,False,159,157,0,0,1,156,0,,,301,UNKNOWN,not_extreme,0.505,,0.005410909652709961,,no_leader,,,,,,,,,no_leader,,,,,,,,,zip:///Users/bradamanka/Downloads/Stratgey testing/polymarket-btc-5m_2026-08-10.zip::polymarket-btc-updown-5m-1786350900-2026-08-10.txt.zst
zip:///Users/bradamanka/Downloads/Stratgey testing/polymarket-btc-5m_2026-08-09.zip::polymarket-btc-updown-5m-1786351200-2026-08-09.txt.zst,polymarket-btc-updown-5m-1786351200-2026-08-09.txt.zst,polymarket-btc-5m_2026-08-09.zip,1786351200,1786351500,False,196,194,0,0,1,193,0,,,301,UNKNOWN,not_extreme,0.505,,0.003823995590209961,,no_leader,,,,,,,,,no_leader,,,,,,,,,zip:///Users/bradamanka/Downloads/Stratgey testing/polymarket-btc-5m_2026-08-10.zip::polymarket-btc-updown-5m-1786351200-2026-08-10.txt.zst
zip:///Users/bradamanka/Downloads/Stratgey testing/polymarket-btc-5m_2026-08-09.zip::polymarket-btc-updown-5m-1786350000-2026-08-09.txt.zst,polymarket-btc-updown-5m-1786350000-2026-08-09.txt.zst,polymarket-btc-5m_2026-08-09.zip,1786350000,1786350300,False,169,167,0,0,1,166,0,,,301,UNKNOWN,not_extreme,0.505,,0.0036323070526123047,,no_leader,,,,,,,,,no_leader,,,,,,,,,zip:///Users/bradamanka/Downloads/Stratgey testing/polymarket-btc-5m_2026-08-10.zip::polymarket-btc-updown-5m-1786350000-2026-08-10.txt.zst
zip:///Users/bradamanka/Downloads/Stratgey testing/polymarket-btc-5m_2026-08-09.zip::polymarket-btc-updown-5m-1786351500-2026-08-09.txt.zst,polymarket-btc-updown-5m-1786351500-2026-08-09.txt.zst,polymarket-btc-5m_2026-08-09.zip,1786351500,1786351800,False,251,249,0,0,1,248,0,,,301,UNKNOWN,not_extreme,0.505,,0.008216142654418945,,no_leader,,,,,,,,,no_leader,,,,,,,,,zip:///Users/bradamanka/Downloads/Stratgey testing/polymarket-btc-5m_2026-08-10.zip::polymarket-btc-updown-5m-1786351500-2026-08-10.txt.zst
zip:///Users/bradamanka/Downloads/Stratgey testing/polymarket-btc-5m_2026-08-09.zip::polymarket-btc-updown-5m-1786351800-2026-08-09.txt.zst,polymarket-btc-updown-5m-1786351800-2026-08-09.txt.zst,polymarket-btc-5m_2026-08-09.zip,1786351800,1786352100,False,140,138,0,0,1,137,0,,,301,UNKNOWN,not_extreme,0.505,,0.0066602230072021484,,no_leader,,,,,,,,,no_leader,,,,,,,,,zip:///Users/bradamanka/Downloads/Stratgey testing/polymarket-btc-5m_2026-08-10.zip::polymarket-btc-updown-5m-1786351800-2026-08-10.txt.zst
zip:///Users/bradamanka/Downloads/Stratgey testing/polymarket-btc-5m_2026-08-09.zip::polymarket-btc-updown-5m-1786352100-2026-08-09.txt.zst,polymarket-btc-updown-5m-1786352100-2026-08-09.txt.zst,polymarket-btc-5m_2026-08-09.zip,1786352100,1786352400,False,315,313,0,0,1,312,0,,,301,UNKNOWN,not_extreme,0.505,,0.004264116287231445,,no_leader,,,,,,,,,no_leader,,,,,,,,,zip:///Users/bradamanka/Downloads/Stratgey testing/polymarket-btc-5m_2026-08-10.zip::polymarket-btc-updown-5m-1786352100-2026-08-10.txt.zst
zip:///Users/bradamanka/Downloads/Stratgey testing/polymarket-btc-5m_2026-08-09.zip::polymarket-btc-updown-5m-1786352400-2026-08-09.txt.zst,polymarket-btc-updown-5m-1786352400-2026-08-09.txt.zst,polymarket-btc-5m_2026-08-09.zip,1786352400,1786352700,False,162,160,0,0,1,159,0,,,301,UNKNOWN,not_extreme,0.505,,0.0036559104919433594,,no_leader,,,,,,,,,no_leader,,,,,,,,,zip:///Users/bradamanka/Downloads/Stratgey testing/polymarket-btc-5m_2026-08-10.zip::polymarket-btc-updown-5m-1786352400-2026-08-10.txt.zst
zip:///Users/bradamanka/Downloads/Stratgey testing/polymarket-btc-5m_2026-08-09.zip::polymarket-btc-updown-5m-1786352700-2026-08-09.txt.zst,polymarket-btc-updown-5m-1786352700-2026-08-09.txt.zst,polymarket-btc-5m_2026-08-09.zip,1786352700,1786353000,False,165,163,0,0,1,162,0,,,301,UNKNOWN,not_extreme,0.505,,0.004008054733276367,,no_leader,,,,,,,,,no_leader,,,,,,,,,zip:///Users/bradamanka/Downloads/Stratgey testing/polymarket-btc-5m_2026-08-10.zip::polymarket-btc-updown-5m-1786352700-2026-08-10.txt.zst
zip:///Users/bradamanka/Downloads/Stratgey testing/polymarket-btc-5m_2026-08-09.zip::polymarket-btc-updown-5m-1786353300-2026-08-09.txt.zst,polymarket-btc-updown-5m-1786353300-2026-08-09.txt.zst,polymarket-btc-5m_2026-08-09.zip,1786353300,1786353600,False,225,223,0,0,1,222,0,,,301,UNKNOWN,not_extreme,0.505,,0.0036690235137939453,,no_leader,,,,,,,,,no_leader,,,,,,,,,zip:///Users/bradamanka/Downloads/Stratgey testing/polymarket-btc-5m_2026-08-10.zip::polymarket-btc-updown-5m-1786353300-2026-08-10.txt.zst
zip:///Users/bradamanka/Downloads/Stratgey testing/polymarket-btc-5m_2026-08-09.zip::polymarket-btc-updown-5m-1786353000-2026-08-09.txt.zst,polymarket-btc-updown-5m-1786353000-2026-08-09.txt.zst,polymarket-btc-5m_2026-08-09.zip,1786353000,1786353300,False,243,241,0,0,1,240,0,,,301,UNKNOWN,not_extreme,0.505,,0.007691860198974609,,no_leader,,,,,,,,,no_leader,,,,,,,,,zip:///Users/bradamanka/Downloads/Stratgey testing/polymarket-btc-5m_2026-08-10.zip::polymarket-btc-updown-5m-1786353000-2026-08-10.txt.zst
zip:///Users/bradamanka/Downloads/Stratgey testing/polymarket-btc-5m_2026-08-09.zip::polymarket-btc-updown-5m-1786354200-2026-08-09.txt.zst,polymarket-btc-updown-5m-1786354200-2026-08-09.txt.zst,polymarket-btc-5m_2026-08-09.zip,1786354200,1786354500,False,195,193,0,0,1,192,0,,,301,UNKNOWN,not_extreme,0.505,,0.003342866897583008,,no_leader,,,,,,,,,no_leader,,,,,,,,,zip:///Users/bradamanka/Downloads/Stratgey testing/polymarket-btc-5m_2026-08-10.zip::polymarket-btc-updown-5m-1786354200-2026-08-10.txt.zst
zip:///Users/bradamanka/Downloads/Stratgey testing/polymarket-btc-5m_2026-08-09.zip::polymarket-btc-updown-5m-1786353600-2026-08-09.txt.zst,polymarket-btc-updown-5m-1786353600-2026-08-09.txt.zst,polymarket-btc-5m_2026-08-09.zip,1786353600,1786353900,False,190,188,0,0,1,187,0,,,301,UNKNOWN,not_extreme,0.505,,0.008104801177978516,,no_leader,,,,,,,,,no_leader,,,,,,,,,zip:///Users/bradamanka/Downloads/Stratgey testing/polymarket-btc-5m_2026-08-10.zip::polymarket-btc-updown-5m-1786353600-2026-08-10.txt.zst
zip:///Users/bradamanka/Downloads/Stratgey testing/polymarket-btc-5m_2026-08-09.zip::polymarket-btc-updown-5m-1786353900-2026-08-09.txt.zst,polymarket-btc-updown-5m-1786353900-2026-08-09.txt.zst,polymarket-btc-5m_2026-08-09.zip,1786353900,1786354200,False,180,178,0,0,1,177,0,,,301,UNKNOWN,not_extreme,0.505,,0.008629798889160156,,no_leader,,,,,,,,,no_leader,,,,,,,,,zip:///Users/bradamanka/Downloads/Stratgey testing/polymarket-btc-5m_2026-08-10.zip::polymarket-btc-updown-5m-1786353900-2026-08-10.txt.zst
zip:///Users/bradamanka/Downloads/Stratgey testing/polymarket-btc-5m_2026-08-09.zip::polymarket-btc-updown-5m-1786354500-2026-08-09.txt.zst,polymarket-btc-updown-5m-1786354500-2026-08-09.txt.zst,polymarket-btc-5m_2026-08-09.zip,1786354500,1786354800,False,148,146,0,0,1,145,0,,,301,UNKNOWN,not_extreme,0.505,,0.003058910369873047,,no_leader,,,,,,,,,no_leader,,,,,,,,,zip:///Users/bradamanka/Downloads/Stratgey testing/polymarket-btc-5m_2026-08-10.zip::polymarket-btc-updown-5m-1786354500-2026-08-10.txt.zst
zip:///Users/bradamanka/Downloads/Stratgey testing/polymarket-btc-5m_2026-08-09.zip::polymarket-btc-updown-5m-1786354800-2026-08-09.txt.zst,polymarket-btc-updown-5m-1786354800-2026-08-09.txt.zst,polymarket-btc-5m_2026-08-09.zip,1786354800,1786355100,False,124,122,0,0,1,121,0,,,301,UNKNOWN,not_extreme,0.505,,0.003565073013305664,,no_leader,,,,,,,,,no_leader,,,,,,,,,zip:///Users/bradamanka/Downloads/Stratgey testing/polymarket-btc-5m_2026-08-10.zip::polymarket-btc-updown-5m-1786354800-2026-08-10.txt.zst
zip:///Users/bradamanka/Downloads/Stratgey testing/polymarket-btc-5m_2026-08-09.zip::polymarket-btc-updown-5m-1786355400-2026-08-09.txt.zst,polymarket-btc-updown-5m-1786355400-2026-08-09.txt.zst,polymarket-btc-5m_2026-08-09.zip,1786355400,1786355700,False,179,177,0,0,1,176,0,,,301,UNKNOWN,not_extreme,0.505,,0.0031499862670898438,,no_leader,,,,,,,,,no_leader,,,,,,,,,zip:///Users/bradamanka/Downloads/Stratgey testing/polymarket-btc-5m_2026-08-10.zip::polymarket-btc-updown-5m-1786355400-2026-08-10.txt.zst
zip:///Users/bradamanka/Downloads/Stratgey testing/polymarket-btc-5m_2026-08-09.zip::polymarket-btc-updown-5m-1786355700-2026-08-09.txt.zst,polymarket-btc-updown-5m-1786355700-2026-08-09.txt.zst,polymarket-btc-5m_2026-08-09.zip,1786355700,1786356000,False,164,162,0,0,1,161,0,,,301,UNKNOWN,not_extreme,0.505,,0.0034008026123046875,,no_leader,,,,,,,,,no_leader,,,,,,,,,zip:///Users/bradamanka/Downloads/Stratgey testing/polymarket-btc-5m_2026-08-10.zip::polymarket-btc-updown-5m-1786355700-2026-08-10.txt.zst
zip:///Users/bradamanka/Downloads/Stratgey testing/polymarket-btc-5m_2026-08-09.zip::polymarket-btc-updown-5m-1786355100-2026-08-09.txt.zst,polymarket-btc-updown-5m-1786355100-2026-08-09.txt.zst,polymarket-btc-5m_2026-08-09.zip,1786355100,1786355400,False,459,446,0,0,12,434,0,,,301,UNKNOWN,not_extreme,0.505,,0.006776094436645508,,no_leader,,,,,,,,,no_leader,,,,,,,,,zip:///Users/bradamanka/Downloads/Stratgey testing/polymarket-btc-5m_2026-08-10.zip::polymarket-btc-updown-5m-1786355100-2026-08-10.txt.zst
zip:///Users/bradamanka/Downloads/Stratgey testing/polymarket-btc-5m_2026-08-09.zip::polymarket-btc-updown-5m-1786356600-2026-08-09.txt.zst,polymarket-btc-updown-5m-1786356600-2026-08-09.txt.zst,polymarket-btc-5m_2026-08-09.zip,1786356600,1786356900,False,93,91,0,0,1,90,0,,,301,UNKNOWN,not_extreme,0.505,,0.0028591156005859375,,no_leader,,,,,,,,,no_leader,,,,,,,,,zip:///Users/bradamanka/Downloads/Stratgey testing/polymarket-btc-5m_2026-08-10.zip::polymarket-btc-updown-5m-1786356600-2026-08-10.txt.zst
zip:///Users/bradamanka/Downloads/Stratgey testing/polymarket-btc-5m_2026-08-09.zip::polymarket-btc-updown-5m-1786356300-2026-08-09.txt.zst,polymarket-btc-updown-5m-1786356300-2026-08-09.txt.zst,polymarket-btc-5m_2026-08-09.zip,1786356300,1786356600,False,263,261,0,0,1,260,0,,,301,UNKNOWN,not_extreme,0.505,,0.0038971900939941406,,no_leader,,,,,,,,,no_leader,,,,,,,,,zip:///Users/bradamanka/Downloads/Stratgey testing/polymarket-btc-5m_2026-08-10.zip::polymarket-btc-updown-5m-1786356300-2026-08-10.txt.zst
zip:///Users/bradamanka/Downloads/Stratgey testing/polymarket-btc-5m_2026-08-09.zip::polymarket-btc-updown-5m-1786356000-2026-08-09.txt.zst,polymarket-btc-updown-5m-1786356000-2026-08-09.txt.zst,polymarket-btc-5m_2026-08-09.zip,1786356000,1786356300,False,146,144,0,0,1,143,0,,,301,UNKNOWN,not_extreme,0.505,,0.009746313095092773,,no_leader,,,,,,,,,no_leader,,,,,,,,,zip:///Users/bradamanka/Downloads/Stratgey testing/polymarket-btc-5m_2026-08-10.zip::polymarket-btc-updown-5m-1786356000-2026-08-10.txt.zst
zip:///Users/bradamanka/Downloads/Stratgey testing/polymarket-btc-5m_2026-08-09.zip::polymarket-btc-updown-5m-1786356900-2026-08-09.txt.zst,polymarket-btc-updown-5m-1786356900-2026-08-09.txt.zst,polymarket-btc-5m_2026-08-09.zip,1786356900,1786357200,False,135,133,0,0,1,132,0,,,301,UNKNOWN,not_extreme,0.505,,0.003354787826538086,,no_leader,,,,,,,,,no_leader,,,,,,,,,zip:///Users/bradamanka/Downloads/Stratgey testing/polymarket-btc-5m_2026-08-10.zip::polymarket-btc-updown-5m-1786356900-2026-08-10.txt.zst
zip:///Users/bradamanka/Downloads/Stratgey testing/polymarket-btc-5m_2026-08-09.zip::polymarket-btc-updown-5m-1786357200-2026-08-09.txt.zst,polymarket-btc-updown-5m-1786357200-2026-08-09.txt.zst,polymarket-btc-5m_2026-08-09.zip,1786357200,1786357500,False,179,177,0,0,1,176,0,,,301,UNKNOWN,not_extreme,0.505,,0.0037941932678222656,,no_leader,,,,,,,,,no_leader,,,,,,,,,zip:///Users/bradamanka/Downloads/Stratgey testing/polymarket-btc-5m_2026-08-10.zip::polymarket-btc-updown-5m-1786357200-2026-08-10.txt.zst
zip:///Users/bradamanka/Downloads/Stratgey testing/polymarket-btc-5m_2026-08-09.zip::polymarket-btc-updown-5m-1786357800-2026-08-09.txt.zst,polymarket-btc-updown-5m-1786357800-2026-08-09.txt.zst,polymarket-btc-5m_2026-08-09.zip,1786357800,1786358100,False,1510,1508,0,0,1,1507,0,,,301,UNKNOWN,not_extreme,0.505,,0.013844013214111328,,no_leader,,,,,,,,,no_leader,,,,,,,,,zip:///Users/bradamanka/Downloads/Stratgey testing/polymarket-btc-5m_2026-08-10.zip::polymarket-btc-updown-5m-1786357800-2026-08-10.txt.zst
zip:///Users/bradamanka/Downloads/Stratgey testing/polymarket-btc-5m_2026-08-09.zip::polymarket-btc-updown-5m-1786357500-2026-08-09.txt.zst,polymarket-btc-updown-5m-1786357500-2026-08-09.txt.zst,polymarket-btc-5m_2026-08-09.zip,1786357500,1786357800,False,1215,1213,0,0,1,1212,0,,,301,UNKNOWN,not_extreme,0.505,,0.021641254425048828,,no_leader,,,,,,,,,no_leader,,,,,,,,,zip:///Users/bradamanka/Downloads/Stratgey testing/polymarket-btc-5m_2026-08-10.zip::polymarket-btc-updown-5m-1786357500-2026-08-10.txt.zst
zip:///Users/bradamanka/Downloads/Stratgey testing/polymarket-btc-5m_2026-08-09.zip::polymarket-btc-updown-5m-1786358700-2026-08-09.txt.zst,polymarket-btc-updown-5m-1786358700-2026-08-09.txt.zst,polymarket-btc-5m_2026-08-09.zip,1786358700,1786359000,False,162,160,0,0,1,159,0,,,301,UNKNOWN,not_extreme,0.505,,0.003329038619995117,,no_leader,,,,,,,,,no_leader,,,,,,,,,zip:///Users/bradamanka/Downloads/Stratgey testing/polymarket-btc-5m_2026-08-10.zip::polymarket-btc-updown-5m-1786358700-2026-08-10.txt.zst
zip:///Users/bradamanka/Downloads/Stratgey testing/polymarket-btc-5m_2026-08-09.zip::polymarket-btc-updown-5m-1786359000-2026-08-09.txt.zst,polymarket-btc-updown-5m-1786359000-2026-08-09.txt.zst,polymarket-btc-5m_2026-08-09.zip,1786359000,1786359300,False,128,126,0,0,1,125,0,,,301,UNKNOWN,not_extreme,0.505,,0.0030159950256347656,,no_leader,,,,,,,,,no_leader,,,,,,,,,zip:///Users/bradamanka/Downloads/Stratgey testing/polymarket-btc-5m_2026-08-10.zip::polymarket-btc-updown-5m-1786359000-2026-08-10.txt.zst
zip:///Users/bradamanka/Downloads/Stratgey testing/polymarket-btc-5m_2026-08-09.zip::polymarket-btc-updown-5m-1786359300-2026-08-09.txt.zst,polymarket-btc-updown-5m-1786359300-2026-08-09.txt.zst,polymarket-btc-5m_2026-08-09.zip,1786359300,1786359600,False,159,157,0,0,1,156,0,,,301,UNKNOWN,not_extreme,0.505,,0.006640195846557617,,no_leader,,,,,,,,,no_leader,,,,,,,,,zip:///Users/bradamanka/Downloads/Stratgey testing/polymarket-btc-5m_2026-08-10.zip::polymarket-btc-updown-5m-1786359300-2026-08-10.txt.zst
zip:///Users/bradamanka/Downloads/Stratgey testing/polymarket-btc-5m_2026-08-09.zip::polymarket-btc-updown-5m-1786359600-2026-08-09.txt.zst,polymarket-btc-updown-5m-1786359600-2026-08-09.txt.zst,polymarket-btc-5m_2026-08-09.zip,1786359600,1786359900,False,217,213,0,0,3,210,0,,,301,UNKNOWN,not_extreme,0.505,,0.00481414794921875,,no_leader,,,,,,,,,no_leader,,,,,,,,,zip:///Users/bradamanka/Downloads/Stratgey testing/polymarket-btc-5m_2026-08-10.zip::polymarket-btc-updown-5m-1786359600-2026-08-10.txt.zst
zip:///Users/bradamanka/Downloads/Stratgey testing/polymarket-btc-5m_2026-08-09.zip::polymarket-btc-updown-5m-1786358400-2026-08-09.txt.zst,polymarket-btc-updown-5m-1786358400-2026-08-09.txt.zst,polymarket-btc-5m_2026-08-09.zip,1786358400,1786358700,False,1671,1669,0,0,1,1668,0,,,301,UNKNOWN,not_extreme,0.505,,0.027540206909179688,,no_leader,,,,,,,,,no_leader,,,,,,,,,zip:///Users/bradamanka/Downloads/Stratgey testing/polymarket-btc-5m_2026-08-10.zip::polymarket-btc-updown-5m-1786358400-2026-08-10.txt.zst
zip:///Users/bradamanka/Downloads/Stratgey testing/polymarket-btc-5m_2026-08-09.zip::polymarket-btc-updown-5m-1786360200-2026-08-09.txt.zst,polymarket-btc-updown-5m-1786360200-2026-08-09.txt.zst,polymarket-btc-5m_2026-08-09.zip,1786360200,1786360500,False,148,146,0,0,1,145,0,,,301,UNKNOWN,not_extreme,0.505,,0.0030379295349121094,,no_leader,,,,,,,,,no_leader,,,,,,,,,zip:///Users/bradamanka/Downloads/Stratgey testing/polymarket-btc-5m_2026-08-10.zip::polymarket-btc-updown-5m-1786360200-2026-08-10.txt.zst
zip:///Users/bradamanka/Downloads/Stratgey testing/polymarket-btc-5m_2026-08-09.zip::polymarket-btc-updown-5m-1786359900-2026-08-09.txt.zst,polymarket-btc-updown-5m-1786359900-2026-08-09.txt.zst,polymarket-btc-5m_2026-08-09.zip,1786359900,1786360200,False,145,143,0,0,1,142,0,,,301,UNKNOWN,not_extreme,0.505,,0.005360126495361328,,no_leader,,,,,,,,,no_leader,,,,,,,,,zip:///Users/bradamanka/Downloads/Stratgey testing/polymarket-btc-5m_2026-08-10.zip::polymarket-btc-updown-5m-1786359900-2026-08-10.txt.zst
zip:///Users/bradamanka/Downloads/Stratgey testing/polymarket-btc-5m_2026-08-09.zip::polymarket-btc-updown-5m-1786360800-2026-08-09.txt.zst,polymarket-btc-updown-5m-1786360800-2026-08-09.txt.zst,polymarket-btc-5m_2026-08-09.zip,1786360800,1786361100,False,150,148,0,0,1,147,0,,,301,UNKNOWN,not_extreme,0.505,,0.003307819366455078,,no_leader,,,,,,,,,no_leader,,,,,,,,,zip:///Users/bradamanka/Downloads/Stratgey testing/polymarket-btc-5m_2026-08-10.zip::polymarket-btc-updown-5m-1786360800-2026-08-10.txt.zst
zip:///Users/bradamanka/Downloads/Stratgey testing/polymarket-btc-5m_2026-08-09.zip::polymarket-btc-updown-5m-1786360500-2026-08-09.txt.zst,polymarket-btc-updown-5m-1786360500-2026-08-09.txt.zst,polymarket-btc-5m_2026-08-09.zip,1786360500,1786360800,False,191,189,0,0,1,188,0,,,301,UNKNOWN,not_extreme,0.505,,0.005823373794555664,,no_leader,,,,,,,,,no_leader,,,,,,,,,zip:///Users/bradamanka/Downloads/Stratgey testing/polymarket-btc-5m_2026-08-10.zip::polymarket-btc-updown-5m-1786360500-2026-08-10.txt.zst
zip:///Users/bradamanka/Downloads/Stratgey testing/polymarket-btc-5m_2026-08-09.zip::polymarket-btc-updown-5m-1786361100-2026-08-09.txt.zst,polymarket-btc-updown-5m-1786361100-2026-08-09.txt.zst,polymarket-btc-5m_2026-08-09.zip,1786361100,1786361400,False,143,141,0,0,1,140,0,,,301,UNKNOWN,not_extreme,0.505,,0.003264188766479492,,no_leader,,,,,,,,,no_leader,,,,,,,,,zip:///Users/bradamanka/Downloads/Stratgey testing/polymarket-btc-5m_2026-08-10.zip::polymarket-btc-updown-5m-1786361100-2026-08-10.txt.zst
zip:///Users/bradamanka/Downloads/Stratgey testing/polymarket-btc-5m_2026-08-09.zip::polymarket-btc-updown-5m-1786361400-2026-08-09.txt.zst,polymarket-btc-updown-5m-1786361400-2026-08-09.txt.zst,polymarket-btc-5m_2026-08-09.zip,1786361400,1786361700,False,234,232,0,0,1,231,0,,,301,UNKNOWN,not_extreme,0.505,,0.004229068756103516,,no_leader,,,,,,,,,no_leader,,,,,,,,,zip:///Users/bradamanka/Downloads/Stratgey testing/polymarket-btc-5m_2026-08-10.zip::polymarket-btc-updown-5m-1786361400-2026-08-10.txt.zst
zip:///Users/bradamanka/Downloads/Stratgey testing/polymarket-btc-5m_2026-08-09.zip::polymarket-btc-updown-5m-1786361700-2026-08-09.txt.zst,polymarket-btc-updown-5m-1786361700-2026-08-09.txt.zst,polymarket-btc-5m_2026-08-09.zip,1786361700,1786362000,False,157,155,0,0,1,154,0,,,301,UNKNOWN,not_extreme,0.505,,0.0038068294525146484,,no_leader,,,,,,,,,no_leader,,,,,,,,,zip:///Users/bradamanka/Downloads/Stratgey testing/polymarket-btc-5m_2026-08-10.zip::polymarket-btc-updown-5m-1786361700-2026-08-10.txt.zst
zip:///Users/bradamanka/Downloads/Stratgey testing/polymarket-btc-5m_2026-08-09.zip::polymarket-btc-updown-5m-1786362000-2026-08-09.txt.zst,polymarket-btc-updown-5m-1786362000-2026-08-09.txt.zst,polymarket-btc-5m_2026-08-09.zip,1786362000,1786362300,False,136,134,0,0,1,133,0,,,301,UNKNOWN,not_extreme,0.5,,0.0028810501098632812,,no_leader,,,,,,,,,no_leader,,,,,,,,,zip:///Users/bradamanka/Downloads/Stratgey testing/polymarket-btc-5m_2026-08-10.zip::polymarket-btc-updown-5m-1786362000-2026-08-10.txt.zst
zip:///Users/bradamanka/Downloads/Stratgey testing/polymarket-btc-5m_2026-08-09.zip::polymarket-btc-updown-5m-1786362300-2026-08-09.txt.zst,polymarket-btc-updown-5m-1786362300-2026-08-09.txt.zst,polymarket-btc-5m_2026-08-09.zip,1786362300,1786362600,False,112,110,0,0,1,109,0,,,301,UNKNOWN,not_extreme,0.505,,0.003542184829711914,,no_leader,,,,,,,,,no_leader,,,,,,,,,zip:///Users/bradamanka/Downloads/Stratgey testing/polymarket-btc-5m_2026-08-10.zip::polymarket-btc-updown-5m-1786362300-2026-08-10.txt.zst
zip:///Users/bradamanka/Downloads/Stratgey testing/polymarket-btc-5m_2026-08-09.zip::polymarket-btc-updown-5m-1786362900-2026-08-09.txt.zst,polymarket-btc-updown-5m-1786362900-2026-08-09.txt.zst,polymarket-btc-5m_2026-08-09.zip,1786362900,1786363200,False,135,133,0,0,1,132,0,,,301,UNKNOWN,not_extreme,0.505,,0.004990100860595703,,no_leader,,,,,,,,,no_leader,,,,,,,,,zip:///Users/bradamanka/Downloads/Stratgey testing/polymarket-btc-5m_2026-08-10.zip::polymarket-btc-updown-5m-1786362900-2026-08-10.txt.zst
zip:///Users/bradamanka/Downloads/Stratgey testing/polymarket-btc-5m_2026-08-10.zip::polymarket-btc-updown-5m-1786319100-2026-08-10.txt.zst,polymarket-btc-updown-5m-1786319100-2026-08-10.txt.zst,polymarket-btc-5m_2026-08-10.zip,1786319100,1786319400,False,136,130,0,0,4,126,0,,,301,UNKNOWN,not_extreme,,,0.008848905563354492,,no_leader,,,,,,,,,no_leader,,,,,,,,,zip:///Users/bradamanka/Downloads/Stratgey testing/polymarket-btc-5m_2026-08-09.zip::polymarket-btc-updown-5m-1786319100-2026-08-09.txt.zst
zip:///Users/bradamanka/Downloads/Stratgey testing/polymarket-btc-5m_2026-08-09.zip::polymarket-btc-updown-5m-1786363200-2026-08-09.txt.zst,polymarket-btc-updown-5m-1786363200-2026-08-09.txt.zst,polymarket-btc-5m_2026-08-09.zip,1786363200,1786363500,False,273,271,0,0,1,270,0,,,301,UNKNOWN,not_extreme,0.505,,0.004332065582275391,,no_leader,,,,,,,,,no_leader,,,,,,,,,zip:///Users/bradamanka/Downloads/Stratgey testing/polymarket-btc-5m_2026-08-10.zip::polymarket-btc-updown-5m-1786363200-2026-08-10.txt.zst
zip:///Users/bradamanka/Downloads/Stratgey testing/polymarket-btc-5m_2026-08-09.zip::polymarket-btc-updown-5m-1786363500-2026-08-09.txt.zst,polymarket-btc-updown-5m-1786363500-2026-08-09.txt.zst,polymarket-btc-5m_2026-08-09.zip,1786363500,1786363800,False,203,201,0,0,1,200,0,,,301,UNKNOWN,not_extreme,0.505,,0.0042607784271240234,,no_leader,,,,,,,,,no_leader,,,,,,,,,zip:///Users/bradamanka/Downloads/Stratgey testing/polymarket-btc-5m_2026-08-10.zip::polymarket-btc-updown-5m-1786363500-2026-08-10.txt.zst
zip:///Users/bradamanka/Downloads/Stratgey testing/polymarket-btc-5m_2026-08-09.zip::polymarket-btc-updown-5m-1786362600-2026-08-09.txt.zst,polymarket-btc-updown-5m-1786362600-2026-08-09.txt.zst,polymarket-btc-5m_2026-08-09.zip,1786362600,1786362900,False,166,164,0,0,1,163,0,,,301,UNKNOWN,not_extreme,0.505,,0.014156103134155273,,no_leader,,,,,,,,,no_leader,,,,,,,,,zip:///Users/bradamanka/Downloads/Stratgey testing/polymarket-btc-5m_2026-08-10.zip::polymarket-btc-updown-5m-1786362600-2026-08-10.txt.zst
zip:///Users/bradamanka/Downloads/Stratgey testing/polymarket-btc-5m_2026-08-09.zip::polymarket-btc-updown-5m-1786363800-2026-08-09.txt.zst,polymarket-btc-updown-5m-1786363800-2026-08-09.txt.zst,polymarket-btc-5m_2026-08-09.zip,1786363800,1786364100,False,143,141,0,0,1,140,0,,,301,UNKNOWN,not_extreme,0.505,,0.005156040191650391,,no_leader,,,,,,,,,no_leader,,,,,,,,,zip:///Users/bradamanka/Downloads/Stratgey testing/polymarket-btc-5m_2026-08-10.zip::polymarket-btc-updown-5m-1786363800-2026-08-10.txt.zst
zip:///Users/bradamanka/Downloads/Stratgey testing/polymarket-btc-5m_2026-08-09.zip::polymarket-btc-updown-5m-1786364400-2026-08-09.txt.zst,polymarket-btc-updown-5m-1786364400-2026-08-09.txt.zst,polymarket-btc-5m_2026-08-09.zip,1786364400,1786364700,False,131,129,0,0,1,128,0,,,301,UNKNOWN,not_extreme,0.505,,0.002897977828979492,,no_leader,,,,,,,,,no_leader,,,,,,,,,zip:///Users/bradamanka/Downloads/Stratgey testing/polymarket-btc-5m_2026-08-10.zip::polymarket-btc-updown-5m-1786364400-2026-08-10.txt.zst
zip:///Users/bradamanka/Downloads/Stratgey testing/polymarket-btc-5m_2026-08-09.zip::polymarket-btc-updown-5m-1786358100-2026-08-09.txt.zst,polymarket-btc-updown-5m-1786358100-2026-08-09.txt.zst,polymarket-btc-5m_2026-08-09.zip,1786358100,1786358400,False,5403,5401,0,0,1,5400,0,,,301,UNKNOWN,not_extreme,0.505,,0.07587504386901855,,no_leader,,,,,,,,,no_leader,,,,,,,,,zip:///Users/bradamanka/Downloads/Stratgey testing/polymarket-btc-5m_2026-08-10.zip::polymarket-btc-updown-5m-1786358100-2026-08-10.txt.zst
zip:///Users/bradamanka/Downloads/Stratgey testing/polymarket-btc-5m_2026-08-09.zip::polymarket-btc-updown-5m-1786364100-2026-08-09.txt.zst,polymarket-btc-updown-5m-1786364100-2026-08-09.txt.zst,polymarket-btc-5m_2026-08-09.zip,1786364100,1786364400,False,124,122,0,0,1,121,0,,,301,UNKNOWN,not_extreme,0.505,,0.0069179534912109375,,no_leader,,,,,,,,,no_leader,,,,,,,,,zip:///Users/bradamanka/Downloads/Stratgey testing/polymarket-btc-5m_2026-08-10.zip::polymarket-btc-updown-5m-1786364100-2026-08-10.txt.zst
zip:///Users/bradamanka/Downloads/Stratgey testing/polymarket-btc-5m_2026-08-09.zip::polymarket-btc-updown-5m-1786365000-2026-08-09.txt.zst,polymarket-btc-updown-5m-1786365000-2026-08-09.txt.zst,polymarket-btc-5m_2026-08-09.zip,1786365000,1786365300,False,177,175,0,0,1,174,0,,,301,UNKNOWN,not_extreme,0.505,,0.0031380653381347656,,no_leader,,,,,,,,,no_leader,,,,,,,,,zip:///Users/bradamanka/Downloads/Stratgey testing/polymarket-btc-5m_2026-08-10.zip::polymarket-btc-updown-5m-1786365000-2026-08-10.txt.zst
zip:///Users/bradamanka/Downloads/Stratgey testing/polymarket-btc-5m_2026-08-09.zip::polymarket-btc-updown-5m-1786364700-2026-08-09.txt.zst,polymarket-btc-updown-5m-1786364700-2026-08-09.txt.zst,polymarket-btc-5m_2026-08-09.zip,1786364700,1786365000,False,181,179,0,0,1,178,0,,,301,UNKNOWN,not_extreme,0.505,,0.0037698745727539062,,no_leader,,,,,,,,,no_leader,,,,,,,,,zip:///Users/bradamanka/Downloads/Stratgey testing/polymarket-btc-5m_2026-08-10.zip::polymarket-btc-updown-5m-1786364700-2026-08-10.txt.zst
zip:///Users/bradamanka/Downloads/Stratgey testing/polymarket-btc-5m_2026-08-09.zip::polymarket-btc-updown-5m-1786365300-2026-08-09.txt.zst,polymarket-btc-updown-5m-1786365300-2026-08-09.txt.zst,polymarket-btc-5m_2026-08-09.zip,1786365300,1786365600,False,161,159,0,0,1,158,0,,,301,UNKNOWN,not_extreme,0.505,,0.003253936767578125,,no_leader,,,,,,,,,no_leader,,,,,,,,,zip:///Users/bradamanka/Downloads/Stratgey testing/polymarket-btc-5m_2026-08-10.zip::polymarket-btc-updown-5m-1786365300-2026-08-10.txt.zst
zip:///Users/bradamanka/Downloads/Stratgey testing/polymarket-btc-5m_2026-08-09.zip::polymarket-btc-updown-5m-1786365600-2026-08-09.txt.zst,polymarket-btc-updown-5m-1786365600-2026-08-09.txt.zst,polymarket-btc-5m_2026-08-09.zip,1786365600,1786365900,False,143,141,0,0,1,140,0,,,301,UNKNOWN,not_extreme,0.505,,0.003674030303955078,,no_leader,,,,,,,,,no_leader,,,,,,,,,zip:///Users/bradamanka/Downloads/Stratgey testing/polymarket-btc-5m_2026-08-10.zip::polymarket-btc-updown-5m-1786365600-2026-08-10.txt.zst
zip:///Users/bradamanka/Downloads/Stratgey testing/polymarket-btc-5m_2026-08-09.zip::polymarket-btc-updown-5m-1786365900-2026-08-09.txt.zst,polymarket-btc-updown-5m-1786365900-2026-08-09.txt.zst,polymarket-btc-5m_2026-08-09.zip,1786365900,1786366200,False,128,126,0,0,1,125,0,,,301,UNKNOWN,not_extreme,0.505,,0.0031630992889404297,,no_leader,,,,,,,,,no_leader,,,,,,,,,zip:///Users/bradamanka/Downloads/Stratgey testing/polymarket-btc-5m_2026-08-10.zip::polymarket-btc-updown-5m-1786365900-2026-08-10.txt.zst
zip:///Users/bradamanka/Downloads/Stratgey testing/polymarket-btc-5m_2026-08-09.zip::polymarket-btc-updown-5m-1786366200-2026-08-09.txt.zst,polymarket-btc-updown-5m-1786366200-2026-08-09.txt.zst,polymarket-btc-5m_2026-08-09.zip,1786366200,1786366500,False,122,120,0,0,1,119,0,,,301,UNKNOWN,not_extreme,0.505,,0.0031366348266601562,,no_leader,,,,,,,,,no_leader,,,,,,,,,zip:///Users/bradamanka/Downloads/Stratgey testing/polymarket-btc-5m_2026-08-10.zip::polymarket-btc-updown-5m-1786366200-2026-08-10.txt.zst
zip:///Users/bradamanka/Downloads/Stratgey testing/polymarket-btc-5m_2026-08-09.zip::polymarket-btc-updown-5m-1786366500-2026-08-09.txt.zst,polymarket-btc-updown-5m-1786366500-2026-08-09.txt.zst,polymarket-btc-5m_2026-08-09.zip,1786366500,1786366800,False,63,61,0,0,1,60,0,,,301,UNKNOWN,not_extreme,0.505,,0.002743959426879883,,no_leader,,,,,,,,,no_leader,,,,,,,,,zip:///Users/bradamanka/Downloads/Stratgey testing/polymarket-btc-5m_2026-08-10.zip::polymarket-btc-updown-5m-1786366500-2026-08-10.txt.zst
zip:///Users/bradamanka/Downloads/Stratgey testing/polymarket-btc-5m_2026-08-09.zip::polymarket-btc-updown-5m-1786367100-2026-08-09.txt.zst,polymarket-btc-updown-5m-1786367100-2026-08-09.txt.zst,polymarket-btc-5m_2026-08-09.zip,1786367100,1786367400,False,151,149,0,0,1,148,0,,,301,UNKNOWN,not_extreme,0.505,,0.0030891895294189453,,no_leader,,,,,,,,,no_leader,,,,,,,,,zip:///Users/bradamanka/Downloads/Stratgey testing/polymarket-btc-5m_2026-08-10.zip::polymarket-btc-updown-5m-1786367100-2026-08-10.txt.zst
zip:///Users/bradamanka/Downloads/Stratgey testing/polymarket-btc-5m_2026-08-09.zip::polymarket-btc-updown-5m-1786367400-2026-08-09.txt.zst,polymarket-btc-updown-5m-1786367400-2026-08-09.txt.zst,polymarket-btc-5m_2026-08-09.zip,1786367400,1786367700,False,196,194,0,0,1,193,0,,,301,UNKNOWN,not_extreme,0.505,,0.003463268280029297,,no_leader,,,,,,,,,no_leader,,,,,,,,,zip:///Users/bradamanka/Downloads/Stratgey testing/polymarket-btc-5m_2026-08-10.zip::polymarket-btc-updown-5m-1786367400-2026-08-10.txt.zst
zip:///Users/bradamanka/Downloads/Stratgey testing/polymarket-btc-5m_2026-08-09.zip::polymarket-btc-updown-5m-1786366800-2026-08-09.txt.zst,polymarket-btc-updown-5m-1786366800-2026-08-09.txt.zst,polymarket-btc-5m_2026-08-09.zip,1786366800,1786367100,False,131,127,0,0,3,124,0,,,301,UNKNOWN,not_extreme,0.505,,0.006200075149536133,,no_leader,,,,,,,,,no_leader,,,,,,,,,zip:///Users/bradamanka/Downloads/Stratgey testing/polymarket-btc-5m_2026-08-10.zip::polymarket-btc-updown-5m-1786366800-2026-08-10.txt.zst
zip:///Users/bradamanka/Downloads/Stratgey testing/polymarket-btc-5m_2026-08-09.zip::polymarket-btc-updown-5m-1786368000-2026-08-09.txt.zst,polymarket-btc-updown-5m-1786368000-2026-08-09.txt.zst,polymarket-btc-5m_2026-08-09.zip,1786368000,1786368300,False,129,127,0,0,1,126,0,,,301,UNKNOWN,not_extreme,0.505,,0.00281524658203125,,no_leader,,,,,,,,,no_leader,,,,,,,,,zip:///Users/bradamanka/Downloads/Stratgey testing/polymarket-btc-5m_2026-08-10.zip::polymarket-btc-updown-5m-1786368000-2026-08-10.txt.zst
zip:///Users/bradamanka/Downloads/Stratgey testing/polymarket-btc-5m_2026-08-09.zip::polymarket-btc-updown-5m-1786367700-2026-08-09.txt.zst,polymarket-btc-updown-5m-1786367700-2026-08-09.txt.zst,polymarket-btc-5m_2026-08-09.zip,1786367700,1786368000,False,147,145,0,0,1,144,0,,,301,UNKNOWN,not_extreme,0.505,,0.003408193588256836,,no_leader,,,,,,,,,no_leader,,,,,,,,,zip:///Users/bradamanka/Downloads/Stratgey testing/polymarket-btc-5m_2026-08-10.zip::polymarket-btc-updown-5m-1786367700-2026-08-10.txt.zst
zip:///Users/bradamanka/Downloads/Stratgey testing/polymarket-btc-5m_2026-08-09.zip::polymarket-btc-updown-5m-1786368300-2026-08-09.txt.zst,polymarket-btc-updown-5m-1786368300-2026-08-09.txt.zst,polymarket-btc-5m_2026-08-09.zip,1786368300,1786368600,False,140,138,0,0,1,137,0,,,301,UNKNOWN,not_extreme,0.505,,0.0030069351196289062,,no_leader,,,,,,,,,no_leader,,,,,,,,,zip:///Users/bradamanka/Downloads/Stratgey testing/polymarket-btc-5m_2026-08-10.zip::polymarket-btc-updown-5m-1786368300-2026-08-10.txt.zst
zip:///Users/bradamanka/Downloads/Stratgey testing/polymarket-btc-5m_2026-08-09.zip::polymarket-btc-updown-5m-1786368600-2026-08-09.txt.zst,polymarket-btc-updown-5m-1786368600-2026-08-09.txt.zst,polymarket-btc-5m_2026-08-09.zip,1786368600,1786368900,False,68,66,0,0,1,65,0,,,301,UNKNOWN,not_extreme,0.505,,0.002335071563720703,,no_leader,,,,,,,,,no_leader,,,,,,,,,zip:///Users/bradamanka/Downloads/Stratgey testing/polymarket-btc-5m_2026-08-10.zip::polymarket-btc-updown-5m-1786368600-2026-08-10.txt.zst
zip:///Users/bradamanka/Downloads/Stratgey testing/polymarket-btc-5m_2026-08-09.zip::polymarket-btc-updown-5m-1786368900-2026-08-09.txt.zst,polymarket-btc-updown-5m-1786368900-2026-08-09.txt.zst,polymarket-btc-5m_2026-08-09.zip,1786368900,1786369200,False,138,135,0,0,2,133,0,,,301,UNKNOWN,not_extreme,0.505,,0.0031290054321289062,,no_leader,,,,,,,,,no_leader,,,,,,,,,zip:///Users/bradamanka/Downloads/Stratgey testing/polymarket-btc-5m_2026-08-10.zip::polymarket-btc-updown-5m-1786368900-2026-08-10.txt.zst
zip:///Users/bradamanka/Downloads/Stratgey testing/polymarket-btc-5m_2026-08-09.zip::polymarket-btc-updown-5m-1786369200-2026-08-09.txt.zst,polymarket-btc-updown-5m-1786369200-2026-08-09.txt.zst,polymarket-btc-5m_2026-08-09.zip,1786369200,1786369500,False,119,117,0,0,1,116,0,,,301,UNKNOWN,not_extreme,0.505,,0.002913951873779297,,no_leader,,,,,,,,,no_leader,,,,,,,,,zip:///Users/bradamanka/Downloads/Stratgey testing/polymarket-btc-5m_2026-08-10.zip::polymarket-btc-updown-5m-1786369200-2026-08-10.txt.zst
zip:///Users/bradamanka/Downloads/Stratgey testing/polymarket-btc-5m_2026-08-09.zip::polymarket-btc-updown-5m-1786369800-2026-08-09.txt.zst,polymarket-btc-updown-5m-1786369800-2026-08-09.txt.zst,polymarket-btc-5m_2026-08-09.zip,1786369800,1786370100,False,157,155,0,0,1,154,0,,,301,UNKNOWN,not_extreme,0.505,,0.0024902820587158203,,no_leader,,,,,,,,,no_leader,,,,,,,,,zip:///Users/bradamanka/Downloads/Stratgey testing/polymarket-btc-5m_2026-08-10.zip::polymarket-btc-updown-5m-1786369800-2026-08-10.txt.zst
zip:///Users/bradamanka/Downloads/Stratgey testing/polymarket-btc-5m_2026-08-09.zip::polymarket-btc-updown-5m-1786370100-2026-08-09.txt.zst,polymarket-btc-updown-5m-1786370100-2026-08-09.txt.zst,polymarket-btc-5m_2026-08-09.zip,1786370100,1786370400,False,164,162,0,0,1,161,0,,,301,UNKNOWN,not_extreme,0.505,,0.0030400753021240234,,no_leader,,,,,,,,,no_leader,,,,,,,,,zip:///Users/bradamanka/Downloads/Stratgey testing/polymarket-btc-5m_2026-08-10.zip::polymarket-btc-updown-5m-1786370100-2026-08-10.txt.zst
zip:///Users/bradamanka/Downloads/Stratgey testing/polymarket-btc-5m_2026-08-09.zip::polymarket-btc-updown-5m-1786370400-2026-08-09.txt.zst,polymarket-btc-updown-5m-1786370400-2026-08-09.txt.zst,polymarket-btc-5m_2026-08-09.zip,1786370400,1786370700,False,225,223,0,0,1,222,0,,,301,UNKNOWN,not_extreme,0.505,,0.0032477378845214844,,no_leader,,,,,,,,,no_leader,,,,,,,,,zip:///Users/bradamanka/Downloads/Stratgey testing/polymarket-btc-5m_2026-08-10.zip::polymarket-btc-updown-5m-1786370400-2026-08-10.txt.zst
zip:///Users/bradamanka/Downloads/Stratgey testing/polymarket-btc-5m_2026-08-09.zip::polymarket-btc-updown-5m-1786369500-2026-08-09.txt.zst,polymarket-btc-updown-5m-1786369500-2026-08-09.txt.zst,polymarket-btc-5m_2026-08-09.zip,1786369500,1786369800,False,249,247,0,0,1,246,0,,,301,UNKNOWN,not_extreme,0.505,,0.006997108459472656,,no_leader,,,,,,,,,no_leader,,,,,,,,,zip:///Users/bradamanka/Downloads/Stratgey testing/polymarket-btc-5m_2026-08-10.zip::polymarket-btc-updown-5m-1786369500-2026-08-10.txt.zst
zip:///Users/bradamanka/Downloads/Stratgey testing/polymarket-btc-5m_2026-08-09.zip::polymarket-btc-updown-5m-1786371000-2026-08-09.txt.zst,polymarket-btc-updown-5m-1786371000-2026-08-09.txt.zst,polymarket-btc-5m_2026-08-09.zip,1786371000,1786371300,False,76,74,0,0,1,73,0,,,301,UNKNOWN,not_extreme,0.505,,0.007928133010864258,,no_leader,,,,,,,,,no_leader,,,,,,,,,zip:///Users/bradamanka/Downloads/Stratgey testing/polymarket-btc-5m_2026-08-10.zip::polymarket-btc-updown-5m-1786371000-2026-08-10.txt.zst
zip:///Users/bradamanka/Downloads/Stratgey testing/polymarket-btc-5m_2026-08-09.zip::polymarket-btc-updown-5m-1786370700-2026-08-09.txt.zst,polymarket-btc-updown-5m-1786370700-2026-08-09.txt.zst,polymarket-btc-5m_2026-08-09.zip,1786370700,1786371000,False,202,200,0,0,1,199,0,,,301,UNKNOWN,not_extreme,0.505,,0.008508920669555664,,no_leader,,,,,,,,,no_leader,,,,,,,,,zip:///Users/bradamanka/Downloads/Stratgey testing/polymarket-btc-5m_2026-08-10.zip::polymarket-btc-updown-5m-1786370700-2026-08-10.txt.zst
zip:///Users/bradamanka/Downloads/Stratgey testing/polymarket-btc-5m_2026-08-09.zip::polymarket-btc-updown-5m-1786371600-2026-08-09.txt.zst,polymarket-btc-updown-5m-1786371600-2026-08-09.txt.zst,polymarket-btc-5m_2026-08-09.zip,1786371600,1786371900,False,113,111,0,0,1,110,0,,,301,UNKNOWN,not_extreme,0.505,,0.003072023391723633,,no_leader,,,,,,,,,no_leader,,,,,,,,,zip:///Users/bradamanka/Downloads/Stratgey testing/polymarket-btc-5m_2026-08-10.zip::polymarket-btc-updown-5m-1786371600-2026-08-10.txt.zst
zip:///Users/bradamanka/Downloads/Stratgey testing/polymarket-btc-5m_2026-08-09.zip::polymarket-btc-updown-5m-1786371900-2026-08-09.txt.zst,polymarket-btc-updown-5m-1786371900-2026-08-09.txt.zst,polymarket-btc-5m_2026-08-09.zip,1786371900,1786372200,False,151,149,0,0,1,148,0,,,301,UNKNOWN,not_extreme,0.505,,0.003076791763305664,,no_leader,,,,,,,,,no_leader,,,,,,,,,zip:///Users/bradamanka/Downloads/Stratgey testing/polymarket-btc-5m_2026-08-10.zip::polymarket-btc-updown-5m-1786371900-2026-08-10.txt.zst
zip:///Users/bradamanka/Downloads/Stratgey testing/polymarket-btc-5m_2026-08-09.zip::polymarket-btc-updown-5m-1786371300-2026-08-09.txt.zst,polymarket-btc-updown-5m-1786371300-2026-08-09.txt.zst,polymarket-btc-5m_2026-08-09.zip,1786371300,1786371600,False,50,48,0,0,1,47,0,,,301,UNKNOWN,not_extreme,0.505,,0.012733936309814453,,no_leader,,,,,,,,,no_leader,,,,,,,,,zip:///Users/bradamanka/Downloads/Stratgey testing/polymarket-btc-5m_2026-08-10.zip::polymarket-btc-updown-5m-1786371300-2026-08-10.txt.zst
zip:///Users/bradamanka/Downloads/Stratgey testing/polymarket-btc-5m_2026-08-09.zip::polymarket-btc-updown-5m-1786372200-2026-08-09.txt.zst,polymarket-btc-updown-5m-1786372200-2026-08-09.txt.zst,polymarket-btc-5m_2026-08-09.zip,1786372200,1786372500,False,104,102,0,0,1,101,0,,,301,UNKNOWN,not_extreme,0.505,,0.003056049346923828,,no_leader,,,,,,,,,no_leader,,,,,,,,,zip:///Users/bradamanka/Downloads/Stratgey testing/polymarket-btc-5m_2026-08-10.zip::polymarket-btc-updown-5m-1786372200-2026-08-10.txt.zst
zip:///Users/bradamanka/Downloads/Stratgey testing/polymarket-btc-5m_2026-08-09.zip::polymarket-btc-updown-5m-1786372500-2026-08-09.txt.zst,polymarket-btc-updown-5m-1786372500-2026-08-09.txt.zst,polymarket-btc-5m_2026-08-09.zip,1786372500,1786372800,False,141,139,0,0,1,138,0,,,301,UNKNOWN,not_extreme,0.505,,0.0032455921173095703,,no_leader,,,,,,,,,no_leader,,,,,,,,,zip:///Users/bradamanka/Downloads/Stratgey testing/polymarket-btc-5m_2026-08-10.zip::polymarket-btc-updown-5m-1786372500-2026-08-10.txt.zst
zip:///Users/bradamanka/Downloads/Stratgey testing/polymarket-btc-5m_2026-08-09.zip::polymarket-btc-updown-5m-1786372800-2026-08-09.txt.zst,polymarket-btc-updown-5m-1786372800-2026-08-09.txt.zst,polymarket-btc-5m_2026-08-09.zip,1786372800,1786373100,False,136,134,0,0,1,133,0,,,301,UNKNOWN,not_extreme,0.505,,0.004770040512084961,,no_leader,,,,,,,,,no_leader,,,,,,,,,zip:///Users/bradamanka/Downloads/Stratgey testing/polymarket-btc-5m_2026-08-10.zip::polymarket-btc-updown-5m-1786372800-2026-08-10.txt.zst
zip:///Users/bradamanka/Downloads/Stratgey testing/polymarket-btc-5m_2026-08-09.zip::polymarket-btc-updown-5m-1786373100-2026-08-09.txt.zst,polymarket-btc-updown-5m-1786373100-2026-08-09.txt.zst,polymarket-btc-5m_2026-08-09.zip,1786373100,1786373400,False,134,132,0,0,1,131,0,,,301,UNKNOWN,not_extreme,0.505,,0.0029709339141845703,,no_leader,,,,,,,,,no_leader,,,,,,,,,zip:///Users/bradamanka/Downloads/Stratgey testing/polymarket-btc-5m_2026-08-10.zip::polymarket-btc-updown-5m-1786373100-2026-08-10.txt.zst
zip:///Users/bradamanka/Downloads/Stratgey testing/polymarket-btc-5m_2026-08-09.zip::polymarket-btc-updown-5m-1786373700-2026-08-09.txt.zst,polymarket-btc-updown-5m-1786373700-2026-08-09.txt.zst,polymarket-btc-5m_2026-08-09.zip,1786373700,1786374000,False,78,76,0,0,1,75,0,,,301,UNKNOWN,not_extreme,0.505,,0.002713918685913086,,no_leader,,,,,,,,,no_leader,,,,,,,,,zip:///Users/bradamanka/Downloads/Stratgey testing/polymarket-btc-5m_2026-08-10.zip::polymarket-btc-updown-5m-1786373700-2026-08-10.txt.zst
zip:///Users/bradamanka/Downloads/Stratgey testing/polymarket-btc-5m_2026-08-09.zip::polymarket-btc-updown-5m-1786374000-2026-08-09.txt.zst,polymarket-btc-updown-5m-1786374000-2026-08-09.txt.zst,polymarket-btc-5m_2026-08-09.zip,1786374000,1786374300,False,93,91,0,0,1,90,0,,,301,UNKNOWN,not_extreme,0.505,,0.0026328563690185547,,no_leader,,,,,,,,,no_leader,,,,,,,,,zip:///Users/bradamanka/Downloads/Stratgey testing/polymarket-btc-5m_2026-08-10.zip::polymarket-btc-updown-5m-1786374000-2026-08-10.txt.zst
zip:///Users/bradamanka/Downloads/Stratgey testing/polymarket-btc-5m_2026-08-09.zip::polymarket-btc-updown-5m-1786373400-2026-08-09.txt.zst,polymarket-btc-updown-5m-1786373400-2026-08-09.txt.zst,polymarket-btc-5m_2026-08-09.zip,1786373400,1786373700,False,174,172,0,0,1,171,0,,,301,UNKNOWN,not_extreme,0.505,,0.007049083709716797,,no_leader,,,,,,,,,no_leader,,,,,,,,,zip:///Users/bradamanka/Downloads/Stratgey testing/polymarket-btc-5m_2026-08-10.zip::polymarket-btc-updown-5m-1786373400-2026-08-10.txt.zst
zip:///Users/bradamanka/Downloads/Stratgey testing/polymarket-btc-5m_2026-08-09.zip::polymarket-btc-updown-5m-1786374300-2026-08-09.txt.zst,polymarket-btc-updown-5m-1786374300-2026-08-09.txt.zst,polymarket-btc-5m_2026-08-09.zip,1786374300,1786374600,False,132,130,0,0,1,129,0,,,301,UNKNOWN,not_extreme,0.505,,0.003186941146850586,,no_leader,,,,,,,,,no_leader,,,,,,,,,zip:///Users/bradamanka/Downloads/Stratgey testing/polymarket-btc-5m_2026-08-10.zip::polymarket-btc-updown-5m-1786374300-2026-08-10.txt.zst
zip:///Users/bradamanka/Downloads/Stratgey testing/polymarket-btc-5m_2026-08-09.zip::polymarket-btc-updown-5m-1786375200-2026-08-09.txt.zst,polymarket-btc-updown-5m-1786375200-2026-08-09.txt.zst,polymarket-btc-5m_2026-08-09.zip,1786375200,1786375500,False,87,85,0,0,1,84,0,,,301,UNKNOWN,not_extreme,0.505,,0.0025610923767089844,,no_leader,,,,,,,,,no_leader,,,,,,,,,zip:///Users/bradamanka/Downloads/Stratgey testing/polymarket-btc-5m_2026-08-10.zip::polymarket-btc-updown-5m-1786375200-2026-08-10.txt.zst
zip:///Users/bradamanka/Downloads/Stratgey testing/polymarket-btc-5m_2026-08-09.zip::polymarket-btc-updown-5m-1786374600-2026-08-09.txt.zst,polymarket-btc-updown-5m-1786374600-2026-08-09.txt.zst,polymarket-btc-5m_2026-08-09.zip,1786374600,1786374900,False,141,139,0,0,1,138,0,,,301,UNKNOWN,not_extreme,0.505,,0.004792928695678711,,no_leader,,,,,,,,,no_leader,,,,,,,,,zip:///Users/bradamanka/Downloads/Stratgey testing/polymarket-btc-5m_2026-08-10.zip::polymarket-btc-updown-5m-1786374600-2026-08-10.txt.zst
zip:///Users/bradamanka/Downloads/Stratgey testing/polymarket-btc-5m_2026-08-09.zip::polymarket-btc-updown-5m-1786374900-2026-08-09.txt.zst,polymarket-btc-updown-5m-1786374900-2026-08-09.txt.zst,polymarket-btc-5m_2026-08-09.zip,1786374900,1786375200,False,109,107,0,0,1,106,0,,,301,UNKNOWN,not_extreme,0.505,,0.005425214767456055,,no_leader,,,,,,,,,no_leader,,,,,,,,,zip:///Users/bradamanka/Downloads/Stratgey testing/polymarket-btc-5m_2026-08-10.zip::polymarket-btc-updown-5m-1786374900-2026-08-10.txt.zst
zip:///Users/bradamanka/Downloads/Stratgey testing/polymarket-btc-5m_2026-08-09.zip::polymarket-btc-updown-5m-1786375800-2026-08-09.txt.zst,polymarket-btc-updown-5m-1786375800-2026-08-09.txt.zst,polymarket-btc-5m_2026-08-09.zip,1786375800,1786376100,False,49,47,0,0,1,46,0,,,301,UNKNOWN,not_extreme,0.505,,0.0023131370544433594,,no_leader,,,,,,,,,no_leader,,,,,,,,,zip:///Users/bradamanka/Downloads/Stratgey testing/polymarket-btc-5m_2026-08-10.zip::polymarket-btc-updown-5m-1786375800-2026-08-10.txt.zst
zip:///Users/bradamanka/Downloads/Stratgey testing/polymarket-btc-5m_2026-08-09.zip::polymarket-btc-updown-5m-1786375500-2026-08-09.txt.zst,polymarket-btc-updown-5m-1786375500-2026-08-09.txt.zst,polymarket-btc-5m_2026-08-09.zip,1786375500,1786375800,False,72,70,0,0,1,69,0,,,301,UNKNOWN,not_extreme,0.505,,0.0029540061950683594,,no_leader,,,,,,,,,no_leader,,,,,,,,,zip:///Users/bradamanka/Downloads/Stratgey testing/polymarket-btc-5m_2026-08-10.zip::polymarket-btc-updown-5m-1786375500-2026-08-10.txt.zst
zip:///Users/bradamanka/Downloads/Stratgey testing/polymarket-btc-5m_2026-08-09.zip::polymarket-btc-updown-5m-1786376100-2026-08-09.txt.zst,polymarket-btc-updown-5m-1786376100-2026-08-09.txt.zst,polymarket-btc-5m_2026-08-09.zip,1786376100,1786376400,False,35,33,0,0,1,32,0,,,301,UNKNOWN,not_extreme,0.505,,0.002637147903442383,,no_leader,,,,,,,,,no_leader,,,,,,,,,zip:///Users/bradamanka/Downloads/Stratgey testing/polymarket-btc-5m_2026-08-10.zip::polymarket-btc-updown-5m-1786376100-2026-08-10.txt.zst
zip:///Users/bradamanka/Downloads/Stratgey testing/polymarket-btc-5m_2026-08-09.zip::polymarket-btc-updown-5m-1786376400-2026-08-09.txt.zst,polymarket-btc-updown-5m-1786376400-2026-08-09.txt.zst,polymarket-btc-5m_2026-08-09.zip,1786376400,1786376700,False,99,97,0,0,1,96,0,,,301,UNKNOWN,not_extreme,0.505,,0.00273895263671875,,no_leader,,,,,,,,,no_leader,,,,,,,,,zip:///Users/bradamanka/Downloads/Stratgey testing/polymarket-btc-5m_2026-08-10.zip::polymarket-btc-updown-5m-1786376400-2026-08-10.txt.zst
zip:///Users/bradamanka/Downloads/Stratgey testing/polymarket-btc-5m_2026-08-09.zip::polymarket-btc-updown-5m-1786376700-2026-08-09.txt.zst,polymarket-btc-updown-5m-1786376700-2026-08-09.txt.zst,polymarket-btc-5m_2026-08-09.zip,1786376700,1786377000,False,128,126,0,0,1,125,0,,,301,UNKNOWN,not_extreme,0.505,,0.0035729408264160156,,no_leader,,,,,,,,,no_leader,,,,,,,,,zip:///Users/bradamanka/Downloads/Stratgey testing/polymarket-btc-5m_2026-08-10.zip::polymarket-btc-updown-5m-1786376700-2026-08-10.txt.zst
zip:///Users/bradamanka/Downloads/Stratgey testing/polymarket-btc-5m_2026-08-09.zip::polymarket-btc-updown-5m-1786377000-2026-08-09.txt.zst,polymarket-btc-updown-5m-1786377000-2026-08-09.txt.zst,polymarket-btc-5m_2026-08-09.zip,1786377000,1786377300,False,144,142,0,0,1,141,0,,,301,UNKNOWN,not_extreme,0.505,,0.0033299922943115234,,no_leader,,,,,,,,,no_leader,,,,,,,,,zip:///Users/bradamanka/Downloads/Stratgey testing/polymarket-btc-5m_2026-08-10.zip::polymarket-btc-updown-5m-1786377000-2026-08-10.txt.zst
zip:///Users/bradamanka/Downloads/Stratgey testing/polymarket-btc-5m_2026-08-09.zip::polymarket-btc-updown-5m-1786377600-2026-08-09.txt.zst,polymarket-btc-updown-5m-1786377600-2026-08-09.txt.zst,polymarket-btc-5m_2026-08-09.zip,1786377600,1786377900,False,100,98,0,0,1,97,0,,,301,UNKNOWN,not_extreme,0.505,,0.002927064895629883,,no_leader,,,,,,,,,no_leader,,,,,,,,,zip:///Users/bradamanka/Downloads/Stratgey testing/polymarket-btc-5m_2026-08-10.zip::polymarket-btc-updown-5m-1786377600-2026-08-10.txt.zst
zip:///Users/bradamanka/Downloads/Stratgey testing/polymarket-btc-5m_2026-08-09.zip::polymarket-btc-updown-5m-1786377900-2026-08-09.txt.zst,polymarket-btc-updown-5m-1786377900-2026-08-09.txt.zst,polymarket-btc-5m_2026-08-09.zip,1786377900,1786378200,False,120,118,0,0,1,117,0,,,301,UNKNOWN,not_extreme,0.505,,0.0028200149536132812,,no_leader,,,,,,,,,no_leader,,,,,,,,,zip:///Users/bradamanka/Downloads/Stratgey testing/polymarket-btc-5m_2026-08-10.zip::polymarket-btc-updown-5m-1786377900-2026-08-10.txt.zst
zip:///Users/bradamanka/Downloads/Stratgey testing/polymarket-btc-5m_2026-08-09.zip::polymarket-btc-updown-5m-1786378200-2026-08-09.txt.zst,polymarket-btc-updown-5m-1786378200-2026-08-09.txt.zst,polymarket-btc-5m_2026-08-09.zip,1786378200,1786378500,False,101,99,0,0,1,98,0,,,301,UNKNOWN,not_extreme,0.505,,0.002795696258544922,,no_leader,,,,,,,,,no_leader,,,,,,,,,zip:///Users/bradamanka/Downloads/Stratgey testing/polymarket-btc-5m_2026-08-10.zip::polymarket-btc-updown-5m-1786378200-2026-08-10.txt.zst
zip:///Users/bradamanka/Downloads/Stratgey testing/polymarket-btc-5m_2026-08-09.zip::polymarket-btc-updown-5m-1786378500-2026-08-09.txt.zst,polymarket-btc-updown-5m-1786378500-2026-08-09.txt.zst,polymarket-btc-5m_2026-08-09.zip,1786378500,1786378800,False,77,75,0,0,1,74,0,,,301,UNKNOWN,not_extreme,0.505,,0.002450227737426758,,no_leader,,,,,,,,,no_leader,,,,,,,,,zip:///Users/bradamanka/Downloads/Stratgey testing/polymarket-btc-5m_2026-08-10.zip::polymarket-btc-updown-5m-1786378500-2026-08-10.txt.zst
zip:///Users/bradamanka/Downloads/Stratgey testing/polymarket-btc-5m_2026-08-09.zip::polymarket-btc-updown-5m-1786378800-2026-08-09.txt.zst,polymarket-btc-updown-5m-1786378800-2026-08-09.txt.zst,polymarket-btc-5m_2026-08-09.zip,1786378800,1786379100,False,81,79,0,0,1,78,0,,,301,UNKNOWN,not_extreme,0.505,,0.0024917125701904297,,no_leader,,,,,,,,,no_leader,,,,,,,,,zip:///Users/bradamanka/Downloads/Stratgey testing/polymarket-btc-5m_2026-08-10.zip::polymarket-btc-updown-5m-1786378800-2026-08-10.txt.zst
zip:///Users/bradamanka/Downloads/Stratgey testing/polymarket-btc-5m_2026-08-09.zip::polymarket-btc-updown-5m-1786379100-2026-08-09.txt.zst,polymarket-btc-updown-5m-1786379100-2026-08-09.txt.zst,polymarket-btc-5m_2026-08-09.zip,1786379100,1786379400,False,87,85,0,0,1,84,0,,,301,UNKNOWN,not_extreme,0.505,,0.002552032470703125,,no_leader,,,,,,,,,no_leader,,,,,,,,,zip:///Users/bradamanka/Downloads/Stratgey testing/polymarket-btc-5m_2026-08-10.zip::polymarket-btc-updown-5m-1786379100-2026-08-10.txt.zst
zip:///Users/bradamanka/Downloads/Stratgey testing/polymarket-btc-5m_2026-08-09.zip::polymarket-btc-updown-5m-1786377300-2026-08-09.txt.zst,polymarket-btc-updown-5m-1786377300-2026-08-09.txt.zst,polymarket-btc-5m_2026-08-09.zip,1786377300,1786377600,False,77,75,0,0,1,74,0,,,301,UNKNOWN,not_extreme,0.505,,0.009776115417480469,,no_leader,,,,,,,,,no_leader,,,,,,,,,zip:///Users/bradamanka/Downloads/Stratgey testing/polymarket-btc-5m_2026-08-10.zip::polymarket-btc-updown-5m-1786377300-2026-08-10.txt.zst
zip:///Users/bradamanka/Downloads/Stratgey testing/polymarket-btc-5m_2026-08-09.zip::polymarket-btc-updown-5m-1786379400-2026-08-09.txt.zst,polymarket-btc-updown-5m-1786379400-2026-08-09.txt.zst,polymarket-btc-5m_2026-08-09.zip,1786379400,1786379700,False,129,127,0,0,1,126,0,,,301,UNKNOWN,not_extreme,0.505,,0.0028400421142578125,,no_leader,,,,,,,,,no_leader,,,,,,,,,zip:///Users/bradamanka/Downloads/Stratgey testing/polymarket-btc-5m_2026-08-10.zip::polymarket-btc-updown-5m-1786379400-2026-08-10.txt.zst
zip:///Users/bradamanka/Downloads/Stratgey testing/polymarket-btc-5m_2026-08-09.zip::polymarket-btc-updown-5m-1786379700-2026-08-09.txt.zst,polymarket-btc-updown-5m-1786379700-2026-08-09.txt.zst,polymarket-btc-5m_2026-08-09.zip,1786379700,1786380000,False,55,53,0,0,1,52,0,,,301,UNKNOWN,not_extreme,0.5,,0.0020630359649658203,,no_leader,,,,,,,,,no_leader,,,,,,,,,zip:///Users/bradamanka/Downloads/Stratgey testing/polymarket-btc-5m_2026-08-10.zip::polymarket-btc-updown-5m-1786379700-2026-08-10.txt.zst
zip:///Users/bradamanka/Downloads/Stratgey testing/polymarket-btc-5m_2026-08-09.zip::polymarket-btc-updown-5m-1786380000-2026-08-09.txt.zst,polymarket-btc-updown-5m-1786380000-2026-08-09.txt.zst,polymarket-btc-5m_2026-08-09.zip,1786380000,1786380300,False,157,155,0,0,1,154,0,,,301,UNKNOWN,not_extreme,0.505,,0.0031609535217285156,,no_leader,,,,,,,,,no_leader,,,,,,,,,zip:///Users/bradamanka/Downloads/Stratgey testing/polymarket-btc-5m_2026-08-10.zip::polymarket-btc-updown-5m-1786380000-2026-08-10.txt.zst
zip:///Users/bradamanka/Downloads/Stratgey testing/polymarket-btc-5m_2026-08-09.zip::polymarket-btc-updown-5m-1786380300-2026-08-09.txt.zst,polymarket-btc-updown-5m-1786380300-2026-08-09.txt.zst,polymarket-btc-5m_2026-08-09.zip,1786380300,1786380600,False,76,74,0,0,1,73,0,,,301,UNKNOWN,not_extreme,0.505,,0.002576112747192383,,no_leader,,,,,,,,,no_leader,,,,,,,,,zip:///Users/bradamanka/Downloads/Stratgey testing/polymarket-btc-5m_2026-08-10.zip::polymarket-btc-updown-5m-1786380300-2026-08-10.txt.zst
zip:///Users/bradamanka/Downloads/Stratgey testing/polymarket-btc-5m_2026-08-09.zip::polymarket-btc-updown-5m-1786380600-2026-08-09.txt.zst,polymarket-btc-updown-5m-1786380600-2026-08-09.txt.zst,polymarket-btc-5m_2026-08-09.zip,1786380600,1786380900,False,130,128,0,0,1,127,0,,,301,UNKNOWN,not_extreme,0.505,,0.0029692649841308594,,no_leader,,,,,,,,,no_leader,,,,,,,,,zip:///Users/bradamanka/Downloads/Stratgey testing/polymarket-btc-5m_2026-08-10.zip::polymarket-btc-updown-5m-1786380600-2026-08-10.txt.zst
zip:///Users/bradamanka/Downloads/Stratgey testing/polymarket-btc-5m_2026-08-09.zip::polymarket-btc-updown-5m-1786381200-2026-08-09.txt.zst,polymarket-btc-updown-5m-1786381200-2026-08-09.txt.zst,polymarket-btc-5m_2026-08-09.zip,1786381200,1786381500,False,115,113,0,0,1,112,0,,,301,UNKNOWN,not_extreme,0.505,,0.002889394760131836,,no_leader,,,,,,,,,no_leader,,,,,,,,,zip:///Users/bradamanka/Downloads/Stratgey testing/polymarket-btc-5m_2026-08-10.zip::polymarket-btc-updown-5m-1786381200-2026-08-10.txt.zst
zip:///Users/bradamanka/Downloads/Stratgey testing/polymarket-btc-5m_2026-08-09.zip::polymarket-btc-updown-5m-1786380900-2026-08-09.txt.zst,polymarket-btc-updown-5m-1786380900-2026-08-09.txt.zst,polymarket-btc-5m_2026-08-09.zip,1786380900,1786381200,False,83,81,0,0,1,80,0,,,301,UNKNOWN,not_extreme,0.505,,0.003525972366333008,,no_leader,,,,,,,,,no_leader,,,,,,,,,zip:///Users/bradamanka/Downloads/Stratgey testing/polymarket-btc-5m_2026-08-10.zip::polymarket-btc-updown-5m-1786380900-2026-08-10.txt.zst
zip:///Users/bradamanka/Downloads/Stratgey testing/polymarket-btc-5m_2026-08-09.zip::polymarket-btc-updown-5m-1786381500-2026-08-09.txt.zst,polymarket-btc-updown-5m-1786381500-2026-08-09.txt.zst,polymarket-btc-5m_2026-08-09.zip,1786381500,1786381800,False,86,84,0,0,1,83,0,,,301,UNKNOWN,not_extreme,0.505,,0.0037469863891601562,,no_leader,,,,,,,,,no_leader,,,,,,,,,zip:///Users/bradamanka/Downloads/Stratgey testing/polymarket-btc-5m_2026-08-10.zip::polymarket-btc-updown-5m-1786381500-2026-08-10.txt.zst
zip:///Users/bradamanka/Downloads/Stratgey testing/polymarket-btc-5m_2026-08-09.zip::polymarket-btc-updown-5m-1786381800-2026-08-09.txt.zst,polymarket-btc-updown-5m-1786381800-2026-08-09.txt.zst,polymarket-btc-5m_2026-08-09.zip,1786381800,1786382100,False,86,84,0,0,1,83,0,,,301,UNKNOWN,not_extreme,0.505,,0.0028727054595947266,,no_leader,,,,,,,,,no_leader,,,,,,,,,zip:///Users/bradamanka/Downloads/Stratgey testing/polymarket-btc-5m_2026-08-10.zip::polymarket-btc-updown-5m-1786381800-2026-08-10.txt.zst
zip:///Users/bradamanka/Downloads/Stratgey testing/polymarket-btc-5m_2026-08-09.zip::polymarket-btc-updown-5m-1786382100-2026-08-09.txt.zst,polymarket-btc-updown-5m-1786382100-2026-08-09.txt.zst,polymarket-btc-5m_2026-08-09.zip,1786382100,1786382400,False,71,69,0,0,1,68,0,,,301,UNKNOWN,not_extreme,0.505,,0.004959821701049805,,no_leader,,,,,,,,,no_leader,,,,,,,,,zip:///Users/bradamanka/Downloads/Stratgey testing/polymarket-btc-5m_2026-08-10.zip::polymarket-btc-updown-5m-1786382100-2026-08-10.txt.zst
zip:///Users/bradamanka/Downloads/Stratgey testing/polymarket-btc-5m_2026-08-09.zip::polymarket-btc-updown-5m-1786382400-2026-08-09.txt.zst,polymarket-btc-updown-5m-1786382400-2026-08-09.txt.zst,polymarket-btc-5m_2026-08-09.zip,1786382400,1786382700,False,115,113,0,0,1,112,0,,,301,UNKNOWN,not_extreme,0.505,,0.0032091140747070312,,no_leader,,,,,,,,,no_leader,,,,,,,,,zip:///Users/bradamanka/Downloads/Stratgey testing/polymarket-btc-5m_2026-08-10.zip::polymarket-btc-updown-5m-1786382400-2026-08-10.txt.zst
zip:///Users/bradamanka/Downloads/Stratgey testing/polymarket-btc-5m_2026-08-09.zip::polymarket-btc-updown-5m-1786382700-2026-08-09.txt.zst,polymarket-btc-updown-5m-1786382700-2026-08-09.txt.zst,polymarket-btc-5m_2026-08-09.zip,1786382700,1786383000,False,67,65,0,0,1,64,0,,,301,UNKNOWN,not_extreme,0.505,,0.0030879974365234375,,no_leader,,,,,,,,,no_leader,,,,,,,,,zip:///Users/bradamanka/Downloads/Stratgey testing/polymarket-btc-5m_2026-08-10.zip::polymarket-btc-updown-5m-1786382700-2026-08-10.txt.zst
zip:///Users/bradamanka/Downloads/Stratgey testing/polymarket-btc-5m_2026-08-09.zip::polymarket-btc-updown-5m-1786383000-2026-08-09.txt.zst,polymarket-btc-updown-5m-1786383000-2026-08-09.txt.zst,polymarket-btc-5m_2026-08-09.zip,1786383000,1786383300,False,116,114,0,0,1,113,0,,,301,UNKNOWN,not_extreme,0.505,,0.0031020641326904297,,no_leader,,,,,,,,,no_leader,,,,,,,,,zip:///Users/bradamanka/Downloads/Stratgey testing/polymarket-btc-5m_2026-08-10.zip::polymarket-btc-updown-5m-1786383000-2026-08-10.txt.zst
zip:///Users/bradamanka/Downloads/Stratgey testing/polymarket-btc-5m_2026-08-09.zip::polymarket-btc-updown-5m-1786383300-2026-08-09.txt.zst,polymarket-btc-updown-5m-1786383300-2026-08-09.txt.zst,polymarket-btc-5m_2026-08-09.zip,1786383300,1786383600,False,133,131,0,0,1,130,0,,,301,UNKNOWN,not_extreme,0.505,,0.004182100296020508,,no_leader,,,,,,,,,no_leader,,,,,,,,,zip:///Users/bradamanka/Downloads/Stratgey testing/polymarket-btc-5m_2026-08-10.zip::polymarket-btc-updown-5m-1786383300-2026-08-10.txt.zst
zip:///Users/bradamanka/Downloads/Stratgey testing/polymarket-btc-5m_2026-08-09.zip::polymarket-btc-updown-5m-1786383600-2026-08-09.txt.zst,polymarket-btc-updown-5m-1786383600-2026-08-09.txt.zst,polymarket-btc-5m_2026-08-09.zip,1786383600,1786383900,False,91,89,0,0,1,88,0,,,301,UNKNOWN,not_extreme,0.505,,0.0028798580169677734,,no_leader,,,,,,,,,no_leader,,,,,,,,,zip:///Users/bradamanka/Downloads/Stratgey testing/polymarket-btc-5m_2026-08-10.zip::polymarket-btc-updown-5m-1786383600-2026-08-10.txt.zst
zip:///Users/bradamanka/Downloads/Stratgey testing/polymarket-btc-5m_2026-08-09.zip::polymarket-btc-updown-5m-1786384200-2026-08-09.txt.zst,polymarket-btc-updown-5m-1786384200-2026-08-09.txt.zst,polymarket-btc-5m_2026-08-09.zip,1786384200,1786384500,False,87,85,0,0,1,84,0,,,301,UNKNOWN,not_extreme,0.505,,0.0026040077209472656,,no_leader,,,,,,,,,no_leader,,,,,,,,,zip:///Users/bradamanka/Downloads/Stratgey testing/polymarket-btc-5m_2026-08-10.zip::polymarket-btc-updown-5m-1786384200-2026-08-10.txt.zst
zip:///Users/bradamanka/Downloads/Stratgey testing/polymarket-btc-5m_2026-08-09.zip::polymarket-btc-updown-5m-1786383900-2026-08-09.txt.zst,polymarket-btc-updown-5m-1786383900-2026-08-09.txt.zst,polymarket-btc-5m_2026-08-09.zip,1786383900,1786384200,False,87,85,0,0,1,84,0,,,301,UNKNOWN,not_extreme,0.505,,0.002913951873779297,,no_leader,,,,,,,,,no_leader,,,,,,,,,zip:///Users/bradamanka/Downloads/Stratgey testing/polymarket-btc-5m_2026-08-10.zip::polymarket-btc-updown-5m-1786383900-2026-08-10.txt.zst
zip:///Users/bradamanka/Downloads/Stratgey testing/polymarket-btc-5m_2026-08-09.zip::polymarket-btc-updown-5m-1786384500-2026-08-09.txt.zst,polymarket-btc-updown-5m-1786384500-2026-08-09.txt.zst,polymarket-btc-5m_2026-08-09.zip,1786384500,1786384800,False,45,43,0,0,1,42,0,,,301,UNKNOWN,not_extreme,0.505,,0.002445697784423828,,no_leader,,,,,,,,,no_leader,,,,,,,,,zip:///Users/bradamanka/Downloads/Stratgey testing/polymarket-btc-5m_2026-08-10.zip::polymarket-btc-updown-5m-1786384500-2026-08-10.txt.zst
zip:///Users/bradamanka/Downloads/Stratgey testing/polymarket-btc-5m_2026-08-09.zip::polymarket-btc-updown-5m-1786384800-2026-08-09.txt.zst,polymarket-btc-updown-5m-1786384800-2026-08-09.txt.zst,polymarket-btc-5m_2026-08-09.zip,1786384800,1786385100,False,47,45,0,0,1,44,0,,,301,UNKNOWN,not_extreme,0.505,,0.0023910999298095703,,no_leader,,,,,,,,,no_leader,,,,,,,,,zip:///Users/bradamanka/Downloads/Stratgey testing/polymarket-btc-5m_2026-08-10.zip::polymarket-btc-updown-5m-1786384800-2026-08-10.txt.zst
zip:///Users/bradamanka/Downloads/Stratgey testing/polymarket-btc-5m_2026-08-09.zip::polymarket-btc-updown-5m-1786385100-2026-08-09.txt.zst,polymarket-btc-updown-5m-1786385100-2026-08-09.txt.zst,polymarket-btc-5m_2026-08-09.zip,1786385100,1786385400,False,67,65,0,0,1,64,0,,,301,UNKNOWN,not_extreme,0.505,,0.0026412010192871094,,no_leader,,,,,,,,,no_leader,,,,,,,,,zip:///Users/bradamanka/Downloads/Stratgey testing/polymarket-btc-5m_2026-08-10.zip::polymarket-btc-updown-5m-1786385100-2026-08-10.txt.zst
zip:///Users/bradamanka/Downloads/Stratgey testing/polymarket-btc-5m_2026-08-09.zip::polymarket-btc-updown-5m-1786385400-2026-08-09.txt.zst,polymarket-btc-updown-5m-1786385400-2026-08-09.txt.zst,polymarket-btc-5m_2026-08-09.zip,1786385400,1786385700,False,119,117,0,0,1,116,0,,,301,UNKNOWN,not_extreme,0.505,,0.0028679370880126953,,no_leader,,,,,,,,,no_leader,,,,,,,,,zip:///Users/bradamanka/Downloads/Stratgey testing/polymarket-btc-5m_2026-08-10.zip::polymarket-btc-updown-5m-1786385400-2026-08-10.txt.zst
zip:///Users/bradamanka/Downloads/Stratgey testing/polymarket-btc-5m_2026-08-09.zip::polymarket-btc-updown-5m-1786385700-2026-08-09.txt.zst,polymarket-btc-updown-5m-1786385700-2026-08-09.txt.zst,polymarket-btc-5m_2026-08-09.zip,1786385700,1786386000,False,25,23,0,0,1,22,0,,,301,UNKNOWN,not_extreme,0.505,,0.002434968948364258,,no_leader,,,,,,,,,no_leader,,,,,,,,,zip:///Users/bradamanka/Downloads/Stratgey testing/polymarket-btc-5m_2026-08-10.zip::polymarket-btc-updown-5m-1786385700-2026-08-10.txt.zst
zip:///Users/bradamanka/Downloads/Stratgey testing/polymarket-btc-5m_2026-08-09.zip::polymarket-btc-updown-5m-1786386000-2026-08-09.txt.zst,polymarket-btc-updown-5m-1786386000-2026-08-09.txt.zst,polymarket-btc-5m_2026-08-09.zip,1786386000,1786386300,False,105,103,0,0,1,102,0,,,301,UNKNOWN,not_extreme,0.505,,0.0030260086059570312,,no_leader,,,,,,,,,no_leader,,,,,,,,,zip:///Users/bradamanka/Downloads/Stratgey testing/polymarket-btc-5m_2026-08-10.zip::polymarket-btc-updown-5m-1786386000-2026-08-10.txt.zst
zip:///Users/bradamanka/Downloads/Stratgey testing/polymarket-btc-5m_2026-08-09.zip::polymarket-btc-updown-5m-1786386300-2026-08-09.txt.zst,polymarket-btc-updown-5m-1786386300-2026-08-09.txt.zst,polymarket-btc-5m_2026-08-09.zip,1786386300,1786386600,False,67,65,0,0,1,64,0,,,301,UNKNOWN,not_extreme,0.505,,0.004040956497192383,,no_leader,,,,,,,,,no_leader,,,,,,,,,zip:///Users/bradamanka/Downloads/Stratgey testing/polymarket-btc-5m_2026-08-10.zip::polymarket-btc-updown-5m-1786386300-2026-08-10.txt.zst
zip:///Users/bradamanka/Downloads/Stratgey testing/polymarket-btc-5m_2026-08-09.zip::polymarket-btc-updown-5m-1786386600-2026-08-09.txt.zst,polymarket-btc-updown-5m-1786386600-2026-08-09.txt.zst,polymarket-btc-5m_2026-08-09.zip,1786386600,1786386900,False,77,75,0,0,1,74,0,,,301,UNKNOWN,not_extreme,0.505,,0.002744913101196289,,no_leader,,,,,,,,,no_leader,,,,,,,,,zip:///Users/bradamanka/Downloads/Stratgey testing/polymarket-btc-5m_2026-08-10.zip::polymarket-btc-updown-5m-1786386600-2026-08-10.txt.zst
zip:///Users/bradamanka/Downloads/Stratgey testing/polymarket-btc-5m_2026-08-09.zip::polymarket-btc-updown-5m-1786387200-2026-08-09.txt.zst,polymarket-btc-updown-5m-1786387200-2026-08-09.txt.zst,polymarket-btc-5m_2026-08-09.zip,1786387200,1786387500,False,74,72,0,0,1,71,0,,,301,UNKNOWN,not_extreme,0.505,,0.0025980472564697266,,no_leader,,,,,,,,,no_leader,,,,,,,,,zip:///Users/bradamanka/Downloads/Stratgey testing/polymarket-btc-5m_2026-08-10.zip::polymarket-btc-updown-5m-1786387200-2026-08-10.txt.zst
zip:///Users/bradamanka/Downloads/Stratgey testing/polymarket-btc-5m_2026-08-09.zip::polymarket-btc-updown-5m-1786386900-2026-08-09.txt.zst,polymarket-btc-updown-5m-1786386900-2026-08-09.txt.zst,polymarket-btc-5m_2026-08-09.zip,1786386900,1786387200,False,80,78,0,0,1,77,0,,,301,UNKNOWN,not_extreme,0.505,,0.003185749053955078,,no_leader,,,,,,,,,no_leader,,,,,,,,,zip:///Users/bradamanka/Downloads/Stratgey testing/polymarket-btc-5m_2026-08-10.zip::polymarket-btc-updown-5m-1786386900-2026-08-10.txt.zst
zip:///Users/bradamanka/Downloads/Stratgey testing/polymarket-btc-5m_2026-08-09.zip::polymarket-btc-updown-5m-1786387500-2026-08-09.txt.zst,polymarket-btc-updown-5m-1786387500-2026-08-09.txt.zst,polymarket-btc-5m_2026-08-09.zip,1786387500,1786387800,False,68,66,0,0,1,65,0,,,301,UNKNOWN,not_extreme,0.505,,0.0027098655700683594,,no_leader,,,,,,,,,no_leader,,,,,,,,,zip:///Users/bradamanka/Downloads/Stratgey testing/polymarket-btc-5m_2026-08-10.zip::polymarket-btc-updown-5m-1786387500-2026-08-10.txt.zst
zip:///Users/bradamanka/Downloads/Stratgey testing/polymarket-btc-5m_2026-08-09.zip::polymarket-btc-updown-5m-1786387800-2026-08-09.txt.zst,polymarket-btc-updown-5m-1786387800-2026-08-09.txt.zst,polymarket-btc-5m_2026-08-09.zip,1786387800,1786388100,False,128,126,0,0,1,125,0,,,301,UNKNOWN,not_extreme,0.505,,0.0026929378509521484,,no_leader,,,,,,,,,no_leader,,,,,,,,,zip:///Users/bradamanka/Downloads/Stratgey testing/polymarket-btc-5m_2026-08-10.zip::polymarket-btc-updown-5m-1786387800-2026-08-10.txt.zst
zip:///Users/bradamanka/Downloads/Stratgey testing/polymarket-btc-5m_2026-08-09.zip::polymarket-btc-updown-5m-1786388100-2026-08-09.txt.zst,polymarket-btc-updown-5m-1786388100-2026-08-09.txt.zst,polymarket-btc-5m_2026-08-09.zip,1786388100,1786388400,False,71,69,0,0,1,68,0,,,301,UNKNOWN,not_extreme,0.505,,0.0025289058685302734,,no_leader,,,,,,,,,no_leader,,,,,,,,,zip:///Users/bradamanka/Downloads/Stratgey testing/polymarket-btc-5m_2026-08-10.zip::polymarket-btc-updown-5m-1786388100-2026-08-10.txt.zst
zip:///Users/bradamanka/Downloads/Stratgey testing/polymarket-btc-5m_2026-08-09.zip::polymarket-btc-updown-5m-1786388400-2026-08-09.txt.zst,polymarket-btc-updown-5m-1786388400-2026-08-09.txt.zst,polymarket-btc-5m_2026-08-09.zip,1786388400,1786388700,False,75,73,0,0,1,72,0,,,301,UNKNOWN,not_extreme,0.505,,0.0026268959045410156,,no_leader,,,,,,,,,no_leader,,,,,,,,,zip:///Users/bradamanka/Downloads/Stratgey testing/polymarket-btc-5m_2026-08-10.zip::polymarket-btc-updown-5m-1786388400-2026-08-10.txt.zst
zip:///Users/bradamanka/Downloads/Stratgey testing/polymarket-btc-5m_2026-08-09.zip::polymarket-btc-updown-5m-1786388700-2026-08-09.txt.zst,polymarket-btc-updown-5m-1786388700-2026-08-09.txt.zst,polymarket-btc-5m_2026-08-09.zip,1786388700,1786389000,False,127,125,0,0,1,124,0,,,301,UNKNOWN,not_extreme,0.505,,0.002830028533935547,,no_leader,,,,,,,,,no_leader,,,,,,,,,zip:///Users/bradamanka/Downloads/Stratgey testing/polymarket-btc-5m_2026-08-10.zip::polymarket-btc-updown-5m-1786388700-2026-08-10.txt.zst
zip:///Users/bradamanka/Downloads/Stratgey testing/polymarket-btc-5m_2026-08-09.zip::polymarket-btc-updown-5m-1786389300-2026-08-09.txt.zst,polymarket-btc-updown-5m-1786389300-2026-08-09.txt.zst,polymarket-btc-5m_2026-08-09.zip,1786389300,1786389600,False,125,123,0,0,1,122,0,,,301,UNKNOWN,not_extreme,0.505,,0.0028400421142578125,,no_leader,,,,,,,,,no_leader,,,,,,,,,zip:///Users/bradamanka/Downloads/Stratgey testing/polymarket-btc-5m_2026-08-10.zip::polymarket-btc-updown-5m-1786389300-2026-08-10.txt.zst
zip:///Users/bradamanka/Downloads/Stratgey testing/polymarket-btc-5m_2026-08-09.zip::polymarket-btc-updown-5m-1786389000-2026-08-09.txt.zst,polymarket-btc-updown-5m-1786389000-2026-08-09.txt.zst,polymarket-btc-5m_2026-08-09.zip,1786389000,1786389300,False,94,92,0,0,1,91,0,,,301,UNKNOWN,not_extreme,0.505,,0.0042760372161865234,,no_leader,,,,,,,,,no_leader,,,,,,,,,zip:///Users/bradamanka/Downloads/Stratgey testing/polymarket-btc-5m_2026-08-10.zip::polymarket-btc-updown-5m-1786389000-2026-08-10.txt.zst
zip:///Users/bradamanka/Downloads/Stratgey testing/polymarket-btc-5m_2026-08-09.zip::polymarket-btc-updown-5m-1786389600-2026-08-09.txt.zst,polymarket-btc-updown-5m-1786389600-2026-08-09.txt.zst,polymarket-btc-5m_2026-08-09.zip,1786389600,1786389900,False,155,153,0,0,1,152,0,,,301,UNKNOWN,not_extreme,0.505,,0.0039789676666259766,,no_leader,,,,,,,,,no_leader,,,,,,,,,zip:///Users/bradamanka/Downloads/Stratgey testing/polymarket-btc-5m_2026-08-10.zip::polymarket-btc-updown-5m-1786389600-2026-08-10.txt.zst
zip:///Users/bradamanka/Downloads/Stratgey testing/polymarket-btc-5m_2026-08-09.zip::polymarket-btc-updown-5m-1786390200-2026-08-09.txt.zst,polymarket-btc-updown-5m-1786390200-2026-08-09.txt.zst,polymarket-btc-5m_2026-08-09.zip,1786390200,1786390500,False,79,77,0,0,1,76,0,,,301,UNKNOWN,not_extreme,0.505,,0.002649068832397461,,no_leader,,,,,,,,,no_leader,,,,,,,,,zip:///Users/bradamanka/Downloads/Stratgey testing/polymarket-btc-5m_2026-08-10.zip::polymarket-btc-updown-5m-1786390200-2026-08-10.txt.zst
zip:///Users/bradamanka/Downloads/Stratgey testing/polymarket-btc-5m_2026-08-09.zip::polymarket-btc-updown-5m-1786389900-2026-08-09.txt.zst,polymarket-btc-updown-5m-1786389900-2026-08-09.txt.zst,polymarket-btc-5m_2026-08-09.zip,1786389900,1786390200,False,68,66,0,0,1,65,0,,,301,UNKNOWN,not_extreme,0.505,,0.003017902374267578,,no_leader,,,,,,,,,no_leader,,,,,,,,,zip:///Users/bradamanka/Downloads/Stratgey testing/polymarket-btc-5m_2026-08-10.zip::polymarket-btc-updown-5m-1786389900-2026-08-10.txt.zst
zip:///Users/bradamanka/Downloads/Stratgey testing/polymarket-btc-5m_2026-08-09.zip::polymarket-btc-updown-5m-1786390500-2026-08-09.txt.zst,polymarket-btc-updown-5m-1786390500-2026-08-09.txt.zst,polymarket-btc-5m_2026-08-09.zip,1786390500,1786390800,False,59,57,0,0,1,56,0,,,301,UNKNOWN,not_extreme,0.505,,0.0025970935821533203,,no_leader,,,,,,,,,no_leader,,,,,,,,,zip:///Users/bradamanka/Downloads/Stratgey testing/polymarket-btc-5m_2026-08-10.zip::polymarket-btc-updown-5m-1786390500-2026-08-10.txt.zst
zip:///Users/bradamanka/Downloads/Stratgey testing/polymarket-btc-5m_2026-08-09.zip::polymarket-btc-updown-5m-1786390800-2026-08-09.txt.zst,polymarket-btc-updown-5m-1786390800-2026-08-09.txt.zst,polymarket-btc-5m_2026-08-09.zip,1786390800,1786391100,False,84,82,0,0,1,81,0,,,301,UNKNOWN,not_extreme,0.505,,0.0026187896728515625,,no_leader,,,,,,,,,no_leader,,,,,,,,,zip:///Users/bradamanka/Downloads/Stratgey testing/polymarket-btc-5m_2026-08-10.zip::polymarket-btc-updown-5m-1786390800-2026-08-10.txt.zst
zip:///Users/bradamanka/Downloads/Stratgey testing/polymarket-btc-5m_2026-08-09.zip::polymarket-btc-updown-5m-1786391400-2026-08-09.txt.zst,polymarket-btc-updown-5m-1786391400-2026-08-09.txt.zst,polymarket-btc-5m_2026-08-09.zip,1786391400,1786391700,False,73,71,0,0,1,70,0,,,301,UNKNOWN,not_extreme,0.505,,0.004873991012573242,,no_leader,,,,,,,,,no_leader,,,,,,,,,zip:///Users/bradamanka/Downloads/Stratgey testing/polymarket-btc-5m_2026-08-10.zip::polymarket-btc-updown-5m-1786391400-2026-08-10.txt.zst
zip:///Users/bradamanka/Downloads/Stratgey testing/polymarket-btc-5m_2026-08-09.zip::polymarket-btc-updown-5m-1786392000-2026-08-09.txt.zst,polymarket-btc-updown-5m-1786392000-2026-08-09.txt.zst,polymarket-btc-5m_2026-08-09.zip,1786392000,1786392300,False,86,84,0,0,1,83,0,,,301,UNKNOWN,not_extreme,0.505,,0.004976987838745117,,no_leader,,,,,,,,,no_leader,,,,,,,,,zip:///Users/bradamanka/Downloads/Stratgey testing/polymarket-btc-5m_2026-08-10.zip::polymarket-btc-updown-5m-1786392000-2026-08-10.txt.zst
zip:///Users/bradamanka/Downloads/Stratgey testing/polymarket-btc-5m_2026-08-09.zip::polymarket-btc-updown-5m-1786392300-2026-08-09.txt.zst,polymarket-btc-updown-5m-1786392300-2026-08-09.txt.zst,polymarket-btc-5m_2026-08-09.zip,1786392300,1786392600,False,35,33,0,0,1,32,0,,,301,UNKNOWN,not_extreme,0.505,,0.002235889434814453,,no_leader,,,,,,,,,no_leader,,,,,,,,,zip:///Users/bradamanka/Downloads/Stratgey testing/polymarket-btc-5m_2026-08-10.zip::polymarket-btc-updown-5m-1786392300-2026-08-10.txt.zst
zip:///Users/bradamanka/Downloads/Stratgey testing/polymarket-btc-5m_2026-08-09.zip::polymarket-btc-updown-5m-1786391100-2026-08-09.txt.zst,polymarket-btc-updown-5m-1786391100-2026-08-09.txt.zst,polymarket-btc-5m_2026-08-09.zip,1786391100,1786391400,False,81,79,0,0,1,78,0,,,301,UNKNOWN,not_extreme,0.505,,0.008198976516723633,,no_leader,,,,,,,,,no_leader,,,,,,,,,zip:///Users/bradamanka/Downloads/Stratgey testing/polymarket-btc-5m_2026-08-10.zip::polymarket-btc-updown-5m-1786391100-2026-08-10.txt.zst
zip:///Users/bradamanka/Downloads/Stratgey testing/polymarket-btc-5m_2026-08-09.zip::polymarket-btc-updown-5m-1786392600-2026-08-09.txt.zst,polymarket-btc-updown-5m-1786392600-2026-08-09.txt.zst,polymarket-btc-5m_2026-08-09.zip,1786392600,1786392900,False,56,54,0,0,1,53,0,,,301,UNKNOWN,not_extreme,0.505,,0.003162860870361328,,no_leader,,,,,,,,,no_leader,,,,,,,,,zip:///Users/bradamanka/Downloads/Stratgey testing/polymarket-btc-5m_2026-08-10.zip::polymarket-btc-updown-5m-1786392600-2026-08-10.txt.zst
zip:///Users/bradamanka/Downloads/Stratgey testing/polymarket-btc-5m_2026-08-09.zip::polymarket-btc-updown-5m-1786393200-2026-08-09.txt.zst,polymarket-btc-updown-5m-1786393200-2026-08-09.txt.zst,polymarket-btc-5m_2026-08-09.zip,1786393200,1786393500,False,1,0,0,0,0,0,0,,,301,UNKNOWN,not_extreme,,,0.0007479190826416016,,no_leader,,,,,,,,,no_leader,,,,,,,,,zip:///Users/bradamanka/Downloads/Stratgey testing/polymarket-btc-5m_2026-08-10.zip::polymarket-btc-updown-5m-1786393200-2026-08-10.txt.zst
zip:///Users/bradamanka/Downloads/Stratgey testing/polymarket-btc-5m_2026-08-09.zip::polymarket-btc-updown-5m-1786391700-2026-08-09.txt.zst,polymarket-btc-updown-5m-1786391700-2026-08-09.txt.zst,polymarket-btc-5m_2026-08-09.zip,1786391700,1786392000,False,76,74,0,0,1,73,0,,,301,UNKNOWN,not_extreme,0.505,,0.008894920349121094,,no_leader,,,,,,,,,no_leader,,,,,,,,,zip:///Users/bradamanka/Downloads/Stratgey testing/polymarket-btc-5m_2026-08-10.zip::polymarket-btc-updown-5m-1786391700-2026-08-10.txt.zst
zip:///Users/bradamanka/Downloads/Stratgey testing/polymarket-btc-5m_2026-08-09.zip::polymarket-btc-updown-5m-1786392900-2026-08-09.txt.zst,polymarket-btc-updown-5m-1786392900-2026-08-09.txt.zst,polymarket-btc-5m_2026-08-09.zip,1786392900,1786393200,False,138,136,0,0,1,135,0,,,301,UNKNOWN,not_extreme,0.505,,0.004250049591064453,,no_leader,,,,,,,,,no_leader,,,,,,,,,zip:///Users/bradamanka/Downloads/Stratgey testing/polymarket-btc-5m_2026-08-10.zip::polymarket-btc-updown-5m-1786392900-2026-08-10.txt.zst
zip:///Users/bradamanka/Downloads/Stratgey testing/polymarket-btc-5m_2026-08-09.zip::polymarket-btc-updown-5m-1786393800-2026-08-09.txt.zst,polymarket-btc-updown-5m-1786393800-2026-08-09.txt.zst,polymarket-btc-5m_2026-08-09.zip,1786393800,1786394100,False,104,102,0,0,1,101,0,,,301,UNKNOWN,not_extreme,0.505,,0.007314920425415039,,no_leader,,,,,,,,,no_leader,,,,,,,,,zip:///Users/bradamanka/Downloads/Stratgey testing/polymarket-btc-5m_2026-08-10.zip::polymarket-btc-updown-5m-1786393800-2026-08-10.txt.zst
zip:///Users/bradamanka/Downloads/Stratgey testing/polymarket-btc-5m_2026-08-09.zip::polymarket-btc-updown-5m-1786393500-2026-08-09.txt.zst,polymarket-btc-updown-5m-1786393500-2026-08-09.txt.zst,polymarket-btc-5m_2026-08-09.zip,1786393500,1786393800,False,80,78,0,0,1,77,0,,,301,UNKNOWN,not_extreme,0.505,,0.008823871612548828,,no_leader,,,,,,,,,no_leader,,,,,,,,,zip:///Users/bradamanka/Downloads/Stratgey testing/polymarket-btc-5m_2026-08-10.zip::polymarket-btc-updown-5m-1786393500-2026-08-10.txt.zst
zip:///Users/bradamanka/Downloads/Stratgey testing/polymarket-btc-5m_2026-08-09.zip::polymarket-btc-updown-5m-1786394100-2026-08-09.txt.zst,polymarket-btc-updown-5m-1786394100-2026-08-09.txt.zst,polymarket-btc-5m_2026-08-09.zip,1786394100,1786394400,False,83,81,0,0,1,80,0,,,301,UNKNOWN,not_extreme,0.505,,0.009582042694091797,,no_leader,,,,,,,,,no_leader,,,,,,,,,zip:///Users/bradamanka/Downloads/Stratgey testing/polymarket-btc-5m_2026-08-10.zip::polymarket-btc-updown-5m-1786394100-2026-08-10.txt.zst
zip:///Users/bradamanka/Downloads/Stratgey testing/polymarket-btc-5m_2026-08-09.zip::polymarket-btc-updown-5m-1786394700-2026-08-09.txt.zst,polymarket-btc-updown-5m-1786394700-2026-08-09.txt.zst,polymarket-btc-5m_2026-08-09.zip,1786394700,1786395000,False,93,91,0,0,1,90,0,,,301,UNKNOWN,not_extreme,0.505,,0.002901792526245117,,no_leader,,,,,,,,,no_leader,,,,,,,,,zip:///Users/bradamanka/Downloads/Stratgey testing/polymarket-btc-5m_2026-08-10.zip::polymarket-btc-updown-5m-1786394700-2026-08-10.txt.zst
zip:///Users/bradamanka/Downloads/Stratgey testing/polymarket-btc-5m_2026-08-09.zip::polymarket-btc-updown-5m-1786395000-2026-08-09.txt.zst,polymarket-btc-updown-5m-1786395000-2026-08-09.txt.zst,polymarket-btc-5m_2026-08-09.zip,1786395000,1786395300,False,10,8,0,0,1,7,0,,,301,UNKNOWN,not_extreme,0.5,,0.0016238689422607422,,no_leader,,,,,,,,,no_leader,,,,,,,,,zip:///Users/bradamanka/Downloads/Stratgey testing/polymarket-btc-5m_2026-08-10.zip::polymarket-btc-updown-5m-1786395000-2026-08-10.txt.zst
zip:///Users/bradamanka/Downloads/Stratgey testing/polymarket-btc-5m_2026-08-09.zip::polymarket-btc-updown-5m-1786395900-2026-08-09.txt.zst,polymarket-btc-updown-5m-1786395900-2026-08-09.txt.zst,polymarket-btc-5m_2026-08-09.zip,1786395900,1786396200,False,74,72,0,0,1,71,0,,,301,UNKNOWN,not_extreme,0.505,,0.0023849010467529297,,no_leader,,,,,,,,,no_leader,,,,,,,,,zip:///Users/bradamanka/Downloads/Stratgey testing/polymarket-btc-5m_2026-08-10.zip::polymarket-btc-updown-5m-1786395900-2026-08-10.txt.zst
zip:///Users/bradamanka/Downloads/Stratgey testing/polymarket-btc-5m_2026-08-09.zip::polymarket-btc-updown-5m-1786395300-2026-08-09.txt.zst,polymarket-btc-updown-5m-1786395300-2026-08-09.txt.zst,polymarket-btc-5m_2026-08-09.zip,1786395300,1786395600,False,113,111,0,0,1,110,0,,,301,UNKNOWN,not_extreme,0.505,,0.002939939498901367,,no_leader,,,,,,,,,no_leader,,,,,,,,,zip:///Users/bradamanka/Downloads/Stratgey testing/polymarket-btc-5m_2026-08-10.zip::polymarket-btc-updown-5m-1786395300-2026-08-10.txt.zst
zip:///Users/bradamanka/Downloads/Stratgey testing/polymarket-btc-5m_2026-08-09.zip::polymarket-btc-updown-5m-1786394400-2026-08-09.txt.zst,polymarket-btc-updown-5m-1786394400-2026-08-09.txt.zst,polymarket-btc-5m_2026-08-09.zip,1786394400,1786394700,False,98,96,0,0,1,95,0,,,301,UNKNOWN,not_extreme,0.505,,0.011297225952148438,,no_leader,,,,,,,,,no_leader,,,,,,,,,zip:///Users/bradamanka/Downloads/Stratgey testing/polymarket-btc-5m_2026-08-10.zip::polymarket-btc-updown-5m-1786394400-2026-08-10.txt.zst
zip:///Users/bradamanka/Downloads/Stratgey testing/polymarket-btc-5m_2026-08-09.zip::polymarket-btc-updown-5m-1786396200-2026-08-09.txt.zst,polymarket-btc-updown-5m-1786396200-2026-08-09.txt.zst,polymarket-btc-5m_2026-08-09.zip,1786396200,1786396500,False,90,88,0,0,1,87,0,,,301,UNKNOWN,not_extreme,0.505,,0.0026509761810302734,,no_leader,,,,,,,,,no_leader,,,,,,,,,zip:///Users/bradamanka/Downloads/Stratgey testing/polymarket-btc-5m_2026-08-10.zip::polymarket-btc-updown-5m-1786396200-2026-08-10.txt.zst
zip:///Users/bradamanka/Downloads/Stratgey testing/polymarket-btc-5m_2026-08-09.zip::polymarket-btc-updown-5m-1786396500-2026-08-09.txt.zst,polymarket-btc-updown-5m-1786396500-2026-08-09.txt.zst,polymarket-btc-5m_2026-08-09.zip,1786396500,1786396800,False,75,73,0,0,1,72,0,,,301,UNKNOWN,not_extreme,0.505,,0.0027871131896972656,,no_leader,,,,,,,,,no_leader,,,,,,,,,zip:///Users/bradamanka/Downloads/Stratgey testing/polymarket-btc-5m_2026-08-10.zip::polymarket-btc-updown-5m-1786396500-2026-08-10.txt.zst
zip:///Users/bradamanka/Downloads/Stratgey testing/polymarket-btc-5m_2026-08-09.zip::polymarket-btc-updown-5m-1786395600-2026-08-09.txt.zst,polymarket-btc-updown-5m-1786395600-2026-08-09.txt.zst,polymarket-btc-5m_2026-08-09.zip,1786395600,1786395900,False,96,94,0,0,1,93,0,,,301,UNKNOWN,not_extreme,0.505,,0.007936954498291016,,no_leader,,,,,,,,,no_leader,,,,,,,,,zip:///Users/bradamanka/Downloads/Stratgey testing/polymarket-btc-5m_2026-08-10.zip::polymarket-btc-updown-5m-1786395600-2026-08-10.txt.zst
zip:///Users/bradamanka/Downloads/Stratgey testing/polymarket-btc-5m_2026-08-09.zip::polymarket-btc-updown-5m-1786397100-2026-08-09.txt.zst,polymarket-btc-updown-5m-1786397100-2026-08-09.txt.zst,polymarket-btc-5m_2026-08-09.zip,1786397100,1786397400,False,67,65,0,0,1,64,0,,,301,UNKNOWN,not_extreme,0.505,,0.002344846725463867,,no_leader,,,,,,,,,no_leader,,,,,,,,,zip:///Users/bradamanka/Downloads/Stratgey testing/polymarket-btc-5m_2026-08-10.zip::polymarket-btc-updown-5m-1786397100-2026-08-10.txt.zst
zip:///Users/bradamanka/Downloads/Stratgey testing/polymarket-btc-5m_2026-08-09.zip::polymarket-btc-updown-5m-1786397400-2026-08-09.txt.zst,polymarket-btc-updown-5m-1786397400-2026-08-09.txt.zst,polymarket-btc-5m_2026-08-09.zip,1786397400,1786397700,False,56,54,0,0,1,53,0,,,301,UNKNOWN,not_extreme,0.505,,0.0024237632751464844,,no_leader,,,,,,,,,no_leader,,,,,,,,,zip:///Users/bradamanka/Downloads/Stratgey testing/polymarket-btc-5m_2026-08-10.zip::polymarket-btc-updown-5m-1786397400-2026-08-10.txt.zst
zip:///Users/bradamanka/Downloads/Stratgey testing/polymarket-btc-5m_2026-08-09.zip::polymarket-btc-updown-5m-1786396800-2026-08-09.txt.zst,polymarket-btc-updown-5m-1786396800-2026-08-09.txt.zst,polymarket-btc-5m_2026-08-09.zip,1786396800,1786397100,False,71,69,0,0,1,68,0,,,301,UNKNOWN,not_extreme,0.505,,0.006051063537597656,,no_leader,,,,,,,,,no_leader,,,,,,,,,zip:///Users/bradamanka/Downloads/Stratgey testing/polymarket-btc-5m_2026-08-10.zip::polymarket-btc-updown-5m-1786396800-2026-08-10.txt.zst
zip:///Users/bradamanka/Downloads/Stratgey testing/polymarket-btc-5m_2026-08-09.zip::polymarket-btc-updown-5m-1786397700-2026-08-09.txt.zst,polymarket-btc-updown-5m-1786397700-2026-08-09.txt.zst,polymarket-btc-5m_2026-08-09.zip,1786397700,1786398000,False,64,62,0,0,1,61,0,,,301,UNKNOWN,not_extreme,0.505,,0.0027191638946533203,,no_leader,,,,,,,,,no_leader,,,,,,,,,zip:///Users/bradamanka/Downloads/Stratgey testing/polymarket-btc-5m_2026-08-10.zip::polymarket-btc-updown-5m-1786397700-2026-08-10.txt.zst
zip:///Users/bradamanka/Downloads/Stratgey testing/polymarket-btc-5m_2026-08-09.zip::polymarket-btc-updown-5m-1786398600-2026-08-09.txt.zst,polymarket-btc-updown-5m-1786398600-2026-08-09.txt.zst,polymarket-btc-5m_2026-08-09.zip,1786398600,1786398900,False,61,59,0,0,1,58,0,,,301,UNKNOWN,not_extreme,0.505,,0.002560853958129883,,no_leader,,,,,,,,,no_leader,,,,,,,,,zip:///Users/bradamanka/Downloads/Stratgey testing/polymarket-btc-5m_2026-08-10.zip::polymarket-btc-updown-5m-1786398600-2026-08-10.txt.zst
zip:///Users/bradamanka/Downloads/Stratgey testing/polymarket-btc-5m_2026-08-09.zip::polymarket-btc-updown-5m-1786398900-2026-08-09.txt.zst,polymarket-btc-updown-5m-1786398900-2026-08-09.txt.zst,polymarket-btc-5m_2026-08-09.zip,1786398900,1786399200,False,43,41,0,0,1,40,0,,,301,UNKNOWN,not_extreme,0.505,,0.002516031265258789,,no_leader,,,,,,,,,no_leader,,,,,,,,,zip:///Users/bradamanka/Downloads/Stratgey testing/polymarket-btc-5m_2026-08-10.zip::polymarket-btc-updown-5m-1786398900-2026-08-10.txt.zst
zip:///Users/bradamanka/Downloads/Stratgey testing/polymarket-btc-5m_2026-08-09.zip::polymarket-btc-updown-5m-1786398300-2026-08-09.txt.zst,polymarket-btc-updown-5m-1786398300-2026-08-09.txt.zst,polymarket-btc-5m_2026-08-09.zip,1786398300,1786398600,False,132,130,0,0,1,129,0,,,301,UNKNOWN,not_extreme,0.505,,0.0074901580810546875,,no_leader,,,,,,,,,no_leader,,,,,,,,,zip:///Users/bradamanka/Downloads/Stratgey testing/polymarket-btc-5m_2026-08-10.zip::polymarket-btc-updown-5m-1786398300-2026-08-10.txt.zst
zip:///Users/bradamanka/Downloads/Stratgey testing/polymarket-btc-5m_2026-08-09.zip::polymarket-btc-updown-5m-1786399200-2026-08-09.txt.zst,polymarket-btc-updown-5m-1786399200-2026-08-09.txt.zst,polymarket-btc-5m_2026-08-09.zip,1786399200,1786399500,False,76,74,0,0,1,73,0,,,301,UNKNOWN,not_extreme,0.505,,0.0040891170501708984,,no_leader,,,,,,,,,no_leader,,,,,,,,,zip:///Users/bradamanka/Downloads/Stratgey testing/polymarket-btc-5m_2026-08-10.zip::polymarket-btc-updown-5m-1786399200-2026-08-10.txt.zst
zip:///Users/bradamanka/Downloads/Stratgey testing/polymarket-btc-5m_2026-08-09.zip::polymarket-btc-updown-5m-1786398000-2026-08-09.txt.zst,polymarket-btc-updown-5m-1786398000-2026-08-09.txt.zst,polymarket-btc-5m_2026-08-09.zip,1786398000,1786398300,False,61,59,0,0,1,58,0,,,301,UNKNOWN,not_extreme,0.505,,0.008638858795166016,,no_leader,,,,,,,,,no_leader,,,,,,,,,zip:///Users/bradamanka/Downloads/Stratgey testing/polymarket-btc-5m_2026-08-10.zip::polymarket-btc-updown-5m-1786398000-2026-08-10.txt.zst
zip:///Users/bradamanka/Downloads/Stratgey testing/polymarket-btc-5m_2026-08-09.zip::polymarket-btc-updown-5m-1786400400-2026-08-09.txt.zst,polymarket-btc-updown-5m-1786400400-2026-08-09.txt.zst,polymarket-btc-5m_2026-08-09.zip,1786400400,1786400700,False,38,36,0,0,1,35,0,,,301,UNKNOWN,not_extreme,0.505,,0.0021092891693115234,,no_leader,,,,,,,,,no_leader,,,,,,,,,zip:///Users/bradamanka/Downloads/Stratgey testing/polymarket-btc-5m_2026-08-10.zip::polymarket-btc-updown-5m-1786400400-2026-08-10.txt.zst
zip:///Users/bradamanka/Downloads/Stratgey testing/polymarket-btc-5m_2026-08-09.zip::polymarket-btc-updown-5m-1786399800-2026-08-09.txt.zst,polymarket-btc-updown-5m-1786399800-2026-08-09.txt.zst,polymarket-btc-5m_2026-08-09.zip,1786399800,1786400100,False,120,118,0,0,1,117,0,,,301,UNKNOWN,not_extreme,0.505,,0.003989696502685547,,no_leader,,,,,,,,,no_leader,,,,,,,,,zip:///Users/bradamanka/Downloads/Stratgey testing/polymarket-btc-5m_2026-08-10.zip::polymarket-btc-updown-5m-1786399800-2026-08-10.txt.zst
zip:///Users/bradamanka/Downloads/Stratgey testing/polymarket-btc-5m_2026-08-09.zip::polymarket-btc-updown-5m-1786400100-2026-08-09.txt.zst,polymarket-btc-updown-5m-1786400100-2026-08-09.txt.zst,polymarket-btc-5m_2026-08-09.zip,1786400100,1786400400,False,135,133,0,0,1,132,0,,,301,UNKNOWN,not_extreme,0.505,,0.003504037857055664,,no_leader,,,,,,,,,no_leader,,,,,,,,,zip:///Users/bradamanka/Downloads/Stratgey testing/polymarket-btc-5m_2026-08-10.zip::polymarket-btc-updown-5m-1786400100-2026-08-10.txt.zst
zip:///Users/bradamanka/Downloads/Stratgey testing/polymarket-btc-5m_2026-08-09.zip::polymarket-btc-updown-5m-1786400700-2026-08-09.txt.zst,polymarket-btc-updown-5m-1786400700-2026-08-09.txt.zst,polymarket-btc-5m_2026-08-09.zip,1786400700,1786401000,False,84,82,0,0,1,81,0,,,301,UNKNOWN,not_extreme,0.505,,0.0024461746215820312,,no_leader,,,,,,,,,no_leader,,,,,,,,,zip:///Users/bradamanka/Downloads/Stratgey testing/polymarket-btc-5m_2026-08-10.zip::polymarket-btc-updown-5m-1786400700-2026-08-10.txt.zst
zip:///Users/bradamanka/Downloads/Stratgey testing/polymarket-btc-5m_2026-08-09.zip::polymarket-btc-updown-5m-1786401000-2026-08-09.txt.zst,polymarket-btc-updown-5m-1786401000-2026-08-09.txt.zst,polymarket-btc-5m_2026-08-09.zip,1786401000,1786401300,False,85,83,0,0,1,82,0,,,301,UNKNOWN,not_extreme,0.5,,0.002061128616333008,,no_leader,,,,,,,,,no_leader,,,,,,,,,zip:///Users/bradamanka/Downloads/Stratgey testing/polymarket-btc-5m_2026-08-10.zip::polymarket-btc-updown-5m-1786401000-2026-08-10.txt.zst
zip:///Users/bradamanka/Downloads/Stratgey testing/polymarket-btc-5m_2026-08-09.zip::polymarket-btc-updown-5m-1786401300-2026-08-09.txt.zst,polymarket-btc-updown-5m-1786401300-2026-08-09.txt.zst,polymarket-btc-5m_2026-08-09.zip,1786401300,1786401600,False,26,24,0,0,1,23,0,,,301,UNKNOWN,not_extreme,0.505,,0.002532958984375,,no_leader,,,,,,,,,no_leader,,,,,,,,,zip:///Users/bradamanka/Downloads/Stratgey testing/polymarket-btc-5m_2026-08-10.zip::polymarket-btc-updown-5m-1786401300-2026-08-10.txt.zst
zip:///Users/bradamanka/Downloads/Stratgey testing/polymarket-btc-5m_2026-08-09.zip::polymarket-btc-updown-5m-1786399500-2026-08-09.txt.zst,polymarket-btc-updown-5m-1786399500-2026-08-09.txt.zst,polymarket-btc-5m_2026-08-09.zip,1786399500,1786399800,False,64,62,0,0,1,61,0,,,301,UNKNOWN,not_extreme,0.505,,0.010265827178955078,,no_leader,,,,,,,,,no_leader,,,,,,,,,zip:///Users/bradamanka/Downloads/Stratgey testing/polymarket-btc-5m_2026-08-10.zip::polymarket-btc-updown-5m-1786399500-2026-08-10.txt.zst
zip:///Users/bradamanka/Downloads/Stratgey testing/polymarket-btc-5m_2026-08-09.zip::polymarket-btc-updown-5m-1786401600-2026-08-09.txt.zst,polymarket-btc-updown-5m-1786401600-2026-08-09.txt.zst,polymarket-btc-5m_2026-08-09.zip,1786401600,1786401900,False,19,17,0,0,1,16,0,,,301,UNKNOWN,not_extreme,0.505,,0.0022840499877929688,,no_leader,,,,,,,,,no_leader,,,,,,,,,zip:///Users/bradamanka/Downloads/Stratgey testing/polymarket-btc-5m_2026-08-10.zip::polymarket-btc-updown-5m-1786401600-2026-08-10.txt.zst
zip:///Users/bradamanka/Downloads/Stratgey testing/polymarket-btc-5m_2026-08-09.zip::polymarket-btc-updown-5m-1786401900-2026-08-09.txt.zst,polymarket-btc-updown-5m-1786401900-2026-08-09.txt.zst,polymarket-btc-5m_2026-08-09.zip,1786401900,1786402200,False,24,22,0,0,1,21,0,,,301,UNKNOWN,not_extreme,0.505,,0.0025720596313476562,,no_leader,,,,,,,,,no_leader,,,,,,,,,zip:///Users/bradamanka/Downloads/Stratgey testing/polymarket-btc-5m_2026-08-10.zip::polymarket-btc-updown-5m-1786401900-2026-08-10.txt.zst
zip:///Users/bradamanka/Downloads/Stratgey testing/polymarket-btc-5m_2026-08-09.zip::polymarket-btc-updown-5m-1786402200-2026-08-09.txt.zst,polymarket-btc-updown-5m-1786402200-2026-08-09.txt.zst,polymarket-btc-5m_2026-08-09.zip,1786402200,1786402500,False,20,18,0,0,1,17,0,,,301,UNKNOWN,not_extreme,0.505,,0.002232074737548828,,no_leader,,,,,,,,,no_leader,,,,,,,,,zip:///Users/bradamanka/Downloads/Stratgey testing/polymarket-btc-5m_2026-08-10.zip::polymarket-btc-updown-5m-1786402200-2026-08-10.txt.zst
zip:///Users/bradamanka/Downloads/Stratgey testing/polymarket-btc-5m_2026-08-09.zip::polymarket-btc-updown-5m-1786402500-2026-08-09.txt.zst,polymarket-btc-updown-5m-1786402500-2026-08-09.txt.zst,polymarket-btc-5m_2026-08-09.zip,1786402500,1786402800,False,17,15,0,0,1,14,0,,,301,UNKNOWN,not_extreme,0.505,,0.0021538734436035156,,no_leader,,,,,,,,,no_leader,,,,,,,,,zip:///Users/bradamanka/Downloads/Stratgey testing/polymarket-btc-5m_2026-08-10.zip::polymarket-btc-updown-5m-1786402500-2026-08-10.txt.zst
zip:///Users/bradamanka/Downloads/Stratgey testing/polymarket-btc-5m_2026-08-09.zip::polymarket-btc-updown-5m-1786402800-2026-08-09.txt.zst,polymarket-btc-updown-5m-1786402800-2026-08-09.txt.zst,polymarket-btc-5m_2026-08-09.zip,1786402800,1786403100,False,12,10,0,0,1,9,0,,,301,UNKNOWN,not_extreme,0.505,,0.0024356842041015625,,no_leader,,,,,,,,,no_leader,,,,,,,,,zip:///Users/bradamanka/Downloads/Stratgey testing/polymarket-btc-5m_2026-08-10.zip::polymarket-btc-updown-5m-1786402800-2026-08-10.txt.zst
zip:///Users/bradamanka/Downloads/Stratgey testing/polymarket-btc-5m_2026-08-09.zip::polymarket-btc-updown-5m-1786403100-2026-08-09.txt.zst,polymarket-btc-updown-5m-1786403100-2026-08-09.txt.zst,polymarket-btc-5m_2026-08-09.zip,1786403100,1786403400,False,38,36,0,0,1,35,0,,,301,UNKNOWN,not_extreme,0.505,,0.002833127975463867,,no_leader,,,,,,,,,no_leader,,,,,,,,,zip:///Users/bradamanka/Downloads/Stratgey testing/polymarket-btc-5m_2026-08-10.zip::polymarket-btc-updown-5m-1786403100-2026-08-10.txt.zst
zip:///Users/bradamanka/Downloads/Stratgey testing/polymarket-btc-5m_2026-08-09.zip::polymarket-btc-updown-5m-1786403400-2026-08-09.txt.zst,polymarket-btc-updown-5m-1786403400-2026-08-09.txt.zst,polymarket-btc-5m_2026-08-09.zip,1786403400,1786403700,False,76,74,0,0,1,73,0,,,301,UNKNOWN,not_extreme,0.505,,0.002953052520751953,,no_leader,,,,,,,,,no_leader,,,,,,,,,zip:///Users/bradamanka/Downloads/Stratgey testing/polymarket-btc-5m_2026-08-10.zip::polymarket-btc-updown-5m-1786403400-2026-08-10.txt.zst
zip:///Users/bradamanka/Downloads/Stratgey testing/polymarket-btc-5m_2026-08-09.zip::polymarket-btc-updown-5m-1786403700-2026-08-09.txt.zst,polymarket-btc-updown-5m-1786403700-2026-08-09.txt.zst,polymarket-btc-5m_2026-08-09.zip,1786403700,1786404000,False,76,74,0,0,1,73,0,,,301,UNKNOWN,not_extreme,0.505,,0.002877950668334961,,no_leader,,,,,,,,,no_leader,,,,,,,,,zip:///Users/bradamanka/Downloads/Stratgey testing/polymarket-btc-5m_2026-08-10.zip::polymarket-btc-updown-5m-1786403700-2026-08-10.txt.zst
zip:///Users/bradamanka/Downloads/Stratgey testing/polymarket-btc-5m_2026-08-09.zip::polymarket-btc-updown-5m-1786404000-2026-08-09.txt.zst,polymarket-btc-updown-5m-1786404000-2026-08-09.txt.zst,polymarket-btc-5m_2026-08-09.zip,1786404000,1786404300,False,124,122,0,0,1,121,0,,,301,UNKNOWN,not_extreme,0.505,,0.0029850006103515625,,no_leader,,,,,,,,,no_leader,,,,,,,,,zip:///Users/bradamanka/Downloads/Stratgey testing/polymarket-btc-5m_2026-08-10.zip::polymarket-btc-updown-5m-1786404000-2026-08-10.txt.zst
zip:///Users/bradamanka/Downloads/Stratgey testing/polymarket-btc-5m_2026-08-09.zip::polymarket-btc-updown-5m-1786404300-2026-08-09.txt.zst,polymarket-btc-updown-5m-1786404300-2026-08-09.txt.zst,polymarket-btc-5m_2026-08-09.zip,1786404300,1786404600,False,67,65,0,0,1,64,0,,,301,UNKNOWN,not_extreme,0.505,,0.0033960342407226562,,no_leader,,,,,,,,,no_leader,,,,,,,,,zip:///Users/bradamanka/Downloads/Stratgey testing/polymarket-btc-5m_2026-08-10.zip::polymarket-btc-updown-5m-1786404300-2026-08-10.txt.zst
zip:///Users/bradamanka/Downloads/Stratgey testing/polymarket-btc-5m_2026-08-09.zip::polymarket-btc-updown-5m-1786404600-2026-08-09.txt.zst,polymarket-btc-updown-5m-1786404600-2026-08-09.txt.zst,polymarket-btc-5m_2026-08-09.zip,1786404600,1786404900,False,72,70,0,0,1,69,0,,,301,UNKNOWN,not_extreme,0.505,,0.003512859344482422,,no_leader,,,,,,,,,no_leader,,,,,,,,,zip:///Users/bradamanka/Downloads/Stratgey testing/polymarket-btc-5m_2026-08-10.zip::polymarket-btc-updown-5m-1786404600-2026-08-10.txt.zst
zip:///Users/bradamanka/Downloads/Stratgey testing/polymarket-btc-5m_2026-08-11.zip::polymarket-btc-updown-5m-1786404600-2026-08-11.txt.zst,polymarket-btc-updown-5m-1786404600-2026-08-11.txt.zst,polymarket-btc-5m_2026-08-11.zip,1786404600,1786404900,False,1,0,0,0,0,0,0,,,301,UNKNOWN,not_extreme,,,0.006245136260986328,,no_leader,,,,,,,,,no_leader,,,,,,,,,zip:///Users/bradamanka/Downloads/Stratgey testing/polymarket-btc-5m_2026-08-10.zip::polymarket-btc-updown-5m-1786404600-2026-08-10.txt.zst
zip:///Users/bradamanka/Downloads/Stratgey testing/polymarket-btc-5m_2026-08-09.zip::polymarket-btc-updown-5m-1786404900-2026-08-09.txt.zst,polymarket-btc-updown-5m-1786404900-2026-08-09.txt.zst,polymarket-btc-5m_2026-08-09.zip,1786404900,1786405200,False,46,44,0,0,1,43,0,,,301,UNKNOWN,not_extreme,0.505,,0.0025458335876464844,,no_leader,,,,,,,,,no_leader,,,,,,,,,zip:///Users/bradamanka/Downloads/Stratgey testing/polymarket-btc-5m_2026-08-10.zip::polymarket-btc-updown-5m-1786404900-2026-08-10.txt.zst
zip:///Users/bradamanka/Downloads/Stratgey testing/polymarket-btc-5m_2026-08-11.zip::polymarket-btc-updown-5m-1786404900-2026-08-11.txt.zst,polymarket-btc-updown-5m-1786404900-2026-08-11.txt.zst,polymarket-btc-5m_2026-08-11.zip,1786404900,1786405200,False,4,1,0,0,1,0,0,,,301,UNKNOWN,not_extreme,,,0.013458013534545898,,no_leader,,,,,,,,,no_leader,,,,,,,,,zip:///Users/bradamanka/Downloads/Stratgey testing/polymarket-btc-5m_2026-08-10.zip::polymarket-btc-updown-5m-1786404900-2026-08-10.txt.zst
zip:///Users/bradamanka/Downloads/Stratgey testing/polymarket-btc-5m_2026-08-09.zip::polymarket-btc-updown-5m-1786405200-2026-08-09.txt.zst,polymarket-btc-updown-5m-1786405200-2026-08-09.txt.zst,polymarket-btc-5m_2026-08-09.zip,1786405200,1786405500,False,41,39,0,0,1,38,0,,,301,UNKNOWN,not_extreme,0.505,,0.0031430721282958984,,no_leader,,,,,,,,,no_leader,,,,,,,,,zip:///Users/bradamanka/Downloads/Stratgey testing/polymarket-btc-5m_2026-08-10.zip::polymarket-btc-updown-5m-1786405200-2026-08-10.txt.zst
zip:///Users/bradamanka/Downloads/Stratgey testing/polymarket-btc-5m_2026-08-11.zip::polymarket-btc-updown-5m-1786405200-2026-08-11.txt.zst,polymarket-btc-updown-5m-1786405200-2026-08-11.txt.zst,polymarket-btc-5m_2026-08-11.zip,1786405200,1786405500,False,4,1,0,0,1,0,0,,,301,UNKNOWN,not_extreme,,,0.0010881423950195312,,no_leader,,,,,,,,,no_leader,,,,,,,,,zip:///Users/bradamanka/Downloads/Stratgey testing/polymarket-btc-5m_2026-08-10.zip::polymarket-btc-updown-5m-1786405200-2026-08-10.txt.zst
zip:///Users/bradamanka/Downloads/Stratgey testing/polymarket-btc-5m_2026-08-10.zip::polymarket-btc-updown-5m-1786318800-2026-08-10.txt.zst,polymarket-btc-updown-5m-1786318800-2026-08-10.txt.zst,polymarket-btc-5m_2026-08-10.zip,1786318800,1786319100,False,4,1,0,0,1,0,0,,,301,UNKNOWN,not_extreme,,,0.006575822830200195,,no_leader,,,,,,,,,no_leader,,,,,,,,,zip:///Users/bradamanka/Downloads/Stratgey testing/polymarket-btc-5m_2026-08-09.zip::polymarket-btc-updown-5m-1786318800-2026-08-09.txt.zst
zip:///Users/bradamanka/Downloads/Stratgey testing/polymarket-btc-5m_2026-08-10.zip::polymarket-btc-updown-5m-1786319400-2026-08-10.txt.zst,polymarket-btc-updown-5m-1786319400-2026-08-10.txt.zst,polymarket-btc-5m_2026-08-10.zip,1786319400,1786319700,False,57127,56442,54429,673,702,55740,0,83.681000001,299.981,301,DOWN,quotes+trades,0.001,0.001,0.9660069942474365,,leader_confirm_too_soon_after_pullback,DOWN,83.681000001,88.929,97.194,,,,,leader_confirm_too_soon_after_pullback,DOWN,84.0,89.0,98.0,,,,,zip:///Users/bradamanka/Downloads/Stratgey testing/polymarket-btc-5m_2026-08-09.zip::polymarket-btc-updown-5m-1786319400-2026-08-09.txt.zst
zip:///Users/bradamanka/Downloads/Stratgey testing/polymarket-btc-5m_2026-08-10.zip::polymarket-btc-updown-5m-1786319700-2026-08-10.txt.zst,polymarket-btc-updown-5m-1786319700-2026-08-10.txt.zst,polymarket-btc-5m_2026-08-10.zip,1786319700,1786320000,True,127447,125453,122222,1911,2067,123386,0,0.0,300.0,301,UP,quotes+trades,0.99,0.99,2.4142768383026123,,leader_confirm_too_soon_after_pullback,DOWN,21.698,26.334,28.651,,,,,leader_confirm_too_soon_after_pullback,DOWN,22.0,27.0,31.0,,,,,zip:///Users/bradamanka/Downloads/Stratgey testing/polymarket-btc-5m_2026-08-09.zip::polymarket-btc-updown-5m-1786319700-2026-08-09.txt.zst
zip:///Users/bradamanka/Downloads/Stratgey testing/polymarket-btc-5m_2026-08-10.zip::polymarket-btc-updown-5m-1786406700-2026-08-10.txt.zst,polymarket-btc-updown-5m-1786406700-2026-08-10.txt.zst,polymarket-btc-5m_2026-08-10.zip,1786406700,1786407000,False,4314,4307,0,0,4,4303,0,,,301,UNKNOWN,not_extreme,0.505,,0.04511904716491699,,no_leader,,,,,,,,,no_leader,,,,,,,,,zip:///Users/bradamanka/Downloads/Stratgey testing/polymarket-btc-5m_2026-08-11.zip::polymarket-btc-updown-5m-1786406700-2026-08-11.txt.zst
zip:///Users/bradamanka/Downloads/Stratgey testing/polymarket-btc-5m_2026-08-10.zip::polymarket-btc-updown-5m-1786407000-2026-08-10.txt.zst,polymarket-btc-updown-5m-1786407000-2026-08-10.txt.zst,polymarket-btc-5m_2026-08-10.zip,1786407000,1786407300,False,4462,4456,0,0,3,4453,0,,,301,UNKNOWN,not_extreme,0.505,,0.05468392372131348,,no_leader,,,,,,,,,no_leader,,,,,,,,,zip:///Users/bradamanka/Downloads/Stratgey testing/polymarket-btc-5m_2026-08-11.zip::polymarket-btc-updown-5m-1786407000-2026-08-11.txt.zst
zip:///Users/bradamanka/Downloads/Stratgey testing/polymarket-btc-5m_2026-08-10.zip::polymarket-btc-updown-5m-1786407300-2026-08-10.txt.zst,polymarket-btc-updown-5m-1786407300-2026-08-10.txt.zst,polymarket-btc-5m_2026-08-10.zip,1786407300,1786407600,False,2514,2512,0,0,1,2511,0,,,301,UNKNOWN,not_extreme,0.505,,0.041641950607299805,,no_leader,,,,,,,,,no_leader,,,,,,,,,zip:///Users/bradamanka/Downloads/Stratgey testing/polymarket-btc-5m_2026-08-11.zip::polymarket-btc-updown-5m-1786407300-2026-08-11.txt.zst
zip:///Users/bradamanka/Downloads/Stratgey testing/polymarket-btc-5m_2026-08-10.zip::polymarket-btc-updown-5m-1786407600-2026-08-10.txt.zst,polymarket-btc-updown-5m-1786407600-2026-08-10.txt.zst,polymarket-btc-5m_2026-08-10.zip,1786407600,1786407900,False,676,670,0,0,3,667,0,,,301,UNKNOWN,not_extreme,0.505,,0.009131908416748047,,no_leader,,,,,,,,,no_leader,,,,,,,,,zip:///Users/bradamanka/Downloads/Stratgey testing/polymarket-btc-5m_2026-08-11.zip::polymarket-btc-updown-5m-1786407600-2026-08-11.txt.zst
zip:///Users/bradamanka/Downloads/Stratgey testing/polymarket-btc-5m_2026-08-10.zip::polymarket-btc-updown-5m-1786407900-2026-08-10.txt.zst,polymarket-btc-updown-5m-1786407900-2026-08-10.txt.zst,polymarket-btc-5m_2026-08-10.zip,1786407900,1786408200,False,1084,1080,0,0,4,1076,0,,,301,UNKNOWN,not_extreme,0.505,,0.0133209228515625,,no_leader,,,,,,,,,no_leader,,,,,,,,,zip:///Users/bradamanka/Downloads/Stratgey testing/polymarket-btc-5m_2026-08-11.zip::polymarket-btc-updown-5m-1786407900-2026-08-11.txt.zst
zip:///Users/bradamanka/Downloads/Stratgey testing/polymarket-btc-5m_2026-08-10.zip::polymarket-btc-updown-5m-1786408200-2026-08-10.txt.zst,polymarket-btc-updown-5m-1786408200-2026-08-10.txt.zst,polymarket-btc-5m_2026-08-10.zip,1786408200,1786408500,False,493,487,0,0,3,484,0,,,301,UNKNOWN,not_extreme,0.505,,0.00531315803527832,,no_leader,,,,,,,,,no_leader,,,,,,,,,zip:///Users/bradamanka/Downloads/Stratgey testing/polymarket-btc-5m_2026-08-11.zip::polymarket-btc-updown-5m-1786408200-2026-08-11.txt.zst
zip:///Users/bradamanka/Downloads/Stratgey testing/polymarket-btc-5m_2026-08-10.zip::polymarket-btc-updown-5m-1786408500-2026-08-10.txt.zst,polymarket-btc-updown-5m-1786408500-2026-08-10.txt.zst,polymarket-btc-5m_2026-08-10.zip,1786408500,1786408800,False,441,439,0,0,3,436,0,,,301,UNKNOWN,not_extreme,0.505,,0.004948854446411133,,no_leader,,,,,,,,,no_leader,,,,,,,,,zip:///Users/bradamanka/Downloads/Stratgey testing/polymarket-btc-5m_2026-08-11.zip::polymarket-btc-updown-5m-1786408500-2026-08-11.txt.zst
zip:///Users/bradamanka/Downloads/Stratgey testing/polymarket-btc-5m_2026-08-10.zip::polymarket-btc-updown-5m-1786408800-2026-08-10.txt.zst,polymarket-btc-updown-5m-1786408800-2026-08-10.txt.zst,polymarket-btc-5m_2026-08-10.zip,1786408800,1786409100,False,432,430,0,0,2,428,0,,,301,UNKNOWN,not_extreme,0.505,,0.020477294921875,,no_leader,,,,,,,,,no_leader,,,,,,,,,zip:///Users/bradamanka/Downloads/Stratgey testing/polymarket-btc-5m_2026-08-11.zip::polymarket-btc-updown-5m-1786408800-2026-08-11.txt.zst
zip:///Users/bradamanka/Downloads/Stratgey testing/polymarket-btc-5m_2026-08-10.zip::polymarket-btc-updown-5m-1786409100-2026-08-10.txt.zst,polymarket-btc-updown-5m-1786409100-2026-08-10.txt.zst,polymarket-btc-5m_2026-08-10.zip,1786409100,1786409400,False,418,408,0,0,5,403,0,,,301,UNKNOWN,not_extreme,0.505,,0.005489826202392578,,no_leader,,,,,,,,,no_leader,,,,,,,,,zip:///Users/bradamanka/Downloads/Stratgey testing/polymarket-btc-5m_2026-08-11.zip::polymarket-btc-updown-5m-1786409100-2026-08-11.txt.zst
zip:///Users/bradamanka/Downloads/Stratgey testing/polymarket-btc-5m_2026-08-10.zip::polymarket-btc-updown-5m-1786409400-2026-08-10.txt.zst,polymarket-btc-updown-5m-1786409400-2026-08-10.txt.zst,polymarket-btc-5m_2026-08-10.zip,1786409400,1786409700,False,388,382,0,0,3,379,0,,,301,UNKNOWN,not_extreme,0.505,,0.012020111083984375,,no_leader,,,,,,,,,no_leader,,,,,,,,,zip:///Users/bradamanka/Downloads/Stratgey testing/polymarket-btc-5m_2026-08-11.zip::polymarket-btc-updown-5m-1786409400-2026-08-11.txt.zst
zip:///Users/bradamanka/Downloads/Stratgey testing/polymarket-btc-5m_2026-08-10.zip::polymarket-btc-updown-5m-1786409700-2026-08-10.txt.zst,polymarket-btc-updown-5m-1786409700-2026-08-10.txt.zst,polymarket-btc-5m_2026-08-10.zip,1786409700,1786410000,False,475,467,0,0,4,463,0,,,301,UNKNOWN,not_extreme,0.505,,0.011742830276489258,,no_leader,,,,,,,,,no_leader,,,,,,,,,zip:///Users/bradamanka/Downloads/Stratgey testing/polymarket-btc-5m_2026-08-11.zip::polymarket-btc-updown-5m-1786409700-2026-08-11.txt.zst
zip:///Users/bradamanka/Downloads/Stratgey testing/polymarket-btc-5m_2026-08-10.zip::polymarket-btc-updown-5m-1786410000-2026-08-10.txt.zst,polymarket-btc-updown-5m-1786410000-2026-08-10.txt.zst,polymarket-btc-5m_2026-08-10.zip,1786410000,1786410300,False,386,378,0,0,4,374,0,,,301,UNKNOWN,not_extreme,0.505,,0.005410194396972656,,no_leader,,,,,,,,,no_leader,,,,,,,,,zip:///Users/bradamanka/Downloads/Stratgey testing/polymarket-btc-5m_2026-08-11.zip::polymarket-btc-updown-5m-1786410000-2026-08-11.txt.zst
zip:///Users/bradamanka/Downloads/Stratgey testing/polymarket-btc-5m_2026-08-10.zip::polymarket-btc-updown-5m-1786410300-2026-08-10.txt.zst,polymarket-btc-updown-5m-1786410300-2026-08-10.txt.zst,polymarket-btc-5m_2026-08-10.zip,1786410300,1786410600,False,330,328,0,0,3,325,0,,,301,UNKNOWN,not_extreme,0.505,,0.010796070098876953,,no_leader,,,,,,,,,no_leader,,,,,,,,,zip:///Users/bradamanka/Downloads/Stratgey testing/polymarket-btc-5m_2026-08-11.zip::polymarket-btc-updown-5m-1786410300-2026-08-11.txt.zst
zip:///Users/bradamanka/Downloads/Stratgey testing/polymarket-btc-5m_2026-08-10.zip::polymarket-btc-updown-5m-1786410600-2026-08-10.txt.zst,polymarket-btc-updown-5m-1786410600-2026-08-10.txt.zst,polymarket-btc-5m_2026-08-10.zip,1786410600,1786410900,False,319,313,0,0,3,310,0,,,301,UNKNOWN,not_extreme,0.505,,0.0063037872314453125,,no_leader,,,,,,,,,no_leader,,,,,,,,,zip:///Users/bradamanka/Downloads/Stratgey testing/polymarket-btc-5m_2026-08-11.zip::polymarket-btc-updown-5m-1786410600-2026-08-11.txt.zst
zip:///Users/bradamanka/Downloads/Stratgey testing/polymarket-btc-5m_2026-08-10.zip::polymarket-btc-updown-5m-1786410900-2026-08-10.txt.zst,polymarket-btc-updown-5m-1786410900-2026-08-10.txt.zst,polymarket-btc-5m_2026-08-10.zip,1786410900,1786411200,False,316,310,0,0,3,307,0,,,301,UNKNOWN,not_extreme,0.505,,0.0044689178466796875,,no_leader,,,,,,,,,no_leader,,,,,,,,,zip:///Users/bradamanka/Downloads/Stratgey testing/polymarket-btc-5m_2026-08-11.zip::polymarket-btc-updown-5m-1786410900-2026-08-11.txt.zst
zip:///Users/bradamanka/Downloads/Stratgey testing/polymarket-btc-5m_2026-08-10.zip::polymarket-btc-updown-5m-1786411200-2026-08-10.txt.zst,polymarket-btc-updown-5m-1786411200-2026-08-10.txt.zst,polymarket-btc-5m_2026-08-10.zip,1786411200,1786411500,False,353,347,0,0,3,344,0,,,301,UNKNOWN,not_extreme,0.505,,0.013983011245727539,,no_leader,,,,,,,,,no_leader,,,,,,,,,zip:///Users/bradamanka/Downloads/Stratgey testing/polymarket-btc-5m_2026-08-11.zip::polymarket-btc-updown-5m-1786411200-2026-08-11.txt.zst
zip:///Users/bradamanka/Downloads/Stratgey testing/polymarket-btc-5m_2026-08-10.zip::polymarket-btc-updown-5m-1786411500-2026-08-10.txt.zst,polymarket-btc-updown-5m-1786411500-2026-08-10.txt.zst,polymarket-btc-5m_2026-08-10.zip,1786411500,1786411800,False,298,294,0,0,2,292,0,,,301,UNKNOWN,not_extreme,0.505,,0.0043981075286865234,,no_leader,,,,,,,,,no_leader,,,,,,,,,zip:///Users/bradamanka/Downloads/Stratgey testing/polymarket-btc-5m_2026-08-11.zip::polymarket-btc-updown-5m-1786411500-2026-08-11.txt.zst
zip:///Users/bradamanka/Downloads/Stratgey testing/polymarket-btc-5m_2026-08-10.zip::polymarket-btc-updown-5m-1786411800-2026-08-10.txt.zst,polymarket-btc-updown-5m-1786411800-2026-08-10.txt.zst,polymarket-btc-5m_2026-08-10.zip,1786411800,1786412100,False,202,199,0,0,3,196,0,,,301,UNKNOWN,not_extreme,0.505,,0.004892826080322266,,no_leader,,,,,,,,,no_leader,,,,,,,,,zip:///Users/bradamanka/Downloads/Stratgey testing/polymarket-btc-5m_2026-08-11.zip::polymarket-btc-updown-5m-1786411800-2026-08-11.txt.zst
zip:///Users/bradamanka/Downloads/Stratgey testing/polymarket-btc-5m_2026-08-10.zip::polymarket-btc-updown-5m-1786412100-2026-08-10.txt.zst,polymarket-btc-updown-5m-1786412100-2026-08-10.txt.zst,polymarket-btc-5m_2026-08-10.zip,1786412100,1786412400,False,227,221,0,0,3,218,0,,,301,UNKNOWN,not_extreme,0.505,,0.004029035568237305,,no_leader,,,,,,,,,no_leader,,,,,,,,,zip:///Users/bradamanka/Downloads/Stratgey testing/polymarket-btc-5m_2026-08-11.zip::polymarket-btc-updown-5m-1786412100-2026-08-11.txt.zst
zip:///Users/bradamanka/Downloads/Stratgey testing/polymarket-btc-5m_2026-08-10.zip::polymarket-btc-updown-5m-1786412400-2026-08-10.txt.zst,polymarket-btc-updown-5m-1786412400-2026-08-10.txt.zst,polymarket-btc-5m_2026-08-10.zip,1786412400,1786412700,False,204,202,0,0,3,199,0,,,301,UNKNOWN,not_extreme,0.505,,0.013685941696166992,,no_leader,,,,,,,,,no_leader,,,,,,,,,zip:///Users/bradamanka/Downloads/Stratgey testing/polymarket-btc-5m_2026-08-11.zip::polymarket-btc-updown-5m-1786412400-2026-08-11.txt.zst
zip:///Users/bradamanka/Downloads/Stratgey testing/polymarket-btc-5m_2026-08-10.zip::polymarket-btc-updown-5m-1786412700-2026-08-10.txt.zst,polymarket-btc-updown-5m-1786412700-2026-08-10.txt.zst,polymarket-btc-5m_2026-08-10.zip,1786412700,1786413000,False,209,207,0,0,1,206,0,,,301,UNKNOWN,not_extreme,0.505,,0.010792970657348633,,no_leader,,,,,,,,,no_leader,,,,,,,,,zip:///Users/bradamanka/Downloads/Stratgey testing/polymarket-btc-5m_2026-08-11.zip::polymarket-btc-updown-5m-1786412700-2026-08-11.txt.zst
zip:///Users/bradamanka/Downloads/Stratgey testing/polymarket-btc-5m_2026-08-10.zip::polymarket-btc-updown-5m-1786413000-2026-08-10.txt.zst,polymarket-btc-updown-5m-1786413000-2026-08-10.txt.zst,polymarket-btc-5m_2026-08-10.zip,1786413000,1786413300,False,203,189,0,0,7,182,0,,,301,UNKNOWN,not_extreme,0.505,,0.004266977310180664,,no_leader,,,,,,,,,no_leader,,,,,,,,,zip:///Users/bradamanka/Downloads/Stratgey testing/polymarket-btc-5m_2026-08-11.zip::polymarket-btc-updown-5m-1786413000-2026-08-11.txt.zst
zip:///Users/bradamanka/Downloads/Stratgey testing/polymarket-btc-5m_2026-08-10.zip::polymarket-btc-updown-5m-1786413300-2026-08-10.txt.zst,polymarket-btc-updown-5m-1786413300-2026-08-10.txt.zst,polymarket-btc-5m_2026-08-10.zip,1786413300,1786413600,False,191,187,0,0,3,184,0,,,301,UNKNOWN,not_extreme,0.505,,0.0039060115814208984,,no_leader,,,,,,,,,no_leader,,,,,,,,,zip:///Users/bradamanka/Downloads/Stratgey testing/polymarket-btc-5m_2026-08-11.zip::polymarket-btc-updown-5m-1786413300-2026-08-11.txt.zst
zip:///Users/bradamanka/Downloads/Stratgey testing/polymarket-btc-5m_2026-08-10.zip::polymarket-btc-updown-5m-1786413600-2026-08-10.txt.zst,polymarket-btc-updown-5m-1786413600-2026-08-10.txt.zst,polymarket-btc-5m_2026-08-10.zip,1786413600,1786413900,False,180,176,0,0,2,174,0,,,301,UNKNOWN,not_extreme,0.505,,0.004582881927490234,,no_leader,,,,,,,,,no_leader,,,,,,,,,zip:///Users/bradamanka/Downloads/Stratgey testing/polymarket-btc-5m_2026-08-11.zip::polymarket-btc-updown-5m-1786413600-2026-08-11.txt.zst
zip:///Users/bradamanka/Downloads/Stratgey testing/polymarket-btc-5m_2026-08-10.zip::polymarket-btc-updown-5m-1786413900-2026-08-10.txt.zst,polymarket-btc-updown-5m-1786413900-2026-08-10.txt.zst,polymarket-btc-5m_2026-08-10.zip,1786413900,1786414200,False,197,193,0,0,3,190,0,,,301,UNKNOWN,not_extreme,0.505,,0.005257129669189453,,no_leader,,,,,,,,,no_leader,,,,,,,,,zip:///Users/bradamanka/Downloads/Stratgey testing/polymarket-btc-5m_2026-08-11.zip::polymarket-btc-updown-5m-1786413900-2026-08-11.txt.zst
zip:///Users/bradamanka/Downloads/Stratgey testing/polymarket-btc-5m_2026-08-10.zip::polymarket-btc-updown-5m-1786414200-2026-08-10.txt.zst,polymarket-btc-updown-5m-1786414200-2026-08-10.txt.zst,polymarket-btc-5m_2026-08-10.zip,1786414200,1786414500,False,212,208,0,0,2,206,0,,,301,UNKNOWN,not_extreme,0.505,,0.014383792877197266,,no_leader,,,,,,,,,no_leader,,,,,,,,,zip:///Users/bradamanka/Downloads/Stratgey testing/polymarket-btc-5m_2026-08-11.zip::polymarket-btc-updown-5m-1786414200-2026-08-11.txt.zst
zip:///Users/bradamanka/Downloads/Stratgey testing/polymarket-btc-5m_2026-08-10.zip::polymarket-btc-updown-5m-1786414500-2026-08-10.txt.zst,polymarket-btc-updown-5m-1786414500-2026-08-10.txt.zst,polymarket-btc-5m_2026-08-10.zip,1786414500,1786414800,False,197,193,0,0,2,191,0,,,301,UNKNOWN,not_extreme,0.505,,0.01925182342529297,,no_leader,,,,,,,,,no_leader,,,,,,,,,zip:///Users/bradamanka/Downloads/Stratgey testing/polymarket-btc-5m_2026-08-11.zip::polymarket-btc-updown-5m-1786414500-2026-08-11.txt.zst
zip:///Users/bradamanka/Downloads/Stratgey testing/polymarket-btc-5m_2026-08-10.zip::polymarket-btc-updown-5m-1786414800-2026-08-10.txt.zst,polymarket-btc-updown-5m-1786414800-2026-08-10.txt.zst,polymarket-btc-5m_2026-08-10.zip,1786414800,1786415100,False,172,162,0,0,5,157,0,,,301,UNKNOWN,not_extreme,0.505,,0.005620002746582031,,no_leader,,,,,,,,,no_leader,,,,,,,,,zip:///Users/bradamanka/Downloads/Stratgey testing/polymarket-btc-5m_2026-08-11.zip::polymarket-btc-updown-5m-1786414800-2026-08-11.txt.zst
zip:///Users/bradamanka/Downloads/Stratgey testing/polymarket-btc-5m_2026-08-10.zip::polymarket-btc-updown-5m-1786415100-2026-08-10.txt.zst,polymarket-btc-updown-5m-1786415100-2026-08-10.txt.zst,polymarket-btc-5m_2026-08-10.zip,1786415100,1786415400,False,265,261,0,0,3,258,0,,,301,UNKNOWN,not_extreme,0.505,,0.005113840103149414,,no_leader,,,,,,,,,no_leader,,,,,,,,,zip:///Users/bradamanka/Downloads/Stratgey testing/polymarket-btc-5m_2026-08-11.zip::polymarket-btc-updown-5m-1786415100-2026-08-11.txt.zst
zip:///Users/bradamanka/Downloads/Stratgey testing/polymarket-btc-5m_2026-08-10.zip::polymarket-btc-updown-5m-1786415400-2026-08-10.txt.zst,polymarket-btc-updown-5m-1786415400-2026-08-10.txt.zst,polymarket-btc-5m_2026-08-10.zip,1786415400,1786415700,False,272,266,0,0,4,262,0,,,301,UNKNOWN,not_extreme,0.505,,0.005598783493041992,,no_leader,,,,,,,,,no_leader,,,,,,,,,zip:///Users/bradamanka/Downloads/Stratgey testing/polymarket-btc-5m_2026-08-11.zip::polymarket-btc-updown-5m-1786415400-2026-08-11.txt.zst
zip:///Users/bradamanka/Downloads/Stratgey testing/polymarket-btc-5m_2026-08-10.zip::polymarket-btc-updown-5m-1786415700-2026-08-10.txt.zst,polymarket-btc-updown-5m-1786415700-2026-08-10.txt.zst,polymarket-btc-5m_2026-08-10.zip,1786415700,1786416000,False,225,217,0,0,4,213,0,,,301,UNKNOWN,not_extreme,0.505,,0.004694938659667969,,no_leader,,,,,,,,,no_leader,,,,,,,,,zip:///Users/bradamanka/Downloads/Stratgey testing/polymarket-btc-5m_2026-08-11.zip::polymarket-btc-updown-5m-1786415700-2026-08-11.txt.zst
zip:///Users/bradamanka/Downloads/Stratgey testing/polymarket-btc-5m_2026-08-10.zip::polymarket-btc-updown-5m-1786416000-2026-08-10.txt.zst,polymarket-btc-updown-5m-1786416000-2026-08-10.txt.zst,polymarket-btc-5m_2026-08-10.zip,1786416000,1786416300,False,204,200,0,0,3,197,0,,,301,UNKNOWN,not_extreme,0.505,,0.009536027908325195,,no_leader,,,,,,,,,no_leader,,,,,,,,,zip:///Users/bradamanka/Downloads/Stratgey testing/polymarket-btc-5m_2026-08-11.zip::polymarket-btc-updown-5m-1786416000-2026-08-11.txt.zst
zip:///Users/bradamanka/Downloads/Stratgey testing/polymarket-btc-5m_2026-08-10.zip::polymarket-btc-updown-5m-1786416300-2026-08-10.txt.zst,polymarket-btc-updown-5m-1786416300-2026-08-10.txt.zst,polymarket-btc-5m_2026-08-10.zip,1786416300,1786416600,False,194,186,0,0,5,181,0,,,301,UNKNOWN,not_extreme,0.505,,0.005558967590332031,,no_leader,,,,,,,,,no_leader,,,,,,,,,zip:///Users/bradamanka/Downloads/Stratgey testing/polymarket-btc-5m_2026-08-11.zip::polymarket-btc-updown-5m-1786416300-2026-08-11.txt.zst
zip:///Users/bradamanka/Downloads/Stratgey testing/polymarket-btc-5m_2026-08-10.zip::polymarket-btc-updown-5m-1786416600-2026-08-10.txt.zst,polymarket-btc-updown-5m-1786416600-2026-08-10.txt.zst,polymarket-btc-5m_2026-08-10.zip,1786416600,1786416900,False,244,238,0,0,4,234,0,,,301,UNKNOWN,not_extreme,0.505,,0.012326955795288086,,no_leader,,,,,,,,,no_leader,,,,,,,,,zip:///Users/bradamanka/Downloads/Stratgey testing/polymarket-btc-5m_2026-08-11.zip::polymarket-btc-updown-5m-1786416600-2026-08-11.txt.zst
zip:///Users/bradamanka/Downloads/Stratgey testing/polymarket-btc-5m_2026-08-10.zip::polymarket-btc-updown-5m-1786416900-2026-08-10.txt.zst,polymarket-btc-updown-5m-1786416900-2026-08-10.txt.zst,polymarket-btc-5m_2026-08-10.zip,1786416900,1786417200,False,267,261,0,0,4,257,0,,,301,UNKNOWN,not_extreme,0.505,,0.006312131881713867,,no_leader,,,,,,,,,no_leader,,,,,,,,,zip:///Users/bradamanka/Downloads/Stratgey testing/polymarket-btc-5m_2026-08-11.zip::polymarket-btc-updown-5m-1786416900-2026-08-11.txt.zst
zip:///Users/bradamanka/Downloads/Stratgey testing/polymarket-btc-5m_2026-08-10.zip::polymarket-btc-updown-5m-1786417200-2026-08-10.txt.zst,polymarket-btc-updown-5m-1786417200-2026-08-10.txt.zst,polymarket-btc-5m_2026-08-10.zip,1786417200,1786417500,False,295,289,0,0,4,285,0,,,301,UNKNOWN,not_extreme,0.505,,0.005767345428466797,,no_leader,,,,,,,,,no_leader,,,,,,,,,zip:///Users/bradamanka/Downloads/Stratgey testing/polymarket-btc-5m_2026-08-11.zip::polymarket-btc-updown-5m-1786417200-2026-08-11.txt.zst
zip:///Users/bradamanka/Downloads/Stratgey testing/polymarket-btc-5m_2026-08-10.zip::polymarket-btc-updown-5m-1786417500-2026-08-10.txt.zst,polymarket-btc-updown-5m-1786417500-2026-08-10.txt.zst,polymarket-btc-5m_2026-08-10.zip,1786417500,1786417800,False,151,147,0,0,3,144,0,,,301,UNKNOWN,not_extreme,0.505,,0.0042498111724853516,,no_leader,,,,,,,,,no_leader,,,,,,,,,zip:///Users/bradamanka/Downloads/Stratgey testing/polymarket-btc-5m_2026-08-11.zip::polymarket-btc-updown-5m-1786417500-2026-08-11.txt.zst
zip:///Users/bradamanka/Downloads/Stratgey testing/polymarket-btc-5m_2026-08-10.zip::polymarket-btc-updown-5m-1786417800-2026-08-10.txt.zst,polymarket-btc-updown-5m-1786417800-2026-08-10.txt.zst,polymarket-btc-5m_2026-08-10.zip,1786417800,1786418100,False,200,196,0,0,2,194,0,,,301,UNKNOWN,not_extreme,0.505,,0.012241840362548828,,no_leader,,,,,,,,,no_leader,,,,,,,,,zip:///Users/bradamanka/Downloads/Stratgey testing/polymarket-btc-5m_2026-08-11.zip::polymarket-btc-updown-5m-1786417800-2026-08-11.txt.zst
zip:///Users/bradamanka/Downloads/Stratgey testing/polymarket-btc-5m_2026-08-10.zip::polymarket-btc-updown-5m-1786418100-2026-08-10.txt.zst,polymarket-btc-updown-5m-1786418100-2026-08-10.txt.zst,polymarket-btc-5m_2026-08-10.zip,1786418100,1786418400,False,234,230,0,0,2,228,0,,,301,UNKNOWN,not_extreme,0.505,,0.007882833480834961,,no_leader,,,,,,,,,no_leader,,,,,,,,,zip:///Users/bradamanka/Downloads/Stratgey testing/polymarket-btc-5m_2026-08-11.zip::polymarket-btc-updown-5m-1786418100-2026-08-11.txt.zst
zip:///Users/bradamanka/Downloads/Stratgey testing/polymarket-btc-5m_2026-08-10.zip::polymarket-btc-updown-5m-1786418400-2026-08-10.txt.zst,polymarket-btc-updown-5m-1786418400-2026-08-10.txt.zst,polymarket-btc-5m_2026-08-10.zip,1786418400,1786418700,False,178,172,0,0,5,167,0,,,301,UNKNOWN,not_extreme,0.505,,0.0074901580810546875,,no_leader,,,,,,,,,no_leader,,,,,,,,,zip:///Users/bradamanka/Downloads/Stratgey testing/polymarket-btc-5m_2026-08-11.zip::polymarket-btc-updown-5m-1786418400-2026-08-11.txt.zst
zip:///Users/bradamanka/Downloads/Stratgey testing/polymarket-btc-5m_2026-08-10.zip::polymarket-btc-updown-5m-1786418700-2026-08-10.txt.zst,polymarket-btc-updown-5m-1786418700-2026-08-10.txt.zst,polymarket-btc-5m_2026-08-10.zip,1786418700,1786419000,False,231,223,0,0,5,218,0,,,301,UNKNOWN,not_extreme,0.505,,0.01482391357421875,,no_leader,,,,,,,,,no_leader,,,,,,,,,zip:///Users/bradamanka/Downloads/Stratgey testing/polymarket-btc-5m_2026-08-11.zip::polymarket-btc-updown-5m-1786418700-2026-08-11.txt.zst
zip:///Users/bradamanka/Downloads/Stratgey testing/polymarket-btc-5m_2026-08-10.zip::polymarket-btc-updown-5m-1786419000-2026-08-10.txt.zst,polymarket-btc-updown-5m-1786419000-2026-08-10.txt.zst,polymarket-btc-5m_2026-08-10.zip,1786419000,1786419300,False,186,180,0,0,4,176,0,,,301,UNKNOWN,not_extreme,0.505,,0.003763914108276367,,no_leader,,,,,,,,,no_leader,,,,,,,,,zip:///Users/bradamanka/Downloads/Stratgey testing/polymarket-btc-5m_2026-08-11.zip::polymarket-btc-updown-5m-1786419000-2026-08-11.txt.zst
zip:///Users/bradamanka/Downloads/Stratgey testing/polymarket-btc-5m_2026-08-10.zip::polymarket-btc-updown-5m-1786419600-2026-08-10.txt.zst,polymarket-btc-updown-5m-1786419600-2026-08-10.txt.zst,polymarket-btc-5m_2026-08-10.zip,1786419600,1786419900,False,225,221,0,0,2,219,0,,,301,UNKNOWN,not_extreme,0.505,,0.0042192935943603516,,no_leader,,,,,,,,,no_leader,,,,,,,,,zip:///Users/bradamanka/Downloads/Stratgey testing/polymarket-btc-5m_2026-08-11.zip::polymarket-btc-updown-5m-1786419600-2026-08-11.txt.zst
zip:///Users/bradamanka/Downloads/Stratgey testing/polymarket-btc-5m_2026-08-10.zip::polymarket-btc-updown-5m-1786419300-2026-08-10.txt.zst,polymarket-btc-updown-5m-1786419300-2026-08-10.txt.zst,polymarket-btc-5m_2026-08-10.zip,1786419300,1786419600,False,139,135,0,0,3,132,0,,,301,UNKNOWN,not_extreme,0.505,,0.013208866119384766,,no_leader,,,,,,,,,no_leader,,,,,,,,,zip:///Users/bradamanka/Downloads/Stratgey testing/polymarket-btc-5m_2026-08-11.zip::polymarket-btc-updown-5m-1786419300-2026-08-11.txt.zst
zip:///Users/bradamanka/Downloads/Stratgey testing/polymarket-btc-5m_2026-08-10.zip::polymarket-btc-updown-5m-1786419900-2026-08-10.txt.zst,polymarket-btc-updown-5m-1786419900-2026-08-10.txt.zst,polymarket-btc-5m_2026-08-10.zip,1786419900,1786420200,False,201,195,0,0,3,192,0,,,301,UNKNOWN,not_extreme,0.505,,0.011132001876831055,,no_leader,,,,,,,,,no_leader,,,,,,,,,zip:///Users/bradamanka/Downloads/Stratgey testing/polymarket-btc-5m_2026-08-11.zip::polymarket-btc-updown-5m-1786419900-2026-08-11.txt.zst
zip:///Users/bradamanka/Downloads/Stratgey testing/polymarket-btc-5m_2026-08-10.zip::polymarket-btc-updown-5m-1786420200-2026-08-10.txt.zst,polymarket-btc-updown-5m-1786420200-2026-08-10.txt.zst,polymarket-btc-5m_2026-08-10.zip,1786420200,1786420500,False,233,225,0,0,4,221,0,,,301,UNKNOWN,not_extreme,0.505,,0.005316019058227539,,no_leader,,,,,,,,,no_leader,,,,,,,,,zip:///Users/bradamanka/Downloads/Stratgey testing/polymarket-btc-5m_2026-08-11.zip::polymarket-btc-updown-5m-1786420200-2026-08-11.txt.zst
zip:///Users/bradamanka/Downloads/Stratgey testing/polymarket-btc-5m_2026-08-10.zip::polymarket-btc-updown-5m-1786420500-2026-08-10.txt.zst,polymarket-btc-updown-5m-1786420500-2026-08-10.txt.zst,polymarket-btc-5m_2026-08-10.zip,1786420500,1786420800,False,199,193,0,0,3,190,0,,,301,UNKNOWN,not_extreme,0.505,,0.003599882125854492,,no_leader,,,,,,,,,no_leader,,,,,,,,,zip:///Users/bradamanka/Downloads/Stratgey testing/polymarket-btc-5m_2026-08-11.zip::polymarket-btc-updown-5m-1786420500-2026-08-11.txt.zst
zip:///Users/bradamanka/Downloads/Stratgey testing/polymarket-btc-5m_2026-08-10.zip::polymarket-btc-updown-5m-1786420800-2026-08-10.txt.zst,polymarket-btc-updown-5m-1786420800-2026-08-10.txt.zst,polymarket-btc-5m_2026-08-10.zip,1786420800,1786421100,False,166,160,0,0,5,155,0,,,301,UNKNOWN,not_extreme,0.505,,0.003668069839477539,,no_leader,,,,,,,,,no_leader,,,,,,,,,zip:///Users/bradamanka/Downloads/Stratgey testing/polymarket-btc-5m_2026-08-11.zip::polymarket-btc-updown-5m-1786420800-2026-08-11.txt.zst
zip:///Users/bradamanka/Downloads/Stratgey testing/polymarket-btc-5m_2026-08-10.zip::polymarket-btc-updown-5m-1786421400-2026-08-10.txt.zst,polymarket-btc-updown-5m-1786421400-2026-08-10.txt.zst,polymarket-btc-5m_2026-08-10.zip,1786421400,1786421700,False,158,154,0,0,2,152,0,,,301,UNKNOWN,not_extreme,0.505,,0.0055620670318603516,,no_leader,,,,,,,,,no_leader,,,,,,,,,zip:///Users/bradamanka/Downloads/Stratgey testing/polymarket-btc-5m_2026-08-11.zip::polymarket-btc-updown-5m-1786421400-2026-08-11.txt.zst
zip:///Users/bradamanka/Downloads/Stratgey testing/polymarket-btc-5m_2026-08-10.zip::polymarket-btc-updown-5m-1786421100-2026-08-10.txt.zst,polymarket-btc-updown-5m-1786421100-2026-08-10.txt.zst,polymarket-btc-5m_2026-08-10.zip,1786421100,1786421400,False,154,150,0,0,2,148,0,,,301,UNKNOWN,not_extreme,0.505,,0.009523153305053711,,no_leader,,,,,,,,,no_leader,,,,,,,,,zip:///Users/bradamanka/Downloads/Stratgey testing/polymarket-btc-5m_2026-08-11.zip::polymarket-btc-updown-5m-1786421100-2026-08-11.txt.zst
zip:///Users/bradamanka/Downloads/Stratgey testing/polymarket-btc-5m_2026-08-10.zip::polymarket-btc-updown-5m-1786422000-2026-08-10.txt.zst,polymarket-btc-updown-5m-1786422000-2026-08-10.txt.zst,polymarket-btc-5m_2026-08-10.zip,1786422000,1786422300,False,178,174,0,0,4,170,0,,,301,UNKNOWN,not_extreme,0.505,,0.004105091094970703,,no_leader,,,,,,,,,no_leader,,,,,,,,,zip:///Users/bradamanka/Downloads/Stratgey testing/polymarket-btc-5m_2026-08-11.zip::polymarket-btc-updown-5m-1786422000-2026-08-11.txt.zst
zip:///Users/bradamanka/Downloads/Stratgey testing/polymarket-btc-5m_2026-08-10.zip::polymarket-btc-updown-5m-1786422300-2026-08-10.txt.zst,polymarket-btc-updown-5m-1786422300-2026-08-10.txt.zst,polymarket-btc-5m_2026-08-10.zip,1786422300,1786422600,False,257,253,0,0,3,250,0,,,301,UNKNOWN,not_extreme,0.505,,0.005296945571899414,,no_leader,,,,,,,,,no_leader,,,,,,,,,zip:///Users/bradamanka/Downloads/Stratgey testing/polymarket-btc-5m_2026-08-11.zip::polymarket-btc-updown-5m-1786422300-2026-08-11.txt.zst
zip:///Users/bradamanka/Downloads/Stratgey testing/polymarket-btc-5m_2026-08-10.zip::polymarket-btc-updown-5m-1786422600-2026-08-10.txt.zst,polymarket-btc-updown-5m-1786422600-2026-08-10.txt.zst,polymarket-btc-5m_2026-08-10.zip,1786422600,1786422900,False,152,144,0,0,4,140,0,,,301,UNKNOWN,not_extreme,0.505,,0.005060672760009766,,no_leader,,,,,,,,,no_leader,,,,,,,,,zip:///Users/bradamanka/Downloads/Stratgey testing/polymarket-btc-5m_2026-08-11.zip::polymarket-btc-updown-5m-1786422600-2026-08-11.txt.zst
zip:///Users/bradamanka/Downloads/Stratgey testing/polymarket-btc-5m_2026-08-10.zip::polymarket-btc-updown-5m-1786422900-2026-08-10.txt.zst,polymarket-btc-updown-5m-1786422900-2026-08-10.txt.zst,polymarket-btc-5m_2026-08-10.zip,1786422900,1786423200,False,275,271,0,0,2,269,0,,,301,UNKNOWN,not_extreme,0.505,,0.006951808929443359,,no_leader,,,,,,,,,no_leader,,,,,,,,,zip:///Users/bradamanka/Downloads/Stratgey testing/polymarket-btc-5m_2026-08-11.zip::polymarket-btc-updown-5m-1786422900-2026-08-11.txt.zst
zip:///Users/bradamanka/Downloads/Stratgey testing/polymarket-btc-5m_2026-08-10.zip::polymarket-btc-updown-5m-1786423200-2026-08-10.txt.zst,polymarket-btc-updown-5m-1786423200-2026-08-10.txt.zst,polymarket-btc-5m_2026-08-10.zip,1786423200,1786423500,False,139,135,0,0,2,133,0,,,301,UNKNOWN,not_extreme,0.505,,0.004620075225830078,,no_leader,,,,,,,,,no_leader,,,,,,,,,zip:///Users/bradamanka/Downloads/Stratgey testing/polymarket-btc-5m_2026-08-11.zip::polymarket-btc-updown-5m-1786423200-2026-08-11.txt.zst
zip:///Users/bradamanka/Downloads/Stratgey testing/polymarket-btc-5m_2026-08-10.zip::polymarket-btc-updown-5m-1786423500-2026-08-10.txt.zst,polymarket-btc-updown-5m-1786423500-2026-08-10.txt.zst,polymarket-btc-5m_2026-08-10.zip,1786423500,1786423800,False,212,208,0,0,2,206,0,,,301,UNKNOWN,not_extreme,0.505,,0.0034699440002441406,,no_leader,,,,,,,,,no_leader,,,,,,,,,zip:///Users/bradamanka/Downloads/Stratgey testing/polymarket-btc-5m_2026-08-11.zip::polymarket-btc-updown-5m-1786423500-2026-08-11.txt.zst
zip:///Users/bradamanka/Downloads/Stratgey testing/polymarket-btc-5m_2026-08-10.zip::polymarket-btc-updown-5m-1786421700-2026-08-10.txt.zst,polymarket-btc-updown-5m-1786421700-2026-08-10.txt.zst,polymarket-btc-5m_2026-08-10.zip,1786421700,1786422000,False,168,160,0,0,6,154,0,,,301,UNKNOWN,not_extreme,0.505,,0.03792405128479004,,no_leader,,,,,,,,,no_leader,,,,,,,,,zip:///Users/bradamanka/Downloads/Stratgey testing/polymarket-btc-5m_2026-08-11.zip::polymarket-btc-updown-5m-1786421700-2026-08-11.txt.zst
zip:///Users/bradamanka/Downloads/Stratgey testing/polymarket-btc-5m_2026-08-10.zip::polymarket-btc-updown-5m-1786423800-2026-08-10.txt.zst,polymarket-btc-updown-5m-1786423800-2026-08-10.txt.zst,polymarket-btc-5m_2026-08-10.zip,1786423800,1786424100,False,160,156,0,0,2,154,0,,,301,UNKNOWN,not_extreme,0.505,,0.004240751266479492,,no_leader,,,,,,,,,no_leader,,,,,,,,,zip:///Users/bradamanka/Downloads/Stratgey testing/polymarket-btc-5m_2026-08-11.zip::polymarket-btc-updown-5m-1786423800-2026-08-11.txt.zst
zip:///Users/bradamanka/Downloads/Stratgey testing/polymarket-btc-5m_2026-08-10.zip::polymarket-btc-updown-5m-1786424400-2026-08-10.txt.zst,polymarket-btc-updown-5m-1786424400-2026-08-10.txt.zst,polymarket-btc-5m_2026-08-10.zip,1786424400,1786424700,False,165,161,0,0,3,158,0,,,301,UNKNOWN,not_extreme,0.505,,0.003445863723754883,,no_leader,,,,,,,,,no_leader,,,,,,,,,zip:///Users/bradamanka/Downloads/Stratgey testing/polymarket-btc-5m_2026-08-11.zip::polymarket-btc-updown-5m-1786424400-2026-08-11.txt.zst
zip:///Users/bradamanka/Downloads/Stratgey testing/polymarket-btc-5m_2026-08-10.zip::polymarket-btc-updown-5m-1786424100-2026-08-10.txt.zst,polymarket-btc-updown-5m-1786424100-2026-08-10.txt.zst,polymarket-btc-5m_2026-08-10.zip,1786424100,1786424400,False,178,174,0,0,2,172,0,,,301,UNKNOWN,not_extreme,0.505,,0.008210182189941406,,no_leader,,,,,,,,,no_leader,,,,,,,,,zip:///Users/bradamanka/Downloads/Stratgey testing/polymarket-btc-5m_2026-08-11.zip::polymarket-btc-updown-5m-1786424100-2026-08-11.txt.zst
zip:///Users/bradamanka/Downloads/Stratgey testing/polymarket-btc-5m_2026-08-10.zip::polymarket-btc-updown-5m-1786424700-2026-08-10.txt.zst,polymarket-btc-updown-5m-1786424700-2026-08-10.txt.zst,polymarket-btc-5m_2026-08-10.zip,1786424700,1786425000,False,176,172,0,0,3,169,0,,,301,UNKNOWN,not_extreme,0.505,,0.004445075988769531,,no_leader,,,,,,,,,no_leader,,,,,,,,,zip:///Users/bradamanka/Downloads/Stratgey testing/polymarket-btc-5m_2026-08-11.zip::polymarket-btc-updown-5m-1786424700-2026-08-11.txt.zst
zip:///Users/bradamanka/Downloads/Stratgey testing/polymarket-btc-5m_2026-08-10.zip::polymarket-btc-updown-5m-1786425300-2026-08-10.txt.zst,polymarket-btc-updown-5m-1786425300-2026-08-10.txt.zst,polymarket-btc-5m_2026-08-10.zip,1786425300,1786425600,False,125,121,0,0,4,117,0,,,301,UNKNOWN,not_extreme,0.505,,0.007621049880981445,,no_leader,,,,,,,,,no_leader,,,,,,,,,zip:///Users/bradamanka/Downloads/Stratgey testing/polymarket-btc-5m_2026-08-11.zip::polymarket-btc-updown-5m-1786425300-2026-08-11.txt.zst
zip:///Users/bradamanka/Downloads/Stratgey testing/polymarket-btc-5m_2026-08-10.zip::polymarket-btc-updown-5m-1786425000-2026-08-10.txt.zst,polymarket-btc-updown-5m-1786425000-2026-08-10.txt.zst,polymarket-btc-5m_2026-08-10.zip,1786425000,1786425300,False,147,143,0,0,2,141,0,,,301,UNKNOWN,not_extreme,0.505,,0.017516136169433594,,no_leader,,,,,,,,,no_leader,,,,,,,,,zip:///Users/bradamanka/Downloads/Stratgey testing/polymarket-btc-5m_2026-08-11.zip::polymarket-btc-updown-5m-1786425000-2026-08-11.txt.zst
zip:///Users/bradamanka/Downloads/Stratgey testing/polymarket-btc-5m_2026-08-10.zip::polymarket-btc-updown-5m-1786425600-2026-08-10.txt.zst,polymarket-btc-updown-5m-1786425600-2026-08-10.txt.zst,polymarket-btc-5m_2026-08-10.zip,1786425600,1786425900,False,154,146,0,0,4,142,0,,,301,UNKNOWN,not_extreme,0.505,,0.010421037673950195,,no_leader,,,,,,,,,no_leader,,,,,,,,,zip:///Users/bradamanka/Downloads/Stratgey testing/polymarket-btc-5m_2026-08-11.zip::polymarket-btc-updown-5m-1786425600-2026-08-11.txt.zst
zip:///Users/bradamanka/Downloads/Stratgey testing/polymarket-btc-5m_2026-08-10.zip::polymarket-btc-updown-5m-1786426200-2026-08-10.txt.zst,polymarket-btc-updown-5m-1786426200-2026-08-10.txt.zst,polymarket-btc-5m_2026-08-10.zip,1786426200,1786426500,False,155,153,0,0,3,150,0,,,301,UNKNOWN,not_extreme,0.505,,0.0049457550048828125,,no_leader,,,,,,,,,no_leader,,,,,,,,,zip:///Users/bradamanka/Downloads/Stratgey testing/polymarket-btc-5m_2026-08-11.zip::polymarket-btc-updown-5m-1786426200-2026-08-11.txt.zst
zip:///Users/bradamanka/Downloads/Stratgey testing/polymarket-btc-5m_2026-08-10.zip::polymarket-btc-updown-5m-1786426500-2026-08-10.txt.zst,polymarket-btc-updown-5m-1786426500-2026-08-10.txt.zst,polymarket-btc-5m_2026-08-10.zip,1786426500,1786426800,False,120,116,0,0,5,111,0,,,301,UNKNOWN,not_extreme,0.505,,0.0035619735717773438,,no_leader,,,,,,,,,no_leader,,,,,,,,,zip:///Users/bradamanka/Downloads/Stratgey testing/polymarket-btc-5m_2026-08-11.zip::polymarket-btc-updown-5m-1786426500-2026-08-11.txt.zst
zip:///Users/bradamanka/Downloads/Stratgey testing/polymarket-btc-5m_2026-08-10.zip::polymarket-btc-updown-5m-1786426800-2026-08-10.txt.zst,polymarket-btc-updown-5m-1786426800-2026-08-10.txt.zst,polymarket-btc-5m_2026-08-10.zip,1786426800,1786427100,False,138,134,0,0,3,131,0,,,301,UNKNOWN,not_extreme,0.505,,0.013586997985839844,,no_leader,,,,,,,,,no_leader,,,,,,,,,zip:///Users/bradamanka/Downloads/Stratgey testing/polymarket-btc-5m_2026-08-11.zip::polymarket-btc-updown-5m-1786426800-2026-08-11.txt.zst
zip:///Users/bradamanka/Downloads/Stratgey testing/polymarket-btc-5m_2026-08-10.zip::polymarket-btc-updown-5m-1786427100-2026-08-10.txt.zst,polymarket-btc-updown-5m-1786427100-2026-08-10.txt.zst,polymarket-btc-5m_2026-08-10.zip,1786427100,1786427400,False,171,167,0,0,3,164,0,,,301,UNKNOWN,not_extreme,0.505,,0.004804134368896484,,no_leader,,,,,,,,,no_leader,,,,,,,,,zip:///Users/bradamanka/Downloads/Stratgey testing/polymarket-btc-5m_2026-08-11.zip::polymarket-btc-updown-5m-1786427100-2026-08-11.txt.zst
zip:///Users/bradamanka/Downloads/Stratgey testing/polymarket-btc-5m_2026-08-10.zip::polymarket-btc-updown-5m-1786427400-2026-08-10.txt.zst,polymarket-btc-updown-5m-1786427400-2026-08-10.txt.zst,polymarket-btc-5m_2026-08-10.zip,1786427400,1786427700,False,137,127,0,0,6,121,0,,,301,UNKNOWN,not_extreme,0.505,,0.0037031173706054688,,no_leader,,,,,,,,,no_leader,,,,,,,,,zip:///Users/bradamanka/Downloads/Stratgey testing/polymarket-btc-5m_2026-08-11.zip::polymarket-btc-updown-5m-1786427400-2026-08-11.txt.zst
zip:///Users/bradamanka/Downloads/Stratgey testing/polymarket-btc-5m_2026-08-10.zip::polymarket-btc-updown-5m-1786427700-2026-08-10.txt.zst,polymarket-btc-updown-5m-1786427700-2026-08-10.txt.zst,polymarket-btc-5m_2026-08-10.zip,1786427700,1786428000,False,156,152,0,0,2,150,0,,,301,UNKNOWN,not_extreme,0.505,,0.003699779510498047,,no_leader,,,,,,,,,no_leader,,,,,,,,,zip:///Users/bradamanka/Downloads/Stratgey testing/polymarket-btc-5m_2026-08-11.zip::polymarket-btc-updown-5m-1786427700-2026-08-11.txt.zst
zip:///Users/bradamanka/Downloads/Stratgey testing/polymarket-btc-5m_2026-08-10.zip::polymarket-btc-updown-5m-1786425900-2026-08-10.txt.zst,polymarket-btc-updown-5m-1786425900-2026-08-10.txt.zst,polymarket-btc-5m_2026-08-10.zip,1786425900,1786426200,False,154,146,0,0,5,141,0,,,301,UNKNOWN,not_extreme,0.505,,0.04120683670043945,,no_leader,,,,,,,,,no_leader,,,,,,,,,zip:///Users/bradamanka/Downloads/Stratgey testing/polymarket-btc-5m_2026-08-11.zip::polymarket-btc-updown-5m-1786425900-2026-08-11.txt.zst
zip:///Users/bradamanka/Downloads/Stratgey testing/polymarket-btc-5m_2026-08-10.zip::polymarket-btc-updown-5m-1786428300-2026-08-10.txt.zst,polymarket-btc-updown-5m-1786428300-2026-08-10.txt.zst,polymarket-btc-5m_2026-08-10.zip,1786428300,1786428600,False,121,115,0,0,4,111,0,,,301,UNKNOWN,not_extreme,0.505,,0.005842924118041992,,no_leader,,,,,,,,,no_leader,,,,,,,,,zip:///Users/bradamanka/Downloads/Stratgey testing/polymarket-btc-5m_2026-08-11.zip::polymarket-btc-updown-5m-1786428300-2026-08-11.txt.zst
zip:///Users/bradamanka/Downloads/Stratgey testing/polymarket-btc-5m_2026-08-10.zip::polymarket-btc-updown-5m-1786428600-2026-08-10.txt.zst,polymarket-btc-updown-5m-1786428600-2026-08-10.txt.zst,polymarket-btc-5m_2026-08-10.zip,1786428600,1786428900,False,189,183,0,0,3,180,0,,,301,UNKNOWN,not_extreme,0.505,,0.0061261653900146484,,no_leader,,,,,,,,,no_leader,,,,,,,,,zip:///Users/bradamanka/Downloads/Stratgey testing/polymarket-btc-5m_2026-08-11.zip::polymarket-btc-updown-5m-1786428600-2026-08-11.txt.zst
zip:///Users/bradamanka/Downloads/Stratgey testing/polymarket-btc-5m_2026-08-10.zip::polymarket-btc-updown-5m-1786428900-2026-08-10.txt.zst,polymarket-btc-updown-5m-1786428900-2026-08-10.txt.zst,polymarket-btc-5m_2026-08-10.zip,1786428900,1786429200,False,131,127,0,0,4,123,0,,,301,UNKNOWN,not_extreme,0.505,,0.008748769760131836,,no_leader,,,,,,,,,no_leader,,,,,,,,,zip:///Users/bradamanka/Downloads/Stratgey testing/polymarket-btc-5m_2026-08-11.zip::polymarket-btc-updown-5m-1786428900-2026-08-11.txt.zst
zip:///Users/bradamanka/Downloads/Stratgey testing/polymarket-btc-5m_2026-08-10.zip::polymarket-btc-updown-5m-1786429200-2026-08-10.txt.zst,polymarket-btc-updown-5m-1786429200-2026-08-10.txt.zst,polymarket-btc-5m_2026-08-10.zip,1786429200,1786429500,False,142,132,0,0,5,127,0,,,301,UNKNOWN,not_extreme,0.505,,0.004071235656738281,,no_leader,,,,,,,,,no_leader,,,,,,,,,zip:///Users/bradamanka/Downloads/Stratgey testing/polymarket-btc-5m_2026-08-11.zip::polymarket-btc-updown-5m-1786429200-2026-08-11.txt.zst
zip:///Users/bradamanka/Downloads/Stratgey testing/polymarket-btc-5m_2026-08-10.zip::polymarket-btc-updown-5m-1786428000-2026-08-10.txt.zst,polymarket-btc-updown-5m-1786428000-2026-08-10.txt.zst,polymarket-btc-5m_2026-08-10.zip,1786428000,1786428300,False,179,175,0,0,3,172,0,,,301,UNKNOWN,not_extreme,0.505,,0.02759718894958496,,no_leader,,,,,,,,,no_leader,,,,,,,,,zip:///Users/bradamanka/Downloads/Stratgey testing/polymarket-btc-5m_2026-08-11.zip::polymarket-btc-updown-5m-1786428000-2026-08-11.txt.zst
zip:///Users/bradamanka/Downloads/Stratgey testing/polymarket-btc-5m_2026-08-10.zip::polymarket-btc-updown-5m-1786429800-2026-08-10.txt.zst,polymarket-btc-updown-5m-1786429800-2026-08-10.txt.zst,polymarket-btc-5m_2026-08-10.zip,1786429800,1786430100,False,97,89,0,0,8,81,0,,,301,UNKNOWN,not_extreme,0.505,,0.0038840770721435547,,no_leader,,,,,,,,,no_leader,,,,,,,,,zip:///Users/bradamanka/Downloads/Stratgey testing/polymarket-btc-5m_2026-08-11.zip::polymarket-btc-updown-5m-1786429800-2026-08-11.txt.zst
zip:///Users/bradamanka/Downloads/Stratgey testing/polymarket-btc-5m_2026-08-10.zip::polymarket-btc-updown-5m-1786429500-2026-08-10.txt.zst,polymarket-btc-updown-5m-1786429500-2026-08-10.txt.zst,polymarket-btc-5m_2026-08-10.zip,1786429500,1786429800,False,173,165,0,0,4,161,0,,,301,UNKNOWN,not_extreme,0.505,,0.007976055145263672,,no_leader,,,,,,,,,no_leader,,,,,,,,,zip:///Users/bradamanka/Downloads/Stratgey testing/polymarket-btc-5m_2026-08-11.zip::polymarket-btc-updown-5m-1786429500-2026-08-11.txt.zst
zip:///Users/bradamanka/Downloads/Stratgey testing/polymarket-btc-5m_2026-08-10.zip::polymarket-btc-updown-5m-1786406400-2026-08-10.txt.zst,polymarket-btc-updown-5m-1786406400-2026-08-10.txt.zst,polymarket-btc-5m_2026-08-10.zip,1786406400,1786406700,False,36514,35955,30474,512,608,35347,0,0.0,59.979,301,UNKNOWN,not_extreme,0.20500000000000002,,0.7947289943695068,,leader_confirm_too_soon_after_pullback,DOWN,18.207,34.113,46.045,,,,,leader_confirm_too_soon_after_pullback,DOWN,19.0,35.0,47.0,,,,,zip:///Users/bradamanka/Downloads/Stratgey testing/polymarket-btc-5m_2026-08-11.zip::polymarket-btc-updown-5m-1786406400-2026-08-11.txt.zst
zip:///Users/bradamanka/Downloads/Stratgey testing/polymarket-btc-5m_2026-08-10.zip::polymarket-btc-updown-5m-1786430100-2026-08-10.txt.zst,polymarket-btc-updown-5m-1786430100-2026-08-10.txt.zst,polymarket-btc-5m_2026-08-10.zip,1786430100,1786430400,False,78,74,0,0,4,70,0,,,301,UNKNOWN,not_extreme,0.505,,0.00469207763671875,,no_leader,,,,,,,,,no_leader,,,,,,,,,zip:///Users/bradamanka/Downloads/Stratgey testing/polymarket-btc-5m_2026-08-11.zip::polymarket-btc-updown-5m-1786430100-2026-08-11.txt.zst
zip:///Users/bradamanka/Downloads/Stratgey testing/polymarket-btc-5m_2026-08-10.zip::polymarket-btc-updown-5m-1786430400-2026-08-10.txt.zst,polymarket-btc-updown-5m-1786430400-2026-08-10.txt.zst,polymarket-btc-5m_2026-08-10.zip,1786430400,1786430700,False,138,132,0,0,5,127,0,,,301,UNKNOWN,not_extreme,0.505,,0.00966191291809082,,no_leader,,,,,,,,,no_leader,,,,,,,,,zip:///Users/bradamanka/Downloads/Stratgey testing/polymarket-btc-5m_2026-08-11.zip::polymarket-btc-updown-5m-1786430400-2026-08-11.txt.zst
zip:///Users/bradamanka/Downloads/Stratgey testing/polymarket-btc-5m_2026-08-10.zip::polymarket-btc-updown-5m-1786430700-2026-08-10.txt.zst,polymarket-btc-updown-5m-1786430700-2026-08-10.txt.zst,polymarket-btc-5m_2026-08-10.zip,1786430700,1786431000,False,128,124,0,0,5,119,0,,,301,UNKNOWN,not_extreme,0.505,,0.01673603057861328,,no_leader,,,,,,,,,no_leader,,,,,,,,,zip:///Users/bradamanka/Downloads/Stratgey testing/polymarket-btc-5m_2026-08-11.zip::polymarket-btc-updown-5m-1786430700-2026-08-11.txt.zst
zip:///Users/bradamanka/Downloads/Stratgey testing/polymarket-btc-5m_2026-08-10.zip::polymarket-btc-updown-5m-1786431000-2026-08-10.txt.zst,polymarket-btc-updown-5m-1786431000-2026-08-10.txt.zst,polymarket-btc-5m_2026-08-10.zip,1786431000,1786431300,False,125,121,0,0,4,117,0,,,301,UNKNOWN,not_extreme,0.505,,0.0043621063232421875,,no_leader,,,,,,,,,no_leader,,,,,,,,,zip:///Users/bradamanka/Downloads/Stratgey testing/polymarket-btc-5m_2026-08-11.zip::polymarket-btc-updown-5m-1786431000-2026-08-11.txt.zst
zip:///Users/bradamanka/Downloads/Stratgey testing/polymarket-btc-5m_2026-08-10.zip::polymarket-btc-updown-5m-1786431300-2026-08-10.txt.zst,polymarket-btc-updown-5m-1786431300-2026-08-10.txt.zst,polymarket-btc-5m_2026-08-10.zip,1786431300,1786431600,False,132,122,0,0,5,117,0,,,301,UNKNOWN,not_extreme,0.505,,0.004624128341674805,,no_leader,,,,,,,,,no_leader,,,,,,,,,zip:///Users/bradamanka/Downloads/Stratgey testing/polymarket-btc-5m_2026-08-11.zip::polymarket-btc-updown-5m-1786431300-2026-08-11.txt.zst
zip:///Users/bradamanka/Downloads/Stratgey testing/polymarket-btc-5m_2026-08-10.zip::polymarket-btc-updown-5m-1786431600-2026-08-10.txt.zst,polymarket-btc-updown-5m-1786431600-2026-08-10.txt.zst,polymarket-btc-5m_2026-08-10.zip,1786431600,1786431900,False,134,126,0,0,4,122,0,,,301,UNKNOWN,not_extreme,0.505,,0.004927158355712891,,no_leader,,,,,,,,,no_leader,,,,,,,,,zip:///Users/bradamanka/Downloads/Stratgey testing/polymarket-btc-5m_2026-08-11.zip::polymarket-btc-updown-5m-1786431600-2026-08-11.txt.zst
zip:///Users/bradamanka/Downloads/Stratgey testing/polymarket-btc-5m_2026-08-10.zip::polymarket-btc-updown-5m-1786431900-2026-08-10.txt.zst,polymarket-btc-updown-5m-1786431900-2026-08-10.txt.zst,polymarket-btc-5m_2026-08-10.zip,1786431900,1786432200,False,107,101,0,0,5,96,0,,,301,UNKNOWN,not_extreme,0.505,,0.006788969039916992,,no_leader,,,,,,,,,no_leader,,,,,,,,,zip:///Users/bradamanka/Downloads/Stratgey testing/polymarket-btc-5m_2026-08-11.zip::polymarket-btc-updown-5m-1786431900-2026-08-11.txt.zst
zip:///Users/bradamanka/Downloads/Stratgey testing/polymarket-btc-5m_2026-08-10.zip::polymarket-btc-updown-5m-1786432200-2026-08-10.txt.zst,polymarket-btc-updown-5m-1786432200-2026-08-10.txt.zst,polymarket-btc-5m_2026-08-10.zip,1786432200,1786432500,False,121,117,0,0,3,114,0,,,301,UNKNOWN,not_extreme,0.505,,0.004947185516357422,,no_leader,,,,,,,,,no_leader,,,,,,,,,zip:///Users/bradamanka/Downloads/Stratgey testing/polymarket-btc-5m_2026-08-11.zip::polymarket-btc-updown-5m-1786432200-2026-08-11.txt.zst
zip:///Users/bradamanka/Downloads/Stratgey testing/polymarket-btc-5m_2026-08-10.zip::polymarket-btc-updown-5m-1786433100-2026-08-10.txt.zst,polymarket-btc-updown-5m-1786433100-2026-08-10.txt.zst,polymarket-btc-5m_2026-08-10.zip,1786433100,1786433400,False,156,150,0,0,4,146,0,,,301,UNKNOWN,not_extreme,0.505,,0.003873109817504883,,no_leader,,,,,,,,,no_leader,,,,,,,,,zip:///Users/bradamanka/Downloads/Stratgey testing/polymarket-btc-5m_2026-08-11.zip::polymarket-btc-updown-5m-1786433100-2026-08-11.txt.zst
zip:///Users/bradamanka/Downloads/Stratgey testing/polymarket-btc-5m_2026-08-10.zip::polymarket-btc-updown-5m-1786432500-2026-08-10.txt.zst,polymarket-btc-updown-5m-1786432500-2026-08-10.txt.zst,polymarket-btc-5m_2026-08-10.zip,1786432500,1786432800,False,139,131,0,0,4,127,0,,,301,UNKNOWN,not_extreme,0.505,,0.010378837585449219,,no_leader,,,,,,,,,no_leader,,,,,,,,,zip:///Users/bradamanka/Downloads/Stratgey testing/polymarket-btc-5m_2026-08-11.zip::polymarket-btc-updown-5m-1786432500-2026-08-11.txt.zst
zip:///Users/bradamanka/Downloads/Stratgey testing/polymarket-btc-5m_2026-08-10.zip::polymarket-btc-updown-5m-1786432800-2026-08-10.txt.zst,polymarket-btc-updown-5m-1786432800-2026-08-10.txt.zst,polymarket-btc-5m_2026-08-10.zip,1786432800,1786433100,False,104,100,0,0,4,96,0,,,301,UNKNOWN,not_extreme,0.505,,0.008746862411499023,,no_leader,,,,,,,,,no_leader,,,,,,,,,zip:///Users/bradamanka/Downloads/Stratgey testing/polymarket-btc-5m_2026-08-11.zip::polymarket-btc-updown-5m-1786432800-2026-08-11.txt.zst
zip:///Users/bradamanka/Downloads/Stratgey testing/polymarket-btc-5m_2026-08-10.zip::polymarket-btc-updown-5m-1786433400-2026-08-10.txt.zst,polymarket-btc-updown-5m-1786433400-2026-08-10.txt.zst,polymarket-btc-5m_2026-08-10.zip,1786433400,1786433700,False,226,222,0,0,3,219,0,,,301,UNKNOWN,not_extreme,0.505,,0.006790876388549805,,no_leader,,,,,,,,,no_leader,,,,,,,,,zip:///Users/bradamanka/Downloads/Stratgey testing/polymarket-btc-5m_2026-08-11.zip::polymarket-btc-updown-5m-1786433400-2026-08-11.txt.zst
zip:///Users/bradamanka/Downloads/Stratgey testing/polymarket-btc-5m_2026-08-10.zip::polymarket-btc-updown-5m-1786434000-2026-08-10.txt.zst,polymarket-btc-updown-5m-1786434000-2026-08-10.txt.zst,polymarket-btc-5m_2026-08-10.zip,1786434000,1786434300,False,202,196,0,0,3,193,0,,,301,UNKNOWN,not_extreme,0.505,,0.005326032638549805,,no_leader,,,,,,,,,no_leader,,,,,,,,,zip:///Users/bradamanka/Downloads/Stratgey testing/polymarket-btc-5m_2026-08-11.zip::polymarket-btc-updown-5m-1786434000-2026-08-11.txt.zst
zip:///Users/bradamanka/Downloads/Stratgey testing/polymarket-btc-5m_2026-08-10.zip::polymarket-btc-updown-5m-1786434300-2026-08-10.txt.zst,polymarket-btc-updown-5m-1786434300-2026-08-10.txt.zst,polymarket-btc-5m_2026-08-10.zip,1786434300,1786434600,False,215,209,0,0,4,205,0,,,301,UNKNOWN,not_extreme,0.505,,0.0046350955963134766,,no_leader,,,,,,,,,no_leader,,,,,,,,,zip:///Users/bradamanka/Downloads/Stratgey testing/polymarket-btc-5m_2026-08-11.zip::polymarket-btc-updown-5m-1786434300-2026-08-11.txt.zst
zip:///Users/bradamanka/Downloads/Stratgey testing/polymarket-btc-5m_2026-08-10.zip::polymarket-btc-updown-5m-1786433700-2026-08-10.txt.zst,polymarket-btc-updown-5m-1786433700-2026-08-10.txt.zst,polymarket-btc-5m_2026-08-10.zip,1786433700,1786434000,False,112,108,0,0,3,105,0,,,301,UNKNOWN,not_extreme,0.505,,0.009719133377075195,,no_leader,,,,,,,,,no_leader,,,,,,,,,zip:///Users/bradamanka/Downloads/Stratgey testing/polymarket-btc-5m_2026-08-11.zip::polymarket-btc-updown-5m-1786433700-2026-08-11.txt.zst
zip:///Users/bradamanka/Downloads/Stratgey testing/polymarket-btc-5m_2026-08-10.zip::polymarket-btc-updown-5m-1786434600-2026-08-10.txt.zst,polymarket-btc-updown-5m-1786434600-2026-08-10.txt.zst,polymarket-btc-5m_2026-08-10.zip,1786434600,1786434900,False,120,116,0,0,3,113,0,,,301,UNKNOWN,not_extreme,0.505,,0.005555868148803711,,no_leader,,,,,,,,,no_leader,,,,,,,,,zip:///Users/bradamanka/Downloads/Stratgey testing/polymarket-btc-5m_2026-08-11.zip::polymarket-btc-updown-5m-1786434600-2026-08-11.txt.zst
zip:///Users/bradamanka/Downloads/Stratgey testing/polymarket-btc-5m_2026-08-10.zip::polymarket-btc-updown-5m-1786434900-2026-08-10.txt.zst,polymarket-btc-updown-5m-1786434900-2026-08-10.txt.zst,polymarket-btc-5m_2026-08-10.zip,1786434900,1786435200,False,130,126,0,0,3,123,0,,,301,UNKNOWN,not_extreme,0.505,,0.007651805877685547,,no_leader,,,,,,,,,no_leader,,,,,,,,,zip:///Users/bradamanka/Downloads/Stratgey testing/polymarket-btc-5m_2026-08-11.zip::polymarket-btc-updown-5m-1786434900-2026-08-11.txt.zst
zip:///Users/bradamanka/Downloads/Stratgey testing/polymarket-btc-5m_2026-08-10.zip::polymarket-btc-updown-5m-1786435500-2026-08-10.txt.zst,polymarket-btc-updown-5m-1786435500-2026-08-10.txt.zst,polymarket-btc-5m_2026-08-10.zip,1786435500,1786435800,False,155,151,0,0,4,147,0,,,301,UNKNOWN,not_extreme,0.505,,0.007082939147949219,,no_leader,,,,,,,,,no_leader,,,,,,,,,zip:///Users/bradamanka/Downloads/Stratgey testing/polymarket-btc-5m_2026-08-11.zip::polymarket-btc-updown-5m-1786435500-2026-08-11.txt.zst
zip:///Users/bradamanka/Downloads/Stratgey testing/polymarket-btc-5m_2026-08-10.zip::polymarket-btc-updown-5m-1786435800-2026-08-10.txt.zst,polymarket-btc-updown-5m-1786435800-2026-08-10.txt.zst,polymarket-btc-5m_2026-08-10.zip,1786435800,1786436100,False,119,113,0,0,4,109,0,,,301,UNKNOWN,not_extreme,0.505,,0.0049517154693603516,,no_leader,,,,,,,,,no_leader,,,,,,,,,zip:///Users/bradamanka/Downloads/Stratgey testing/polymarket-btc-5m_2026-08-11.zip::polymarket-btc-updown-5m-1786435800-2026-08-11.txt.zst
zip:///Users/bradamanka/Downloads/Stratgey testing/polymarket-btc-5m_2026-08-10.zip::polymarket-btc-updown-5m-1786436100-2026-08-10.txt.zst,polymarket-btc-updown-5m-1786436100-2026-08-10.txt.zst,polymarket-btc-5m_2026-08-10.zip,1786436100,1786436400,False,147,141,0,0,3,138,0,,,301,UNKNOWN,not_extreme,0.505,,0.0031299591064453125,,no_leader,,,,,,,,,no_leader,,,,,,,,,zip:///Users/bradamanka/Downloads/Stratgey testing/polymarket-btc-5m_2026-08-11.zip::polymarket-btc-updown-5m-1786436100-2026-08-11.txt.zst
zip:///Users/bradamanka/Downloads/Stratgey testing/polymarket-btc-5m_2026-08-10.zip::polymarket-btc-updown-5m-1786436400-2026-08-10.txt.zst,polymarket-btc-updown-5m-1786436400-2026-08-10.txt.zst,polymarket-btc-5m_2026-08-10.zip,1786436400,1786436700,False,130,124,0,0,3,121,0,,,301,UNKNOWN,not_extreme,0.505,,0.003061056137084961,,no_leader,,,,,,,,,no_leader,,,,,,,,,zip:///Users/bradamanka/Downloads/Stratgey testing/polymarket-btc-5m_2026-08-11.zip::polymarket-btc-updown-5m-1786436400-2026-08-11.txt.zst
zip:///Users/bradamanka/Downloads/Stratgey testing/polymarket-btc-5m_2026-08-10.zip::polymarket-btc-updown-5m-1786436700-2026-08-10.txt.zst,polymarket-btc-updown-5m-1786436700-2026-08-10.txt.zst,polymarket-btc-5m_2026-08-10.zip,1786436700,1786437000,False,142,138,0,0,2,136,0,,,301,UNKNOWN,not_extreme,0.505,,0.0031249523162841797,,no_leader,,,,,,,,,no_leader,,,,,,,,,zip:///Users/bradamanka/Downloads/Stratgey testing/polymarket-btc-5m_2026-08-11.zip::polymarket-btc-updown-5m-1786436700-2026-08-11.txt.zst
zip:///Users/bradamanka/Downloads/Stratgey testing/polymarket-btc-5m_2026-08-10.zip::polymarket-btc-updown-5m-1786437000-2026-08-10.txt.zst,polymarket-btc-updown-5m-1786437000-2026-08-10.txt.zst,polymarket-btc-5m_2026-08-10.zip,1786437000,1786437300,False,102,98,0,0,3,95,0,,,301,UNKNOWN,not_extreme,0.505,,0.003482818603515625,,no_leader,,,,,,,,,no_leader,,,,,,,,,zip:///Users/bradamanka/Downloads/Stratgey testing/polymarket-btc-5m_2026-08-11.zip::polymarket-btc-updown-5m-1786437000-2026-08-11.txt.zst
zip:///Users/bradamanka/Downloads/Stratgey testing/polymarket-btc-5m_2026-08-10.zip::polymarket-btc-updown-5m-1786437300-2026-08-10.txt.zst,polymarket-btc-updown-5m-1786437300-2026-08-10.txt.zst,polymarket-btc-5m_2026-08-10.zip,1786437300,1786437600,False,82,76,0,0,4,72,0,,,301,UNKNOWN,not_extreme,0.505,,0.00374603271484375,,no_leader,,,,,,,,,no_leader,,,,,,,,,zip:///Users/bradamanka/Downloads/Stratgey testing/polymarket-btc-5m_2026-08-11.zip::polymarket-btc-updown-5m-1786437300-2026-08-11.txt.zst
zip:///Users/bradamanka/Downloads/Stratgey testing/polymarket-btc-5m_2026-08-10.zip::polymarket-btc-updown-5m-1786437900-2026-08-10.txt.zst,polymarket-btc-updown-5m-1786437900-2026-08-10.txt.zst,polymarket-btc-5m_2026-08-10.zip,1786437900,1786438200,False,95,91,0,0,4,87,0,,,301,UNKNOWN,not_extreme,0.505,,0.002834796905517578,,no_leader,,,,,,,,,no_leader,,,,,,,,,zip:///Users/bradamanka/Downloads/Stratgey testing/polymarket-btc-5m_2026-08-11.zip::polymarket-btc-updown-5m-1786437900-2026-08-11.txt.zst
zip:///Users/bradamanka/Downloads/Stratgey testing/polymarket-btc-5m_2026-08-10.zip::polymarket-btc-updown-5m-1786437600-2026-08-10.txt.zst,polymarket-btc-updown-5m-1786437600-2026-08-10.txt.zst,polymarket-btc-5m_2026-08-10.zip,1786437600,1786437900,False,114,110,0,0,4,106,0,,,301,UNKNOWN,not_extreme,0.505,,0.004749774932861328,,no_leader,,,,,,,,,no_leader,,,,,,,,,zip:///Users/bradamanka/Downloads/Stratgey testing/polymarket-btc-5m_2026-08-11.zip::polymarket-btc-updown-5m-1786437600-2026-08-11.txt.zst
zip:///Users/bradamanka/Downloads/Stratgey testing/polymarket-btc-5m_2026-08-10.zip::polymarket-btc-updown-5m-1786438200-2026-08-10.txt.zst,polymarket-btc-updown-5m-1786438200-2026-08-10.txt.zst,polymarket-btc-5m_2026-08-10.zip,1786438200,1786438500,False,110,106,0,0,3,103,0,,,301,UNKNOWN,not_extreme,0.505,,0.0035572052001953125,,no_leader,,,,,,,,,no_leader,,,,,,,,,zip:///Users/bradamanka/Downloads/Stratgey testing/polymarket-btc-5m_2026-08-11.zip::polymarket-btc-updown-5m-1786438200-2026-08-11.txt.zst
zip:///Users/bradamanka/Downloads/Stratgey testing/polymarket-btc-5m_2026-08-10.zip::polymarket-btc-updown-5m-1786435200-2026-08-10.txt.zst,polymarket-btc-updown-5m-1786435200-2026-08-10.txt.zst,polymarket-btc-5m_2026-08-10.zip,1786435200,1786435500,False,169,165,0,0,4,161,0,,,301,UNKNOWN,not_extreme,0.505,,0.028360843658447266,,no_leader,,,,,,,,,no_leader,,,,,,,,,zip:///Users/bradamanka/Downloads/Stratgey testing/polymarket-btc-5m_2026-08-11.zip::polymarket-btc-updown-5m-1786435200-2026-08-11.txt.zst
zip:///Users/bradamanka/Downloads/Stratgey testing/polymarket-btc-5m_2026-08-10.zip::polymarket-btc-updown-5m-1786439100-2026-08-10.txt.zst,polymarket-btc-updown-5m-1786439100-2026-08-10.txt.zst,polymarket-btc-5m_2026-08-10.zip,1786439100,1786439400,False,177,173,0,0,2,171,0,,,301,UNKNOWN,not_extreme,0.505,,0.0034151077270507812,,no_leader,,,,,,,,,no_leader,,,,,,,,,zip:///Users/bradamanka/Downloads/Stratgey testing/polymarket-btc-5m_2026-08-11.zip::polymarket-btc-updown-5m-1786439100-2026-08-11.txt.zst
zip:///Users/bradamanka/Downloads/Stratgey testing/polymarket-btc-5m_2026-08-10.zip::polymarket-btc-updown-5m-1786438500-2026-08-10.txt.zst,polymarket-btc-updown-5m-1786438500-2026-08-10.txt.zst,polymarket-btc-5m_2026-08-10.zip,1786438500,1786438800,False,114,110,0,0,2,108,0,,,301,UNKNOWN,not_extreme,0.505,,0.008877992630004883,,no_leader,,,,,,,,,no_leader,,,,,,,,,zip:///Users/bradamanka/Downloads/Stratgey testing/polymarket-btc-5m_2026-08-11.zip::polymarket-btc-updown-5m-1786438500-2026-08-11.txt.zst
zip:///Users/bradamanka/Downloads/Stratgey testing/polymarket-btc-5m_2026-08-10.zip::polymarket-btc-updown-5m-1786438800-2026-08-10.txt.zst,polymarket-btc-updown-5m-1786438800-2026-08-10.txt.zst,polymarket-btc-5m_2026-08-10.zip,1786438800,1786439100,False,203,201,0,0,1,200,0,,,301,UNKNOWN,not_extreme,0.505,,0.01162409782409668,,no_leader,,,,,,,,,no_leader,,,,,,,,,zip:///Users/bradamanka/Downloads/Stratgey testing/polymarket-btc-5m_2026-08-11.zip::polymarket-btc-updown-5m-1786438800-2026-08-11.txt.zst
zip:///Users/bradamanka/Downloads/Stratgey testing/polymarket-btc-5m_2026-08-10.zip::polymarket-btc-updown-5m-1786439400-2026-08-10.txt.zst,polymarket-btc-updown-5m-1786439400-2026-08-10.txt.zst,polymarket-btc-5m_2026-08-10.zip,1786439400,1786439700,False,228,224,0,0,3,221,0,,,301,UNKNOWN,not_extreme,0.505,,0.007928133010864258,,no_leader,,,,,,,,,no_leader,,,,,,,,,zip:///Users/bradamanka/Downloads/Stratgey testing/polymarket-btc-5m_2026-08-11.zip::polymarket-btc-updown-5m-1786439400-2026-08-11.txt.zst
zip:///Users/bradamanka/Downloads/Stratgey testing/polymarket-btc-5m_2026-08-10.zip::polymarket-btc-updown-5m-1786439700-2026-08-10.txt.zst,polymarket-btc-updown-5m-1786439700-2026-08-10.txt.zst,polymarket-btc-5m_2026-08-10.zip,1786439700,1786440000,False,122,118,0,0,3,115,0,,,301,UNKNOWN,not_extreme,0.505,,0.006479024887084961,,no_leader,,,,,,,,,no_leader,,,,,,,,,zip:///Users/bradamanka/Downloads/Stratgey testing/polymarket-btc-5m_2026-08-11.zip::polymarket-btc-updown-5m-1786439700-2026-08-11.txt.zst
zip:///Users/bradamanka/Downloads/Stratgey testing/polymarket-btc-5m_2026-08-10.zip::polymarket-btc-updown-5m-1786440300-2026-08-10.txt.zst,polymarket-btc-updown-5m-1786440300-2026-08-10.txt.zst,polymarket-btc-5m_2026-08-10.zip,1786440300,1786440600,False,103,101,0,0,2,99,0,,,301,UNKNOWN,not_extreme,0.505,,0.0030090808868408203,,no_leader,,,,,,,,,no_leader,,,,,,,,,zip:///Users/bradamanka/Downloads/Stratgey testing/polymarket-btc-5m_2026-08-11.zip::polymarket-btc-updown-5m-1786440300-2026-08-11.txt.zst
zip:///Users/bradamanka/Downloads/Stratgey testing/polymarket-btc-5m_2026-08-10.zip::polymarket-btc-updown-5m-1786440900-2026-08-10.txt.zst,polymarket-btc-updown-5m-1786440900-2026-08-10.txt.zst,polymarket-btc-5m_2026-08-10.zip,1786440900,1786441200,False,106,104,0,0,3,101,0,,,301,UNKNOWN,not_extreme,0.505,,0.004045009613037109,,no_leader,,,,,,,,,no_leader,,,,,,,,,zip:///Users/bradamanka/Downloads/Stratgey testing/polymarket-btc-5m_2026-08-11.zip::polymarket-btc-updown-5m-1786440900-2026-08-11.txt.zst
zip:///Users/bradamanka/Downloads/Stratgey testing/polymarket-btc-5m_2026-08-10.zip::polymarket-btc-updown-5m-1786440600-2026-08-10.txt.zst,polymarket-btc-updown-5m-1786440600-2026-08-10.txt.zst,polymarket-btc-5m_2026-08-10.zip,1786440600,1786440900,False,182,180,0,0,2,178,0,,,301,UNKNOWN,not_extreme,0.505,,0.0068662166595458984,,no_leader,,,,,,,,,no_leader,,,,,,,,,zip:///Users/bradamanka/Downloads/Stratgey testing/polymarket-btc-5m_2026-08-11.zip::polymarket-btc-updown-5m-1786440600-2026-08-11.txt.zst
zip:///Users/bradamanka/Downloads/Stratgey testing/polymarket-btc-5m_2026-08-10.zip::polymarket-btc-updown-5m-1786441200-2026-08-10.txt.zst,polymarket-btc-updown-5m-1786441200-2026-08-10.txt.zst,polymarket-btc-5m_2026-08-10.zip,1786441200,1786441500,False,164,160,0,0,2,158,0,,,301,UNKNOWN,not_extreme,0.505,,0.008510112762451172,,no_leader,,,,,,,,,no_leader,,,,,,,,,zip:///Users/bradamanka/Downloads/Stratgey testing/polymarket-btc-5m_2026-08-11.zip::polymarket-btc-updown-5m-1786441200-2026-08-11.txt.zst
zip:///Users/bradamanka/Downloads/Stratgey testing/polymarket-btc-5m_2026-08-10.zip::polymarket-btc-updown-5m-1786441800-2026-08-10.txt.zst,polymarket-btc-updown-5m-1786441800-2026-08-10.txt.zst,polymarket-btc-5m_2026-08-10.zip,1786441800,1786442100,False,99,93,0,0,3,90,0,,,301,UNKNOWN,not_extreme,0.505,,0.004482746124267578,,no_leader,,,,,,,,,no_leader,,,,,,,,,zip:///Users/bradamanka/Downloads/Stratgey testing/polymarket-btc-5m_2026-08-11.zip::polymarket-btc-updown-5m-1786441800-2026-08-11.txt.zst
zip:///Users/bradamanka/Downloads/Stratgey testing/polymarket-btc-5m_2026-08-10.zip::polymarket-btc-updown-5m-1786441500-2026-08-10.txt.zst,polymarket-btc-updown-5m-1786441500-2026-08-10.txt.zst,polymarket-btc-5m_2026-08-10.zip,1786441500,1786441800,False,138,136,0,0,2,134,0,,,301,UNKNOWN,not_extreme,0.505,,0.013962984085083008,,no_leader,,,,,,,,,no_leader,,,,,,,,,zip:///Users/bradamanka/Downloads/Stratgey testing/polymarket-btc-5m_2026-08-11.zip::polymarket-btc-updown-5m-1786441500-2026-08-11.txt.zst
zip:///Users/bradamanka/Downloads/Stratgey testing/polymarket-btc-5m_2026-08-10.zip::polymarket-btc-updown-5m-1786442100-2026-08-10.txt.zst,polymarket-btc-updown-5m-1786442100-2026-08-10.txt.zst,polymarket-btc-5m_2026-08-10.zip,1786442100,1786442400,False,97,95,0,0,2,93,0,,,301,UNKNOWN,not_extreme,0.505,,0.0030851364135742188,,no_leader,,,,,,,,,no_leader,,,,,,,,,zip:///Users/bradamanka/Downloads/Stratgey testing/polymarket-btc-5m_2026-08-11.zip::polymarket-btc-updown-5m-1786442100-2026-08-11.txt.zst
zip:///Users/bradamanka/Downloads/Stratgey testing/polymarket-btc-5m_2026-08-10.zip::polymarket-btc-updown-5m-1786440000-2026-08-10.txt.zst,polymarket-btc-updown-5m-1786440000-2026-08-10.txt.zst,polymarket-btc-5m_2026-08-10.zip,1786440000,1786440300,False,105,103,0,0,1,102,0,,,301,UNKNOWN,not_extreme,0.505,,0.003358125686645508,,no_leader,,,,,,,,,no_leader,,,,,,,,,zip:///Users/bradamanka/Downloads/Stratgey testing/polymarket-btc-5m_2026-08-11.zip::polymarket-btc-updown-5m-1786440000-2026-08-11.txt.zst
zip:///Users/bradamanka/Downloads/Stratgey testing/polymarket-btc-5m_2026-08-10.zip::polymarket-btc-updown-5m-1786442400-2026-08-10.txt.zst,polymarket-btc-updown-5m-1786442400-2026-08-10.txt.zst,polymarket-btc-5m_2026-08-10.zip,1786442400,1786442700,False,115,113,0,0,2,111,0,,,301,UNKNOWN,not_extreme,0.505,,0.0033140182495117188,,no_leader,,,,,,,,,no_leader,,,,,,,,,zip:///Users/bradamanka/Downloads/Stratgey testing/polymarket-btc-5m_2026-08-11.zip::polymarket-btc-updown-5m-1786442400-2026-08-11.txt.zst
zip:///Users/bradamanka/Downloads/Stratgey testing/polymarket-btc-5m_2026-08-10.zip::polymarket-btc-updown-5m-1786442700-2026-08-10.txt.zst,polymarket-btc-updown-5m-1786442700-2026-08-10.txt.zst,polymarket-btc-5m_2026-08-10.zip,1786442700,1786443000,False,98,92,0,0,4,88,0,,,301,UNKNOWN,not_extreme,0.505,,0.003798961639404297,,no_leader,,,,,,,,,no_leader,,,,,,,,,zip:///Users/bradamanka/Downloads/Stratgey testing/polymarket-btc-5m_2026-08-11.zip::polymarket-btc-updown-5m-1786442700-2026-08-11.txt.zst
zip:///Users/bradamanka/Downloads/Stratgey testing/polymarket-btc-5m_2026-08-10.zip::polymarket-btc-updown-5m-1786443300-2026-08-10.txt.zst,polymarket-btc-updown-5m-1786443300-2026-08-10.txt.zst,polymarket-btc-5m_2026-08-10.zip,1786443300,1786443600,False,91,85,0,0,3,82,0,,,301,UNKNOWN,not_extreme,0.505,,0.004299163818359375,,no_leader,,,,,,,,,no_leader,,,,,,,,,zip:///Users/bradamanka/Downloads/Stratgey testing/polymarket-btc-5m_2026-08-11.zip::polymarket-btc-updown-5m-1786443300-2026-08-11.txt.zst
zip:///Users/bradamanka/Downloads/Stratgey testing/polymarket-btc-5m_2026-08-10.zip::polymarket-btc-updown-5m-1786443000-2026-08-10.txt.zst,polymarket-btc-updown-5m-1786443000-2026-08-10.txt.zst,polymarket-btc-5m_2026-08-10.zip,1786443000,1786443300,False,161,157,0,0,4,153,0,,,301,UNKNOWN,not_extreme,0.505,,0.006556034088134766,,no_leader,,,,,,,,,no_leader,,,,,,,,,zip:///Users/bradamanka/Downloads/Stratgey testing/polymarket-btc-5m_2026-08-11.zip::polymarket-btc-updown-5m-1786443000-2026-08-11.txt.zst
zip:///Users/bradamanka/Downloads/Stratgey testing/polymarket-btc-5m_2026-08-10.zip::polymarket-btc-updown-5m-1786443600-2026-08-10.txt.zst,polymarket-btc-updown-5m-1786443600-2026-08-10.txt.zst,polymarket-btc-5m_2026-08-10.zip,1786443600,1786443900,False,84,82,0,0,1,81,0,,,301,UNKNOWN,not_extreme,0.505,,0.003944873809814453,,no_leader,,,,,,,,,no_leader,,,,,,,,,zip:///Users/bradamanka/Downloads/Stratgey testing/polymarket-btc-5m_2026-08-11.zip::polymarket-btc-updown-5m-1786443600-2026-08-11.txt.zst
zip:///Users/bradamanka/Downloads/Stratgey testing/polymarket-btc-5m_2026-08-10.zip::polymarket-btc-updown-5m-1786443900-2026-08-10.txt.zst,polymarket-btc-updown-5m-1786443900-2026-08-10.txt.zst,polymarket-btc-5m_2026-08-10.zip,1786443900,1786444200,False,125,123,0,0,2,121,0,,,301,UNKNOWN,not_extreme,0.505,,0.00393986701965332,,no_leader,,,,,,,,,no_leader,,,,,,,,,zip:///Users/bradamanka/Downloads/Stratgey testing/polymarket-btc-5m_2026-08-11.zip::polymarket-btc-updown-5m-1786443900-2026-08-11.txt.zst
zip:///Users/bradamanka/Downloads/Stratgey testing/polymarket-btc-5m_2026-08-10.zip::polymarket-btc-updown-5m-1786444200-2026-08-10.txt.zst,polymarket-btc-updown-5m-1786444200-2026-08-10.txt.zst,polymarket-btc-5m_2026-08-10.zip,1786444200,1786444500,False,153,151,0,0,2,149,0,,,301,UNKNOWN,not_extreme,0.505,,0.0032329559326171875,,no_leader,,,,,,,,,no_leader,,,,,,,,,zip:///Users/bradamanka/Downloads/Stratgey testing/polymarket-btc-5m_2026-08-11.zip::polymarket-btc-updown-5m-1786444200-2026-08-11.txt.zst
zip:///Users/bradamanka/Downloads/Stratgey testing/polymarket-btc-5m_2026-08-10.zip::polymarket-btc-updown-5m-1786444500-2026-08-10.txt.zst,polymarket-btc-updown-5m-1786444500-2026-08-10.txt.zst,polymarket-btc-5m_2026-08-10.zip,1786444500,1786444800,False,132,130,0,0,3,127,0,,,301,UNKNOWN,not_extreme,0.505,,0.005812883377075195,,no_leader,,,,,,,,,no_leader,,,,,,,,,zip:///Users/bradamanka/Downloads/Stratgey testing/polymarket-btc-5m_2026-08-11.zip::polymarket-btc-updown-5m-1786444500-2026-08-11.txt.zst
zip:///Users/bradamanka/Downloads/Stratgey testing/polymarket-btc-5m_2026-08-10.zip::polymarket-btc-updown-5m-1786445100-2026-08-10.txt.zst,polymarket-btc-updown-5m-1786445100-2026-08-10.txt.zst,polymarket-btc-5m_2026-08-10.zip,1786445100,1786445400,False,102,100,0,0,3,97,0,,,301,UNKNOWN,not_extreme,0.505,,0.0036013126373291016,,no_leader,,,,,,,,,no_leader,,,,,,,,,zip:///Users/bradamanka/Downloads/Stratgey testing/polymarket-btc-5m_2026-08-11.zip::polymarket-btc-updown-5m-1786445100-2026-08-11.txt.zst
zip:///Users/bradamanka/Downloads/Stratgey testing/polymarket-btc-5m_2026-08-10.zip::polymarket-btc-updown-5m-1786445400-2026-08-10.txt.zst,polymarket-btc-updown-5m-1786445400-2026-08-10.txt.zst,polymarket-btc-5m_2026-08-10.zip,1786445400,1786445700,False,132,130,0,0,4,126,0,,,301,UNKNOWN,not_extreme,0.505,,0.0034689903259277344,,no_leader,,,,,,,,,no_leader,,,,,,,,,zip:///Users/bradamanka/Downloads/Stratgey testing/polymarket-btc-5m_2026-08-11.zip::polymarket-btc-updown-5m-1786445400-2026-08-11.txt.zst
zip:///Users/bradamanka/Downloads/Stratgey testing/polymarket-btc-5m_2026-08-10.zip::polymarket-btc-updown-5m-1786446000-2026-08-10.txt.zst,polymarket-btc-updown-5m-1786446000-2026-08-10.txt.zst,polymarket-btc-5m_2026-08-10.zip,1786446000,1786446300,False,82,80,0,0,2,78,0,,,301,UNKNOWN,not_extreme,0.505,,0.0027136802673339844,,no_leader,,,,,,,,,no_leader,,,,,,,,,zip:///Users/bradamanka/Downloads/Stratgey testing/polymarket-btc-5m_2026-08-11.zip::polymarket-btc-updown-5m-1786446000-2026-08-11.txt.zst
zip:///Users/bradamanka/Downloads/Stratgey testing/polymarket-btc-5m_2026-08-10.zip::polymarket-btc-updown-5m-1786446300-2026-08-10.txt.zst,polymarket-btc-updown-5m-1786446300-2026-08-10.txt.zst,polymarket-btc-5m_2026-08-10.zip,1786446300,1786446600,False,86,84,0,0,2,82,0,,,301,UNKNOWN,not_extreme,0.505,,0.0027399063110351562,,no_leader,,,,,,,,,no_leader,,,,,,,,,zip:///Users/bradamanka/Downloads/Stratgey testing/polymarket-btc-5m_2026-08-11.zip::polymarket-btc-updown-5m-1786446300-2026-08-11.txt.zst
zip:///Users/bradamanka/Downloads/Stratgey testing/polymarket-btc-5m_2026-08-10.zip::polymarket-btc-updown-5m-1786445700-2026-08-10.txt.zst,polymarket-btc-updown-5m-1786445700-2026-08-10.txt.zst,polymarket-btc-5m_2026-08-10.zip,1786445700,1786446000,False,86,84,0,0,1,83,0,,,301,UNKNOWN,not_extreme,0.505,,0.011296987533569336,,no_leader,,,,,,,,,no_leader,,,,,,,,,zip:///Users/bradamanka/Downloads/Stratgey testing/polymarket-btc-5m_2026-08-11.zip::polymarket-btc-updown-5m-1786445700-2026-08-11.txt.zst
zip:///Users/bradamanka/Downloads/Stratgey testing/polymarket-btc-5m_2026-08-10.zip::polymarket-btc-updown-5m-1786446600-2026-08-10.txt.zst,polymarket-btc-updown-5m-1786446600-2026-08-10.txt.zst,polymarket-btc-5m_2026-08-10.zip,1786446600,1786446900,False,116,114,0,0,3,111,0,,,301,UNKNOWN,not_extreme,0.505,,0.0066721439361572266,,no_leader,,,,,,,,,no_leader,,,,,,,,,zip:///Users/bradamanka/Downloads/Stratgey testing/polymarket-btc-5m_2026-08-11.zip::polymarket-btc-updown-5m-1786446600-2026-08-11.txt.zst
zip:///Users/bradamanka/Downloads/Stratgey testing/polymarket-btc-5m_2026-08-10.zip::polymarket-btc-updown-5m-1786444800-2026-08-10.txt.zst,polymarket-btc-updown-5m-1786444800-2026-08-10.txt.zst,polymarket-btc-5m_2026-08-10.zip,1786444800,1786445100,False,115,113,0,0,1,112,0,,,301,UNKNOWN,not_extreme,0.505,,0.02379894256591797,,no_leader,,,,,,,,,no_leader,,,,,,,,,zip:///Users/bradamanka/Downloads/Stratgey testing/polymarket-btc-5m_2026-08-11.zip::polymarket-btc-updown-5m-1786444800-2026-08-11.txt.zst
zip:///Users/bradamanka/Downloads/Stratgey testing/polymarket-btc-5m_2026-08-10.zip::polymarket-btc-updown-5m-1786446900-2026-08-10.txt.zst,polymarket-btc-updown-5m-1786446900-2026-08-10.txt.zst,polymarket-btc-5m_2026-08-10.zip,1786446900,1786447200,False,123,121,0,0,2,119,0,,,301,UNKNOWN,not_extreme,0.505,,0.005934000015258789,,no_leader,,,,,,,,,no_leader,,,,,,,,,zip:///Users/bradamanka/Downloads/Stratgey testing/polymarket-btc-5m_2026-08-11.zip::polymarket-btc-updown-5m-1786446900-2026-08-11.txt.zst
zip:///Users/bradamanka/Downloads/Stratgey testing/polymarket-btc-5m_2026-08-10.zip::polymarket-btc-updown-5m-1786447500-2026-08-10.txt.zst,polymarket-btc-updown-5m-1786447500-2026-08-10.txt.zst,polymarket-btc-5m_2026-08-10.zip,1786447500,1786447800,False,83,79,0,0,2,77,0,,,301,UNKNOWN,not_extreme,0.505,,0.008091211318969727,,no_leader,,,,,,,,,no_leader,,,,,,,,,zip:///Users/bradamanka/Downloads/Stratgey testing/polymarket-btc-5m_2026-08-11.zip::polymarket-btc-updown-5m-1786447500-2026-08-11.txt.zst
zip:///Users/bradamanka/Downloads/Stratgey testing/polymarket-btc-5m_2026-08-10.zip::polymarket-btc-updown-5m-1786447800-2026-08-10.txt.zst,polymarket-btc-updown-5m-1786447800-2026-08-10.txt.zst,polymarket-btc-5m_2026-08-10.zip,1786447800,1786448100,False,97,95,0,0,2,93,0,,,301,UNKNOWN,not_extreme,0.505,,0.008800983428955078,,no_leader,,,,,,,,,no_leader,,,,,,,,,zip:///Users/bradamanka/Downloads/Stratgey testing/polymarket-btc-5m_2026-08-11.zip::polymarket-btc-updown-5m-1786447800-2026-08-11.txt.zst
zip:///Users/bradamanka/Downloads/Stratgey testing/polymarket-btc-5m_2026-08-10.zip::polymarket-btc-updown-5m-1786448100-2026-08-10.txt.zst,polymarket-btc-updown-5m-1786448100-2026-08-10.txt.zst,polymarket-btc-5m_2026-08-10.zip,1786448100,1786448400,False,73,71,0,0,3,68,0,,,301,UNKNOWN,not_extreme,0.505,,0.005209207534790039,,no_leader,,,,,,,,,no_leader,,,,,,,,,zip:///Users/bradamanka/Downloads/Stratgey testing/polymarket-btc-5m_2026-08-11.zip::polymarket-btc-updown-5m-1786448100-2026-08-11.txt.zst
zip:///Users/bradamanka/Downloads/Stratgey testing/polymarket-btc-5m_2026-08-10.zip::polymarket-btc-updown-5m-1786447200-2026-08-10.txt.zst,polymarket-btc-updown-5m-1786447200-2026-08-10.txt.zst,polymarket-btc-5m_2026-08-10.zip,1786447200,1786447500,False,117,115,0,0,2,113,0,,,301,UNKNOWN,not_extreme,0.505,,0.01746201515197754,,no_leader,,,,,,,,,no_leader,,,,,,,,,zip:///Users/bradamanka/Downloads/Stratgey testing/polymarket-btc-5m_2026-08-11.zip::polymarket-btc-updown-5m-1786447200-2026-08-11.txt.zst
zip:///Users/bradamanka/Downloads/Stratgey testing/polymarket-btc-5m_2026-08-10.zip::polymarket-btc-updown-5m-1786448400-2026-08-10.txt.zst,polymarket-btc-updown-5m-1786448400-2026-08-10.txt.zst,polymarket-btc-5m_2026-08-10.zip,1786448400,1786448700,False,129,127,0,0,2,125,0,,,301,UNKNOWN,not_extreme,0.505,,0.006706953048706055,,no_leader,,,,,,,,,no_leader,,,,,,,,,zip:///Users/bradamanka/Downloads/Stratgey testing/polymarket-btc-5m_2026-08-11.zip::polymarket-btc-updown-5m-1786448400-2026-08-11.txt.zst
zip:///Users/bradamanka/Downloads/Stratgey testing/polymarket-btc-5m_2026-08-10.zip::polymarket-btc-updown-5m-1786449000-2026-08-10.txt.zst,polymarket-btc-updown-5m-1786449000-2026-08-10.txt.zst,polymarket-btc-5m_2026-08-10.zip,1786449000,1786449300,False,188,184,0,0,2,182,0,,,301,UNKNOWN,not_extreme,0.505,,0.0035257339477539062,,no_leader,,,,,,,,,no_leader,,,,,,,,,zip:///Users/bradamanka/Downloads/Stratgey testing/polymarket-btc-5m_2026-08-11.zip::polymarket-btc-updown-5m-1786449000-2026-08-11.txt.zst
zip:///Users/bradamanka/Downloads/Stratgey testing/polymarket-btc-5m_2026-08-10.zip::polymarket-btc-updown-5m-1786449600-2026-08-10.txt.zst,polymarket-btc-updown-5m-1786449600-2026-08-10.txt.zst,polymarket-btc-5m_2026-08-10.zip,1786449600,1786449900,False,168,164,0,0,3,161,0,,,301,UNKNOWN,not_extreme,0.505,,0.0037920475006103516,,no_leader,,,,,,,,,no_leader,,,,,,,,,zip:///Users/bradamanka/Downloads/Stratgey testing/polymarket-btc-5m_2026-08-11.zip::polymarket-btc-updown-5m-1786449600-2026-08-11.txt.zst
zip:///Users/bradamanka/Downloads/Stratgey testing/polymarket-btc-5m_2026-08-10.zip::polymarket-btc-updown-5m-1786448700-2026-08-10.txt.zst,polymarket-btc-updown-5m-1786448700-2026-08-10.txt.zst,polymarket-btc-5m_2026-08-10.zip,1786448700,1786449000,False,209,207,0,0,3,204,0,,,301,UNKNOWN,not_extreme,0.505,,0.007699012756347656,,no_leader,,,,,,,,,no_leader,,,,,,,,,zip:///Users/bradamanka/Downloads/Stratgey testing/polymarket-btc-5m_2026-08-11.zip::polymarket-btc-updown-5m-1786448700-2026-08-11.txt.zst
zip:///Users/bradamanka/Downloads/Stratgey testing/polymarket-btc-5m_2026-08-10.zip::polymarket-btc-updown-5m-1786449300-2026-08-10.txt.zst,polymarket-btc-updown-5m-1786449300-2026-08-10.txt.zst,polymarket-btc-5m_2026-08-10.zip,1786449300,1786449600,False,174,172,0,0,2,170,0,,,301,UNKNOWN,not_extreme,0.505,,0.008457183837890625,,no_leader,,,,,,,,,no_leader,,,,,,,,,zip:///Users/bradamanka/Downloads/Stratgey testing/polymarket-btc-5m_2026-08-11.zip::polymarket-btc-updown-5m-1786449300-2026-08-11.txt.zst
zip:///Users/bradamanka/Downloads/Stratgey testing/polymarket-btc-5m_2026-08-10.zip::polymarket-btc-updown-5m-1786450200-2026-08-10.txt.zst,polymarket-btc-updown-5m-1786450200-2026-08-10.txt.zst,polymarket-btc-5m_2026-08-10.zip,1786450200,1786450500,False,162,160,0,0,1,159,0,,,301,UNKNOWN,not_extreme,0.505,,0.0035271644592285156,,no_leader,,,,,,,,,no_leader,,,,,,,,,zip:///Users/bradamanka/Downloads/Stratgey testing/polymarket-btc-5m_2026-08-11.zip::polymarket-btc-updown-5m-1786450200-2026-08-11.txt.zst
zip:///Users/bradamanka/Downloads/Stratgey testing/polymarket-btc-5m_2026-08-10.zip::polymarket-btc-updown-5m-1786449900-2026-08-10.txt.zst,polymarket-btc-updown-5m-1786449900-2026-08-10.txt.zst,polymarket-btc-5m_2026-08-10.zip,1786449900,1786450200,False,166,164,0,0,2,162,0,,,301,UNKNOWN,not_extreme,0.505,,0.00429987907409668,,no_leader,,,,,,,,,no_leader,,,,,,,,,zip:///Users/bradamanka/Downloads/Stratgey testing/polymarket-btc-5m_2026-08-11.zip::polymarket-btc-updown-5m-1786449900-2026-08-11.txt.zst
zip:///Users/bradamanka/Downloads/Stratgey testing/polymarket-btc-5m_2026-08-10.zip::polymarket-btc-updown-5m-1786450800-2026-08-10.txt.zst,polymarket-btc-updown-5m-1786450800-2026-08-10.txt.zst,polymarket-btc-5m_2026-08-10.zip,1786450800,1786451100,False,104,100,0,0,2,98,0,,,301,UNKNOWN,not_extreme,0.505,,0.003323793411254883,,no_leader,,,,,,,,,no_leader,,,,,,,,,zip:///Users/bradamanka/Downloads/Stratgey testing/polymarket-btc-5m_2026-08-11.zip::polymarket-btc-updown-5m-1786450800-2026-08-11.txt.zst
zip:///Users/bradamanka/Downloads/Stratgey testing/polymarket-btc-5m_2026-08-10.zip::polymarket-btc-updown-5m-1786451100-2026-08-10.txt.zst,polymarket-btc-updown-5m-1786451100-2026-08-10.txt.zst,polymarket-btc-5m_2026-08-10.zip,1786451100,1786451400,False,122,120,0,0,1,119,0,,,301,UNKNOWN,not_extreme,0.505,,0.003240346908569336,,no_leader,,,,,,,,,no_leader,,,,,,,,,zip:///Users/bradamanka/Downloads/Stratgey testing/polymarket-btc-5m_2026-08-11.zip::polymarket-btc-updown-5m-1786451100-2026-08-11.txt.zst
zip:///Users/bradamanka/Downloads/Stratgey testing/polymarket-btc-5m_2026-08-10.zip::polymarket-btc-updown-5m-1786450500-2026-08-10.txt.zst,polymarket-btc-updown-5m-1786450500-2026-08-10.txt.zst,polymarket-btc-5m_2026-08-10.zip,1786450500,1786450800,False,112,110,0,0,2,108,0,,,301,UNKNOWN,not_extreme,0.505,,0.005487918853759766,,no_leader,,,,,,,,,no_leader,,,,,,,,,zip:///Users/bradamanka/Downloads/Stratgey testing/polymarket-btc-5m_2026-08-11.zip::polymarket-btc-updown-5m-1786450500-2026-08-11.txt.zst
zip:///Users/bradamanka/Downloads/Stratgey testing/polymarket-btc-5m_2026-08-10.zip::polymarket-btc-updown-5m-1786452000-2026-08-10.txt.zst,polymarket-btc-updown-5m-1786452000-2026-08-10.txt.zst,polymarket-btc-5m_2026-08-10.zip,1786452000,1786452300,False,223,221,0,0,2,219,0,,,301,UNKNOWN,not_extreme,0.505,,0.004225015640258789,,no_leader,,,,,,,,,no_leader,,,,,,,,,zip:///Users/bradamanka/Downloads/Stratgey testing/polymarket-btc-5m_2026-08-11.zip::polymarket-btc-updown-5m-1786452000-2026-08-11.txt.zst
zip:///Users/bradamanka/Downloads/Stratgey testing/polymarket-btc-5m_2026-08-10.zip::polymarket-btc-updown-5m-1786451400-2026-08-10.txt.zst,polymarket-btc-updown-5m-1786451400-2026-08-10.txt.zst,polymarket-btc-5m_2026-08-10.zip,1786451400,1786451700,False,134,132,0,0,1,131,0,,,301,UNKNOWN,not_extreme,0.505,,0.007828950881958008,,no_leader,,,,,,,,,no_leader,,,,,,,,,zip:///Users/bradamanka/Downloads/Stratgey testing/polymarket-btc-5m_2026-08-11.zip::polymarket-btc-updown-5m-1786451400-2026-08-11.txt.zst
zip:///Users/bradamanka/Downloads/Stratgey testing/polymarket-btc-5m_2026-08-10.zip::polymarket-btc-updown-5m-1786452600-2026-08-10.txt.zst,polymarket-btc-updown-5m-1786452600-2026-08-10.txt.zst,polymarket-btc-5m_2026-08-10.zip,1786452600,1786452900,False,92,90,0,0,1,89,0,,,301,UNKNOWN,not_extreme,0.505,,0.002682924270629883,,no_leader,,,,,,,,,no_leader,,,,,,,,,zip:///Users/bradamanka/Downloads/Stratgey testing/polymarket-btc-5m_2026-08-11.zip::polymarket-btc-updown-5m-1786452600-2026-08-11.txt.zst
zip:///Users/bradamanka/Downloads/Stratgey testing/polymarket-btc-5m_2026-08-10.zip::polymarket-btc-updown-5m-1786451700-2026-08-10.txt.zst,polymarket-btc-updown-5m-1786451700-2026-08-10.txt.zst,polymarket-btc-5m_2026-08-10.zip,1786451700,1786452000,False,207,203,0,0,2,201,0,,,301,UNKNOWN,not_extreme,0.505,,0.010216951370239258,,no_leader,,,,,,,,,no_leader,,,,,,,,,zip:///Users/bradamanka/Downloads/Stratgey testing/polymarket-btc-5m_2026-08-11.zip::polymarket-btc-updown-5m-1786451700-2026-08-11.txt.zst
zip:///Users/bradamanka/Downloads/Stratgey testing/polymarket-btc-5m_2026-08-10.zip::polymarket-btc-updown-5m-1786452900-2026-08-10.txt.zst,polymarket-btc-updown-5m-1786452900-2026-08-10.txt.zst,polymarket-btc-5m_2026-08-10.zip,1786452900,1786453200,False,66,64,0,0,2,62,0,,,301,UNKNOWN,not_extreme,0.505,,0.003062009811401367,,no_leader,,,,,,,,,no_leader,,,,,,,,,zip:///Users/bradamanka/Downloads/Stratgey testing/polymarket-btc-5m_2026-08-11.zip::polymarket-btc-updown-5m-1786452900-2026-08-11.txt.zst
zip:///Users/bradamanka/Downloads/Stratgey testing/polymarket-btc-5m_2026-08-10.zip::polymarket-btc-updown-5m-1786452300-2026-08-10.txt.zst,polymarket-btc-updown-5m-1786452300-2026-08-10.txt.zst,polymarket-btc-5m_2026-08-10.zip,1786452300,1786452600,False,110,108,0,0,1,107,0,,,301,UNKNOWN,not_extreme,0.505,,0.0065538883209228516,,no_leader,,,,,,,,,no_leader,,,,,,,,,zip:///Users/bradamanka/Downloads/Stratgey testing/polymarket-btc-5m_2026-08-11.zip::polymarket-btc-updown-5m-1786452300-2026-08-11.txt.zst
zip:///Users/bradamanka/Downloads/Stratgey testing/polymarket-btc-5m_2026-08-10.zip::polymarket-btc-updown-5m-1786453800-2026-08-10.txt.zst,polymarket-btc-updown-5m-1786453800-2026-08-10.txt.zst,polymarket-btc-5m_2026-08-10.zip,1786453800,1786454100,False,100,96,0,0,2,94,0,,,301,UNKNOWN,not_extreme,0.505,,0.002851247787475586,,no_leader,,,,,,,,,no_leader,,,,,,,,,zip:///Users/bradamanka/Downloads/Stratgey testing/polymarket-btc-5m_2026-08-11.zip::polymarket-btc-updown-5m-1786453800-2026-08-11.txt.zst
zip:///Users/bradamanka/Downloads/Stratgey testing/polymarket-btc-5m_2026-08-10.zip::polymarket-btc-updown-5m-1786453500-2026-08-10.txt.zst,polymarket-btc-updown-5m-1786453500-2026-08-10.txt.zst,polymarket-btc-5m_2026-08-10.zip,1786453500,1786453800,False,90,88,0,0,1,87,0,,,301,UNKNOWN,not_extreme,0.505,,0.0035467147827148438,,no_leader,,,,,,,,,no_leader,,,,,,,,,zip:///Users/bradamanka/Downloads/Stratgey testing/polymarket-btc-5m_2026-08-11.zip::polymarket-btc-updown-5m-1786453500-2026-08-11.txt.zst
zip:///Users/bradamanka/Downloads/Stratgey testing/polymarket-btc-5m_2026-08-10.zip::polymarket-btc-updown-5m-1786454100-2026-08-10.txt.zst,polymarket-btc-updown-5m-1786454100-2026-08-10.txt.zst,polymarket-btc-5m_2026-08-10.zip,1786454100,1786454400,False,92,84,0,0,4,80,0,,,301,UNKNOWN,not_extreme,0.505,,0.0033197402954101562,,no_leader,,,,,,,,,no_leader,,,,,,,,,zip:///Users/bradamanka/Downloads/Stratgey testing/polymarket-btc-5m_2026-08-11.zip::polymarket-btc-updown-5m-1786454100-2026-08-11.txt.zst
zip:///Users/bradamanka/Downloads/Stratgey testing/polymarket-btc-5m_2026-08-10.zip::polymarket-btc-updown-5m-1786453200-2026-08-10.txt.zst,polymarket-btc-updown-5m-1786453200-2026-08-10.txt.zst,polymarket-btc-5m_2026-08-10.zip,1786453200,1786453500,False,115,113,0,0,2,111,0,,,301,UNKNOWN,not_extreme,0.505,,0.0072710514068603516,,no_leader,,,,,,,,,no_leader,,,,,,,,,zip:///Users/bradamanka/Downloads/Stratgey testing/polymarket-btc-5m_2026-08-11.zip::polymarket-btc-updown-5m-1786453200-2026-08-11.txt.zst
zip:///Users/bradamanka/Downloads/Stratgey testing/polymarket-btc-5m_2026-08-10.zip::polymarket-btc-updown-5m-1786454700-2026-08-10.txt.zst,polymarket-btc-updown-5m-1786454700-2026-08-10.txt.zst,polymarket-btc-5m_2026-08-10.zip,1786454700,1786455000,False,107,105,0,0,3,102,0,,,301,UNKNOWN,not_extreme,0.505,,0.0033049583435058594,,no_leader,,,,,,,,,no_leader,,,,,,,,,zip:///Users/bradamanka/Downloads/Stratgey testing/polymarket-btc-5m_2026-08-11.zip::polymarket-btc-updown-5m-1786454700-2026-08-11.txt.zst
zip:///Users/bradamanka/Downloads/Stratgey testing/polymarket-btc-5m_2026-08-10.zip::polymarket-btc-updown-5m-1786455000-2026-08-10.txt.zst,polymarket-btc-updown-5m-1786455000-2026-08-10.txt.zst,polymarket-btc-5m_2026-08-10.zip,1786455000,1786455300,False,107,105,0,0,2,103,0,,,301,UNKNOWN,not_extreme,0.505,,0.0030100345611572266,,no_leader,,,,,,,,,no_leader,,,,,,,,,zip:///Users/bradamanka/Downloads/Stratgey testing/polymarket-btc-5m_2026-08-11.zip::polymarket-btc-updown-5m-1786455000-2026-08-11.txt.zst
zip:///Users/bradamanka/Downloads/Stratgey testing/polymarket-btc-5m_2026-08-10.zip::polymarket-btc-updown-5m-1786455300-2026-08-10.txt.zst,polymarket-btc-updown-5m-1786455300-2026-08-10.txt.zst,polymarket-btc-5m_2026-08-10.zip,1786455300,1786455600,False,110,108,0,0,2,106,0,,,301,UNKNOWN,not_extreme,0.505,,0.003756999969482422,,no_leader,,,,,,,,,no_leader,,,,,,,,,zip:///Users/bradamanka/Downloads/Stratgey testing/polymarket-btc-5m_2026-08-11.zip::polymarket-btc-updown-5m-1786455300-2026-08-11.txt.zst
zip:///Users/bradamanka/Downloads/Stratgey testing/polymarket-btc-5m_2026-08-10.zip::polymarket-btc-updown-5m-1786456200-2026-08-10.txt.zst,polymarket-btc-updown-5m-1786456200-2026-08-10.txt.zst,polymarket-btc-5m_2026-08-10.zip,1786456200,1786456500,False,96,94,0,0,2,92,0,,,301,UNKNOWN,not_extreme,0.505,,0.003011941909790039,,no_leader,,,,,,,,,no_leader,,,,,,,,,zip:///Users/bradamanka/Downloads/Stratgey testing/polymarket-btc-5m_2026-08-11.zip::polymarket-btc-updown-5m-1786456200-2026-08-11.txt.zst
zip:///Users/bradamanka/Downloads/Stratgey testing/polymarket-btc-5m_2026-08-10.zip::polymarket-btc-updown-5m-1786454400-2026-08-10.txt.zst,polymarket-btc-updown-5m-1786454400-2026-08-10.txt.zst,polymarket-btc-5m_2026-08-10.zip,1786454400,1786454700,False,97,95,0,0,1,94,0,,,301,UNKNOWN,not_extreme,0.505,,0.009732723236083984,,no_leader,,,,,,,,,no_leader,,,,,,,,,zip:///Users/bradamanka/Downloads/Stratgey testing/polymarket-btc-5m_2026-08-11.zip::polymarket-btc-updown-5m-1786454400-2026-08-11.txt.zst
zip:///Users/bradamanka/Downloads/Stratgey testing/polymarket-btc-5m_2026-08-10.zip::polymarket-btc-updown-5m-1786455900-2026-08-10.txt.zst,polymarket-btc-updown-5m-1786455900-2026-08-10.txt.zst,polymarket-btc-5m_2026-08-10.zip,1786455900,1786456200,False,107,101,0,0,3,98,0,,,301,UNKNOWN,not_extreme,0.505,,0.006592988967895508,,no_leader,,,,,,,,,no_leader,,,,,,,,,zip:///Users/bradamanka/Downloads/Stratgey testing/polymarket-btc-5m_2026-08-11.zip::polymarket-btc-updown-5m-1786455900-2026-08-11.txt.zst
zip:///Users/bradamanka/Downloads/Stratgey testing/polymarket-btc-5m_2026-08-10.zip::polymarket-btc-updown-5m-1786456800-2026-08-10.txt.zst,polymarket-btc-updown-5m-1786456800-2026-08-10.txt.zst,polymarket-btc-5m_2026-08-10.zip,1786456800,1786457100,False,142,140,0,0,2,138,0,,,301,UNKNOWN,not_extreme,0.505,,0.003670930862426758,,no_leader,,,,,,,,,no_leader,,,,,,,,,zip:///Users/bradamanka/Downloads/Stratgey testing/polymarket-btc-5m_2026-08-11.zip::polymarket-btc-updown-5m-1786456800-2026-08-11.txt.zst
zip:///Users/bradamanka/Downloads/Stratgey testing/polymarket-btc-5m_2026-08-10.zip::polymarket-btc-updown-5m-1786457100-2026-08-10.txt.zst,polymarket-btc-updown-5m-1786457100-2026-08-10.txt.zst,polymarket-btc-5m_2026-08-10.zip,1786457100,1786457400,False,231,227,0,0,2,225,0,,,301,UNKNOWN,not_extreme,0.505,,0.0042879581451416016,,no_leader,,,,,,,,,no_leader,,,,,,,,,zip:///Users/bradamanka/Downloads/Stratgey testing/polymarket-btc-5m_2026-08-11.zip::polymarket-btc-updown-5m-1786457100-2026-08-11.txt.zst
zip:///Users/bradamanka/Downloads/Stratgey testing/polymarket-btc-5m_2026-08-10.zip::polymarket-btc-updown-5m-1786455600-2026-08-10.txt.zst,polymarket-btc-updown-5m-1786455600-2026-08-10.txt.zst,polymarket-btc-5m_2026-08-10.zip,1786455600,1786455900,False,125,123,0,0,2,121,0,,,301,UNKNOWN,not_extreme,0.505,,0.013527154922485352,,no_leader,,,,,,,,,no_leader,,,,,,,,,zip:///Users/bradamanka/Downloads/Stratgey testing/polymarket-btc-5m_2026-08-11.zip::polymarket-btc-updown-5m-1786455600-2026-08-11.txt.zst
zip:///Users/bradamanka/Downloads/Stratgey testing/polymarket-btc-5m_2026-08-10.zip::polymarket-btc-updown-5m-1786457700-2026-08-10.txt.zst,polymarket-btc-updown-5m-1786457700-2026-08-10.txt.zst,polymarket-btc-5m_2026-08-10.zip,1786457700,1786458000,False,48,42,0,0,3,39,0,,,301,UNKNOWN,not_extreme,0.505,,0.007750272750854492,,no_leader,,,,,,,,,no_leader,,,,,,,,,zip:///Users/bradamanka/Downloads/Stratgey testing/polymarket-btc-5m_2026-08-11.zip::polymarket-btc-updown-5m-1786457700-2026-08-11.txt.zst
zip:///Users/bradamanka/Downloads/Stratgey testing/polymarket-btc-5m_2026-08-10.zip::polymarket-btc-updown-5m-1786458000-2026-08-10.txt.zst,polymarket-btc-updown-5m-1786458000-2026-08-10.txt.zst,polymarket-btc-5m_2026-08-10.zip,1786458000,1786458300,False,47,43,0,0,2,41,0,,,301,UNKNOWN,not_extreme,0.505,,0.009126901626586914,,no_leader,,,,,,,,,no_leader,,,,,,,,,zip:///Users/bradamanka/Downloads/Stratgey testing/polymarket-btc-5m_2026-08-11.zip::polymarket-btc-updown-5m-1786458000-2026-08-11.txt.zst
zip:///Users/bradamanka/Downloads/Stratgey testing/polymarket-btc-5m_2026-08-10.zip::polymarket-btc-updown-5m-1786457400-2026-08-10.txt.zst,polymarket-btc-updown-5m-1786457400-2026-08-10.txt.zst,polymarket-btc-5m_2026-08-10.zip,1786457400,1786457700,False,200,198,0,0,2,196,0,,,301,UNKNOWN,not_extreme,0.505,,0.014264106750488281,,no_leader,,,,,,,,,no_leader,,,,,,,,,zip:///Users/bradamanka/Downloads/Stratgey testing/polymarket-btc-5m_2026-08-11.zip::polymarket-btc-updown-5m-1786457400-2026-08-11.txt.zst
zip:///Users/bradamanka/Downloads/Stratgey testing/polymarket-btc-5m_2026-08-10.zip::polymarket-btc-updown-5m-1786456500-2026-08-10.txt.zst,polymarket-btc-updown-5m-1786456500-2026-08-10.txt.zst,polymarket-btc-5m_2026-08-10.zip,1786456500,1786456800,False,85,83,0,0,2,81,0,,,301,UNKNOWN,not_extreme,0.505,,0.019201040267944336,,no_leader,,,,,,,,,no_leader,,,,,,,,,zip:///Users/bradamanka/Downloads/Stratgey testing/polymarket-btc-5m_2026-08-11.zip::polymarket-btc-updown-5m-1786456500-2026-08-11.txt.zst
zip:///Users/bradamanka/Downloads/Stratgey testing/polymarket-btc-5m_2026-08-10.zip::polymarket-btc-updown-5m-1786458300-2026-08-10.txt.zst,polymarket-btc-updown-5m-1786458300-2026-08-10.txt.zst,polymarket-btc-5m_2026-08-10.zip,1786458300,1786458600,False,109,107,0,0,4,103,0,,,301,UNKNOWN,not_extreme,0.505,,0.006972074508666992,,no_leader,,,,,,,,,no_leader,,,,,,,,,zip:///Users/bradamanka/Downloads/Stratgey testing/polymarket-btc-5m_2026-08-11.zip::polymarket-btc-updown-5m-1786458300-2026-08-11.txt.zst
zip:///Users/bradamanka/Downloads/Stratgey testing/polymarket-btc-5m_2026-08-10.zip::polymarket-btc-updown-5m-1786458600-2026-08-10.txt.zst,polymarket-btc-updown-5m-1786458600-2026-08-10.txt.zst,polymarket-btc-5m_2026-08-10.zip,1786458600,1786458900,False,101,99,0,0,2,97,0,,,301,UNKNOWN,not_extreme,0.505,,0.003493070602416992,,no_leader,,,,,,,,,no_leader,,,,,,,,,zip:///Users/bradamanka/Downloads/Stratgey testing/polymarket-btc-5m_2026-08-11.zip::polymarket-btc-updown-5m-1786458600-2026-08-11.txt.zst
zip:///Users/bradamanka/Downloads/Stratgey testing/polymarket-btc-5m_2026-08-10.zip::polymarket-btc-updown-5m-1786459500-2026-08-10.txt.zst,polymarket-btc-updown-5m-1786459500-2026-08-10.txt.zst,polymarket-btc-5m_2026-08-10.zip,1786459500,1786459800,False,103,101,0,0,4,97,0,,,301,UNKNOWN,not_extreme,0.505,,0.0037758350372314453,,no_leader,,,,,,,,,no_leader,,,,,,,,,zip:///Users/bradamanka/Downloads/Stratgey testing/polymarket-btc-5m_2026-08-11.zip::polymarket-btc-updown-5m-1786459500-2026-08-11.txt.zst
zip:///Users/bradamanka/Downloads/Stratgey testing/polymarket-btc-5m_2026-08-10.zip::polymarket-btc-updown-5m-1786459200-2026-08-10.txt.zst,polymarket-btc-updown-5m-1786459200-2026-08-10.txt.zst,polymarket-btc-5m_2026-08-10.zip,1786459200,1786459500,False,99,97,0,0,1,96,0,,,301,UNKNOWN,not_extreme,0.505,,0.0063359737396240234,,no_leader,,,,,,,,,no_leader,,,,,,,,,zip:///Users/bradamanka/Downloads/Stratgey testing/polymarket-btc-5m_2026-08-11.zip::polymarket-btc-updown-5m-1786459200-2026-08-11.txt.zst
zip:///Users/bradamanka/Downloads/Stratgey testing/polymarket-btc-5m_2026-08-10.zip::polymarket-btc-updown-5m-1786460100-2026-08-10.txt.zst,polymarket-btc-updown-5m-1786460100-2026-08-10.txt.zst,polymarket-btc-5m_2026-08-10.zip,1786460100,1786460400,False,61,59,0,0,2,57,0,,,301,UNKNOWN,not_extreme,0.505,,0.0021157264709472656,,no_leader,,,,,,,,,no_leader,,,,,,,,,zip:///Users/bradamanka/Downloads/Stratgey testing/polymarket-btc-5m_2026-08-11.zip::polymarket-btc-updown-5m-1786460100-2026-08-11.txt.zst
zip:///Users/bradamanka/Downloads/Stratgey testing/polymarket-btc-5m_2026-08-10.zip::polymarket-btc-updown-5m-1786460400-2026-08-10.txt.zst,polymarket-btc-updown-5m-1786460400-2026-08-10.txt.zst,polymarket-btc-5m_2026-08-10.zip,1786460400,1786460700,False,136,134,0,0,1,133,0,,,301,UNKNOWN,not_extreme,0.505,,0.0037360191345214844,,no_leader,,,,,,,,,no_leader,,,,,,,,,zip:///Users/bradamanka/Downloads/Stratgey testing/polymarket-btc-5m_2026-08-11.zip::polymarket-btc-updown-5m-1786460400-2026-08-11.txt.zst
zip:///Users/bradamanka/Downloads/Stratgey testing/polymarket-btc-5m_2026-08-10.zip::polymarket-btc-updown-5m-1786459800-2026-08-10.txt.zst,polymarket-btc-updown-5m-1786459800-2026-08-10.txt.zst,polymarket-btc-5m_2026-08-10.zip,1786459800,1786460100,False,104,98,0,0,3,95,0,,,301,UNKNOWN,not_extreme,0.505,,0.008188009262084961,,no_leader,,,,,,,,,no_leader,,,,,,,,,zip:///Users/bradamanka/Downloads/Stratgey testing/polymarket-btc-5m_2026-08-11.zip::polymarket-btc-updown-5m-1786459800-2026-08-11.txt.zst
zip:///Users/bradamanka/Downloads/Stratgey testing/polymarket-btc-5m_2026-08-10.zip::polymarket-btc-updown-5m-1786458900-2026-08-10.txt.zst,polymarket-btc-updown-5m-1786458900-2026-08-10.txt.zst,polymarket-btc-5m_2026-08-10.zip,1786458900,1786459200,False,116,114,0,0,1,113,0,,,301,UNKNOWN,not_extreme,0.505,,0.011637687683105469,,no_leader,,,,,,,,,no_leader,,,,,,,,,zip:///Users/bradamanka/Downloads/Stratgey testing/polymarket-btc-5m_2026-08-11.zip::polymarket-btc-updown-5m-1786458900-2026-08-11.txt.zst
zip:///Users/bradamanka/Downloads/Stratgey testing/polymarket-btc-5m_2026-08-10.zip::polymarket-btc-updown-5m-1786461000-2026-08-10.txt.zst,polymarket-btc-updown-5m-1786461000-2026-08-10.txt.zst,polymarket-btc-5m_2026-08-10.zip,1786461000,1786461300,False,88,82,0,0,4,78,0,,,301,UNKNOWN,not_extreme,0.505,,0.0035851001739501953,,no_leader,,,,,,,,,no_leader,,,,,,,,,zip:///Users/bradamanka/Downloads/Stratgey testing/polymarket-btc-5m_2026-08-11.zip::polymarket-btc-updown-5m-1786461000-2026-08-11.txt.zst
zip:///Users/bradamanka/Downloads/Stratgey testing/polymarket-btc-5m_2026-08-10.zip::polymarket-btc-updown-5m-1786461300-2026-08-10.txt.zst,polymarket-btc-updown-5m-1786461300-2026-08-10.txt.zst,polymarket-btc-5m_2026-08-10.zip,1786461300,1786461600,False,125,123,0,0,2,121,0,,,301,UNKNOWN,not_extreme,0.505,,0.0031189918518066406,,no_leader,,,,,,,,,no_leader,,,,,,,,,zip:///Users/bradamanka/Downloads/Stratgey testing/polymarket-btc-5m_2026-08-11.zip::polymarket-btc-updown-5m-1786461300-2026-08-11.txt.zst
zip:///Users/bradamanka/Downloads/Stratgey testing/polymarket-btc-5m_2026-08-10.zip::polymarket-btc-updown-5m-1786461600-2026-08-10.txt.zst,polymarket-btc-updown-5m-1786461600-2026-08-10.txt.zst,polymarket-btc-5m_2026-08-10.zip,1786461600,1786461900,False,147,145,0,0,2,143,0,,,301,UNKNOWN,not_extreme,0.505,,0.0031518936157226562,,no_leader,,,,,,,,,no_leader,,,,,,,,,zip:///Users/bradamanka/Downloads/Stratgey testing/polymarket-btc-5m_2026-08-11.zip::polymarket-btc-updown-5m-1786461600-2026-08-11.txt.zst
zip:///Users/bradamanka/Downloads/Stratgey testing/polymarket-btc-5m_2026-08-10.zip::polymarket-btc-updown-5m-1786462200-2026-08-10.txt.zst,polymarket-btc-updown-5m-1786462200-2026-08-10.txt.zst,polymarket-btc-5m_2026-08-10.zip,1786462200,1786462500,False,107,99,0,0,4,95,0,,,301,UNKNOWN,not_extreme,0.505,,0.003963947296142578,,no_leader,,,,,,,,,no_leader,,,,,,,,,zip:///Users/bradamanka/Downloads/Stratgey testing/polymarket-btc-5m_2026-08-11.zip::polymarket-btc-updown-5m-1786462200-2026-08-11.txt.zst
zip:///Users/bradamanka/Downloads/Stratgey testing/polymarket-btc-5m_2026-08-10.zip::polymarket-btc-updown-5m-1786461900-2026-08-10.txt.zst,polymarket-btc-updown-5m-1786461900-2026-08-10.txt.zst,polymarket-btc-5m_2026-08-10.zip,1786461900,1786462200,False,61,59,0,0,4,55,0,,,301,UNKNOWN,not_extreme,0.505,,0.004112958908081055,,no_leader,,,,,,,,,no_leader,,,,,,,,,zip:///Users/bradamanka/Downloads/Stratgey testing/polymarket-btc-5m_2026-08-11.zip::polymarket-btc-updown-5m-1786461900-2026-08-11.txt.zst
zip:///Users/bradamanka/Downloads/Stratgey testing/polymarket-btc-5m_2026-08-10.zip::polymarket-btc-updown-5m-1786460700-2026-08-10.txt.zst,polymarket-btc-updown-5m-1786460700-2026-08-10.txt.zst,polymarket-btc-5m_2026-08-10.zip,1786460700,1786461000,False,147,145,0,0,2,143,0,,,301,UNKNOWN,not_extreme,0.505,,0.010103225708007812,,no_leader,,,,,,,,,no_leader,,,,,,,,,zip:///Users/bradamanka/Downloads/Stratgey testing/polymarket-btc-5m_2026-08-11.zip::polymarket-btc-updown-5m-1786460700-2026-08-11.txt.zst
zip:///Users/bradamanka/Downloads/Stratgey testing/polymarket-btc-5m_2026-08-10.zip::polymarket-btc-updown-5m-1786463100-2026-08-10.txt.zst,polymarket-btc-updown-5m-1786463100-2026-08-10.txt.zst,polymarket-btc-5m_2026-08-10.zip,1786463100,1786463400,False,126,124,0,0,3,121,0,,,301,UNKNOWN,not_extreme,0.505,,0.0030143260955810547,,no_leader,,,,,,,,,no_leader,,,,,,,,,zip:///Users/bradamanka/Downloads/Stratgey testing/polymarket-btc-5m_2026-08-11.zip::polymarket-btc-updown-5m-1786463100-2026-08-11.txt.zst
zip:///Users/bradamanka/Downloads/Stratgey testing/polymarket-btc-5m_2026-08-10.zip::polymarket-btc-updown-5m-1786462500-2026-08-10.txt.zst,polymarket-btc-updown-5m-1786462500-2026-08-10.txt.zst,polymarket-btc-5m_2026-08-10.zip,1786462500,1786462800,False,107,105,0,0,2,103,0,,,301,UNKNOWN,not_extreme,0.505,,0.007528781890869141,,no_leader,,,,,,,,,no_leader,,,,,,,,,zip:///Users/bradamanka/Downloads/Stratgey testing/polymarket-btc-5m_2026-08-11.zip::polymarket-btc-updown-5m-1786462500-2026-08-11.txt.zst
zip:///Users/bradamanka/Downloads/Stratgey testing/polymarket-btc-5m_2026-08-10.zip::polymarket-btc-updown-5m-1786463400-2026-08-10.txt.zst,polymarket-btc-updown-5m-1786463400-2026-08-10.txt.zst,polymarket-btc-5m_2026-08-10.zip,1786463400,1786463700,False,88,86,0,0,2,84,0,,,301,UNKNOWN,not_extreme,0.505,,0.005425930023193359,,no_leader,,,,,,,,,no_leader,,,,,,,,,zip:///Users/bradamanka/Downloads/Stratgey testing/polymarket-btc-5m_2026-08-11.zip::polymarket-btc-updown-5m-1786463400-2026-08-11.txt.zst
zip:///Users/bradamanka/Downloads/Stratgey testing/polymarket-btc-5m_2026-08-10.zip::polymarket-btc-updown-5m-1786462800-2026-08-10.txt.zst,polymarket-btc-updown-5m-1786462800-2026-08-10.txt.zst,polymarket-btc-5m_2026-08-10.zip,1786462800,1786463100,False,42,40,0,0,2,38,0,,,301,UNKNOWN,not_extreme,0.505,,0.005895853042602539,,no_leader,,,,,,,,,no_leader,,,,,,,,,zip:///Users/bradamanka/Downloads/Stratgey testing/polymarket-btc-5m_2026-08-11.zip::polymarket-btc-updown-5m-1786462800-2026-08-11.txt.zst
zip:///Users/bradamanka/Downloads/Stratgey testing/polymarket-btc-5m_2026-08-10.zip::polymarket-btc-updown-5m-1786464600-2026-08-10.txt.zst,polymarket-btc-updown-5m-1786464600-2026-08-10.txt.zst,polymarket-btc-5m_2026-08-10.zip,1786464600,1786464900,False,82,80,0,0,2,78,0,,,301,UNKNOWN,not_extreme,0.505,,0.0030820369720458984,,no_leader,,,,,,,,,no_leader,,,,,,,,,zip:///Users/bradamanka/Downloads/Stratgey testing/polymarket-btc-5m_2026-08-11.zip::polymarket-btc-updown-5m-1786464600-2026-08-11.txt.zst
zip:///Users/bradamanka/Downloads/Stratgey testing/polymarket-btc-5m_2026-08-10.zip::polymarket-btc-updown-5m-1786464000-2026-08-10.txt.zst,polymarket-btc-updown-5m-1786464000-2026-08-10.txt.zst,polymarket-btc-5m_2026-08-10.zip,1786464000,1786464300,False,95,87,0,0,4,83,0,,,301,UNKNOWN,not_extreme,0.505,,0.00597691535949707,,no_leader,,,,,,,,,no_leader,,,,,,,,,zip:///Users/bradamanka/Downloads/Stratgey testing/polymarket-btc-5m_2026-08-11.zip::polymarket-btc-updown-5m-1786464000-2026-08-11.txt.zst
zip:///Users/bradamanka/Downloads/Stratgey testing/polymarket-btc-5m_2026-08-10.zip::polymarket-btc-updown-5m-1786464900-2026-08-10.txt.zst,polymarket-btc-updown-5m-1786464900-2026-08-10.txt.zst,polymarket-btc-5m_2026-08-10.zip,1786464900,1786465200,False,61,59,0,0,2,57,0,,,301,UNKNOWN,not_extreme,0.505,,0.002584695816040039,,no_leader,,,,,,,,,no_leader,,,,,,,,,zip:///Users/bradamanka/Downloads/Stratgey testing/polymarket-btc-5m_2026-08-11.zip::polymarket-btc-updown-5m-1786464900-2026-08-11.txt.zst
zip:///Users/bradamanka/Downloads/Stratgey testing/polymarket-btc-5m_2026-08-10.zip::polymarket-btc-updown-5m-1786465200-2026-08-10.txt.zst,polymarket-btc-updown-5m-1786465200-2026-08-10.txt.zst,polymarket-btc-5m_2026-08-10.zip,1786465200,1786465500,False,91,89,0,0,2,87,0,,,301,UNKNOWN,not_extreme,0.505,,0.002727985382080078,,no_leader,,,,,,,,,no_leader,,,,,,,,,zip:///Users/bradamanka/Downloads/Stratgey testing/polymarket-btc-5m_2026-08-11.zip::polymarket-btc-updown-5m-1786465200-2026-08-11.txt.zst
zip:///Users/bradamanka/Downloads/Stratgey testing/polymarket-btc-5m_2026-08-10.zip::polymarket-btc-updown-5m-1786465500-2026-08-10.txt.zst,polymarket-btc-updown-5m-1786465500-2026-08-10.txt.zst,polymarket-btc-5m_2026-08-10.zip,1786465500,1786465800,False,82,80,0,0,2,78,0,,,301,UNKNOWN,not_extreme,0.505,,0.0027577877044677734,,no_leader,,,,,,,,,no_leader,,,,,,,,,zip:///Users/bradamanka/Downloads/Stratgey testing/polymarket-btc-5m_2026-08-11.zip::polymarket-btc-updown-5m-1786465500-2026-08-11.txt.zst
zip:///Users/bradamanka/Downloads/Stratgey testing/polymarket-btc-5m_2026-08-10.zip::polymarket-btc-updown-5m-1786465800-2026-08-10.txt.zst,polymarket-btc-updown-5m-1786465800-2026-08-10.txt.zst,polymarket-btc-5m_2026-08-10.zip,1786465800,1786466100,False,68,66,0,0,2,64,0,,,301,UNKNOWN,not_extreme,0.505,,0.0030388832092285156,,no_leader,,,,,,,,,no_leader,,,,,,,,,zip:///Users/bradamanka/Downloads/Stratgey testing/polymarket-btc-5m_2026-08-11.zip::polymarket-btc-updown-5m-1786465800-2026-08-11.txt.zst
zip:///Users/bradamanka/Downloads/Stratgey testing/polymarket-btc-5m_2026-08-10.zip::polymarket-btc-updown-5m-1786464300-2026-08-10.txt.zst,polymarket-btc-updown-5m-1786464300-2026-08-10.txt.zst,polymarket-btc-5m_2026-08-10.zip,1786464300,1786464600,False,4,2,0,0,1,1,0,,,301,UNKNOWN,not_extreme,0.505,,0.011413097381591797,,no_leader,,,,,,,,,no_leader,,,,,,,,,zip:///Users/bradamanka/Downloads/Stratgey testing/polymarket-btc-5m_2026-08-11.zip::polymarket-btc-updown-5m-1786464300-2026-08-11.txt.zst
zip:///Users/bradamanka/Downloads/Stratgey testing/polymarket-btc-5m_2026-08-10.zip::polymarket-btc-updown-5m-1786463700-2026-08-10.txt.zst,polymarket-btc-updown-5m-1786463700-2026-08-10.txt.zst,polymarket-btc-5m_2026-08-10.zip,1786463700,1786464000,False,160,156,0,0,3,153,0,,,301,UNKNOWN,not_extreme,0.505,,0.01520085334777832,,no_leader,,,,,,,,,no_leader,,,,,,,,,zip:///Users/bradamanka/Downloads/Stratgey testing/polymarket-btc-5m_2026-08-11.zip::polymarket-btc-updown-5m-1786463700-2026-08-11.txt.zst
zip:///Users/bradamanka/Downloads/Stratgey testing/polymarket-btc-5m_2026-08-10.zip::polymarket-btc-updown-5m-1786466100-2026-08-10.txt.zst,polymarket-btc-updown-5m-1786466100-2026-08-10.txt.zst,polymarket-btc-5m_2026-08-10.zip,1786466100,1786466400,False,75,71,0,0,2,69,0,,,301,UNKNOWN,not_extreme,0.505,,0.006061077117919922,,no_leader,,,,,,,,,no_leader,,,,,,,,,zip:///Users/bradamanka/Downloads/Stratgey testing/polymarket-btc-5m_2026-08-11.zip::polymarket-btc-updown-5m-1786466100-2026-08-11.txt.zst
zip:///Users/bradamanka/Downloads/Stratgey testing/polymarket-btc-5m_2026-08-10.zip::polymarket-btc-updown-5m-1786466700-2026-08-10.txt.zst,polymarket-btc-updown-5m-1786466700-2026-08-10.txt.zst,polymarket-btc-5m_2026-08-10.zip,1786466700,1786467000,False,153,151,0,0,4,147,0,,,301,UNKNOWN,not_extreme,0.505,,0.003528118133544922,,no_leader,,,,,,,,,no_leader,,,,,,,,,zip:///Users/bradamanka/Downloads/Stratgey testing/polymarket-btc-5m_2026-08-11.zip::polymarket-btc-updown-5m-1786466700-2026-08-11.txt.zst
zip:///Users/bradamanka/Downloads/Stratgey testing/polymarket-btc-5m_2026-08-10.zip::polymarket-btc-updown-5m-1786467000-2026-08-10.txt.zst,polymarket-btc-updown-5m-1786467000-2026-08-10.txt.zst,polymarket-btc-5m_2026-08-10.zip,1786467000,1786467300,False,115,113,0,0,2,111,0,,,301,UNKNOWN,not_extreme,0.505,,0.00290679931640625,,no_leader,,,,,,,,,no_leader,,,,,,,,,zip:///Users/bradamanka/Downloads/Stratgey testing/polymarket-btc-5m_2026-08-11.zip::polymarket-btc-updown-5m-1786467000-2026-08-11.txt.zst
zip:///Users/bradamanka/Downloads/Stratgey testing/polymarket-btc-5m_2026-08-10.zip::polymarket-btc-updown-5m-1786466400-2026-08-10.txt.zst,polymarket-btc-updown-5m-1786466400-2026-08-10.txt.zst,polymarket-btc-5m_2026-08-10.zip,1786466400,1786466700,False,114,108,0,0,3,105,0,,,301,UNKNOWN,not_extreme,0.505,,0.005740165710449219,,no_leader,,,,,,,,,no_leader,,,,,,,,,zip:///Users/bradamanka/Downloads/Stratgey testing/polymarket-btc-5m_2026-08-11.zip::polymarket-btc-updown-5m-1786466400-2026-08-11.txt.zst
zip:///Users/bradamanka/Downloads/Stratgey testing/polymarket-btc-5m_2026-08-10.zip::polymarket-btc-updown-5m-1786467600-2026-08-10.txt.zst,polymarket-btc-updown-5m-1786467600-2026-08-10.txt.zst,polymarket-btc-5m_2026-08-10.zip,1786467600,1786467900,False,63,61,0,0,2,59,0,,,301,UNKNOWN,not_extreme,0.505,,0.002496004104614258,,no_leader,,,,,,,,,no_leader,,,,,,,,,zip:///Users/bradamanka/Downloads/Stratgey testing/polymarket-btc-5m_2026-08-11.zip::polymarket-btc-updown-5m-1786467600-2026-08-11.txt.zst
zip:///Users/bradamanka/Downloads/Stratgey testing/polymarket-btc-5m_2026-08-10.zip::polymarket-btc-updown-5m-1786467300-2026-08-10.txt.zst,polymarket-btc-updown-5m-1786467300-2026-08-10.txt.zst,polymarket-btc-5m_2026-08-10.zip,1786467300,1786467600,False,113,111,0,0,2,109,0,,,301,UNKNOWN,not_extreme,0.505,,0.0029158592224121094,,no_leader,,,,,,,,,no_leader,,,,,,,,,zip:///Users/bradamanka/Downloads/Stratgey testing/polymarket-btc-5m_2026-08-11.zip::polymarket-btc-updown-5m-1786467300-2026-08-11.txt.zst
zip:///Users/bradamanka/Downloads/Stratgey testing/polymarket-btc-5m_2026-08-10.zip::polymarket-btc-updown-5m-1786467900-2026-08-10.txt.zst,polymarket-btc-updown-5m-1786467900-2026-08-10.txt.zst,polymarket-btc-5m_2026-08-10.zip,1786467900,1786468200,False,64,62,0,0,2,60,0,,,301,UNKNOWN,not_extreme,0.505,,0.0024650096893310547,,no_leader,,,,,,,,,no_leader,,,,,,,,,zip:///Users/bradamanka/Downloads/Stratgey testing/polymarket-btc-5m_2026-08-11.zip::polymarket-btc-updown-5m-1786467900-2026-08-11.txt.zst
zip:///Users/bradamanka/Downloads/Stratgey testing/polymarket-btc-5m_2026-08-10.zip::polymarket-btc-updown-5m-1786468200-2026-08-10.txt.zst,polymarket-btc-updown-5m-1786468200-2026-08-10.txt.zst,polymarket-btc-5m_2026-08-10.zip,1786468200,1786468500,False,91,89,0,0,2,87,0,,,301,UNKNOWN,not_extreme,0.505,,0.0034961700439453125,,no_leader,,,,,,,,,no_leader,,,,,,,,,zip:///Users/bradamanka/Downloads/Stratgey testing/polymarket-btc-5m_2026-08-11.zip::polymarket-btc-updown-5m-1786468200-2026-08-11.txt.zst
zip:///Users/bradamanka/Downloads/Stratgey testing/polymarket-btc-5m_2026-08-10.zip::polymarket-btc-updown-5m-1786468500-2026-08-10.txt.zst,polymarket-btc-updown-5m-1786468500-2026-08-10.txt.zst,polymarket-btc-5m_2026-08-10.zip,1786468500,1786468800,False,60,58,0,0,2,56,0,,,301,UNKNOWN,not_extreme,0.505,,0.002540111541748047,,no_leader,,,,,,,,,no_leader,,,,,,,,,zip:///Users/bradamanka/Downloads/Stratgey testing/polymarket-btc-5m_2026-08-11.zip::polymarket-btc-updown-5m-1786468500-2026-08-11.txt.zst
zip:///Users/bradamanka/Downloads/Stratgey testing/polymarket-btc-5m_2026-08-10.zip::polymarket-btc-updown-5m-1786468800-2026-08-10.txt.zst,polymarket-btc-updown-5m-1786468800-2026-08-10.txt.zst,polymarket-btc-5m_2026-08-10.zip,1786468800,1786469100,False,36,34,0,0,2,32,0,,,301,UNKNOWN,not_extreme,0.505,,0.0024809837341308594,,no_leader,,,,,,,,,no_leader,,,,,,,,,zip:///Users/bradamanka/Downloads/Stratgey testing/polymarket-btc-5m_2026-08-11.zip::polymarket-btc-updown-5m-1786468800-2026-08-11.txt.zst
zip:///Users/bradamanka/Downloads/Stratgey testing/polymarket-btc-5m_2026-08-10.zip::polymarket-btc-updown-5m-1786469100-2026-08-10.txt.zst,polymarket-btc-updown-5m-1786469100-2026-08-10.txt.zst,polymarket-btc-5m_2026-08-10.zip,1786469100,1786469400,False,55,53,0,0,2,51,0,,,301,UNKNOWN,not_extreme,0.505,,0.0035419464111328125,,no_leader,,,,,,,,,no_leader,,,,,,,,,zip:///Users/bradamanka/Downloads/Stratgey testing/polymarket-btc-5m_2026-08-11.zip::polymarket-btc-updown-5m-1786469100-2026-08-11.txt.zst
zip:///Users/bradamanka/Downloads/Stratgey testing/polymarket-btc-5m_2026-08-10.zip::polymarket-btc-updown-5m-1786469700-2026-08-10.txt.zst,polymarket-btc-updown-5m-1786469700-2026-08-10.txt.zst,polymarket-btc-5m_2026-08-10.zip,1786469700,1786470000,False,111,109,0,0,2,107,0,,,301,UNKNOWN,not_extreme,0.505,,0.014815092086791992,,no_leader,,,,,,,,,no_leader,,,,,,,,,zip:///Users/bradamanka/Downloads/Stratgey testing/polymarket-btc-5m_2026-08-11.zip::polymarket-btc-updown-5m-1786469700-2026-08-11.txt.zst
zip:///Users/bradamanka/Downloads/Stratgey testing/polymarket-btc-5m_2026-08-10.zip::polymarket-btc-updown-5m-1786469400-2026-08-10.txt.zst,polymarket-btc-updown-5m-1786469400-2026-08-10.txt.zst,polymarket-btc-5m_2026-08-10.zip,1786469400,1786469700,False,44,42,0,0,2,40,0,,,301,UNKNOWN,not_extreme,0.505,,0.01593494415283203,,no_leader,,,,,,,,,no_leader,,,,,,,,,zip:///Users/bradamanka/Downloads/Stratgey testing/polymarket-btc-5m_2026-08-11.zip::polymarket-btc-updown-5m-1786469400-2026-08-11.txt.zst
zip:///Users/bradamanka/Downloads/Stratgey testing/polymarket-btc-5m_2026-08-10.zip::polymarket-btc-updown-5m-1786470000-2026-08-10.txt.zst,polymarket-btc-updown-5m-1786470000-2026-08-10.txt.zst,polymarket-btc-5m_2026-08-10.zip,1786470000,1786470300,False,86,84,0,0,2,82,0,,,301,UNKNOWN,not_extreme,0.5,,0.013538122177124023,,no_leader,,,,,,,,,no_leader,,,,,,,,,zip:///Users/bradamanka/Downloads/Stratgey testing/polymarket-btc-5m_2026-08-11.zip::polymarket-btc-updown-5m-1786470000-2026-08-11.txt.zst
zip:///Users/bradamanka/Downloads/Stratgey testing/polymarket-btc-5m_2026-08-10.zip::polymarket-btc-updown-5m-1786470900-2026-08-10.txt.zst,polymarket-btc-updown-5m-1786470900-2026-08-10.txt.zst,polymarket-btc-5m_2026-08-10.zip,1786470900,1786471200,False,51,47,0,0,2,45,0,,,301,UNKNOWN,not_extreme,0.505,,0.002630949020385742,,no_leader,,,,,,,,,no_leader,,,,,,,,,zip:///Users/bradamanka/Downloads/Stratgey testing/polymarket-btc-5m_2026-08-11.zip::polymarket-btc-updown-5m-1786470900-2026-08-11.txt.zst
zip:///Users/bradamanka/Downloads/Stratgey testing/polymarket-btc-5m_2026-08-10.zip::polymarket-btc-updown-5m-1786470600-2026-08-10.txt.zst,polymarket-btc-updown-5m-1786470600-2026-08-10.txt.zst,polymarket-btc-5m_2026-08-10.zip,1786470600,1786470900,False,91,87,0,0,2,85,0,,,301,UNKNOWN,not_extreme,0.505,,0.00426793098449707,,no_leader,,,,,,,,,no_leader,,,,,,,,,zip:///Users/bradamanka/Downloads/Stratgey testing/polymarket-btc-5m_2026-08-11.zip::polymarket-btc-updown-5m-1786470600-2026-08-11.txt.zst
zip:///Users/bradamanka/Downloads/Stratgey testing/polymarket-btc-5m_2026-08-10.zip::polymarket-btc-updown-5m-1786470300-2026-08-10.txt.zst,polymarket-btc-updown-5m-1786470300-2026-08-10.txt.zst,polymarket-btc-5m_2026-08-10.zip,1786470300,1786470600,False,41,39,0,0,2,37,0,,,301,UNKNOWN,not_extreme,0.505,,0.0059010982513427734,,no_leader,,,,,,,,,no_leader,,,,,,,,,zip:///Users/bradamanka/Downloads/Stratgey testing/polymarket-btc-5m_2026-08-11.zip::polymarket-btc-updown-5m-1786470300-2026-08-11.txt.zst
zip:///Users/bradamanka/Downloads/Stratgey testing/polymarket-btc-5m_2026-08-10.zip::polymarket-btc-updown-5m-1786471500-2026-08-10.txt.zst,polymarket-btc-updown-5m-1786471500-2026-08-10.txt.zst,polymarket-btc-5m_2026-08-10.zip,1786471500,1786471800,False,9,5,0,0,2,3,0,,,301,UNKNOWN,not_extreme,0.505,,0.002714872360229492,,no_leader,,,,,,,,,no_leader,,,,,,,,,zip:///Users/bradamanka/Downloads/Stratgey testing/polymarket-btc-5m_2026-08-11.zip::polymarket-btc-updown-5m-1786471500-2026-08-11.txt.zst
zip:///Users/bradamanka/Downloads/Stratgey testing/polymarket-btc-5m_2026-08-10.zip::polymarket-btc-updown-5m-1786471800-2026-08-10.txt.zst,polymarket-btc-updown-5m-1786471800-2026-08-10.txt.zst,polymarket-btc-5m_2026-08-10.zip,1786471800,1786472100,False,43,39,0,0,2,37,0,,,301,UNKNOWN,not_extreme,0.505,,0.0026712417602539062,,no_leader,,,,,,,,,no_leader,,,,,,,,,zip:///Users/bradamanka/Downloads/Stratgey testing/polymarket-btc-5m_2026-08-11.zip::polymarket-btc-updown-5m-1786471800-2026-08-11.txt.zst
zip:///Users/bradamanka/Downloads/Stratgey testing/polymarket-btc-5m_2026-08-10.zip::polymarket-btc-updown-5m-1786472100-2026-08-10.txt.zst,polymarket-btc-updown-5m-1786472100-2026-08-10.txt.zst,polymarket-btc-5m_2026-08-10.zip,1786472100,1786472400,False,61,59,0,0,4,55,0,,,301,UNKNOWN,not_extreme,0.505,,0.0037279129028320312,,no_leader,,,,,,,,,no_leader,,,,,,,,,zip:///Users/bradamanka/Downloads/Stratgey testing/polymarket-btc-5m_2026-08-11.zip::polymarket-btc-updown-5m-1786472100-2026-08-11.txt.zst
zip:///Users/bradamanka/Downloads/Stratgey testing/polymarket-btc-5m_2026-08-10.zip::polymarket-btc-updown-5m-1786471200-2026-08-10.txt.zst,polymarket-btc-updown-5m-1786471200-2026-08-10.txt.zst,polymarket-btc-5m_2026-08-10.zip,1786471200,1786471500,False,61,59,0,0,2,57,0,,,301,UNKNOWN,not_extreme,0.505,,0.00717616081237793,,no_leader,,,,,,,,,no_leader,,,,,,,,,zip:///Users/bradamanka/Downloads/Stratgey testing/polymarket-btc-5m_2026-08-11.zip::polymarket-btc-updown-5m-1786471200-2026-08-11.txt.zst
zip:///Users/bradamanka/Downloads/Stratgey testing/polymarket-btc-5m_2026-08-10.zip::polymarket-btc-updown-5m-1786473000-2026-08-10.txt.zst,polymarket-btc-updown-5m-1786473000-2026-08-10.txt.zst,polymarket-btc-5m_2026-08-10.zip,1786473000,1786473300,False,59,55,0,0,2,53,0,,,301,UNKNOWN,not_extreme,0.505,,0.0024979114532470703,,no_leader,,,,,,,,,no_leader,,,,,,,,,zip:///Users/bradamanka/Downloads/Stratgey testing/polymarket-btc-5m_2026-08-11.zip::polymarket-btc-updown-5m-1786473000-2026-08-11.txt.zst
zip:///Users/bradamanka/Downloads/Stratgey testing/polymarket-btc-5m_2026-08-10.zip::polymarket-btc-updown-5m-1786472700-2026-08-10.txt.zst,polymarket-btc-updown-5m-1786472700-2026-08-10.txt.zst,polymarket-btc-5m_2026-08-10.zip,1786472700,1786473000,False,22,20,0,0,2,18,0,,,301,UNKNOWN,not_extreme,0.505,,0.003938913345336914,,no_leader,,,,,,,,,no_leader,,,,,,,,,zip:///Users/bradamanka/Downloads/Stratgey testing/polymarket-btc-5m_2026-08-11.zip::polymarket-btc-updown-5m-1786472700-2026-08-11.txt.zst
zip:///Users/bradamanka/Downloads/Stratgey testing/polymarket-btc-5m_2026-08-10.zip::polymarket-btc-updown-5m-1786473300-2026-08-10.txt.zst,polymarket-btc-updown-5m-1786473300-2026-08-10.txt.zst,polymarket-btc-5m_2026-08-10.zip,1786473300,1786473600,False,87,85,0,0,3,82,0,,,301,UNKNOWN,not_extreme,0.505,,0.002887248992919922,,no_leader,,,,,,,,,no_leader,,,,,,,,,zip:///Users/bradamanka/Downloads/Stratgey testing/polymarket-btc-5m_2026-08-11.zip::polymarket-btc-updown-5m-1786473300-2026-08-11.txt.zst
zip:///Users/bradamanka/Downloads/Stratgey testing/polymarket-btc-5m_2026-08-10.zip::polymarket-btc-updown-5m-1786473900-2026-08-10.txt.zst,polymarket-btc-updown-5m-1786473900-2026-08-10.txt.zst,polymarket-btc-5m_2026-08-10.zip,1786473900,1786474200,False,4,2,0,0,1,1,0,,,301,UNKNOWN,not_extreme,0.505,,0.002252817153930664,,no_leader,,,,,,,,,no_leader,,,,,,,,,zip:///Users/bradamanka/Downloads/Stratgey testing/polymarket-btc-5m_2026-08-11.zip::polymarket-btc-updown-5m-1786473900-2026-08-11.txt.zst
zip:///Users/bradamanka/Downloads/Stratgey testing/polymarket-btc-5m_2026-08-10.zip::polymarket-btc-updown-5m-1786473600-2026-08-10.txt.zst,polymarket-btc-updown-5m-1786473600-2026-08-10.txt.zst,polymarket-btc-5m_2026-08-10.zip,1786473600,1786473900,False,46,38,0,0,5,33,0,,,301,UNKNOWN,not_extreme,0.505,,0.0026857852935791016,,no_leader,,,,,,,,,no_leader,,,,,,,,,zip:///Users/bradamanka/Downloads/Stratgey testing/polymarket-btc-5m_2026-08-11.zip::polymarket-btc-updown-5m-1786473600-2026-08-11.txt.zst
zip:///Users/bradamanka/Downloads/Stratgey testing/polymarket-btc-5m_2026-08-10.zip::polymarket-btc-updown-5m-1786472400-2026-08-10.txt.zst,polymarket-btc-updown-5m-1786472400-2026-08-10.txt.zst,polymarket-btc-5m_2026-08-10.zip,1786472400,1786472700,False,17,15,0,0,2,13,0,,,301,UNKNOWN,not_extreme,0.505,,0.007498979568481445,,no_leader,,,,,,,,,no_leader,,,,,,,,,zip:///Users/bradamanka/Downloads/Stratgey testing/polymarket-btc-5m_2026-08-11.zip::polymarket-btc-updown-5m-1786472400-2026-08-11.txt.zst
zip:///Users/bradamanka/Downloads/Stratgey testing/polymarket-btc-5m_2026-08-10.zip::polymarket-btc-updown-5m-1786474200-2026-08-10.txt.zst,polymarket-btc-updown-5m-1786474200-2026-08-10.txt.zst,polymarket-btc-5m_2026-08-10.zip,1786474200,1786474500,False,55,51,0,0,3,48,0,,,301,UNKNOWN,not_extreme,0.505,,0.0026760101318359375,,no_leader,,,,,,,,,no_leader,,,,,,,,,zip:///Users/bradamanka/Downloads/Stratgey testing/polymarket-btc-5m_2026-08-11.zip::polymarket-btc-updown-5m-1786474200-2026-08-11.txt.zst
zip:///Users/bradamanka/Downloads/Stratgey testing/polymarket-btc-5m_2026-08-10.zip::polymarket-btc-updown-5m-1786474500-2026-08-10.txt.zst,polymarket-btc-updown-5m-1786474500-2026-08-10.txt.zst,polymarket-btc-5m_2026-08-10.zip,1786474500,1786474800,False,12,10,0,0,2,8,0,,,301,UNKNOWN,not_extreme,0.505,,0.0022220611572265625,,no_leader,,,,,,,,,no_leader,,,,,,,,,zip:///Users/bradamanka/Downloads/Stratgey testing/polymarket-btc-5m_2026-08-11.zip::polymarket-btc-updown-5m-1786474500-2026-08-11.txt.zst
zip:///Users/bradamanka/Downloads/Stratgey testing/polymarket-btc-5m_2026-08-10.zip::polymarket-btc-updown-5m-1786474800-2026-08-10.txt.zst,polymarket-btc-updown-5m-1786474800-2026-08-10.txt.zst,polymarket-btc-5m_2026-08-10.zip,1786474800,1786475100,False,6,4,0,0,1,3,0,,,301,UNKNOWN,not_extreme,0.505,,0.0025272369384765625,,no_leader,,,,,,,,,no_leader,,,,,,,,,zip:///Users/bradamanka/Downloads/Stratgey testing/polymarket-btc-5m_2026-08-11.zip::polymarket-btc-updown-5m-1786474800-2026-08-11.txt.zst
zip:///Users/bradamanka/Downloads/Stratgey testing/polymarket-btc-5m_2026-08-10.zip::polymarket-btc-updown-5m-1786475400-2026-08-10.txt.zst,polymarket-btc-updown-5m-1786475400-2026-08-10.txt.zst,polymarket-btc-5m_2026-08-10.zip,1786475400,1786475700,False,41,39,0,0,2,37,0,,,301,UNKNOWN,not_extreme,0.505,,0.002766132354736328,,no_leader,,,,,,,,,no_leader,,,,,,,,,zip:///Users/bradamanka/Downloads/Stratgey testing/polymarket-btc-5m_2026-08-11.zip::polymarket-btc-updown-5m-1786475400-2026-08-11.txt.zst
zip:///Users/bradamanka/Downloads/Stratgey testing/polymarket-btc-5m_2026-08-10.zip::polymarket-btc-updown-5m-1786475100-2026-08-10.txt.zst,polymarket-btc-updown-5m-1786475100-2026-08-10.txt.zst,polymarket-btc-5m_2026-08-10.zip,1786475100,1786475400,False,36,34,0,0,2,32,0,,,301,UNKNOWN,not_extreme,0.505,,0.00503993034362793,,no_leader,,,,,,,,,no_leader,,,,,,,,,zip:///Users/bradamanka/Downloads/Stratgey testing/polymarket-btc-5m_2026-08-11.zip::polymarket-btc-updown-5m-1786475100-2026-08-11.txt.zst
zip:///Users/bradamanka/Downloads/Stratgey testing/polymarket-btc-5m_2026-08-10.zip::polymarket-btc-updown-5m-1786475700-2026-08-10.txt.zst,polymarket-btc-updown-5m-1786475700-2026-08-10.txt.zst,polymarket-btc-5m_2026-08-10.zip,1786475700,1786476000,False,44,42,0,0,4,38,0,,,301,UNKNOWN,not_extreme,0.505,,0.006929874420166016,,no_leader,,,,,,,,,no_leader,,,,,,,,,zip:///Users/bradamanka/Downloads/Stratgey testing/polymarket-btc-5m_2026-08-11.zip::polymarket-btc-updown-5m-1786475700-2026-08-11.txt.zst
zip:///Users/bradamanka/Downloads/Stratgey testing/polymarket-btc-5m_2026-08-10.zip::polymarket-btc-updown-5m-1786476600-2026-08-10.txt.zst,polymarket-btc-updown-5m-1786476600-2026-08-10.txt.zst,polymarket-btc-5m_2026-08-10.zip,1786476600,1786476900,False,97,95,0,0,1,94,0,,,301,UNKNOWN,not_extreme,0.505,,0.0035338401794433594,,no_leader,,,,,,,,,no_leader,,,,,,,,,zip:///Users/bradamanka/Downloads/Stratgey testing/polymarket-btc-5m_2026-08-11.zip::polymarket-btc-updown-5m-1786476600-2026-08-11.txt.zst
zip:///Users/bradamanka/Downloads/Stratgey testing/polymarket-btc-5m_2026-08-10.zip::polymarket-btc-updown-5m-1786476300-2026-08-10.txt.zst,polymarket-btc-updown-5m-1786476300-2026-08-10.txt.zst,polymarket-btc-5m_2026-08-10.zip,1786476300,1786476600,False,64,62,0,0,2,60,0,,,301,UNKNOWN,not_extreme,0.505,,0.006009817123413086,,no_leader,,,,,,,,,no_leader,,,,,,,,,zip:///Users/bradamanka/Downloads/Stratgey testing/polymarket-btc-5m_2026-08-11.zip::polymarket-btc-updown-5m-1786476300-2026-08-11.txt.zst
zip:///Users/bradamanka/Downloads/Stratgey testing/polymarket-btc-5m_2026-08-10.zip::polymarket-btc-updown-5m-1786476900-2026-08-10.txt.zst,polymarket-btc-updown-5m-1786476900-2026-08-10.txt.zst,polymarket-btc-5m_2026-08-10.zip,1786476900,1786477200,False,154,152,0,0,2,150,0,,,301,UNKNOWN,not_extreme,0.505,,0.003145933151245117,,no_leader,,,,,,,,,no_leader,,,,,,,,,zip:///Users/bradamanka/Downloads/Stratgey testing/polymarket-btc-5m_2026-08-11.zip::polymarket-btc-updown-5m-1786476900-2026-08-11.txt.zst
zip:///Users/bradamanka/Downloads/Stratgey testing/polymarket-btc-5m_2026-08-10.zip::polymarket-btc-updown-5m-1786477200-2026-08-10.txt.zst,polymarket-btc-updown-5m-1786477200-2026-08-10.txt.zst,polymarket-btc-5m_2026-08-10.zip,1786477200,1786477500,False,123,121,0,0,3,118,0,,,301,UNKNOWN,not_extreme,0.5,,0.003116130828857422,,no_leader,,,,,,,,,no_leader,,,,,,,,,zip:///Users/bradamanka/Downloads/Stratgey testing/polymarket-btc-5m_2026-08-11.zip::polymarket-btc-updown-5m-1786477200-2026-08-11.txt.zst
zip:///Users/bradamanka/Downloads/Stratgey testing/polymarket-btc-5m_2026-08-10.zip::polymarket-btc-updown-5m-1786476000-2026-08-10.txt.zst,polymarket-btc-updown-5m-1786476000-2026-08-10.txt.zst,polymarket-btc-5m_2026-08-10.zip,1786476000,1786476300,False,109,103,0,0,3,100,0,,,301,UNKNOWN,not_extreme,0.505,,0.011762142181396484,,no_leader,,,,,,,,,no_leader,,,,,,,,,zip:///Users/bradamanka/Downloads/Stratgey testing/polymarket-btc-5m_2026-08-11.zip::polymarket-btc-updown-5m-1786476000-2026-08-11.txt.zst
zip:///Users/bradamanka/Downloads/Stratgey testing/polymarket-btc-5m_2026-08-10.zip::polymarket-btc-updown-5m-1786477800-2026-08-10.txt.zst,polymarket-btc-updown-5m-1786477800-2026-08-10.txt.zst,polymarket-btc-5m_2026-08-10.zip,1786477800,1786478100,False,121,119,0,0,3,116,0,,,301,UNKNOWN,not_extreme,0.505,,0.0030930042266845703,,no_leader,,,,,,,,,no_leader,,,,,,,,,zip:///Users/bradamanka/Downloads/Stratgey testing/polymarket-btc-5m_2026-08-11.zip::polymarket-btc-updown-5m-1786477800-2026-08-11.txt.zst
zip:///Users/bradamanka/Downloads/Stratgey testing/polymarket-btc-5m_2026-08-10.zip::polymarket-btc-updown-5m-1786478100-2026-08-10.txt.zst,polymarket-btc-updown-5m-1786478100-2026-08-10.txt.zst,polymarket-btc-5m_2026-08-10.zip,1786478100,1786478400,False,47,45,0,0,4,41,0,,,301,UNKNOWN,not_extreme,0.505,,0.0034568309783935547,,no_leader,,,,,,,,,no_leader,,,,,,,,,zip:///Users/bradamanka/Downloads/Stratgey testing/polymarket-btc-5m_2026-08-11.zip::polymarket-btc-updown-5m-1786478100-2026-08-11.txt.zst
zip:///Users/bradamanka/Downloads/Stratgey testing/polymarket-btc-5m_2026-08-10.zip::polymarket-btc-updown-5m-1786478400-2026-08-10.txt.zst,polymarket-btc-updown-5m-1786478400-2026-08-10.txt.zst,polymarket-btc-5m_2026-08-10.zip,1786478400,1786478700,False,133,131,0,0,2,129,0,,,301,UNKNOWN,not_extreme,0.505,,0.0035400390625,,no_leader,,,,,,,,,no_leader,,,,,,,,,zip:///Users/bradamanka/Downloads/Stratgey testing/polymarket-btc-5m_2026-08-11.zip::polymarket-btc-updown-5m-1786478400-2026-08-11.txt.zst
zip:///Users/bradamanka/Downloads/Stratgey testing/polymarket-btc-5m_2026-08-10.zip::polymarket-btc-updown-5m-1786477500-2026-08-10.txt.zst,polymarket-btc-updown-5m-1786477500-2026-08-10.txt.zst,polymarket-btc-5m_2026-08-10.zip,1786477500,1786477800,False,61,59,0,0,2,57,0,,,301,UNKNOWN,not_extreme,0.505,,0.008635997772216797,,no_leader,,,,,,,,,no_leader,,,,,,,,,zip:///Users/bradamanka/Downloads/Stratgey testing/polymarket-btc-5m_2026-08-11.zip::polymarket-btc-updown-5m-1786477500-2026-08-11.txt.zst
zip:///Users/bradamanka/Downloads/Stratgey testing/polymarket-btc-5m_2026-08-10.zip::polymarket-btc-updown-5m-1786479000-2026-08-10.txt.zst,polymarket-btc-updown-5m-1786479000-2026-08-10.txt.zst,polymarket-btc-5m_2026-08-10.zip,1786479000,1786479300,False,99,97,0,0,2,95,0,,,301,UNKNOWN,not_extreme,0.505,,0.0040280818939208984,,no_leader,,,,,,,,,no_leader,,,,,,,,,zip:///Users/bradamanka/Downloads/Stratgey testing/polymarket-btc-5m_2026-08-11.zip::polymarket-btc-updown-5m-1786479000-2026-08-11.txt.zst
zip:///Users/bradamanka/Downloads/Stratgey testing/polymarket-btc-5m_2026-08-10.zip::polymarket-btc-updown-5m-1786479300-2026-08-10.txt.zst,polymarket-btc-updown-5m-1786479300-2026-08-10.txt.zst,polymarket-btc-5m_2026-08-10.zip,1786479300,1786479600,False,55,53,0,0,3,50,0,,,301,UNKNOWN,not_extreme,0.505,,0.003098726272583008,,no_leader,,,,,,,,,no_leader,,,,,,,,,zip:///Users/bradamanka/Downloads/Stratgey testing/polymarket-btc-5m_2026-08-11.zip::polymarket-btc-updown-5m-1786479300-2026-08-11.txt.zst
zip:///Users/bradamanka/Downloads/Stratgey testing/polymarket-btc-5m_2026-08-10.zip::polymarket-btc-updown-5m-1786479600-2026-08-10.txt.zst,polymarket-btc-updown-5m-1786479600-2026-08-10.txt.zst,polymarket-btc-5m_2026-08-10.zip,1786479600,1786479900,False,64,62,0,0,3,59,0,,,301,UNKNOWN,not_extreme,0.505,,0.0035338401794433594,,no_leader,,,,,,,,,no_leader,,,,,,,,,zip:///Users/bradamanka/Downloads/Stratgey testing/polymarket-btc-5m_2026-08-11.zip::polymarket-btc-updown-5m-1786479600-2026-08-11.txt.zst
zip:///Users/bradamanka/Downloads/Stratgey testing/polymarket-btc-5m_2026-08-10.zip::polymarket-btc-updown-5m-1786478700-2026-08-10.txt.zst,polymarket-btc-updown-5m-1786478700-2026-08-10.txt.zst,polymarket-btc-5m_2026-08-10.zip,1786478700,1786479000,False,130,128,0,0,1,127,0,,,301,UNKNOWN,not_extreme,0.505,,0.008379936218261719,,no_leader,,,,,,,,,no_leader,,,,,,,,,zip:///Users/bradamanka/Downloads/Stratgey testing/polymarket-btc-5m_2026-08-11.zip::polymarket-btc-updown-5m-1786478700-2026-08-11.txt.zst
zip:///Users/bradamanka/Downloads/Stratgey testing/polymarket-btc-5m_2026-08-10.zip::polymarket-btc-updown-5m-1786479900-2026-08-10.txt.zst,polymarket-btc-updown-5m-1786479900-2026-08-10.txt.zst,polymarket-btc-5m_2026-08-10.zip,1786479900,1786480200,False,63,61,0,0,2,59,0,,,301,UNKNOWN,not_extreme,0.505,,0.0038301944732666016,,no_leader,,,,,,,,,no_leader,,,,,,,,,zip:///Users/bradamanka/Downloads/Stratgey testing/polymarket-btc-5m_2026-08-11.zip::polymarket-btc-updown-5m-1786479900-2026-08-11.txt.zst
zip:///Users/bradamanka/Downloads/Stratgey testing/polymarket-btc-5m_2026-08-10.zip::polymarket-btc-updown-5m-1786480500-2026-08-10.txt.zst,polymarket-btc-updown-5m-1786480500-2026-08-10.txt.zst,polymarket-btc-5m_2026-08-10.zip,1786480500,1786480800,False,57,55,0,0,3,52,0,,,301,UNKNOWN,not_extreme,0.505,,0.002618074417114258,,no_leader,,,,,,,,,no_leader,,,,,,,,,zip:///Users/bradamanka/Downloads/Stratgey testing/polymarket-btc-5m_2026-08-11.zip::polymarket-btc-updown-5m-1786480500-2026-08-11.txt.zst
zip:///Users/bradamanka/Downloads/Stratgey testing/polymarket-btc-5m_2026-08-10.zip::polymarket-btc-updown-5m-1786480800-2026-08-10.txt.zst,polymarket-btc-updown-5m-1786480800-2026-08-10.txt.zst,polymarket-btc-5m_2026-08-10.zip,1786480800,1786481100,False,44,42,0,0,3,39,0,,,301,UNKNOWN,not_extreme,0.505,,0.0033707618713378906,,no_leader,,,,,,,,,no_leader,,,,,,,,,zip:///Users/bradamanka/Downloads/Stratgey testing/polymarket-btc-5m_2026-08-11.zip::polymarket-btc-updown-5m-1786480800-2026-08-11.txt.zst
zip:///Users/bradamanka/Downloads/Stratgey testing/polymarket-btc-5m_2026-08-10.zip::polymarket-btc-updown-5m-1786481100-2026-08-10.txt.zst,polymarket-btc-updown-5m-1786481100-2026-08-10.txt.zst,polymarket-btc-5m_2026-08-10.zip,1786481100,1786481400,False,17,15,0,0,2,13,0,,,301,UNKNOWN,not_extreme,0.505,,0.002671957015991211,,no_leader,,,,,,,,,no_leader,,,,,,,,,zip:///Users/bradamanka/Downloads/Stratgey testing/polymarket-btc-5m_2026-08-11.zip::polymarket-btc-updown-5m-1786481100-2026-08-11.txt.zst
zip:///Users/bradamanka/Downloads/Stratgey testing/polymarket-btc-5m_2026-08-10.zip::polymarket-btc-updown-5m-1786481400-2026-08-10.txt.zst,polymarket-btc-updown-5m-1786481400-2026-08-10.txt.zst,polymarket-btc-5m_2026-08-10.zip,1786481400,1786481700,False,52,48,0,0,3,45,0,,,301,UNKNOWN,not_extreme,0.505,,0.005120992660522461,,no_leader,,,,,,,,,no_leader,,,,,,,,,zip:///Users/bradamanka/Downloads/Stratgey testing/polymarket-btc-5m_2026-08-11.zip::polymarket-btc-updown-5m-1786481400-2026-08-11.txt.zst
zip:///Users/bradamanka/Downloads/Stratgey testing/polymarket-btc-5m_2026-08-10.zip::polymarket-btc-updown-5m-1786481700-2026-08-10.txt.zst,polymarket-btc-updown-5m-1786481700-2026-08-10.txt.zst,polymarket-btc-5m_2026-08-10.zip,1786481700,1786482000,False,77,75,0,0,2,73,0,,,301,UNKNOWN,not_extreme,0.505,,0.007170915603637695,,no_leader,,,,,,,,,no_leader,,,,,,,,,zip:///Users/bradamanka/Downloads/Stratgey testing/polymarket-btc-5m_2026-08-11.zip::polymarket-btc-updown-5m-1786481700-2026-08-11.txt.zst
zip:///Users/bradamanka/Downloads/Stratgey testing/polymarket-btc-5m_2026-08-10.zip::polymarket-btc-updown-5m-1786480200-2026-08-10.txt.zst,polymarket-btc-updown-5m-1786480200-2026-08-10.txt.zst,polymarket-btc-5m_2026-08-10.zip,1786480200,1786480500,False,75,71,0,0,2,69,0,,,301,UNKNOWN,not_extreme,0.505,,0.016968965530395508,,no_leader,,,,,,,,,no_leader,,,,,,,,,zip:///Users/bradamanka/Downloads/Stratgey testing/polymarket-btc-5m_2026-08-11.zip::polymarket-btc-updown-5m-1786480200-2026-08-11.txt.zst
zip:///Users/bradamanka/Downloads/Stratgey testing/polymarket-btc-5m_2026-08-10.zip::polymarket-btc-updown-5m-1786482900-2026-08-10.txt.zst,polymarket-btc-updown-5m-1786482900-2026-08-10.txt.zst,polymarket-btc-5m_2026-08-10.zip,1786482900,1786483200,False,134,132,0,0,3,129,0,,,301,UNKNOWN,not_extreme,0.505,,0.0033659934997558594,,no_leader,,,,,,,,,no_leader,,,,,,,,,zip:///Users/bradamanka/Downloads/Stratgey testing/polymarket-btc-5m_2026-08-11.zip::polymarket-btc-updown-5m-1786482900-2026-08-11.txt.zst
zip:///Users/bradamanka/Downloads/Stratgey testing/polymarket-btc-5m_2026-08-10.zip::polymarket-btc-updown-5m-1786482000-2026-08-10.txt.zst,polymarket-btc-updown-5m-1786482000-2026-08-10.txt.zst,polymarket-btc-5m_2026-08-10.zip,1786482000,1786482300,False,30,28,0,0,3,25,0,,,301,UNKNOWN,not_extreme,0.505,,0.015017986297607422,,no_leader,,,,,,,,,no_leader,,,,,,,,,zip:///Users/bradamanka/Downloads/Stratgey testing/polymarket-btc-5m_2026-08-11.zip::polymarket-btc-updown-5m-1786482000-2026-08-11.txt.zst
zip:///Users/bradamanka/Downloads/Stratgey testing/polymarket-btc-5m_2026-08-10.zip::polymarket-btc-updown-5m-1786482600-2026-08-10.txt.zst,polymarket-btc-updown-5m-1786482600-2026-08-10.txt.zst,polymarket-btc-5m_2026-08-10.zip,1786482600,1786482900,False,52,50,0,0,2,48,0,,,301,UNKNOWN,not_extreme,0.505,,0.009384870529174805,,no_leader,,,,,,,,,no_leader,,,,,,,,,zip:///Users/bradamanka/Downloads/Stratgey testing/polymarket-btc-5m_2026-08-11.zip::polymarket-btc-updown-5m-1786482600-2026-08-11.txt.zst
zip:///Users/bradamanka/Downloads/Stratgey testing/polymarket-btc-5m_2026-08-10.zip::polymarket-btc-updown-5m-1786482300-2026-08-10.txt.zst,polymarket-btc-updown-5m-1786482300-2026-08-10.txt.zst,polymarket-btc-5m_2026-08-10.zip,1786482300,1786482600,False,94,90,0,0,3,87,0,,,301,UNKNOWN,not_extreme,0.505,,0.013292074203491211,,no_leader,,,,,,,,,no_leader,,,,,,,,,zip:///Users/bradamanka/Downloads/Stratgey testing/polymarket-btc-5m_2026-08-11.zip::polymarket-btc-updown-5m-1786482300-2026-08-11.txt.zst
zip:///Users/bradamanka/Downloads/Stratgey testing/polymarket-btc-5m_2026-08-10.zip::polymarket-btc-updown-5m-1786483200-2026-08-10.txt.zst,polymarket-btc-updown-5m-1786483200-2026-08-10.txt.zst,polymarket-btc-5m_2026-08-10.zip,1786483200,1786483500,False,151,149,0,0,2,147,0,,,301,UNKNOWN,not_extreme,0.505,,0.0034608840942382812,,no_leader,,,,,,,,,no_leader,,,,,,,,,zip:///Users/bradamanka/Downloads/Stratgey testing/polymarket-btc-5m_2026-08-11.zip::polymarket-btc-updown-5m-1786483200-2026-08-11.txt.zst
zip:///Users/bradamanka/Downloads/Stratgey testing/polymarket-btc-5m_2026-08-10.zip::polymarket-btc-updown-5m-1786483500-2026-08-10.txt.zst,polymarket-btc-updown-5m-1786483500-2026-08-10.txt.zst,polymarket-btc-5m_2026-08-10.zip,1786483500,1786483800,False,80,78,0,0,1,77,0,,,301,UNKNOWN,not_extreme,0.505,,0.0032062530517578125,,no_leader,,,,,,,,,no_leader,,,,,,,,,zip:///Users/bradamanka/Downloads/Stratgey testing/polymarket-btc-5m_2026-08-11.zip::polymarket-btc-updown-5m-1786483500-2026-08-11.txt.zst
zip:///Users/bradamanka/Downloads/Stratgey testing/polymarket-btc-5m_2026-08-10.zip::polymarket-btc-updown-5m-1786483800-2026-08-10.txt.zst,polymarket-btc-updown-5m-1786483800-2026-08-10.txt.zst,polymarket-btc-5m_2026-08-10.zip,1786483800,1786484100,False,130,126,0,0,3,123,0,,,301,UNKNOWN,not_extreme,0.505,,0.0031731128692626953,,no_leader,,,,,,,,,no_leader,,,,,,,,,zip:///Users/bradamanka/Downloads/Stratgey testing/polymarket-btc-5m_2026-08-11.zip::polymarket-btc-updown-5m-1786483800-2026-08-11.txt.zst
zip:///Users/bradamanka/Downloads/Stratgey testing/polymarket-btc-5m_2026-08-10.zip::polymarket-btc-updown-5m-1786484400-2026-08-10.txt.zst,polymarket-btc-updown-5m-1786484400-2026-08-10.txt.zst,polymarket-btc-5m_2026-08-10.zip,1786484400,1786484700,False,38,36,0,0,2,34,0,,,301,UNKNOWN,not_extreme,0.505,,0.00298309326171875,,no_leader,,,,,,,,,no_leader,,,,,,,,,zip:///Users/bradamanka/Downloads/Stratgey testing/polymarket-btc-5m_2026-08-11.zip::polymarket-btc-updown-5m-1786484400-2026-08-11.txt.zst
zip:///Users/bradamanka/Downloads/Stratgey testing/polymarket-btc-5m_2026-08-10.zip::polymarket-btc-updown-5m-1786484700-2026-08-10.txt.zst,polymarket-btc-updown-5m-1786484700-2026-08-10.txt.zst,polymarket-btc-5m_2026-08-10.zip,1786484700,1786485000,False,46,44,0,0,2,42,0,,,301,UNKNOWN,not_extreme,0.505,,0.004245758056640625,,no_leader,,,,,,,,,no_leader,,,,,,,,,zip:///Users/bradamanka/Downloads/Stratgey testing/polymarket-btc-5m_2026-08-11.zip::polymarket-btc-updown-5m-1786484700-2026-08-11.txt.zst
zip:///Users/bradamanka/Downloads/Stratgey testing/polymarket-btc-5m_2026-08-10.zip::polymarket-btc-updown-5m-1786485000-2026-08-10.txt.zst,polymarket-btc-updown-5m-1786485000-2026-08-10.txt.zst,polymarket-btc-5m_2026-08-10.zip,1786485000,1786485300,False,20,18,0,0,1,17,0,,,301,UNKNOWN,not_extreme,0.505,,0.0028009414672851562,,no_leader,,,,,,,,,no_leader,,,,,,,,,zip:///Users/bradamanka/Downloads/Stratgey testing/polymarket-btc-5m_2026-08-11.zip::polymarket-btc-updown-5m-1786485000-2026-08-11.txt.zst
zip:///Users/bradamanka/Downloads/Stratgey testing/polymarket-btc-5m_2026-08-10.zip::polymarket-btc-updown-5m-1786485300-2026-08-10.txt.zst,polymarket-btc-updown-5m-1786485300-2026-08-10.txt.zst,polymarket-btc-5m_2026-08-10.zip,1786485300,1786485600,False,72,70,0,0,2,68,0,,,301,UNKNOWN,not_extreme,0.505,,0.0026328563690185547,,no_leader,,,,,,,,,no_leader,,,,,,,,,zip:///Users/bradamanka/Downloads/Stratgey testing/polymarket-btc-5m_2026-08-11.zip::polymarket-btc-updown-5m-1786485300-2026-08-11.txt.zst
zip:///Users/bradamanka/Downloads/Stratgey testing/polymarket-btc-5m_2026-08-10.zip::polymarket-btc-updown-5m-1786485900-2026-08-10.txt.zst,polymarket-btc-updown-5m-1786485900-2026-08-10.txt.zst,polymarket-btc-5m_2026-08-10.zip,1786485900,1786486200,False,26,24,0,0,2,22,0,,,301,UNKNOWN,not_extreme,0.495,,0.001986980438232422,,no_leader,,,,,,,,,no_leader,,,,,,,,,zip:///Users/bradamanka/Downloads/Stratgey testing/polymarket-btc-5m_2026-08-11.zip::polymarket-btc-updown-5m-1786485900-2026-08-11.txt.zst
zip:///Users/bradamanka/Downloads/Stratgey testing/polymarket-btc-5m_2026-08-10.zip::polymarket-btc-updown-5m-1786485600-2026-08-10.txt.zst,polymarket-btc-updown-5m-1786485600-2026-08-10.txt.zst,polymarket-btc-5m_2026-08-10.zip,1786485600,1786485900,False,76,72,0,0,3,69,0,,,301,UNKNOWN,not_extreme,0.505,,0.003059864044189453,,no_leader,,,,,,,,,no_leader,,,,,,,,,zip:///Users/bradamanka/Downloads/Stratgey testing/polymarket-btc-5m_2026-08-11.zip::polymarket-btc-updown-5m-1786485600-2026-08-11.txt.zst
zip:///Users/bradamanka/Downloads/Stratgey testing/polymarket-btc-5m_2026-08-10.zip::polymarket-btc-updown-5m-1786484100-2026-08-10.txt.zst,polymarket-btc-updown-5m-1786484100-2026-08-10.txt.zst,polymarket-btc-5m_2026-08-10.zip,1786484100,1786484400,False,75,71,0,0,2,69,0,,,301,UNKNOWN,not_extreme,0.505,,0.007920980453491211,,no_leader,,,,,,,,,no_leader,,,,,,,,,zip:///Users/bradamanka/Downloads/Stratgey testing/polymarket-btc-5m_2026-08-11.zip::polymarket-btc-updown-5m-1786484100-2026-08-11.txt.zst
zip:///Users/bradamanka/Downloads/Stratgey testing/polymarket-btc-5m_2026-08-10.zip::polymarket-btc-updown-5m-1786486200-2026-08-10.txt.zst,polymarket-btc-updown-5m-1786486200-2026-08-10.txt.zst,polymarket-btc-5m_2026-08-10.zip,1786486200,1786486500,False,34,32,0,0,1,31,0,,,301,UNKNOWN,not_extreme,0.505,,0.0021791458129882812,,no_leader,,,,,,,,,no_leader,,,,,,,,,zip:///Users/bradamanka/Downloads/Stratgey testing/polymarket-btc-5m_2026-08-11.zip::polymarket-btc-updown-5m-1786486200-2026-08-11.txt.zst
zip:///Users/bradamanka/Downloads/Stratgey testing/polymarket-btc-5m_2026-08-11.zip::polymarket-btc-updown-5m-1786486500-2026-08-11.txt.zst,polymarket-btc-updown-5m-1786486500-2026-08-11.txt.zst,polymarket-btc-5m_2026-08-11.zip,1786486500,1786486800,False,330,315,0,0,7,308,0,,,301,UNKNOWN,not_extreme,0.505,,0.010096311569213867,,no_leader,,,,,,,,,no_leader,,,,,,,,,zip:///Users/bradamanka/Downloads/Stratgey testing/polymarket-btc-5m_2026-08-10.zip::polymarket-btc-updown-5m-1786486500-2026-08-10.txt.zst
zip:///Users/bradamanka/Downloads/Stratgey testing/polymarket-btc-5m_2026-08-10.zip::polymarket-btc-updown-5m-1786486800-2026-08-10.txt.zst,polymarket-btc-updown-5m-1786486800-2026-08-10.txt.zst,polymarket-btc-5m_2026-08-10.zip,1786486800,1786487100,False,39,37,0,0,2,35,0,,,301,UNKNOWN,not_extreme,0.505,,0.002456188201904297,,no_leader,,,,,,,,,no_leader,,,,,,,,,zip:///Users/bradamanka/Downloads/Stratgey testing/polymarket-btc-5m_2026-08-11.zip::polymarket-btc-updown-5m-1786486800-2026-08-11.txt.zst
zip:///Users/bradamanka/Downloads/Stratgey testing/polymarket-btc-5m_2026-08-10.zip::polymarket-btc-updown-5m-1786487100-2026-08-10.txt.zst,polymarket-btc-updown-5m-1786487100-2026-08-10.txt.zst,polymarket-btc-5m_2026-08-10.zip,1786487100,1786487400,False,34,32,0,0,1,31,0,,,301,UNKNOWN,not_extreme,0.505,,0.004194021224975586,,no_leader,,,,,,,,,no_leader,,,,,,,,,zip:///Users/bradamanka/Downloads/Stratgey testing/polymarket-btc-5m_2026-08-11.zip::polymarket-btc-updown-5m-1786487100-2026-08-11.txt.zst
zip:///Users/bradamanka/Downloads/Stratgey testing/polymarket-btc-5m_2026-08-10.zip::polymarket-btc-updown-5m-1786487700-2026-08-10.txt.zst,polymarket-btc-updown-5m-1786487700-2026-08-10.txt.zst,polymarket-btc-5m_2026-08-10.zip,1786487700,1786488000,False,91,87,0,0,2,85,0,,,301,UNKNOWN,not_extreme,0.505,,0.002989053726196289,,no_leader,,,,,,,,,no_leader,,,,,,,,,zip:///Users/bradamanka/Downloads/Stratgey testing/polymarket-btc-5m_2026-08-11.zip::polymarket-btc-updown-5m-1786487700-2026-08-11.txt.zst
zip:///Users/bradamanka/Downloads/Stratgey testing/polymarket-btc-5m_2026-08-10.zip::polymarket-btc-updown-5m-1786487400-2026-08-10.txt.zst,polymarket-btc-updown-5m-1786487400-2026-08-10.txt.zst,polymarket-btc-5m_2026-08-10.zip,1786487400,1786487700,False,48,44,0,0,2,42,0,,,301,UNKNOWN,not_extreme,0.505,,0.004606008529663086,,no_leader,,,,,,,,,no_leader,,,,,,,,,zip:///Users/bradamanka/Downloads/Stratgey testing/polymarket-btc-5m_2026-08-11.zip::polymarket-btc-updown-5m-1786487400-2026-08-11.txt.zst
zip:///Users/bradamanka/Downloads/Stratgey testing/polymarket-btc-5m_2026-08-10.zip::polymarket-btc-updown-5m-1786488000-2026-08-10.txt.zst,polymarket-btc-updown-5m-1786488000-2026-08-10.txt.zst,polymarket-btc-5m_2026-08-10.zip,1786488000,1786488300,False,47,45,0,0,1,44,0,,,301,UNKNOWN,not_extreme,0.505,,0.004398822784423828,,no_leader,,,,,,,,,no_leader,,,,,,,,,zip:///Users/bradamanka/Downloads/Stratgey testing/polymarket-btc-5m_2026-08-11.zip::polymarket-btc-updown-5m-1786488000-2026-08-11.txt.zst
zip:///Users/bradamanka/Downloads/Stratgey testing/polymarket-btc-5m_2026-08-10.zip::polymarket-btc-updown-5m-1786488300-2026-08-10.txt.zst,polymarket-btc-updown-5m-1786488300-2026-08-10.txt.zst,polymarket-btc-5m_2026-08-10.zip,1786488300,1786488600,False,85,83,0,0,1,82,0,,,301,UNKNOWN,not_extreme,0.505,,0.0027618408203125,,no_leader,,,,,,,,,no_leader,,,,,,,,,zip:///Users/bradamanka/Downloads/Stratgey testing/polymarket-btc-5m_2026-08-11.zip::polymarket-btc-updown-5m-1786488300-2026-08-11.txt.zst
zip:///Users/bradamanka/Downloads/Stratgey testing/polymarket-btc-5m_2026-08-10.zip::polymarket-btc-updown-5m-1786489200-2026-08-10.txt.zst,polymarket-btc-updown-5m-1786489200-2026-08-10.txt.zst,polymarket-btc-5m_2026-08-10.zip,1786489200,1786489500,False,88,84,0,0,2,82,0,,,301,UNKNOWN,not_extreme,0.5,,0.002807140350341797,,no_leader,,,,,,,,,no_leader,,,,,,,,,zip:///Users/bradamanka/Downloads/Stratgey testing/polymarket-btc-5m_2026-08-11.zip::polymarket-btc-updown-5m-1786489200-2026-08-11.txt.zst
zip:///Users/bradamanka/Downloads/Stratgey testing/polymarket-btc-5m_2026-08-10.zip::polymarket-btc-updown-5m-1786488900-2026-08-10.txt.zst,polymarket-btc-updown-5m-1786488900-2026-08-10.txt.zst,polymarket-btc-5m_2026-08-10.zip,1786488900,1786489200,False,45,43,0,0,1,42,0,,,301,UNKNOWN,not_extreme,0.505,,0.005940914154052734,,no_leader,,,,,,,,,no_leader,,,,,,,,,zip:///Users/bradamanka/Downloads/Stratgey testing/polymarket-btc-5m_2026-08-11.zip::polymarket-btc-updown-5m-1786488900-2026-08-11.txt.zst
zip:///Users/bradamanka/Downloads/Stratgey testing/polymarket-btc-5m_2026-08-10.zip::polymarket-btc-updown-5m-1786489800-2026-08-10.txt.zst,polymarket-btc-updown-5m-1786489800-2026-08-10.txt.zst,polymarket-btc-5m_2026-08-10.zip,1786489800,1786490100,False,94,92,0,0,1,91,0,,,301,UNKNOWN,not_extreme,0.505,,0.0031728744506835938,,no_leader,,,,,,,,,no_leader,,,,,,,,,zip:///Users/bradamanka/Downloads/Stratgey testing/polymarket-btc-5m_2026-08-11.zip::polymarket-btc-updown-5m-1786489800-2026-08-11.txt.zst
zip:///Users/bradamanka/Downloads/Stratgey testing/polymarket-btc-5m_2026-08-10.zip::polymarket-btc-updown-5m-1786489500-2026-08-10.txt.zst,polymarket-btc-updown-5m-1786489500-2026-08-10.txt.zst,polymarket-btc-5m_2026-08-10.zip,1786489500,1786489800,False,128,126,0,0,1,125,0,,,301,UNKNOWN,not_extreme,0.505,,0.006674051284790039,,no_leader,,,,,,,,,no_leader,,,,,,,,,zip:///Users/bradamanka/Downloads/Stratgey testing/polymarket-btc-5m_2026-08-11.zip::polymarket-btc-updown-5m-1786489500-2026-08-11.txt.zst
zip:///Users/bradamanka/Downloads/Stratgey testing/polymarket-btc-5m_2026-08-10.zip::polymarket-btc-updown-5m-1786490400-2026-08-10.txt.zst,polymarket-btc-updown-5m-1786490400-2026-08-10.txt.zst,polymarket-btc-5m_2026-08-10.zip,1786490400,1786490700,False,4,2,0,0,1,1,0,,,301,UNKNOWN,not_extreme,0.505,,0.00197601318359375,,no_leader,,,,,,,,,no_leader,,,,,,,,,zip:///Users/bradamanka/Downloads/Stratgey testing/polymarket-btc-5m_2026-08-11.zip::polymarket-btc-updown-5m-1786490400-2026-08-11.txt.zst
zip:///Users/bradamanka/Downloads/Stratgey testing/polymarket-btc-5m_2026-08-10.zip::polymarket-btc-updown-5m-1786490100-2026-08-10.txt.zst,polymarket-btc-updown-5m-1786490100-2026-08-10.txt.zst,polymarket-btc-5m_2026-08-10.zip,1786490100,1786490400,False,10,8,0,0,1,7,0,,,301,UNKNOWN,not_extreme,0.505,,0.002701997756958008,,no_leader,,,,,,,,,no_leader,,,,,,,,,zip:///Users/bradamanka/Downloads/Stratgey testing/polymarket-btc-5m_2026-08-11.zip::polymarket-btc-updown-5m-1786490100-2026-08-11.txt.zst
zip:///Users/bradamanka/Downloads/Stratgey testing/polymarket-btc-5m_2026-08-10.zip::polymarket-btc-updown-5m-1786490700-2026-08-10.txt.zst,polymarket-btc-updown-5m-1786490700-2026-08-10.txt.zst,polymarket-btc-5m_2026-08-10.zip,1786490700,1786491000,False,15,13,0,0,1,12,0,,,301,UNKNOWN,not_extreme,0.505,,0.002637147903442383,,no_leader,,,,,,,,,no_leader,,,,,,,,,zip:///Users/bradamanka/Downloads/Stratgey testing/polymarket-btc-5m_2026-08-11.zip::polymarket-btc-updown-5m-1786490700-2026-08-11.txt.zst
zip:///Users/bradamanka/Downloads/Stratgey testing/polymarket-btc-5m_2026-08-10.zip::polymarket-btc-updown-5m-1786491000-2026-08-10.txt.zst,polymarket-btc-updown-5m-1786491000-2026-08-10.txt.zst,polymarket-btc-5m_2026-08-10.zip,1786491000,1786491300,False,9,7,0,0,1,6,0,,,301,UNKNOWN,not_extreme,0.5,,0.001683950424194336,,no_leader,,,,,,,,,no_leader,,,,,,,,,zip:///Users/bradamanka/Downloads/Stratgey testing/polymarket-btc-5m_2026-08-11.zip::polymarket-btc-updown-5m-1786491000-2026-08-11.txt.zst
zip:///Users/bradamanka/Downloads/Stratgey testing/polymarket-btc-5m_2026-08-10.zip::polymarket-btc-updown-5m-1786491300-2026-08-10.txt.zst,polymarket-btc-updown-5m-1786491300-2026-08-10.txt.zst,polymarket-btc-5m_2026-08-10.zip,1786491300,1786491600,False,5,3,0,0,1,2,0,,,301,UNKNOWN,not_extreme,0.505,,0.00345611572265625,,no_leader,,,,,,,,,no_leader,,,,,,,,,zip:///Users/bradamanka/Downloads/Stratgey testing/polymarket-btc-5m_2026-08-11.zip::polymarket-btc-updown-5m-1786491300-2026-08-11.txt.zst
zip:///Users/bradamanka/Downloads/Stratgey testing/polymarket-btc-5m_2026-08-10.zip::polymarket-btc-updown-5m-1786491600-2026-08-10.txt.zst,polymarket-btc-updown-5m-1786491600-2026-08-10.txt.zst,polymarket-btc-5m_2026-08-10.zip,1786491600,1786491900,False,65,63,0,0,1,62,0,,,301,UNKNOWN,not_extreme,0.505,,0.005866050720214844,,no_leader,,,,,,,,,no_leader,,,,,,,,,zip:///Users/bradamanka/Downloads/Stratgey testing/polymarket-btc-5m_2026-08-11.zip::polymarket-btc-updown-5m-1786491600-2026-08-11.txt.zst
zip:///Users/bradamanka/Downloads/Stratgey testing/polymarket-btc-5m_2026-08-10.zip::polymarket-btc-updown-5m-1786488600-2026-08-10.txt.zst,polymarket-btc-updown-5m-1786488600-2026-08-10.txt.zst,polymarket-btc-5m_2026-08-10.zip,1786488600,1786488900,False,59,57,0,0,1,56,0,,,301,UNKNOWN,not_extreme,0.505,,0.020233154296875,,no_leader,,,,,,,,,no_leader,,,,,,,,,zip:///Users/bradamanka/Downloads/Stratgey testing/polymarket-btc-5m_2026-08-11.zip::polymarket-btc-updown-5m-1786488600-2026-08-11.txt.zst
zip:///Users/bradamanka/Downloads/Stratgey testing/polymarket-btc-5m_2026-08-11.zip::polymarket-btc-updown-5m-1786405500-2026-08-11.txt.zst,polymarket-btc-updown-5m-1786405500-2026-08-11.txt.zst,polymarket-btc-5m_2026-08-11.zip,1786405500,1786405800,False,132,127,0,0,3,124,0,,,301,UNKNOWN,not_extreme,,,0.019723176956176758,,no_leader,,,,,,,,,no_leader,,,,,,,,,zip:///Users/bradamanka/Downloads/Stratgey testing/polymarket-btc-5m_2026-08-10.zip::polymarket-btc-updown-5m-1786405500-2026-08-10.txt.zst
zip:///Users/bradamanka/Downloads/Stratgey testing/polymarket-btc-5m_2026-08-11.zip::polymarket-btc-updown-5m-1786405800-2026-08-11.txt.zst,polymarket-btc-updown-5m-1786405800-2026-08-11.txt.zst,polymarket-btc-5m_2026-08-11.zip,1786405800,1786406100,False,69301,68242,66356,1046,1114,67128,0,89.784561094,300.0,301,UP,quotes+trades,0.99,0.99,1.9606120586395264,,leader_confirm_too_soon_after_pullback,UP,89.784561094,252.203,252.207,,,,,leader_confirm_too_soon_after_pullback,UP,90.0,253.0,254.0,,,,,zip:///Users/bradamanka/Downloads/Stratgey testing/polymarket-btc-5m_2026-08-10.zip::polymarket-btc-updown-5m-1786405800-2026-08-10.txt.zst
zip:///Users/bradamanka/Downloads/Stratgey testing/polymarket-btc-5m_2026-08-11.zip::polymarket-btc-updown-5m-1786406100-2026-08-11.txt.zst,polymarket-btc-updown-5m-1786406100-2026-08-11.txt.zst,polymarket-btc-5m_2026-08-11.zip,1786406100,1786406400,True,99652,98260,95002,1315,1448,96812,0,0.0,300.0,301,UP,quotes+trades,0.99,0.99,1.9606680870056152,,leader_confirm_too_soon_after_pullback,UP,71.854,73.98,80.691,,,,,leader_confirm_too_soon_after_pullback,UP,72.0,74.0,81.0,,,,,zip:///Users/bradamanka/Downloads/Stratgey testing/polymarket-btc-5m_2026-08-10.zip::polymarket-btc-updown-5m-1786406100-2026-08-10.txt.zst
zip:///Users/bradamanka/Downloads/Stratgey testing/polymarket-btc-5m_2026-08-15.zip::polymarket-btc-updown-5m-1786750800-2026-08-15.txt.zst,polymarket-btc-updown-5m-1786750800-2026-08-15.txt.zst,polymarket-btc-5m_2026-08-15.zip,1786750800,1786751100,False,4,1,0,0,1,0,0,,,301,UNKNOWN,not_extreme,,,0.01992487907409668,,no_leader,,,,,,,,,no_leader,,,,,,,,,zip:///Users/bradamanka/Downloads/Stratgey testing/polymarket-btc-5m_2026-08-14.zip::polymarket-btc-updown-5m-1786750800-2026-08-14.txt.zst
zip:///Users/bradamanka/Downloads/Stratgey testing/polymarket-btc-5m_2026-08-14.zip::polymarket-btc-updown-5m-1786752300-2026-08-14.txt.zst,polymarket-btc-updown-5m-1786752300-2026-08-14.txt.zst,polymarket-btc-5m_2026-08-14.zip,1786752300,1786752600,False,6906,6895,0,0,11,6884,0,,,301,UNKNOWN,not_extreme,0.505,,0.10025715827941895,,no_leader,,,,,,,,,no_leader,,,,,,,,,zip:///Users/bradamanka/Downloads/Stratgey testing/polymarket-btc-5m_2026-08-15.zip::polymarket-btc-updown-5m-1786752300-2026-08-15.txt.zst
zip:///Users/bradamanka/Downloads/Stratgey testing/polymarket-btc-5m_2026-08-14.zip::polymarket-btc-updown-5m-1786752600-2026-08-14.txt.zst,polymarket-btc-updown-5m-1786752600-2026-08-14.txt.zst,polymarket-btc-5m_2026-08-14.zip,1786752600,1786752900,False,4581,4574,0,0,6,4568,0,,,301,UNKNOWN,not_extreme,0.505,,0.060460805892944336,,no_leader,,,,,,,,,no_leader,,,,,,,,,zip:///Users/bradamanka/Downloads/Stratgey testing/polymarket-btc-5m_2026-08-15.zip::polymarket-btc-updown-5m-1786752600-2026-08-15.txt.zst
zip:///Users/bradamanka/Downloads/Stratgey testing/polymarket-btc-5m_2026-08-14.zip::polymarket-btc-updown-5m-1786752900-2026-08-14.txt.zst,polymarket-btc-updown-5m-1786752900-2026-08-14.txt.zst,polymarket-btc-5m_2026-08-14.zip,1786752900,1786753200,False,2680,2674,0,0,3,2671,0,,,301,UNKNOWN,not_extreme,0.505,,0.04517197608947754,,no_leader,,,,,,,,,no_leader,,,,,,,,,zip:///Users/bradamanka/Downloads/Stratgey testing/polymarket-btc-5m_2026-08-15.zip::polymarket-btc-updown-5m-1786752900-2026-08-15.txt.zst
zip:///Users/bradamanka/Downloads/Stratgey testing/polymarket-btc-5m_2026-08-14.zip::polymarket-btc-updown-5m-1786753200-2026-08-14.txt.zst,polymarket-btc-updown-5m-1786753200-2026-08-14.txt.zst,polymarket-btc-5m_2026-08-14.zip,1786753200,1786753500,False,714,710,0,0,5,705,0,,,301,UNKNOWN,not_extreme,0.505,,0.0163271427154541,,no_leader,,,,,,,,,no_leader,,,,,,,,,zip:///Users/bradamanka/Downloads/Stratgey testing/polymarket-btc-5m_2026-08-15.zip::polymarket-btc-updown-5m-1786753200-2026-08-15.txt.zst
zip:///Users/bradamanka/Downloads/Stratgey testing/polymarket-btc-5m_2026-08-14.zip::polymarket-btc-updown-5m-1786753500-2026-08-14.txt.zst,polymarket-btc-updown-5m-1786753500-2026-08-14.txt.zst,polymarket-btc-5m_2026-08-14.zip,1786753500,1786753800,False,695,691,0,0,3,688,0,,,301,UNKNOWN,not_extreme,0.505,,0.011800050735473633,,no_leader,,,,,,,,,no_leader,,,,,,,,,zip:///Users/bradamanka/Downloads/Stratgey testing/polymarket-btc-5m_2026-08-15.zip::polymarket-btc-updown-5m-1786753500-2026-08-15.txt.zst
zip:///Users/bradamanka/Downloads/Stratgey testing/polymarket-btc-5m_2026-08-14.zip::polymarket-btc-updown-5m-1786753800-2026-08-14.txt.zst,polymarket-btc-updown-5m-1786753800-2026-08-14.txt.zst,polymarket-btc-5m_2026-08-14.zip,1786753800,1786754100,False,644,640,0,0,5,635,0,,,301,UNKNOWN,not_extreme,0.505,,0.016124963760375977,,no_leader,,,,,,,,,no_leader,,,,,,,,,zip:///Users/bradamanka/Downloads/Stratgey testing/polymarket-btc-5m_2026-08-15.zip::polymarket-btc-updown-5m-1786753800-2026-08-15.txt.zst
zip:///Users/bradamanka/Downloads/Stratgey testing/polymarket-btc-5m_2026-08-14.zip::polymarket-btc-updown-5m-1786754100-2026-08-14.txt.zst,polymarket-btc-updown-5m-1786754100-2026-08-14.txt.zst,polymarket-btc-5m_2026-08-14.zip,1786754100,1786754400,False,601,597,0,0,3,594,0,,,301,UNKNOWN,not_extreme,0.505,,0.007693767547607422,,no_leader,,,,,,,,,no_leader,,,,,,,,,zip:///Users/bradamanka/Downloads/Stratgey testing/polymarket-btc-5m_2026-08-15.zip::polymarket-btc-updown-5m-1786754100-2026-08-15.txt.zst
zip:///Users/bradamanka/Downloads/Stratgey testing/polymarket-btc-5m_2026-08-14.zip::polymarket-btc-updown-5m-1786754400-2026-08-14.txt.zst,polymarket-btc-updown-5m-1786754400-2026-08-14.txt.zst,polymarket-btc-5m_2026-08-14.zip,1786754400,1786754700,False,570,566,0,0,3,563,0,,,301,UNKNOWN,not_extreme,0.505,,0.013998985290527344,,no_leader,,,,,,,,,no_leader,,,,,,,,,zip:///Users/bradamanka/Downloads/Stratgey testing/polymarket-btc-5m_2026-08-15.zip::polymarket-btc-updown-5m-1786754400-2026-08-15.txt.zst
zip:///Users/bradamanka/Downloads/Stratgey testing/polymarket-btc-5m_2026-08-14.zip::polymarket-btc-updown-5m-1786754700-2026-08-14.txt.zst,polymarket-btc-updown-5m-1786754700-2026-08-14.txt.zst,polymarket-btc-5m_2026-08-14.zip,1786754700,1786755000,False,616,614,0,0,2,612,0,,,301,UNKNOWN,not_extreme,0.505,,0.007339954376220703,,no_leader,,,,,,,,,no_leader,,,,,,,,,zip:///Users/bradamanka/Downloads/Stratgey testing/polymarket-btc-5m_2026-08-15.zip::polymarket-btc-updown-5m-1786754700-2026-08-15.txt.zst
zip:///Users/bradamanka/Downloads/Stratgey testing/polymarket-btc-5m_2026-08-14.zip::polymarket-btc-updown-5m-1786755000-2026-08-14.txt.zst,polymarket-btc-updown-5m-1786755000-2026-08-14.txt.zst,polymarket-btc-5m_2026-08-14.zip,1786755000,1786755300,False,576,572,0,0,2,570,0,,,301,UNKNOWN,not_extreme,0.505,,0.006782054901123047,,no_leader,,,,,,,,,no_leader,,,,,,,,,zip:///Users/bradamanka/Downloads/Stratgey testing/polymarket-btc-5m_2026-08-15.zip::polymarket-btc-updown-5m-1786755000-2026-08-15.txt.zst
zip:///Users/bradamanka/Downloads/Stratgey testing/polymarket-btc-5m_2026-08-14.zip::polymarket-btc-updown-5m-1786755300-2026-08-14.txt.zst,polymarket-btc-updown-5m-1786755300-2026-08-14.txt.zst,polymarket-btc-5m_2026-08-14.zip,1786755300,1786755600,False,493,487,0,0,5,482,0,,,301,UNKNOWN,not_extreme,0.505,,0.03673195838928223,,no_leader,,,,,,,,,no_leader,,,,,,,,,zip:///Users/bradamanka/Downloads/Stratgey testing/polymarket-btc-5m_2026-08-15.zip::polymarket-btc-updown-5m-1786755300-2026-08-15.txt.zst
zip:///Users/bradamanka/Downloads/Stratgey testing/polymarket-btc-5m_2026-08-14.zip::polymarket-btc-updown-5m-1786755600-2026-08-14.txt.zst,polymarket-btc-updown-5m-1786755600-2026-08-14.txt.zst,polymarket-btc-5m_2026-08-14.zip,1786755600,1786755900,False,474,470,0,0,3,467,0,,,301,UNKNOWN,not_extreme,0.505,,0.021918058395385742,,no_leader,,,,,,,,,no_leader,,,,,,,,,zip:///Users/bradamanka/Downloads/Stratgey testing/polymarket-btc-5m_2026-08-15.zip::polymarket-btc-updown-5m-1786755600-2026-08-15.txt.zst
zip:///Users/bradamanka/Downloads/Stratgey testing/polymarket-btc-5m_2026-08-14.zip::polymarket-btc-updown-5m-1786755900-2026-08-14.txt.zst,polymarket-btc-updown-5m-1786755900-2026-08-14.txt.zst,polymarket-btc-5m_2026-08-14.zip,1786755900,1786756200,False,465,461,0,0,3,458,0,,,301,UNKNOWN,not_extreme,0.505,,0.005876064300537109,,no_leader,,,,,,,,,no_leader,,,,,,,,,zip:///Users/bradamanka/Downloads/Stratgey testing/polymarket-btc-5m_2026-08-15.zip::polymarket-btc-updown-5m-1786755900-2026-08-15.txt.zst
zip:///Users/bradamanka/Downloads/Stratgey testing/polymarket-btc-5m_2026-08-14.zip::polymarket-btc-updown-5m-1786756200-2026-08-14.txt.zst,polymarket-btc-updown-5m-1786756200-2026-08-14.txt.zst,polymarket-btc-5m_2026-08-14.zip,1786756200,1786756500,False,496,492,0,0,4,488,0,,,301,UNKNOWN,not_extreme,0.505,,0.023149728775024414,,no_leader,,,,,,,,,no_leader,,,,,,,,,zip:///Users/bradamanka/Downloads/Stratgey testing/polymarket-btc-5m_2026-08-15.zip::polymarket-btc-updown-5m-1786756200-2026-08-15.txt.zst
zip:///Users/bradamanka/Downloads/Stratgey testing/polymarket-btc-5m_2026-08-14.zip::polymarket-btc-updown-5m-1786756500-2026-08-14.txt.zst,polymarket-btc-updown-5m-1786756500-2026-08-14.txt.zst,polymarket-btc-5m_2026-08-14.zip,1786756500,1786756800,False,702,700,0,0,5,695,0,,,301,UNKNOWN,not_extreme,0.505,,0.022029638290405273,,no_leader,,,,,,,,,no_leader,,,,,,,,,zip:///Users/bradamanka/Downloads/Stratgey testing/polymarket-btc-5m_2026-08-15.zip::polymarket-btc-updown-5m-1786756500-2026-08-15.txt.zst
zip:///Users/bradamanka/Downloads/Stratgey testing/polymarket-btc-5m_2026-08-14.zip::polymarket-btc-updown-5m-1786756800-2026-08-14.txt.zst,polymarket-btc-updown-5m-1786756800-2026-08-14.txt.zst,polymarket-btc-5m_2026-08-14.zip,1786756800,1786757100,False,455,451,0,0,3,448,0,,,301,UNKNOWN,not_extreme,0.505,,0.006863117218017578,,no_leader,,,,,,,,,no_leader,,,,,,,,,zip:///Users/bradamanka/Downloads/Stratgey testing/polymarket-btc-5m_2026-08-15.zip::polymarket-btc-updown-5m-1786756800-2026-08-15.txt.zst
zip:///Users/bradamanka/Downloads/Stratgey testing/polymarket-btc-5m_2026-08-14.zip::polymarket-btc-updown-5m-1786757100-2026-08-14.txt.zst,polymarket-btc-updown-5m-1786757100-2026-08-14.txt.zst,polymarket-btc-5m_2026-08-14.zip,1786757100,1786757400,False,412,408,0,0,3,405,0,,,301,UNKNOWN,not_extreme,0.505,,0.0070269107818603516,,no_leader,,,,,,,,,no_leader,,,,,,,,,zip:///Users/bradamanka/Downloads/Stratgey testing/polymarket-btc-5m_2026-08-15.zip::polymarket-btc-updown-5m-1786757100-2026-08-15.txt.zst
zip:///Users/bradamanka/Downloads/Stratgey testing/polymarket-btc-5m_2026-08-14.zip::polymarket-btc-updown-5m-1786757400-2026-08-14.txt.zst,polymarket-btc-updown-5m-1786757400-2026-08-14.txt.zst,polymarket-btc-5m_2026-08-14.zip,1786757400,1786757700,False,376,372,0,0,3,369,0,,,301,UNKNOWN,not_extreme,0.505,,0.005970001220703125,,no_leader,,,,,,,,,no_leader,,,,,,,,,zip:///Users/bradamanka/Downloads/Stratgey testing/polymarket-btc-5m_2026-08-15.zip::polymarket-btc-updown-5m-1786757400-2026-08-15.txt.zst
zip:///Users/bradamanka/Downloads/Stratgey testing/polymarket-btc-5m_2026-08-14.zip::polymarket-btc-updown-5m-1786757700-2026-08-14.txt.zst,polymarket-btc-updown-5m-1786757700-2026-08-14.txt.zst,polymarket-btc-5m_2026-08-14.zip,1786757700,1786758000,False,299,297,0,0,2,295,0,,,301,UNKNOWN,not_extreme,0.505,,0.0044858455657958984,,no_leader,,,,,,,,,no_leader,,,,,,,,,zip:///Users/bradamanka/Downloads/Stratgey testing/polymarket-btc-5m_2026-08-15.zip::polymarket-btc-updown-5m-1786757700-2026-08-15.txt.zst
zip:///Users/bradamanka/Downloads/Stratgey testing/polymarket-btc-5m_2026-08-14.zip::polymarket-btc-updown-5m-1786758000-2026-08-14.txt.zst,polymarket-btc-updown-5m-1786758000-2026-08-14.txt.zst,polymarket-btc-5m_2026-08-14.zip,1786758000,1786758300,False,543,539,0,0,3,536,0,,,301,UNKNOWN,not_extreme,0.505,,0.013551950454711914,,no_leader,,,,,,,,,no_leader,,,,,,,,,zip:///Users/bradamanka/Downloads/Stratgey testing/polymarket-btc-5m_2026-08-15.zip::polymarket-btc-updown-5m-1786758000-2026-08-15.txt.zst
zip:///Users/bradamanka/Downloads/Stratgey testing/polymarket-btc-5m_2026-08-14.zip::polymarket-btc-updown-5m-1786752000-2026-08-14.txt.zst,polymarket-btc-updown-5m-1786752000-2026-08-14.txt.zst,polymarket-btc-5m_2026-08-14.zip,1786752000,1786752300,False,34851,34516,24642,255,347,34169,0,0.001,59.579,301,UNKNOWN,not_extreme,0.395,,1.1172401905059814,,no_leader,,,,,,,,,no_leader,,,,,,,,,zip:///Users/bradamanka/Downloads/Stratgey testing/polymarket-btc-5m_2026-08-15.zip::polymarket-btc-updown-5m-1786752000-2026-08-15.txt.zst
zip:///Users/bradamanka/Downloads/Stratgey testing/polymarket-btc-5m_2026-08-14.zip::polymarket-btc-updown-5m-1786758300-2026-08-14.txt.zst,polymarket-btc-updown-5m-1786758300-2026-08-14.txt.zst,polymarket-btc-5m_2026-08-14.zip,1786758300,1786758600,False,229,225,0,0,2,223,0,,,301,UNKNOWN,not_extreme,0.505,,0.012850046157836914,,no_leader,,,,,,,,,no_leader,,,,,,,,,zip:///Users/bradamanka/Downloads/Stratgey testing/polymarket-btc-5m_2026-08-15.zip::polymarket-btc-updown-5m-1786758300-2026-08-15.txt.zst
zip:///Users/bradamanka/Downloads/Stratgey testing/polymarket-btc-5m_2026-08-14.zip::polymarket-btc-updown-5m-1786758900-2026-08-14.txt.zst,polymarket-btc-updown-5m-1786758900-2026-08-14.txt.zst,polymarket-btc-5m_2026-08-14.zip,1786758900,1786759200,False,354,352,0,0,3,349,0,,,301,UNKNOWN,not_extreme,0.505,,0.004431247711181641,,no_leader,,,,,,,,,no_leader,,,,,,,,,zip:///Users/bradamanka/Downloads/Stratgey testing/polymarket-btc-5m_2026-08-15.zip::polymarket-btc-updown-5m-1786758900-2026-08-15.txt.zst
zip:///Users/bradamanka/Downloads/Stratgey testing/polymarket-btc-5m_2026-08-14.zip::polymarket-btc-updown-5m-1786758600-2026-08-14.txt.zst,polymarket-btc-updown-5m-1786758600-2026-08-14.txt.zst,polymarket-btc-5m_2026-08-14.zip,1786758600,1786758900,False,407,405,0,0,4,401,0,,,301,UNKNOWN,not_extreme,0.505,,0.013267755508422852,,no_leader,,,,,,,,,no_leader,,,,,,,,,zip:///Users/bradamanka/Downloads/Stratgey testing/polymarket-btc-5m_2026-08-15.zip::polymarket-btc-updown-5m-1786758600-2026-08-15.txt.zst
zip:///Users/bradamanka/Downloads/Stratgey testing/polymarket-btc-5m_2026-08-14.zip::polymarket-btc-updown-5m-1786759200-2026-08-14.txt.zst,polymarket-btc-updown-5m-1786759200-2026-08-14.txt.zst,polymarket-btc-5m_2026-08-14.zip,1786759200,1786759500,False,291,287,0,0,2,285,0,,,301,UNKNOWN,not_extreme,0.505,,0.004853963851928711,,no_leader,,,,,,,,,no_leader,,,,,,,,,zip:///Users/bradamanka/Downloads/Stratgey testing/polymarket-btc-5m_2026-08-15.zip::polymarket-btc-updown-5m-1786759200-2026-08-15.txt.zst
zip:///Users/bradamanka/Downloads/Stratgey testing/polymarket-btc-5m_2026-08-14.zip::polymarket-btc-updown-5m-1786759800-2026-08-14.txt.zst,polymarket-btc-updown-5m-1786759800-2026-08-14.txt.zst,polymarket-btc-5m_2026-08-14.zip,1786759800,1786760100,False,357,355,0,0,4,351,0,,,301,UNKNOWN,not_extreme,0.505,,0.004645824432373047,,no_leader,,,,,,,,,no_leader,,,,,,,,,zip:///Users/bradamanka/Downloads/Stratgey testing/polymarket-btc-5m_2026-08-15.zip::polymarket-btc-updown-5m-1786759800-2026-08-15.txt.zst
zip:///Users/bradamanka/Downloads/Stratgey testing/polymarket-btc-5m_2026-08-14.zip::polymarket-btc-updown-5m-1786759500-2026-08-14.txt.zst,polymarket-btc-updown-5m-1786759500-2026-08-14.txt.zst,polymarket-btc-5m_2026-08-14.zip,1786759500,1786759800,False,351,347,0,0,2,345,0,,,301,UNKNOWN,not_extreme,0.505,,0.0070002079010009766,,no_leader,,,,,,,,,no_leader,,,,,,,,,zip:///Users/bradamanka/Downloads/Stratgey testing/polymarket-btc-5m_2026-08-15.zip::polymarket-btc-updown-5m-1786759500-2026-08-15.txt.zst
zip:///Users/bradamanka/Downloads/Stratgey testing/polymarket-btc-5m_2026-08-14.zip::polymarket-btc-updown-5m-1786760400-2026-08-14.txt.zst,polymarket-btc-updown-5m-1786760400-2026-08-14.txt.zst,polymarket-btc-5m_2026-08-14.zip,1786760400,1786760700,False,303,299,0,0,3,296,0,,,301,UNKNOWN,not_extreme,0.505,,0.004673004150390625,,no_leader,,,,,,,,,no_leader,,,,,,,,,zip:///Users/bradamanka/Downloads/Stratgey testing/polymarket-btc-5m_2026-08-15.zip::polymarket-btc-updown-5m-1786760400-2026-08-15.txt.zst
zip:///Users/bradamanka/Downloads/Stratgey testing/polymarket-btc-5m_2026-08-14.zip::polymarket-btc-updown-5m-1786760700-2026-08-14.txt.zst,polymarket-btc-updown-5m-1786760700-2026-08-14.txt.zst,polymarket-btc-5m_2026-08-14.zip,1786760700,1786761000,False,309,305,0,0,3,302,0,,,301,UNKNOWN,not_extreme,0.505,,0.0073740482330322266,,no_leader,,,,,,,,,no_leader,,,,,,,,,zip:///Users/bradamanka/Downloads/Stratgey testing/polymarket-btc-5m_2026-08-15.zip::polymarket-btc-updown-5m-1786760700-2026-08-15.txt.zst
zip:///Users/bradamanka/Downloads/Stratgey testing/polymarket-btc-5m_2026-08-14.zip::polymarket-btc-updown-5m-1786761000-2026-08-14.txt.zst,polymarket-btc-updown-5m-1786761000-2026-08-14.txt.zst,polymarket-btc-5m_2026-08-14.zip,1786761000,1786761300,False,281,277,0,0,4,273,0,,,301,UNKNOWN,not_extreme,0.505,,0.004709720611572266,,no_leader,,,,,,,,,no_leader,,,,,,,,,zip:///Users/bradamanka/Downloads/Stratgey testing/polymarket-btc-5m_2026-08-15.zip::polymarket-btc-updown-5m-1786761000-2026-08-15.txt.zst
zip:///Users/bradamanka/Downloads/Stratgey testing/polymarket-btc-5m_2026-08-14.zip::polymarket-btc-updown-5m-1786761300-2026-08-14.txt.zst,polymarket-btc-updown-5m-1786761300-2026-08-14.txt.zst,polymarket-btc-5m_2026-08-14.zip,1786761300,1786761600,False,300,296,0,0,3,293,0,,,301,UNKNOWN,not_extreme,0.505,,0.0063021183013916016,,no_leader,,,,,,,,,no_leader,,,,,,,,,zip:///Users/bradamanka/Downloads/Stratgey testing/polymarket-btc-5m_2026-08-15.zip::polymarket-btc-updown-5m-1786761300-2026-08-15.txt.zst
zip:///Users/bradamanka/Downloads/Stratgey testing/polymarket-btc-5m_2026-08-15.zip::polymarket-btc-updown-5m-1786750500-2026-08-15.txt.zst,polymarket-btc-updown-5m-1786750500-2026-08-15.txt.zst,polymarket-btc-5m_2026-08-15.zip,1786750500,1786750800,False,4,1,0,0,1,0,0,,,301,UNKNOWN,not_extreme,,,0.010136842727661133,,no_leader,,,,,,,,,no_leader,,,,,,,,,zip:///Users/bradamanka/Downloads/Stratgey testing/polymarket-btc-5m_2026-08-14.zip::polymarket-btc-updown-5m-1786750500-2026-08-14.txt.zst
zip:///Users/bradamanka/Downloads/Stratgey testing/polymarket-btc-5m_2026-08-14.zip::polymarket-btc-updown-5m-1786761900-2026-08-14.txt.zst,polymarket-btc-updown-5m-1786761900-2026-08-14.txt.zst,polymarket-btc-5m_2026-08-14.zip,1786761900,1786762200,False,265,261,0,0,2,259,0,,,301,UNKNOWN,not_extreme,0.505,,0.00552678108215332,,no_leader,,,,,,,,,no_leader,,,,,,,,,zip:///Users/bradamanka/Downloads/Stratgey testing/polymarket-btc-5m_2026-08-15.zip::polymarket-btc-updown-5m-1786761900-2026-08-15.txt.zst
zip:///Users/bradamanka/Downloads/Stratgey testing/polymarket-btc-5m_2026-08-14.zip::polymarket-btc-updown-5m-1786760100-2026-08-14.txt.zst,polymarket-btc-updown-5m-1786760100-2026-08-14.txt.zst,polymarket-btc-5m_2026-08-14.zip,1786760100,1786760400,False,2711,2707,0,0,3,2704,0,,,301,UNKNOWN,not_extreme,0.505,,0.04496002197265625,,no_leader,,,,,,,,,no_leader,,,,,,,,,zip:///Users/bradamanka/Downloads/Stratgey testing/polymarket-btc-5m_2026-08-15.zip::polymarket-btc-updown-5m-1786760100-2026-08-15.txt.zst
zip:///Users/bradamanka/Downloads/Stratgey testing/polymarket-btc-5m_2026-08-14.zip::polymarket-btc-updown-5m-1786761600-2026-08-14.txt.zst,polymarket-btc-updown-5m-1786761600-2026-08-14.txt.zst,polymarket-btc-5m_2026-08-14.zip,1786761600,1786761900,False,318,314,0,0,3,311,0,,,301,UNKNOWN,not_extreme,0.505,,0.021144866943359375,,no_leader,,,,,,,,,no_leader,,,,,,,,,zip:///Users/bradamanka/Downloads/Stratgey testing/polymarket-btc-5m_2026-08-15.zip::polymarket-btc-updown-5m-1786761600-2026-08-15.txt.zst
zip:///Users/bradamanka/Downloads/Stratgey testing/polymarket-btc-5m_2026-08-14.zip::polymarket-btc-updown-5m-1786762500-2026-08-14.txt.zst,polymarket-btc-updown-5m-1786762500-2026-08-14.txt.zst,polymarket-btc-5m_2026-08-14.zip,1786762500,1786762800,False,289,285,0,0,2,283,0,,,301,UNKNOWN,not_extreme,0.505,,0.006311893463134766,,no_leader,,,,,,,,,no_leader,,,,,,,,,zip:///Users/bradamanka/Downloads/Stratgey testing/polymarket-btc-5m_2026-08-15.zip::polymarket-btc-updown-5m-1786762500-2026-08-15.txt.zst
zip:///Users/bradamanka/Downloads/Stratgey testing/polymarket-btc-5m_2026-08-14.zip::polymarket-btc-updown-5m-1786762200-2026-08-14.txt.zst,polymarket-btc-updown-5m-1786762200-2026-08-14.txt.zst,polymarket-btc-5m_2026-08-14.zip,1786762200,1786762500,False,271,267,0,0,2,265,0,,,301,UNKNOWN,not_extreme,0.505,,0.008398056030273438,,no_leader,,,,,,,,,no_leader,,,,,,,,,zip:///Users/bradamanka/Downloads/Stratgey testing/polymarket-btc-5m_2026-08-15.zip::polymarket-btc-updown-5m-1786762200-2026-08-15.txt.zst
zip:///Users/bradamanka/Downloads/Stratgey testing/polymarket-btc-5m_2026-08-14.zip::polymarket-btc-updown-5m-1786763100-2026-08-14.txt.zst,polymarket-btc-updown-5m-1786763100-2026-08-14.txt.zst,polymarket-btc-5m_2026-08-14.zip,1786763100,1786763400,False,279,275,0,0,2,273,0,,,301,UNKNOWN,not_extreme,0.505,,0.004401206970214844,,no_leader,,,,,,,,,no_leader,,,,,,,,,zip:///Users/bradamanka/Downloads/Stratgey testing/polymarket-btc-5m_2026-08-15.zip::polymarket-btc-updown-5m-1786763100-2026-08-15.txt.zst
zip:///Users/bradamanka/Downloads/Stratgey testing/polymarket-btc-5m_2026-08-14.zip::polymarket-btc-updown-5m-1786762800-2026-08-14.txt.zst,polymarket-btc-updown-5m-1786762800-2026-08-14.txt.zst,polymarket-btc-5m_2026-08-14.zip,1786762800,1786763100,False,297,293,0,0,5,288,0,,,301,UNKNOWN,not_extreme,0.505,,0.015363216400146484,,no_leader,,,,,,,,,no_leader,,,,,,,,,zip:///Users/bradamanka/Downloads/Stratgey testing/polymarket-btc-5m_2026-08-15.zip::polymarket-btc-updown-5m-1786762800-2026-08-15.txt.zst
zip:///Users/bradamanka/Downloads/Stratgey testing/polymarket-btc-5m_2026-08-14.zip::polymarket-btc-updown-5m-1786764000-2026-08-14.txt.zst,polymarket-btc-updown-5m-1786764000-2026-08-14.txt.zst,polymarket-btc-5m_2026-08-14.zip,1786764000,1786764300,False,288,284,0,0,2,282,0,,,301,UNKNOWN,not_extreme,0.505,,0.0077250003814697266,,no_leader,,,,,,,,,no_leader,,,,,,,,,zip:///Users/bradamanka/Downloads/Stratgey testing/polymarket-btc-5m_2026-08-15.zip::polymarket-btc-updown-5m-1786764000-2026-08-15.txt.zst
zip:///Users/bradamanka/Downloads/Stratgey testing/polymarket-btc-5m_2026-08-14.zip::polymarket-btc-updown-5m-1786763700-2026-08-14.txt.zst,polymarket-btc-updown-5m-1786763700-2026-08-14.txt.zst,polymarket-btc-5m_2026-08-14.zip,1786763700,1786764000,False,547,539,0,0,5,534,0,,,301,UNKNOWN,not_extreme,0.505,,0.01905512809753418,,no_leader,,,,,,,,,no_leader,,,,,,,,,zip:///Users/bradamanka/Downloads/Stratgey testing/polymarket-btc-5m_2026-08-15.zip::polymarket-btc-updown-5m-1786763700-2026-08-15.txt.zst
zip:///Users/bradamanka/Downloads/Stratgey testing/polymarket-btc-5m_2026-08-14.zip::polymarket-btc-updown-5m-1786764300-2026-08-14.txt.zst,polymarket-btc-updown-5m-1786764300-2026-08-14.txt.zst,polymarket-btc-5m_2026-08-14.zip,1786764300,1786764600,False,324,320,0,0,4,316,0,,,301,UNKNOWN,not_extreme,0.505,,0.004617929458618164,,no_leader,,,,,,,,,no_leader,,,,,,,,,zip:///Users/bradamanka/Downloads/Stratgey testing/polymarket-btc-5m_2026-08-15.zip::polymarket-btc-updown-5m-1786764300-2026-08-15.txt.zst
zip:///Users/bradamanka/Downloads/Stratgey testing/polymarket-btc-5m_2026-08-14.zip::polymarket-btc-updown-5m-1786764600-2026-08-14.txt.zst,polymarket-btc-updown-5m-1786764600-2026-08-14.txt.zst,polymarket-btc-5m_2026-08-14.zip,1786764600,1786764900,False,296,292,0,0,3,289,0,,,301,UNKNOWN,not_extreme,0.505,,0.005824089050292969,,no_leader,,,,,,,,,no_leader,,,,,,,,,zip:///Users/bradamanka/Downloads/Stratgey testing/polymarket-btc-5m_2026-08-15.zip::polymarket-btc-updown-5m-1786764600-2026-08-15.txt.zst
zip:///Users/bradamanka/Downloads/Stratgey testing/polymarket-btc-5m_2026-08-14.zip::polymarket-btc-updown-5m-1786764900-2026-08-14.txt.zst,polymarket-btc-updown-5m-1786764900-2026-08-14.txt.zst,polymarket-btc-5m_2026-08-14.zip,1786764900,1786765200,False,288,284,0,0,2,282,0,,,301,UNKNOWN,not_extreme,0.505,,0.005597829818725586,,no_leader,,,,,,,,,no_leader,,,,,,,,,zip:///Users/bradamanka/Downloads/Stratgey testing/polymarket-btc-5m_2026-08-15.zip::polymarket-btc-updown-5m-1786764900-2026-08-15.txt.zst
zip:///Users/bradamanka/Downloads/Stratgey testing/polymarket-btc-5m_2026-08-14.zip::polymarket-btc-updown-5m-1786765200-2026-08-14.txt.zst,polymarket-btc-updown-5m-1786765200-2026-08-14.txt.zst,polymarket-btc-5m_2026-08-14.zip,1786765200,1786765500,False,184,180,0,0,4,176,0,,,301,UNKNOWN,not_extreme,0.505,,0.008944272994995117,,no_leader,,,,,,,,,no_leader,,,,,,,,,zip:///Users/bradamanka/Downloads/Stratgey testing/polymarket-btc-5m_2026-08-15.zip::polymarket-btc-updown-5m-1786765200-2026-08-15.txt.zst
zip:///Users/bradamanka/Downloads/Stratgey testing/polymarket-btc-5m_2026-08-14.zip::polymarket-btc-updown-5m-1786765500-2026-08-14.txt.zst,polymarket-btc-updown-5m-1786765500-2026-08-14.txt.zst,polymarket-btc-5m_2026-08-14.zip,1786765500,1786765800,False,293,289,0,0,4,285,0,,,301,UNKNOWN,not_extreme,0.505,,0.006271839141845703,,no_leader,,,,,,,,,no_leader,,,,,,,,,zip:///Users/bradamanka/Downloads/Stratgey testing/polymarket-btc-5m_2026-08-15.zip::polymarket-btc-updown-5m-1786765500-2026-08-15.txt.zst
zip:///Users/bradamanka/Downloads/Stratgey testing/polymarket-btc-5m_2026-08-14.zip::polymarket-btc-updown-5m-1786766100-2026-08-14.txt.zst,polymarket-btc-updown-5m-1786766100-2026-08-14.txt.zst,polymarket-btc-5m_2026-08-14.zip,1786766100,1786766400,False,270,266,0,0,3,263,0,,,301,UNKNOWN,not_extreme,0.505,,0.008743762969970703,,no_leader,,,,,,,,,no_leader,,,,,,,,,zip:///Users/bradamanka/Downloads/Stratgey testing/polymarket-btc-5m_2026-08-15.zip::polymarket-btc-updown-5m-1786766100-2026-08-15.txt.zst
zip:///Users/bradamanka/Downloads/Stratgey testing/polymarket-btc-5m_2026-08-14.zip::polymarket-btc-updown-5m-1786763400-2026-08-14.txt.zst,polymarket-btc-updown-5m-1786763400-2026-08-14.txt.zst,polymarket-btc-5m_2026-08-14.zip,1786763400,1786763700,False,243,239,0,0,3,236,0,,,301,UNKNOWN,not_extreme,0.505,,0.053175926208496094,,no_leader,,,,,,,,,no_leader,,,,,,,,,zip:///Users/bradamanka/Downloads/Stratgey testing/polymarket-btc-5m_2026-08-15.zip::polymarket-btc-updown-5m-1786763400-2026-08-15.txt.zst
zip:///Users/bradamanka/Downloads/Stratgey testing/polymarket-btc-5m_2026-08-14.zip::polymarket-btc-updown-5m-1786765800-2026-08-14.txt.zst,polymarket-btc-updown-5m-1786765800-2026-08-14.txt.zst,polymarket-btc-5m_2026-08-14.zip,1786765800,1786766100,False,199,195,0,0,5,190,0,,,301,UNKNOWN,not_extreme,0.505,,0.01603388786315918,,no_leader,,,,,,,,,no_leader,,,,,,,,,zip:///Users/bradamanka/Downloads/Stratgey testing/polymarket-btc-5m_2026-08-15.zip::polymarket-btc-updown-5m-1786765800-2026-08-15.txt.zst
zip:///Users/bradamanka/Downloads/Stratgey testing/polymarket-btc-5m_2026-08-14.zip::polymarket-btc-updown-5m-1786766400-2026-08-14.txt.zst,polymarket-btc-updown-5m-1786766400-2026-08-14.txt.zst,polymarket-btc-5m_2026-08-14.zip,1786766400,1786766700,False,307,301,0,0,4,297,0,,,301,UNKNOWN,not_extreme,0.505,,0.005841970443725586,,no_leader,,,,,,,,,no_leader,,,,,,,,,zip:///Users/bradamanka/Downloads/Stratgey testing/polymarket-btc-5m_2026-08-15.zip::polymarket-btc-updown-5m-1786766400-2026-08-15.txt.zst
zip:///Users/bradamanka/Downloads/Stratgey testing/polymarket-btc-5m_2026-08-14.zip::polymarket-btc-updown-5m-1786766700-2026-08-14.txt.zst,polymarket-btc-updown-5m-1786766700-2026-08-14.txt.zst,polymarket-btc-5m_2026-08-14.zip,1786766700,1786767000,False,266,262,0,0,5,257,0,,,301,UNKNOWN,not_extreme,0.505,,0.004918813705444336,,no_leader,,,,,,,,,no_leader,,,,,,,,,zip:///Users/bradamanka/Downloads/Stratgey testing/polymarket-btc-5m_2026-08-15.zip::polymarket-btc-updown-5m-1786766700-2026-08-15.txt.zst
zip:///Users/bradamanka/Downloads/Stratgey testing/polymarket-btc-5m_2026-08-14.zip::polymarket-btc-updown-5m-1786767000-2026-08-14.txt.zst,polymarket-btc-updown-5m-1786767000-2026-08-14.txt.zst,polymarket-btc-5m_2026-08-14.zip,1786767000,1786767300,False,536,532,0,0,2,530,0,,,301,UNKNOWN,not_extreme,0.505,,0.007143974304199219,,no_leader,,,,,,,,,no_leader,,,,,,,,,zip:///Users/bradamanka/Downloads/Stratgey testing/polymarket-btc-5m_2026-08-15.zip::polymarket-btc-updown-5m-1786767000-2026-08-15.txt.zst
zip:///Users/bradamanka/Downloads/Stratgey testing/polymarket-btc-5m_2026-08-14.zip::polymarket-btc-updown-5m-1786767300-2026-08-14.txt.zst,polymarket-btc-updown-5m-1786767300-2026-08-14.txt.zst,polymarket-btc-5m_2026-08-14.zip,1786767300,1786767600,False,332,330,0,0,2,328,0,,,301,UNKNOWN,not_extreme,0.505,,0.0076100826263427734,,no_leader,,,,,,,,,no_leader,,,,,,,,,zip:///Users/bradamanka/Downloads/Stratgey testing/polymarket-btc-5m_2026-08-15.zip::polymarket-btc-updown-5m-1786767300-2026-08-15.txt.zst
zip:///Users/bradamanka/Downloads/Stratgey testing/polymarket-btc-5m_2026-08-14.zip::polymarket-btc-updown-5m-1786767600-2026-08-14.txt.zst,polymarket-btc-updown-5m-1786767600-2026-08-14.txt.zst,polymarket-btc-5m_2026-08-14.zip,1786767600,1786767900,False,323,319,0,0,2,317,0,,,301,UNKNOWN,not_extreme,0.505,,0.006442070007324219,,no_leader,,,,,,,,,no_leader,,,,,,,,,zip:///Users/bradamanka/Downloads/Stratgey testing/polymarket-btc-5m_2026-08-15.zip::polymarket-btc-updown-5m-1786767600-2026-08-15.txt.zst
zip:///Users/bradamanka/Downloads/Stratgey testing/polymarket-btc-5m_2026-08-14.zip::polymarket-btc-updown-5m-1786768200-2026-08-14.txt.zst,polymarket-btc-updown-5m-1786768200-2026-08-14.txt.zst,polymarket-btc-5m_2026-08-14.zip,1786768200,1786768500,False,214,210,0,0,3,207,0,,,301,UNKNOWN,not_extreme,0.505,,0.0051708221435546875,,no_leader,,,,,,,,,no_leader,,,,,,,,,zip:///Users/bradamanka/Downloads/Stratgey testing/polymarket-btc-5m_2026-08-15.zip::polymarket-btc-updown-5m-1786768200-2026-08-15.txt.zst
zip:///Users/bradamanka/Downloads/Stratgey testing/polymarket-btc-5m_2026-08-14.zip::polymarket-btc-updown-5m-1786767900-2026-08-14.txt.zst,polymarket-btc-updown-5m-1786767900-2026-08-14.txt.zst,polymarket-btc-5m_2026-08-14.zip,1786767900,1786768200,False,213,209,0,0,2,207,0,,,301,UNKNOWN,not_extreme,0.505,,0.008646965026855469,,no_leader,,,,,,,,,no_leader,,,,,,,,,zip:///Users/bradamanka/Downloads/Stratgey testing/polymarket-btc-5m_2026-08-15.zip::polymarket-btc-updown-5m-1786767900-2026-08-15.txt.zst
zip:///Users/bradamanka/Downloads/Stratgey testing/polymarket-btc-5m_2026-08-14.zip::polymarket-btc-updown-5m-1786768500-2026-08-14.txt.zst,polymarket-btc-updown-5m-1786768500-2026-08-14.txt.zst,polymarket-btc-5m_2026-08-14.zip,1786768500,1786768800,False,218,216,0,0,3,213,0,,,301,UNKNOWN,not_extreme,0.505,,0.006058931350708008,,no_leader,,,,,,,,,no_leader,,,,,,,,,zip:///Users/bradamanka/Downloads/Stratgey testing/polymarket-btc-5m_2026-08-15.zip::polymarket-btc-updown-5m-1786768500-2026-08-15.txt.zst
zip:///Users/bradamanka/Downloads/Stratgey testing/polymarket-btc-5m_2026-08-14.zip::polymarket-btc-updown-5m-1786769400-2026-08-14.txt.zst,polymarket-btc-updown-5m-1786769400-2026-08-14.txt.zst,polymarket-btc-5m_2026-08-14.zip,1786769400,1786769700,False,183,179,0,0,2,177,0,,,301,UNKNOWN,not_extreme,0.505,,0.0032808780670166016,,no_leader,,,,,,,,,no_leader,,,,,,,,,zip:///Users/bradamanka/Downloads/Stratgey testing/polymarket-btc-5m_2026-08-15.zip::polymarket-btc-updown-5m-1786769400-2026-08-15.txt.zst
zip:///Users/bradamanka/Downloads/Stratgey testing/polymarket-btc-5m_2026-08-14.zip::polymarket-btc-updown-5m-1786769700-2026-08-14.txt.zst,polymarket-btc-updown-5m-1786769700-2026-08-14.txt.zst,polymarket-btc-5m_2026-08-14.zip,1786769700,1786770000,False,208,204,0,0,2,202,0,,,301,UNKNOWN,not_extreme,0.505,,0.005842924118041992,,no_leader,,,,,,,,,no_leader,,,,,,,,,zip:///Users/bradamanka/Downloads/Stratgey testing/polymarket-btc-5m_2026-08-15.zip::polymarket-btc-updown-5m-1786769700-2026-08-15.txt.zst
zip:///Users/bradamanka/Downloads/Stratgey testing/polymarket-btc-5m_2026-08-14.zip::polymarket-btc-updown-5m-1786770000-2026-08-14.txt.zst,polymarket-btc-updown-5m-1786770000-2026-08-14.txt.zst,polymarket-btc-5m_2026-08-14.zip,1786770000,1786770300,False,227,223,0,0,2,221,0,,,301,UNKNOWN,not_extreme,0.505,,0.004580974578857422,,no_leader,,,,,,,,,no_leader,,,,,,,,,zip:///Users/bradamanka/Downloads/Stratgey testing/polymarket-btc-5m_2026-08-15.zip::polymarket-btc-updown-5m-1786770000-2026-08-15.txt.zst
zip:///Users/bradamanka/Downloads/Stratgey testing/polymarket-btc-5m_2026-08-14.zip::polymarket-btc-updown-5m-1786768800-2026-08-14.txt.zst,polymarket-btc-updown-5m-1786768800-2026-08-14.txt.zst,polymarket-btc-5m_2026-08-14.zip,1786768800,1786769100,False,219,215,0,0,2,213,0,,,301,UNKNOWN,not_extreme,0.505,,0.021528005599975586,,no_leader,,,,,,,,,no_leader,,,,,,,,,zip:///Users/bradamanka/Downloads/Stratgey testing/polymarket-btc-5m_2026-08-15.zip::polymarket-btc-updown-5m-1786768800-2026-08-15.txt.zst
zip:///Users/bradamanka/Downloads/Stratgey testing/polymarket-btc-5m_2026-08-14.zip::polymarket-btc-updown-5m-1786769100-2026-08-14.txt.zst,polymarket-btc-updown-5m-1786769100-2026-08-14.txt.zst,polymarket-btc-5m_2026-08-14.zip,1786769100,1786769400,False,230,228,0,0,2,226,0,,,301,UNKNOWN,not_extreme,0.505,,0.019558191299438477,,no_leader,,,,,,,,,no_leader,,,,,,,,,zip:///Users/bradamanka/Downloads/Stratgey testing/polymarket-btc-5m_2026-08-15.zip::polymarket-btc-updown-5m-1786769100-2026-08-15.txt.zst
zip:///Users/bradamanka/Downloads/Stratgey testing/polymarket-btc-5m_2026-08-14.zip::polymarket-btc-updown-5m-1786770600-2026-08-14.txt.zst,polymarket-btc-updown-5m-1786770600-2026-08-14.txt.zst,polymarket-btc-5m_2026-08-14.zip,1786770600,1786770900,False,208,206,0,0,2,204,0,,,301,UNKNOWN,not_extreme,0.505,,0.008849143981933594,,no_leader,,,,,,,,,no_leader,,,,,,,,,zip:///Users/bradamanka/Downloads/Stratgey testing/polymarket-btc-5m_2026-08-15.zip::polymarket-btc-updown-5m-1786770600-2026-08-15.txt.zst
zip:///Users/bradamanka/Downloads/Stratgey testing/polymarket-btc-5m_2026-08-14.zip::polymarket-btc-updown-5m-1786770300-2026-08-14.txt.zst,polymarket-btc-updown-5m-1786770300-2026-08-14.txt.zst,polymarket-btc-5m_2026-08-14.zip,1786770300,1786770600,False,202,198,0,0,3,195,0,,,301,UNKNOWN,not_extreme,0.505,,0.015046834945678711,,no_leader,,,,,,,,,no_leader,,,,,,,,,zip:///Users/bradamanka/Downloads/Stratgey testing/polymarket-btc-5m_2026-08-15.zip::polymarket-btc-updown-5m-1786770300-2026-08-15.txt.zst
zip:///Users/bradamanka/Downloads/Stratgey testing/polymarket-btc-5m_2026-08-14.zip::polymarket-btc-updown-5m-1786771500-2026-08-14.txt.zst,polymarket-btc-updown-5m-1786771500-2026-08-14.txt.zst,polymarket-btc-5m_2026-08-14.zip,1786771500,1786771800,False,206,202,0,0,2,200,0,,,301,UNKNOWN,not_extreme,0.505,,0.0034029483795166016,,no_leader,,,,,,,,,no_leader,,,,,,,,,zip:///Users/bradamanka/Downloads/Stratgey testing/polymarket-btc-5m_2026-08-15.zip::polymarket-btc-updown-5m-1786771500-2026-08-15.txt.zst
zip:///Users/bradamanka/Downloads/Stratgey testing/polymarket-btc-5m_2026-08-14.zip::polymarket-btc-updown-5m-1786771200-2026-08-14.txt.zst,polymarket-btc-updown-5m-1786771200-2026-08-14.txt.zst,polymarket-btc-5m_2026-08-14.zip,1786771200,1786771500,False,175,171,0,0,2,169,0,,,301,UNKNOWN,not_extreme,0.505,,0.00863790512084961,,no_leader,,,,,,,,,no_leader,,,,,,,,,zip:///Users/bradamanka/Downloads/Stratgey testing/polymarket-btc-5m_2026-08-15.zip::polymarket-btc-updown-5m-1786771200-2026-08-15.txt.zst
zip:///Users/bradamanka/Downloads/Stratgey testing/polymarket-btc-5m_2026-08-14.zip::polymarket-btc-updown-5m-1786771800-2026-08-14.txt.zst,polymarket-btc-updown-5m-1786771800-2026-08-14.txt.zst,polymarket-btc-5m_2026-08-14.zip,1786771800,1786772100,False,207,203,0,0,2,201,0,,,301,UNKNOWN,not_extreme,0.505,,0.005498170852661133,,no_leader,,,,,,,,,no_leader,,,,,,,,,zip:///Users/bradamanka/Downloads/Stratgey testing/polymarket-btc-5m_2026-08-15.zip::polymarket-btc-updown-5m-1786771800-2026-08-15.txt.zst
zip:///Users/bradamanka/Downloads/Stratgey testing/polymarket-btc-5m_2026-08-14.zip::polymarket-btc-updown-5m-1786772100-2026-08-14.txt.zst,polymarket-btc-updown-5m-1786772100-2026-08-14.txt.zst,polymarket-btc-5m_2026-08-14.zip,1786772100,1786772400,False,192,188,0,0,3,185,0,,,301,UNKNOWN,not_extreme,0.505,,0.004386186599731445,,no_leader,,,,,,,,,no_leader,,,,,,,,,zip:///Users/bradamanka/Downloads/Stratgey testing/polymarket-btc-5m_2026-08-15.zip::polymarket-btc-updown-5m-1786772100-2026-08-15.txt.zst
zip:///Users/bradamanka/Downloads/Stratgey testing/polymarket-btc-5m_2026-08-14.zip::polymarket-btc-updown-5m-1786770900-2026-08-14.txt.zst,polymarket-btc-updown-5m-1786770900-2026-08-14.txt.zst,polymarket-btc-5m_2026-08-14.zip,1786770900,1786771200,False,303,294,0,0,6,288,0,,,301,UNKNOWN,not_extreme,0.5,,0.02148914337158203,,no_leader,,,,,,,,,no_leader,,,,,,,,,zip:///Users/bradamanka/Downloads/Stratgey testing/polymarket-btc-5m_2026-08-15.zip::polymarket-btc-updown-5m-1786770900-2026-08-15.txt.zst
zip:///Users/bradamanka/Downloads/Stratgey testing/polymarket-btc-5m_2026-08-14.zip::polymarket-btc-updown-5m-1786772400-2026-08-14.txt.zst,polymarket-btc-updown-5m-1786772400-2026-08-14.txt.zst,polymarket-btc-5m_2026-08-14.zip,1786772400,1786772700,False,189,185,0,0,2,183,0,,,301,UNKNOWN,not_extreme,0.505,,0.005290985107421875,,no_leader,,,,,,,,,no_leader,,,,,,,,,zip:///Users/bradamanka/Downloads/Stratgey testing/polymarket-btc-5m_2026-08-15.zip::polymarket-btc-updown-5m-1786772400-2026-08-15.txt.zst
zip:///Users/bradamanka/Downloads/Stratgey testing/polymarket-btc-5m_2026-08-14.zip::polymarket-btc-updown-5m-1786773300-2026-08-14.txt.zst,polymarket-btc-updown-5m-1786773300-2026-08-14.txt.zst,polymarket-btc-5m_2026-08-14.zip,1786773300,1786773600,False,84,80,0,0,4,76,0,,,301,UNKNOWN,not_extreme,0.505,,0.002969026565551758,,no_leader,,,,,,,,,no_leader,,,,,,,,,zip:///Users/bradamanka/Downloads/Stratgey testing/polymarket-btc-5m_2026-08-15.zip::polymarket-btc-updown-5m-1786773300-2026-08-15.txt.zst
zip:///Users/bradamanka/Downloads/Stratgey testing/polymarket-btc-5m_2026-08-14.zip::polymarket-btc-updown-5m-1786773600-2026-08-14.txt.zst,polymarket-btc-updown-5m-1786773600-2026-08-14.txt.zst,polymarket-btc-5m_2026-08-14.zip,1786773600,1786773900,False,210,206,0,0,2,204,0,,,301,UNKNOWN,not_extreme,0.505,,0.004745960235595703,,no_leader,,,,,,,,,no_leader,,,,,,,,,zip:///Users/bradamanka/Downloads/Stratgey testing/polymarket-btc-5m_2026-08-15.zip::polymarket-btc-updown-5m-1786773600-2026-08-15.txt.zst
zip:///Users/bradamanka/Downloads/Stratgey testing/polymarket-btc-5m_2026-08-14.zip::polymarket-btc-updown-5m-1786773900-2026-08-14.txt.zst,polymarket-btc-updown-5m-1786773900-2026-08-14.txt.zst,polymarket-btc-5m_2026-08-14.zip,1786773900,1786774200,False,208,204,0,0,3,201,0,,,301,UNKNOWN,not_extreme,0.505,,0.003634929656982422,,no_leader,,,,,,,,,no_leader,,,,,,,,,zip:///Users/bradamanka/Downloads/Stratgey testing/polymarket-btc-5m_2026-08-15.zip::polymarket-btc-updown-5m-1786773900-2026-08-15.txt.zst
zip:///Users/bradamanka/Downloads/Stratgey testing/polymarket-btc-5m_2026-08-14.zip::polymarket-btc-updown-5m-1786773000-2026-08-14.txt.zst,polymarket-btc-updown-5m-1786773000-2026-08-14.txt.zst,polymarket-btc-5m_2026-08-14.zip,1786773000,1786773300,False,118,112,0,0,4,108,0,,,301,UNKNOWN,not_extreme,0.505,,0.01724696159362793,,no_leader,,,,,,,,,no_leader,,,,,,,,,zip:///Users/bradamanka/Downloads/Stratgey testing/polymarket-btc-5m_2026-08-15.zip::polymarket-btc-updown-5m-1786773000-2026-08-15.txt.zst
zip:///Users/bradamanka/Downloads/Stratgey testing/polymarket-btc-5m_2026-08-14.zip::polymarket-btc-updown-5m-1786772700-2026-08-14.txt.zst,polymarket-btc-updown-5m-1786772700-2026-08-14.txt.zst,polymarket-btc-5m_2026-08-14.zip,1786772700,1786773000,False,252,248,0,0,2,246,0,,,301,UNKNOWN,not_extreme,0.505,,0.019635915756225586,,no_leader,,,,,,,,,no_leader,,,,,,,,,zip:///Users/bradamanka/Downloads/Stratgey testing/polymarket-btc-5m_2026-08-15.zip::polymarket-btc-updown-5m-1786772700-2026-08-15.txt.zst
zip:///Users/bradamanka/Downloads/Stratgey testing/polymarket-btc-5m_2026-08-14.zip::polymarket-btc-updown-5m-1786774500-2026-08-14.txt.zst,polymarket-btc-updown-5m-1786774500-2026-08-14.txt.zst,polymarket-btc-5m_2026-08-14.zip,1786774500,1786774800,False,213,209,0,0,2,207,0,,,301,UNKNOWN,not_extreme,0.505,,0.004613161087036133,,no_leader,,,,,,,,,no_leader,,,,,,,,,zip:///Users/bradamanka/Downloads/Stratgey testing/polymarket-btc-5m_2026-08-15.zip::polymarket-btc-updown-5m-1786774500-2026-08-15.txt.zst
zip:///Users/bradamanka/Downloads/Stratgey testing/polymarket-btc-5m_2026-08-14.zip::polymarket-btc-updown-5m-1786774800-2026-08-14.txt.zst,polymarket-btc-updown-5m-1786774800-2026-08-14.txt.zst,polymarket-btc-5m_2026-08-14.zip,1786774800,1786775100,False,152,146,0,0,3,143,0,,,301,UNKNOWN,not_extreme,0.505,,0.003202199935913086,,no_leader,,,,,,,,,no_leader,,,,,,,,,zip:///Users/bradamanka/Downloads/Stratgey testing/polymarket-btc-5m_2026-08-15.zip::polymarket-btc-updown-5m-1786774800-2026-08-15.txt.zst
zip:///Users/bradamanka/Downloads/Stratgey testing/polymarket-btc-5m_2026-08-14.zip::polymarket-btc-updown-5m-1786775100-2026-08-14.txt.zst,polymarket-btc-updown-5m-1786775100-2026-08-14.txt.zst,polymarket-btc-5m_2026-08-14.zip,1786775100,1786775400,False,192,188,0,0,3,185,0,,,301,UNKNOWN,not_extreme,0.505,,0.0034749507904052734,,no_leader,,,,,,,,,no_leader,,,,,,,,,zip:///Users/bradamanka/Downloads/Stratgey testing/polymarket-btc-5m_2026-08-15.zip::polymarket-btc-updown-5m-1786775100-2026-08-15.txt.zst
zip:///Users/bradamanka/Downloads/Stratgey testing/polymarket-btc-5m_2026-08-14.zip::polymarket-btc-updown-5m-1786775400-2026-08-14.txt.zst,polymarket-btc-updown-5m-1786775400-2026-08-14.txt.zst,polymarket-btc-5m_2026-08-14.zip,1786775400,1786775700,False,489,485,0,0,2,483,0,,,301,UNKNOWN,not_extreme,0.505,,0.016167879104614258,,no_leader,,,,,,,,,no_leader,,,,,,,,,zip:///Users/bradamanka/Downloads/Stratgey testing/polymarket-btc-5m_2026-08-15.zip::polymarket-btc-updown-5m-1786775400-2026-08-15.txt.zst
zip:///Users/bradamanka/Downloads/Stratgey testing/polymarket-btc-5m_2026-08-14.zip::polymarket-btc-updown-5m-1786775700-2026-08-14.txt.zst,polymarket-btc-updown-5m-1786775700-2026-08-14.txt.zst,polymarket-btc-5m_2026-08-14.zip,1786775700,1786776000,False,543,539,0,0,2,537,0,,,301,UNKNOWN,not_extreme,0.505,,0.013494014739990234,,no_leader,,,,,,,,,no_leader,,,,,,,,,zip:///Users/bradamanka/Downloads/Stratgey testing/polymarket-btc-5m_2026-08-15.zip::polymarket-btc-updown-5m-1786775700-2026-08-15.txt.zst
zip:///Users/bradamanka/Downloads/Stratgey testing/polymarket-btc-5m_2026-08-14.zip::polymarket-btc-updown-5m-1786776000-2026-08-14.txt.zst,polymarket-btc-updown-5m-1786776000-2026-08-14.txt.zst,polymarket-btc-5m_2026-08-14.zip,1786776000,1786776300,False,186,182,0,0,5,177,0,,,301,UNKNOWN,not_extreme,0.505,,0.004687309265136719,,no_leader,,,,,,,,,no_leader,,,,,,,,,zip:///Users/bradamanka/Downloads/Stratgey testing/polymarket-btc-5m_2026-08-15.zip::polymarket-btc-updown-5m-1786776000-2026-08-15.txt.zst
zip:///Users/bradamanka/Downloads/Stratgey testing/polymarket-btc-5m_2026-08-14.zip::polymarket-btc-updown-5m-1786776600-2026-08-14.txt.zst,polymarket-btc-updown-5m-1786776600-2026-08-14.txt.zst,polymarket-btc-5m_2026-08-14.zip,1786776600,1786776900,False,127,123,0,0,2,121,0,,,301,UNKNOWN,not_extreme,0.5,,0.0027551651000976562,,no_leader,,,,,,,,,no_leader,,,,,,,,,zip:///Users/bradamanka/Downloads/Stratgey testing/polymarket-btc-5m_2026-08-15.zip::polymarket-btc-updown-5m-1786776600-2026-08-15.txt.zst
zip:///Users/bradamanka/Downloads/Stratgey testing/polymarket-btc-5m_2026-08-14.zip::polymarket-btc-updown-5m-1786774200-2026-08-14.txt.zst,polymarket-btc-updown-5m-1786774200-2026-08-14.txt.zst,polymarket-btc-5m_2026-08-14.zip,1786774200,1786774500,False,517,513,0,0,2,511,0,,,301,UNKNOWN,not_extreme,0.505,,0.030919790267944336,,no_leader,,,,,,,,,no_leader,,,,,,,,,zip:///Users/bradamanka/Downloads/Stratgey testing/polymarket-btc-5m_2026-08-15.zip::polymarket-btc-updown-5m-1786774200-2026-08-15.txt.zst
zip:///Users/bradamanka/Downloads/Stratgey testing/polymarket-btc-5m_2026-08-14.zip::polymarket-btc-updown-5m-1786776300-2026-08-14.txt.zst,polymarket-btc-updown-5m-1786776300-2026-08-14.txt.zst,polymarket-btc-5m_2026-08-14.zip,1786776300,1786776600,False,236,230,0,0,3,227,0,,,301,UNKNOWN,not_extreme,0.505,,0.006008148193359375,,no_leader,,,,,,,,,no_leader,,,,,,,,,zip:///Users/bradamanka/Downloads/Stratgey testing/polymarket-btc-5m_2026-08-15.zip::polymarket-btc-updown-5m-1786776300-2026-08-15.txt.zst
zip:///Users/bradamanka/Downloads/Stratgey testing/polymarket-btc-5m_2026-08-14.zip::polymarket-btc-updown-5m-1786777200-2026-08-14.txt.zst,polymarket-btc-updown-5m-1786777200-2026-08-14.txt.zst,polymarket-btc-5m_2026-08-14.zip,1786777200,1786777500,False,209,205,0,0,3,202,0,,,301,UNKNOWN,not_extreme,0.505,,0.004205226898193359,,no_leader,,,,,,,,,no_leader,,,,,,,,,zip:///Users/bradamanka/Downloads/Stratgey testing/polymarket-btc-5m_2026-08-15.zip::polymarket-btc-updown-5m-1786777200-2026-08-15.txt.zst
zip:///Users/bradamanka/Downloads/Stratgey testing/polymarket-btc-5m_2026-08-14.zip::polymarket-btc-updown-5m-1786777500-2026-08-14.txt.zst,polymarket-btc-updown-5m-1786777500-2026-08-14.txt.zst,polymarket-btc-5m_2026-08-14.zip,1786777500,1786777800,False,497,493,0,0,2,491,0,,,301,UNKNOWN,not_extreme,0.505,,0.006573677062988281,,no_leader,,,,,,,,,no_leader,,,,,,,,,zip:///Users/bradamanka/Downloads/Stratgey testing/polymarket-btc-5m_2026-08-15.zip::polymarket-btc-updown-5m-1786777500-2026-08-15.txt.zst
zip:///Users/bradamanka/Downloads/Stratgey testing/polymarket-btc-5m_2026-08-14.zip::polymarket-btc-updown-5m-1786776900-2026-08-14.txt.zst,polymarket-btc-updown-5m-1786776900-2026-08-14.txt.zst,polymarket-btc-5m_2026-08-14.zip,1786776900,1786777200,False,190,186,0,0,2,184,0,,,301,UNKNOWN,not_extreme,0.505,,0.013664960861206055,,no_leader,,,,,,,,,no_leader,,,,,,,,,zip:///Users/bradamanka/Downloads/Stratgey testing/polymarket-btc-5m_2026-08-15.zip::polymarket-btc-updown-5m-1786776900-2026-08-15.txt.zst
zip:///Users/bradamanka/Downloads/Stratgey testing/polymarket-btc-5m_2026-08-14.zip::polymarket-btc-updown-5m-1786778100-2026-08-14.txt.zst,polymarket-btc-updown-5m-1786778100-2026-08-14.txt.zst,polymarket-btc-5m_2026-08-14.zip,1786778100,1786778400,False,224,220,0,0,2,218,0,,,301,UNKNOWN,not_extreme,0.505,,0.005763053894042969,,no_leader,,,,,,,,,no_leader,,,,,,,,,zip:///Users/bradamanka/Downloads/Stratgey testing/polymarket-btc-5m_2026-08-15.zip::polymarket-btc-updown-5m-1786778100-2026-08-15.txt.zst
zip:///Users/bradamanka/Downloads/Stratgey testing/polymarket-btc-5m_2026-08-14.zip::polymarket-btc-updown-5m-1786778400-2026-08-14.txt.zst,polymarket-btc-updown-5m-1786778400-2026-08-14.txt.zst,polymarket-btc-5m_2026-08-14.zip,1786778400,1786778700,False,238,234,0,0,2,232,0,,,301,UNKNOWN,not_extreme,0.505,,0.0036170482635498047,,no_leader,,,,,,,,,no_leader,,,,,,,,,zip:///Users/bradamanka/Downloads/Stratgey testing/polymarket-btc-5m_2026-08-15.zip::polymarket-btc-updown-5m-1786778400-2026-08-15.txt.zst
zip:///Users/bradamanka/Downloads/Stratgey testing/polymarket-btc-5m_2026-08-14.zip::polymarket-btc-updown-5m-1786778700-2026-08-14.txt.zst,polymarket-btc-updown-5m-1786778700-2026-08-14.txt.zst,polymarket-btc-5m_2026-08-14.zip,1786778700,1786779000,False,201,197,0,0,2,195,0,,,301,UNKNOWN,not_extreme,0.505,,0.0033349990844726562,,no_leader,,,,,,,,,no_leader,,,,,,,,,zip:///Users/bradamanka/Downloads/Stratgey testing/polymarket-btc-5m_2026-08-15.zip::polymarket-btc-updown-5m-1786778700-2026-08-15.txt.zst
zip:///Users/bradamanka/Downloads/Stratgey testing/polymarket-btc-5m_2026-08-14.zip::polymarket-btc-updown-5m-1786777800-2026-08-14.txt.zst,polymarket-btc-updown-5m-1786777800-2026-08-14.txt.zst,polymarket-btc-5m_2026-08-14.zip,1786777800,1786778100,False,534,530,0,0,2,528,0,,,301,UNKNOWN,not_extreme,0.505,,0.014054059982299805,,no_leader,,,,,,,,,no_leader,,,,,,,,,zip:///Users/bradamanka/Downloads/Stratgey testing/polymarket-btc-5m_2026-08-15.zip::polymarket-btc-updown-5m-1786777800-2026-08-15.txt.zst
zip:///Users/bradamanka/Downloads/Stratgey testing/polymarket-btc-5m_2026-08-14.zip::polymarket-btc-updown-5m-1786779600-2026-08-14.txt.zst,polymarket-btc-updown-5m-1786779600-2026-08-14.txt.zst,polymarket-btc-5m_2026-08-14.zip,1786779600,1786779900,False,187,183,0,0,2,181,0,,,301,UNKNOWN,not_extreme,0.5,,0.0048160552978515625,,no_leader,,,,,,,,,no_leader,,,,,,,,,zip:///Users/bradamanka/Downloads/Stratgey testing/polymarket-btc-5m_2026-08-15.zip::polymarket-btc-updown-5m-1786779600-2026-08-15.txt.zst
zip:///Users/bradamanka/Downloads/Stratgey testing/polymarket-btc-5m_2026-08-14.zip::polymarket-btc-updown-5m-1786779300-2026-08-14.txt.zst,polymarket-btc-updown-5m-1786779300-2026-08-14.txt.zst,polymarket-btc-5m_2026-08-14.zip,1786779300,1786779600,False,192,188,0,0,4,184,0,,,301,UNKNOWN,not_extreme,0.505,,0.006590366363525391,,no_leader,,,,,,,,,no_leader,,,,,,,,,zip:///Users/bradamanka/Downloads/Stratgey testing/polymarket-btc-5m_2026-08-15.zip::polymarket-btc-updown-5m-1786779300-2026-08-15.txt.zst
zip:///Users/bradamanka/Downloads/Stratgey testing/polymarket-btc-5m_2026-08-14.zip::polymarket-btc-updown-5m-1786779900-2026-08-14.txt.zst,polymarket-btc-updown-5m-1786779900-2026-08-14.txt.zst,polymarket-btc-5m_2026-08-14.zip,1786779900,1786780200,False,207,201,0,0,3,198,0,,,301,UNKNOWN,not_extreme,0.505,,0.0046498775482177734,,no_leader,,,,,,,,,no_leader,,,,,,,,,zip:///Users/bradamanka/Downloads/Stratgey testing/polymarket-btc-5m_2026-08-15.zip::polymarket-btc-updown-5m-1786779900-2026-08-15.txt.zst
zip:///Users/bradamanka/Downloads/Stratgey testing/polymarket-btc-5m_2026-08-14.zip::polymarket-btc-updown-5m-1786780200-2026-08-14.txt.zst,polymarket-btc-updown-5m-1786780200-2026-08-14.txt.zst,polymarket-btc-5m_2026-08-14.zip,1786780200,1786780500,False,514,510,0,0,2,508,0,,,301,UNKNOWN,not_extreme,0.505,,0.009738922119140625,,no_leader,,,,,,,,,no_leader,,,,,,,,,zip:///Users/bradamanka/Downloads/Stratgey testing/polymarket-btc-5m_2026-08-15.zip::polymarket-btc-updown-5m-1786780200-2026-08-15.txt.zst
zip:///Users/bradamanka/Downloads/Stratgey testing/polymarket-btc-5m_2026-08-14.zip::polymarket-btc-updown-5m-1786780800-2026-08-14.txt.zst,polymarket-btc-updown-5m-1786780800-2026-08-14.txt.zst,polymarket-btc-5m_2026-08-14.zip,1786780800,1786781100,False,149,145,0,0,2,143,0,,,301,UNKNOWN,not_extreme,0.505,,0.0036971569061279297,,no_leader,,,,,,,,,no_leader,,,,,,,,,zip:///Users/bradamanka/Downloads/Stratgey testing/polymarket-btc-5m_2026-08-15.zip::polymarket-btc-updown-5m-1786780800-2026-08-15.txt.zst
zip:///Users/bradamanka/Downloads/Stratgey testing/polymarket-btc-5m_2026-08-14.zip::polymarket-btc-updown-5m-1786780500-2026-08-14.txt.zst,polymarket-btc-updown-5m-1786780500-2026-08-14.txt.zst,polymarket-btc-5m_2026-08-14.zip,1786780500,1786780800,False,104,100,0,0,3,97,0,,,301,UNKNOWN,not_extreme,0.505,,0.003161907196044922,,no_leader,,,,,,,,,no_leader,,,,,,,,,zip:///Users/bradamanka/Downloads/Stratgey testing/polymarket-btc-5m_2026-08-15.zip::polymarket-btc-updown-5m-1786780500-2026-08-15.txt.zst
zip:///Users/bradamanka/Downloads/Stratgey testing/polymarket-btc-5m_2026-08-14.zip::polymarket-btc-updown-5m-1786781400-2026-08-14.txt.zst,polymarket-btc-updown-5m-1786781400-2026-08-14.txt.zst,polymarket-btc-5m_2026-08-14.zip,1786781400,1786781700,False,216,214,0,0,2,212,0,,,301,UNKNOWN,not_extreme,0.505,,0.009379863739013672,,no_leader,,,,,,,,,no_leader,,,,,,,,,zip:///Users/bradamanka/Downloads/Stratgey testing/polymarket-btc-5m_2026-08-15.zip::polymarket-btc-updown-5m-1786781400-2026-08-15.txt.zst
zip:///Users/bradamanka/Downloads/Stratgey testing/polymarket-btc-5m_2026-08-14.zip::polymarket-btc-updown-5m-1786779000-2026-08-14.txt.zst,polymarket-btc-updown-5m-1786779000-2026-08-14.txt.zst,polymarket-btc-5m_2026-08-14.zip,1786779000,1786779300,False,497,493,0,0,2,491,0,,,301,UNKNOWN,not_extreme,0.505,,0.03371000289916992,,no_leader,,,,,,,,,no_leader,,,,,,,,,zip:///Users/bradamanka/Downloads/Stratgey testing/polymarket-btc-5m_2026-08-15.zip::polymarket-btc-updown-5m-1786779000-2026-08-15.txt.zst
zip:///Users/bradamanka/Downloads/Stratgey testing/polymarket-btc-5m_2026-08-14.zip::polymarket-btc-updown-5m-1786782300-2026-08-14.txt.zst,polymarket-btc-updown-5m-1786782300-2026-08-14.txt.zst,polymarket-btc-5m_2026-08-14.zip,1786782300,1786782600,False,234,230,0,0,2,228,0,,,301,UNKNOWN,not_extreme,0.505,,0.004847288131713867,,no_leader,,,,,,,,,no_leader,,,,,,,,,zip:///Users/bradamanka/Downloads/Stratgey testing/polymarket-btc-5m_2026-08-15.zip::polymarket-btc-updown-5m-1786782300-2026-08-15.txt.zst
zip:///Users/bradamanka/Downloads/Stratgey testing/polymarket-btc-5m_2026-08-14.zip::polymarket-btc-updown-5m-1786781700-2026-08-14.txt.zst,polymarket-btc-updown-5m-1786781700-2026-08-14.txt.zst,polymarket-btc-5m_2026-08-14.zip,1786781700,1786782000,False,221,217,0,0,2,215,0,,,301,UNKNOWN,not_extreme,0.505,,0.012148141860961914,,no_leader,,,,,,,,,no_leader,,,,,,,,,zip:///Users/bradamanka/Downloads/Stratgey testing/polymarket-btc-5m_2026-08-15.zip::polymarket-btc-updown-5m-1786781700-2026-08-15.txt.zst
zip:///Users/bradamanka/Downloads/Stratgey testing/polymarket-btc-5m_2026-08-14.zip::polymarket-btc-updown-5m-1786782000-2026-08-14.txt.zst,polymarket-btc-updown-5m-1786782000-2026-08-14.txt.zst,polymarket-btc-5m_2026-08-14.zip,1786782000,1786782300,False,461,459,0,0,2,457,0,,,301,UNKNOWN,not_extreme,0.505,,0.012143135070800781,,no_leader,,,,,,,,,no_leader,,,,,,,,,zip:///Users/bradamanka/Downloads/Stratgey testing/polymarket-btc-5m_2026-08-15.zip::polymarket-btc-updown-5m-1786782000-2026-08-15.txt.zst
zip:///Users/bradamanka/Downloads/Stratgey testing/polymarket-btc-5m_2026-08-14.zip::polymarket-btc-updown-5m-1786782600-2026-08-14.txt.zst,polymarket-btc-updown-5m-1786782600-2026-08-14.txt.zst,polymarket-btc-5m_2026-08-14.zip,1786782600,1786782900,False,229,223,0,0,3,220,0,,,301,UNKNOWN,not_extreme,0.505,,0.004667997360229492,,no_leader,,,,,,,,,no_leader,,,,,,,,,zip:///Users/bradamanka/Downloads/Stratgey testing/polymarket-btc-5m_2026-08-15.zip::polymarket-btc-updown-5m-1786782600-2026-08-15.txt.zst
zip:///Users/bradamanka/Downloads/Stratgey testing/polymarket-btc-5m_2026-08-14.zip::polymarket-btc-updown-5m-1786783200-2026-08-14.txt.zst,polymarket-btc-updown-5m-1786783200-2026-08-14.txt.zst,polymarket-btc-5m_2026-08-14.zip,1786783200,1786783500,False,219,215,0,0,2,213,0,,,301,UNKNOWN,not_extreme,0.505,,0.00465703010559082,,no_leader,,,,,,,,,no_leader,,,,,,,,,zip:///Users/bradamanka/Downloads/Stratgey testing/polymarket-btc-5m_2026-08-15.zip::polymarket-btc-updown-5m-1786783200-2026-08-15.txt.zst
zip:///Users/bradamanka/Downloads/Stratgey testing/polymarket-btc-5m_2026-08-14.zip::polymarket-btc-updown-5m-1786783500-2026-08-14.txt.zst,polymarket-btc-updown-5m-1786783500-2026-08-14.txt.zst,polymarket-btc-5m_2026-08-14.zip,1786783500,1786783800,False,242,238,0,0,2,236,0,,,301,UNKNOWN,not_extreme,0.505,,0.004498004913330078,,no_leader,,,,,,,,,no_leader,,,,,,,,,zip:///Users/bradamanka/Downloads/Stratgey testing/polymarket-btc-5m_2026-08-15.zip::polymarket-btc-updown-5m-1786783500-2026-08-15.txt.zst
zip:///Users/bradamanka/Downloads/Stratgey testing/polymarket-btc-5m_2026-08-14.zip::polymarket-btc-updown-5m-1786781100-2026-08-14.txt.zst,polymarket-btc-updown-5m-1786781100-2026-08-14.txt.zst,polymarket-btc-5m_2026-08-14.zip,1786781100,1786781400,False,207,201,0,0,3,198,0,,,301,UNKNOWN,not_extreme,0.505,,0.03213620185852051,,no_leader,,,,,,,,,no_leader,,,,,,,,,zip:///Users/bradamanka/Downloads/Stratgey testing/polymarket-btc-5m_2026-08-15.zip::polymarket-btc-updown-5m-1786781100-2026-08-15.txt.zst
zip:///Users/bradamanka/Downloads/Stratgey testing/polymarket-btc-5m_2026-08-14.zip::polymarket-btc-updown-5m-1786784400-2026-08-14.txt.zst,polymarket-btc-updown-5m-1786784400-2026-08-14.txt.zst,polymarket-btc-5m_2026-08-14.zip,1786784400,1786784700,False,247,243,0,0,2,241,0,,,301,UNKNOWN,not_extreme,0.505,,0.0061299800872802734,,no_leader,,,,,,,,,no_leader,,,,,,,,,zip:///Users/bradamanka/Downloads/Stratgey testing/polymarket-btc-5m_2026-08-15.zip::polymarket-btc-updown-5m-1786784400-2026-08-15.txt.zst
zip:///Users/bradamanka/Downloads/Stratgey testing/polymarket-btc-5m_2026-08-14.zip::polymarket-btc-updown-5m-1786783800-2026-08-14.txt.zst,polymarket-btc-updown-5m-1786783800-2026-08-14.txt.zst,polymarket-btc-5m_2026-08-14.zip,1786783800,1786784100,False,558,554,0,0,2,552,0,,,301,UNKNOWN,not_extreme,0.505,,0.012130975723266602,,no_leader,,,,,,,,,no_leader,,,,,,,,,zip:///Users/bradamanka/Downloads/Stratgey testing/polymarket-btc-5m_2026-08-15.zip::polymarket-btc-updown-5m-1786783800-2026-08-15.txt.zst
zip:///Users/bradamanka/Downloads/Stratgey testing/polymarket-btc-5m_2026-08-14.zip::polymarket-btc-updown-5m-1786784700-2026-08-14.txt.zst,polymarket-btc-updown-5m-1786784700-2026-08-14.txt.zst,polymarket-btc-5m_2026-08-14.zip,1786784700,1786785000,False,211,202,0,0,5,197,0,,,301,UNKNOWN,not_extreme,0.505,,0.0059032440185546875,,no_leader,,,,,,,,,no_leader,,,,,,,,,zip:///Users/bradamanka/Downloads/Stratgey testing/polymarket-btc-5m_2026-08-15.zip::polymarket-btc-updown-5m-1786784700-2026-08-15.txt.zst
zip:///Users/bradamanka/Downloads/Stratgey testing/polymarket-btc-5m_2026-08-14.zip::polymarket-btc-updown-5m-1786784100-2026-08-14.txt.zst,polymarket-btc-updown-5m-1786784100-2026-08-14.txt.zst,polymarket-btc-5m_2026-08-14.zip,1786784100,1786784400,False,179,175,0,0,2,173,0,,,301,UNKNOWN,not_extreme,0.505,,0.012951850891113281,,no_leader,,,,,,,,,no_leader,,,,,,,,,zip:///Users/bradamanka/Downloads/Stratgey testing/polymarket-btc-5m_2026-08-15.zip::polymarket-btc-updown-5m-1786784100-2026-08-15.txt.zst
zip:///Users/bradamanka/Downloads/Stratgey testing/polymarket-btc-5m_2026-08-14.zip::polymarket-btc-updown-5m-1786785000-2026-08-14.txt.zst,polymarket-btc-updown-5m-1786785000-2026-08-14.txt.zst,polymarket-btc-5m_2026-08-14.zip,1786785000,1786785300,False,168,164,0,0,3,161,0,,,301,UNKNOWN,not_extreme,0.5,,0.003660917282104492,,no_leader,,,,,,,,,no_leader,,,,,,,,,zip:///Users/bradamanka/Downloads/Stratgey testing/polymarket-btc-5m_2026-08-15.zip::polymarket-btc-updown-5m-1786785000-2026-08-15.txt.zst
zip:///Users/bradamanka/Downloads/Stratgey testing/polymarket-btc-5m_2026-08-14.zip::polymarket-btc-updown-5m-1786785600-2026-08-14.txt.zst,polymarket-btc-updown-5m-1786785600-2026-08-14.txt.zst,polymarket-btc-5m_2026-08-14.zip,1786785600,1786785900,False,192,190,0,0,2,188,0,,,301,UNKNOWN,not_extreme,0.505,,0.010154962539672852,,no_leader,,,,,,,,,no_leader,,,,,,,,,zip:///Users/bradamanka/Downloads/Stratgey testing/polymarket-btc-5m_2026-08-15.zip::polymarket-btc-updown-5m-1786785600-2026-08-15.txt.zst
zip:///Users/bradamanka/Downloads/Stratgey testing/polymarket-btc-5m_2026-08-14.zip::polymarket-btc-updown-5m-1786786200-2026-08-14.txt.zst,polymarket-btc-updown-5m-1786786200-2026-08-14.txt.zst,polymarket-btc-5m_2026-08-14.zip,1786786200,1786786500,False,158,156,0,0,2,154,0,,,301,UNKNOWN,not_extreme,0.505,,0.003789663314819336,,no_leader,,,,,,,,,no_leader,,,,,,,,,zip:///Users/bradamanka/Downloads/Stratgey testing/polymarket-btc-5m_2026-08-15.zip::polymarket-btc-updown-5m-1786786200-2026-08-15.txt.zst
zip:///Users/bradamanka/Downloads/Stratgey testing/polymarket-btc-5m_2026-08-14.zip::polymarket-btc-updown-5m-1786782900-2026-08-14.txt.zst,polymarket-btc-updown-5m-1786782900-2026-08-14.txt.zst,polymarket-btc-5m_2026-08-14.zip,1786782900,1786783200,False,540,538,0,0,2,536,0,,,301,UNKNOWN,not_extreme,0.505,,0.03909707069396973,,no_leader,,,,,,,,,no_leader,,,,,,,,,zip:///Users/bradamanka/Downloads/Stratgey testing/polymarket-btc-5m_2026-08-15.zip::polymarket-btc-updown-5m-1786782900-2026-08-15.txt.zst
zip:///Users/bradamanka/Downloads/Stratgey testing/polymarket-btc-5m_2026-08-14.zip::polymarket-btc-updown-5m-1786785300-2026-08-14.txt.zst,polymarket-btc-updown-5m-1786785300-2026-08-14.txt.zst,polymarket-btc-5m_2026-08-14.zip,1786785300,1786785600,False,574,572,0,0,1,571,0,,,301,UNKNOWN,not_extreme,0.505,,0.020550012588500977,,no_leader,,,,,,,,,no_leader,,,,,,,,,zip:///Users/bradamanka/Downloads/Stratgey testing/polymarket-btc-5m_2026-08-15.zip::polymarket-btc-updown-5m-1786785300-2026-08-15.txt.zst
zip:///Users/bradamanka/Downloads/Stratgey testing/polymarket-btc-5m_2026-08-14.zip::polymarket-btc-updown-5m-1786786500-2026-08-14.txt.zst,polymarket-btc-updown-5m-1786786500-2026-08-14.txt.zst,polymarket-btc-5m_2026-08-14.zip,1786786500,1786786800,False,194,192,0,0,2,190,0,,,301,UNKNOWN,not_extreme,0.505,,0.006553173065185547,,no_leader,,,,,,,,,no_leader,,,,,,,,,zip:///Users/bradamanka/Downloads/Stratgey testing/polymarket-btc-5m_2026-08-15.zip::polymarket-btc-updown-5m-1786786500-2026-08-15.txt.zst
zip:///Users/bradamanka/Downloads/Stratgey testing/polymarket-btc-5m_2026-08-14.zip::polymarket-btc-updown-5m-1786785900-2026-08-14.txt.zst,polymarket-btc-updown-5m-1786785900-2026-08-14.txt.zst,polymarket-btc-5m_2026-08-14.zip,1786785900,1786786200,False,136,132,0,0,2,130,0,,,301,UNKNOWN,not_extreme,0.505,,0.023967981338500977,,no_leader,,,,,,,,,no_leader,,,,,,,,,zip:///Users/bradamanka/Downloads/Stratgey testing/polymarket-btc-5m_2026-08-15.zip::polymarket-btc-updown-5m-1786785900-2026-08-15.txt.zst
zip:///Users/bradamanka/Downloads/Stratgey testing/polymarket-btc-5m_2026-08-14.zip::polymarket-btc-updown-5m-1786787100-2026-08-14.txt.zst,polymarket-btc-updown-5m-1786787100-2026-08-14.txt.zst,polymarket-btc-5m_2026-08-14.zip,1786787100,1786787400,False,94,90,0,0,3,87,0,,,301,UNKNOWN,not_extreme,0.505,,0.005874156951904297,,no_leader,,,,,,,,,no_leader,,,,,,,,,zip:///Users/bradamanka/Downloads/Stratgey testing/polymarket-btc-5m_2026-08-15.zip::polymarket-btc-updown-5m-1786787100-2026-08-15.txt.zst
zip:///Users/bradamanka/Downloads/Stratgey testing/polymarket-btc-5m_2026-08-14.zip::polymarket-btc-updown-5m-1786788000-2026-08-14.txt.zst,polymarket-btc-updown-5m-1786788000-2026-08-14.txt.zst,polymarket-btc-5m_2026-08-14.zip,1786788000,1786788300,False,212,208,0,0,2,206,0,,,301,UNKNOWN,not_extreme,0.505,,0.005148887634277344,,no_leader,,,,,,,,,no_leader,,,,,,,,,zip:///Users/bradamanka/Downloads/Stratgey testing/polymarket-btc-5m_2026-08-15.zip::polymarket-btc-updown-5m-1786788000-2026-08-15.txt.zst
zip:///Users/bradamanka/Downloads/Stratgey testing/polymarket-btc-5m_2026-08-14.zip::polymarket-btc-updown-5m-1786786800-2026-08-14.txt.zst,polymarket-btc-updown-5m-1786786800-2026-08-14.txt.zst,polymarket-btc-5m_2026-08-14.zip,1786786800,1786787100,False,596,592,0,0,2,590,0,,,301,UNKNOWN,not_extreme,0.505,,0.014232873916625977,,no_leader,,,,,,,,,no_leader,,,,,,,,,zip:///Users/bradamanka/Downloads/Stratgey testing/polymarket-btc-5m_2026-08-15.zip::polymarket-btc-updown-5m-1786786800-2026-08-15.txt.zst
zip:///Users/bradamanka/Downloads/Stratgey testing/polymarket-btc-5m_2026-08-14.zip::polymarket-btc-updown-5m-1786787700-2026-08-14.txt.zst,polymarket-btc-updown-5m-1786787700-2026-08-14.txt.zst,polymarket-btc-5m_2026-08-14.zip,1786787700,1786788000,False,612,608,0,0,2,606,0,,,301,UNKNOWN,not_extreme,0.505,,0.0075337886810302734,,no_leader,,,,,,,,,no_leader,,,,,,,,,zip:///Users/bradamanka/Downloads/Stratgey testing/polymarket-btc-5m_2026-08-15.zip::polymarket-btc-updown-5m-1786787700-2026-08-15.txt.zst
zip:///Users/bradamanka/Downloads/Stratgey testing/polymarket-btc-5m_2026-08-14.zip::polymarket-btc-updown-5m-1786788300-2026-08-14.txt.zst,polymarket-btc-updown-5m-1786788300-2026-08-14.txt.zst,polymarket-btc-5m_2026-08-14.zip,1786788300,1786788600,False,215,213,0,0,2,211,0,,,301,UNKNOWN,not_extreme,0.505,,0.0034317970275878906,,no_leader,,,,,,,,,no_leader,,,,,,,,,zip:///Users/bradamanka/Downloads/Stratgey testing/polymarket-btc-5m_2026-08-15.zip::polymarket-btc-updown-5m-1786788300-2026-08-15.txt.zst
zip:///Users/bradamanka/Downloads/Stratgey testing/polymarket-btc-5m_2026-08-14.zip::polymarket-btc-updown-5m-1786788600-2026-08-14.txt.zst,polymarket-btc-updown-5m-1786788600-2026-08-14.txt.zst,polymarket-btc-5m_2026-08-14.zip,1786788600,1786788900,False,152,148,0,0,2,146,0,,,301,UNKNOWN,not_extreme,0.505,,0.0036039352416992188,,no_leader,,,,,,,,,no_leader,,,,,,,,,zip:///Users/bradamanka/Downloads/Stratgey testing/polymarket-btc-5m_2026-08-15.zip::polymarket-btc-updown-5m-1786788600-2026-08-15.txt.zst
zip:///Users/bradamanka/Downloads/Stratgey testing/polymarket-btc-5m_2026-08-14.zip::polymarket-btc-updown-5m-1786789500-2026-08-14.txt.zst,polymarket-btc-updown-5m-1786789500-2026-08-14.txt.zst,polymarket-btc-5m_2026-08-14.zip,1786789500,1786789800,False,131,129,0,0,3,126,0,,,301,UNKNOWN,not_extreme,0.5,,0.00487518310546875,,no_leader,,,,,,,,,no_leader,,,,,,,,,zip:///Users/bradamanka/Downloads/Stratgey testing/polymarket-btc-5m_2026-08-15.zip::polymarket-btc-updown-5m-1786789500-2026-08-15.txt.zst
zip:///Users/bradamanka/Downloads/Stratgey testing/polymarket-btc-5m_2026-08-14.zip::polymarket-btc-updown-5m-1786789200-2026-08-14.txt.zst,polymarket-btc-updown-5m-1786789200-2026-08-14.txt.zst,polymarket-btc-5m_2026-08-14.zip,1786789200,1786789500,False,207,203,0,0,3,200,0,,,301,UNKNOWN,not_extreme,0.505,,0.007380962371826172,,no_leader,,,,,,,,,no_leader,,,,,,,,,zip:///Users/bradamanka/Downloads/Stratgey testing/polymarket-btc-5m_2026-08-15.zip::polymarket-btc-updown-5m-1786789200-2026-08-15.txt.zst
zip:///Users/bradamanka/Downloads/Stratgey testing/polymarket-btc-5m_2026-08-14.zip::polymarket-btc-updown-5m-1786789800-2026-08-14.txt.zst,polymarket-btc-updown-5m-1786789800-2026-08-14.txt.zst,polymarket-btc-5m_2026-08-14.zip,1786789800,1786790100,False,148,146,0,0,2,144,0,,,301,UNKNOWN,not_extreme,0.505,,0.0031180381774902344,,no_leader,,,,,,,,,no_leader,,,,,,,,,zip:///Users/bradamanka/Downloads/Stratgey testing/polymarket-btc-5m_2026-08-15.zip::polymarket-btc-updown-5m-1786789800-2026-08-15.txt.zst
zip:///Users/bradamanka/Downloads/Stratgey testing/polymarket-btc-5m_2026-08-14.zip::polymarket-btc-updown-5m-1786788900-2026-08-14.txt.zst,polymarket-btc-updown-5m-1786788900-2026-08-14.txt.zst,polymarket-btc-5m_2026-08-14.zip,1786788900,1786789200,False,593,589,0,0,2,587,0,,,301,UNKNOWN,not_extreme,0.505,,0.014049053192138672,,no_leader,,,,,,,,,no_leader,,,,,,,,,zip:///Users/bradamanka/Downloads/Stratgey testing/polymarket-btc-5m_2026-08-15.zip::polymarket-btc-updown-5m-1786788900-2026-08-15.txt.zst
zip:///Users/bradamanka/Downloads/Stratgey testing/polymarket-btc-5m_2026-08-14.zip::polymarket-btc-updown-5m-1786790400-2026-08-14.txt.zst,polymarket-btc-updown-5m-1786790400-2026-08-14.txt.zst,polymarket-btc-5m_2026-08-14.zip,1786790400,1786790700,False,216,212,0,0,3,209,0,,,301,UNKNOWN,not_extreme,0.505,,0.0046999454498291016,,no_leader,,,,,,,,,no_leader,,,,,,,,,zip:///Users/bradamanka/Downloads/Stratgey testing/polymarket-btc-5m_2026-08-15.zip::polymarket-btc-updown-5m-1786790400-2026-08-15.txt.zst
zip:///Users/bradamanka/Downloads/Stratgey testing/polymarket-btc-5m_2026-08-14.zip::polymarket-btc-updown-5m-1786787400-2026-08-14.txt.zst,polymarket-btc-updown-5m-1786787400-2026-08-14.txt.zst,polymarket-btc-5m_2026-08-14.zip,1786787400,1786787700,False,178,174,0,0,2,172,0,,,301,UNKNOWN,not_extreme,0.505,,0.025945663452148438,,no_leader,,,,,,,,,no_leader,,,,,,,,,zip:///Users/bradamanka/Downloads/Stratgey testing/polymarket-btc-5m_2026-08-15.zip::polymarket-btc-updown-5m-1786787400-2026-08-15.txt.zst
zip:///Users/bradamanka/Downloads/Stratgey testing/polymarket-btc-5m_2026-08-14.zip::polymarket-btc-updown-5m-1786790700-2026-08-14.txt.zst,polymarket-btc-updown-5m-1786790700-2026-08-14.txt.zst,polymarket-btc-5m_2026-08-14.zip,1786790700,1786791000,False,243,239,0,0,2,237,0,,,301,UNKNOWN,not_extreme,0.505,,0.004088878631591797,,no_leader,,,,,,,,,no_leader,,,,,,,,,zip:///Users/bradamanka/Downloads/Stratgey testing/polymarket-btc-5m_2026-08-15.zip::polymarket-btc-updown-5m-1786790700-2026-08-15.txt.zst
zip:///Users/bradamanka/Downloads/Stratgey testing/polymarket-btc-5m_2026-08-14.zip::polymarket-btc-updown-5m-1786790100-2026-08-14.txt.zst,polymarket-btc-updown-5m-1786790100-2026-08-14.txt.zst,polymarket-btc-5m_2026-08-14.zip,1786790100,1786790400,False,196,192,0,0,3,189,0,,,301,UNKNOWN,not_extreme,0.505,,0.012762784957885742,,no_leader,,,,,,,,,no_leader,,,,,,,,,zip:///Users/bradamanka/Downloads/Stratgey testing/polymarket-btc-5m_2026-08-15.zip::polymarket-btc-updown-5m-1786790100-2026-08-15.txt.zst
zip:///Users/bradamanka/Downloads/Stratgey testing/polymarket-btc-5m_2026-08-14.zip::polymarket-btc-updown-5m-1786791300-2026-08-14.txt.zst,polymarket-btc-updown-5m-1786791300-2026-08-14.txt.zst,polymarket-btc-5m_2026-08-14.zip,1786791300,1786791600,False,201,197,0,0,2,195,0,,,301,UNKNOWN,not_extreme,0.505,,0.005417823791503906,,no_leader,,,,,,,,,no_leader,,,,,,,,,zip:///Users/bradamanka/Downloads/Stratgey testing/polymarket-btc-5m_2026-08-15.zip::polymarket-btc-updown-5m-1786791300-2026-08-15.txt.zst
zip:///Users/bradamanka/Downloads/Stratgey testing/polymarket-btc-5m_2026-08-14.zip::polymarket-btc-updown-5m-1786791900-2026-08-14.txt.zst,polymarket-btc-updown-5m-1786791900-2026-08-14.txt.zst,polymarket-btc-5m_2026-08-14.zip,1786791900,1786792200,False,119,115,0,0,2,113,0,,,301,UNKNOWN,not_extreme,0.5,,0.002346038818359375,,no_leader,,,,,,,,,no_leader,,,,,,,,,zip:///Users/bradamanka/Downloads/Stratgey testing/polymarket-btc-5m_2026-08-15.zip::polymarket-btc-updown-5m-1786791900-2026-08-15.txt.zst
zip:///Users/bradamanka/Downloads/Stratgey testing/polymarket-btc-5m_2026-08-14.zip::polymarket-btc-updown-5m-1786791000-2026-08-14.txt.zst,polymarket-btc-updown-5m-1786791000-2026-08-14.txt.zst,polymarket-btc-5m_2026-08-14.zip,1786791000,1786791300,False,205,201,0,0,3,198,0,,,301,UNKNOWN,not_extreme,0.505,,0.010381937026977539,,no_leader,,,,,,,,,no_leader,,,,,,,,,zip:///Users/bradamanka/Downloads/Stratgey testing/polymarket-btc-5m_2026-08-15.zip::polymarket-btc-updown-5m-1786791000-2026-08-15.txt.zst
zip:///Users/bradamanka/Downloads/Stratgey testing/polymarket-btc-5m_2026-08-14.zip::polymarket-btc-updown-5m-1786792200-2026-08-14.txt.zst,polymarket-btc-updown-5m-1786792200-2026-08-14.txt.zst,polymarket-btc-5m_2026-08-14.zip,1786792200,1786792500,False,158,154,0,0,2,152,0,,,301,UNKNOWN,not_extreme,0.505,,0.0070493221282958984,,no_leader,,,,,,,,,no_leader,,,,,,,,,zip:///Users/bradamanka/Downloads/Stratgey testing/polymarket-btc-5m_2026-08-15.zip::polymarket-btc-updown-5m-1786792200-2026-08-15.txt.zst
zip:///Users/bradamanka/Downloads/Stratgey testing/polymarket-btc-5m_2026-08-14.zip::polymarket-btc-updown-5m-1786792800-2026-08-14.txt.zst,polymarket-btc-updown-5m-1786792800-2026-08-14.txt.zst,polymarket-btc-5m_2026-08-14.zip,1786792800,1786793100,False,182,178,0,0,2,176,0,,,301,UNKNOWN,not_extreme,0.505,,0.007995128631591797,,no_leader,,,,,,,,,no_leader,,,,,,,,,zip:///Users/bradamanka/Downloads/Stratgey testing/polymarket-btc-5m_2026-08-15.zip::polymarket-btc-updown-5m-1786792800-2026-08-15.txt.zst
zip:///Users/bradamanka/Downloads/Stratgey testing/polymarket-btc-5m_2026-08-14.zip::polymarket-btc-updown-5m-1786791600-2026-08-14.txt.zst,polymarket-btc-updown-5m-1786791600-2026-08-14.txt.zst,polymarket-btc-5m_2026-08-14.zip,1786791600,1786791900,False,564,560,0,0,2,558,0,,,301,UNKNOWN,not_extreme,0.505,,0.019696950912475586,,no_leader,,,,,,,,,no_leader,,,,,,,,,zip:///Users/bradamanka/Downloads/Stratgey testing/polymarket-btc-5m_2026-08-15.zip::polymarket-btc-updown-5m-1786791600-2026-08-15.txt.zst
zip:///Users/bradamanka/Downloads/Stratgey testing/polymarket-btc-5m_2026-08-14.zip::polymarket-btc-updown-5m-1786793100-2026-08-14.txt.zst,polymarket-btc-updown-5m-1786793100-2026-08-14.txt.zst,polymarket-btc-5m_2026-08-14.zip,1786793100,1786793400,False,192,188,0,0,5,183,0,,,301,UNKNOWN,not_extreme,0.505,,0.008115768432617188,,no_leader,,,,,,,,,no_leader,,,,,,,,,zip:///Users/bradamanka/Downloads/Stratgey testing/polymarket-btc-5m_2026-08-15.zip::polymarket-btc-updown-5m-1786793100-2026-08-15.txt.zst
zip:///Users/bradamanka/Downloads/Stratgey testing/polymarket-btc-5m_2026-08-14.zip::polymarket-btc-updown-5m-1786793400-2026-08-14.txt.zst,polymarket-btc-updown-5m-1786793400-2026-08-14.txt.zst,polymarket-btc-5m_2026-08-14.zip,1786793400,1786793700,False,122,116,0,0,3,113,0,,,301,UNKNOWN,not_extreme,0.505,,0.003914833068847656,,no_leader,,,,,,,,,no_leader,,,,,,,,,zip:///Users/bradamanka/Downloads/Stratgey testing/polymarket-btc-5m_2026-08-15.zip::polymarket-btc-updown-5m-1786793400-2026-08-15.txt.zst
zip:///Users/bradamanka/Downloads/Stratgey testing/polymarket-btc-5m_2026-08-14.zip::polymarket-btc-updown-5m-1786793700-2026-08-14.txt.zst,polymarket-btc-updown-5m-1786793700-2026-08-14.txt.zst,polymarket-btc-5m_2026-08-14.zip,1786793700,1786794000,False,191,189,0,0,2,187,0,,,301,UNKNOWN,not_extreme,0.505,,0.004074811935424805,,no_leader,,,,,,,,,no_leader,,,,,,,,,zip:///Users/bradamanka/Downloads/Stratgey testing/polymarket-btc-5m_2026-08-15.zip::polymarket-btc-updown-5m-1786793700-2026-08-15.txt.zst
zip:///Users/bradamanka/Downloads/Stratgey testing/polymarket-btc-5m_2026-08-14.zip::polymarket-btc-updown-5m-1786792500-2026-08-14.txt.zst,polymarket-btc-updown-5m-1786792500-2026-08-14.txt.zst,polymarket-btc-5m_2026-08-14.zip,1786792500,1786792800,False,224,220,0,0,2,218,0,,,301,UNKNOWN,not_extreme,0.505,,0.020217180252075195,,no_leader,,,,,,,,,no_leader,,,,,,,,,zip:///Users/bradamanka/Downloads/Stratgey testing/polymarket-btc-5m_2026-08-15.zip::polymarket-btc-updown-5m-1786792500-2026-08-15.txt.zst
zip:///Users/bradamanka/Downloads/Stratgey testing/polymarket-btc-5m_2026-08-14.zip::polymarket-btc-updown-5m-1786794000-2026-08-14.txt.zst,polymarket-btc-updown-5m-1786794000-2026-08-14.txt.zst,polymarket-btc-5m_2026-08-14.zip,1786794000,1786794300,False,204,200,0,0,3,197,0,,,301,UNKNOWN,not_extreme,0.505,,0.00550389289855957,,no_leader,,,,,,,,,no_leader,,,,,,,,,zip:///Users/bradamanka/Downloads/Stratgey testing/polymarket-btc-5m_2026-08-15.zip::polymarket-btc-updown-5m-1786794000-2026-08-15.txt.zst
zip:///Users/bradamanka/Downloads/Stratgey testing/polymarket-btc-5m_2026-08-14.zip::polymarket-btc-updown-5m-1786794900-2026-08-14.txt.zst,polymarket-btc-updown-5m-1786794900-2026-08-14.txt.zst,polymarket-btc-5m_2026-08-14.zip,1786794900,1786795200,False,186,182,0,0,2,180,0,,,301,UNKNOWN,not_extreme,0.505,,0.003776073455810547,,no_leader,,,,,,,,,no_leader,,,,,,,,,zip:///Users/bradamanka/Downloads/Stratgey testing/polymarket-btc-5m_2026-08-15.zip::polymarket-btc-updown-5m-1786794900-2026-08-15.txt.zst
zip:///Users/bradamanka/Downloads/Stratgey testing/polymarket-btc-5m_2026-08-14.zip::polymarket-btc-updown-5m-1786794300-2026-08-14.txt.zst,polymarket-btc-updown-5m-1786794300-2026-08-14.txt.zst,polymarket-btc-5m_2026-08-14.zip,1786794300,1786794600,False,503,499,0,0,2,497,0,,,301,UNKNOWN,not_extreme,0.505,,0.007941007614135742,,no_leader,,,,,,,,,no_leader,,,,,,,,,zip:///Users/bradamanka/Downloads/Stratgey testing/polymarket-btc-5m_2026-08-15.zip::polymarket-btc-updown-5m-1786794300-2026-08-15.txt.zst
zip:///Users/bradamanka/Downloads/Stratgey testing/polymarket-btc-5m_2026-08-14.zip::polymarket-btc-updown-5m-1786795200-2026-08-14.txt.zst,polymarket-btc-updown-5m-1786795200-2026-08-14.txt.zst,polymarket-btc-5m_2026-08-14.zip,1786795200,1786795500,False,200,196,0,0,2,194,0,,,301,UNKNOWN,not_extreme,0.505,,0.004212141036987305,,no_leader,,,,,,,,,no_leader,,,,,,,,,zip:///Users/bradamanka/Downloads/Stratgey testing/polymarket-btc-5m_2026-08-15.zip::polymarket-btc-updown-5m-1786795200-2026-08-15.txt.zst
zip:///Users/bradamanka/Downloads/Stratgey testing/polymarket-btc-5m_2026-08-14.zip::polymarket-btc-updown-5m-1786795500-2026-08-14.txt.zst,polymarket-btc-updown-5m-1786795500-2026-08-14.txt.zst,polymarket-btc-5m_2026-08-14.zip,1786795500,1786795800,False,134,130,0,0,3,127,0,,,301,UNKNOWN,not_extreme,0.5,,0.004044055938720703,,no_leader,,,,,,,,,no_leader,,,,,,,,,zip:///Users/bradamanka/Downloads/Stratgey testing/polymarket-btc-5m_2026-08-15.zip::polymarket-btc-updown-5m-1786795500-2026-08-15.txt.zst
zip:///Users/bradamanka/Downloads/Stratgey testing/polymarket-btc-5m_2026-08-14.zip::polymarket-btc-updown-5m-1786794600-2026-08-14.txt.zst,polymarket-btc-updown-5m-1786794600-2026-08-14.txt.zst,polymarket-btc-5m_2026-08-14.zip,1786794600,1786794900,False,121,119,0,0,2,117,0,,,301,UNKNOWN,not_extreme,0.505,,0.01045680046081543,,no_leader,,,,,,,,,no_leader,,,,,,,,,zip:///Users/bradamanka/Downloads/Stratgey testing/polymarket-btc-5m_2026-08-15.zip::polymarket-btc-updown-5m-1786794600-2026-08-15.txt.zst
zip:///Users/bradamanka/Downloads/Stratgey testing/polymarket-btc-5m_2026-08-14.zip::polymarket-btc-updown-5m-1786796400-2026-08-14.txt.zst,polymarket-btc-updown-5m-1786796400-2026-08-14.txt.zst,polymarket-btc-5m_2026-08-14.zip,1786796400,1786796700,False,218,214,0,0,2,212,0,,,301,UNKNOWN,not_extreme,0.505,,0.003331899642944336,,no_leader,,,,,,,,,no_leader,,,,,,,,,zip:///Users/bradamanka/Downloads/Stratgey testing/polymarket-btc-5m_2026-08-15.zip::polymarket-btc-updown-5m-1786796400-2026-08-15.txt.zst
zip:///Users/bradamanka/Downloads/Stratgey testing/polymarket-btc-5m_2026-08-14.zip::polymarket-btc-updown-5m-1786795800-2026-08-14.txt.zst,polymarket-btc-updown-5m-1786795800-2026-08-14.txt.zst,polymarket-btc-5m_2026-08-14.zip,1786795800,1786796100,False,168,164,0,0,3,161,0,,,301,UNKNOWN,not_extreme,0.505,,0.006548881530761719,,no_leader,,,,,,,,,no_leader,,,,,,,,,zip:///Users/bradamanka/Downloads/Stratgey testing/polymarket-btc-5m_2026-08-15.zip::polymarket-btc-updown-5m-1786795800-2026-08-15.txt.zst
zip:///Users/bradamanka/Downloads/Stratgey testing/polymarket-btc-5m_2026-08-14.zip::polymarket-btc-updown-5m-1786796700-2026-08-14.txt.zst,polymarket-btc-updown-5m-1786796700-2026-08-14.txt.zst,polymarket-btc-5m_2026-08-14.zip,1786796700,1786797000,False,161,157,0,0,2,155,0,,,301,UNKNOWN,not_extreme,0.505,,0.0038378238677978516,,no_leader,,,,,,,,,no_leader,,,,,,,,,zip:///Users/bradamanka/Downloads/Stratgey testing/polymarket-btc-5m_2026-08-15.zip::polymarket-btc-updown-5m-1786796700-2026-08-15.txt.zst
zip:///Users/bradamanka/Downloads/Stratgey testing/polymarket-btc-5m_2026-08-14.zip::polymarket-btc-updown-5m-1786796100-2026-08-14.txt.zst,polymarket-btc-updown-5m-1786796100-2026-08-14.txt.zst,polymarket-btc-5m_2026-08-14.zip,1786796100,1786796400,False,515,511,0,0,2,509,0,,,301,UNKNOWN,not_extreme,0.505,,0.008884906768798828,,no_leader,,,,,,,,,no_leader,,,,,,,,,zip:///Users/bradamanka/Downloads/Stratgey testing/polymarket-btc-5m_2026-08-15.zip::polymarket-btc-updown-5m-1786796100-2026-08-15.txt.zst
zip:///Users/bradamanka/Downloads/Stratgey testing/polymarket-btc-5m_2026-08-14.zip::polymarket-btc-updown-5m-1786797300-2026-08-14.txt.zst,polymarket-btc-updown-5m-1786797300-2026-08-14.txt.zst,polymarket-btc-5m_2026-08-14.zip,1786797300,1786797600,False,139,135,0,0,2,133,0,,,301,UNKNOWN,not_extreme,0.505,,0.004539966583251953,,no_leader,,,,,,,,,no_leader,,,,,,,,,zip:///Users/bradamanka/Downloads/Stratgey testing/polymarket-btc-5m_2026-08-15.zip::polymarket-btc-updown-5m-1786797300-2026-08-15.txt.zst
zip:///Users/bradamanka/Downloads/Stratgey testing/polymarket-btc-5m_2026-08-14.zip::polymarket-btc-updown-5m-1786797600-2026-08-14.txt.zst,polymarket-btc-updown-5m-1786797600-2026-08-14.txt.zst,polymarket-btc-5m_2026-08-14.zip,1786797600,1786797900,False,141,139,0,0,2,137,0,,,301,UNKNOWN,not_extreme,0.505,,0.003503084182739258,,no_leader,,,,,,,,,no_leader,,,,,,,,,zip:///Users/bradamanka/Downloads/Stratgey testing/polymarket-btc-5m_2026-08-15.zip::polymarket-btc-updown-5m-1786797600-2026-08-15.txt.zst
zip:///Users/bradamanka/Downloads/Stratgey testing/polymarket-btc-5m_2026-08-14.zip::polymarket-btc-updown-5m-1786797000-2026-08-14.txt.zst,polymarket-btc-updown-5m-1786797000-2026-08-14.txt.zst,polymarket-btc-5m_2026-08-14.zip,1786797000,1786797300,False,540,536,0,0,2,534,0,,,301,UNKNOWN,not_extreme,0.505,,0.00842905044555664,,no_leader,,,,,,,,,no_leader,,,,,,,,,zip:///Users/bradamanka/Downloads/Stratgey testing/polymarket-btc-5m_2026-08-15.zip::polymarket-btc-updown-5m-1786797000-2026-08-15.txt.zst
zip:///Users/bradamanka/Downloads/Stratgey testing/polymarket-btc-5m_2026-08-14.zip::polymarket-btc-updown-5m-1786798500-2026-08-14.txt.zst,polymarket-btc-updown-5m-1786798500-2026-08-14.txt.zst,polymarket-btc-5m_2026-08-14.zip,1786798500,1786798800,False,167,163,0,0,2,161,0,,,301,UNKNOWN,not_extreme,0.505,,0.003979206085205078,,no_leader,,,,,,,,,no_leader,,,,,,,,,zip:///Users/bradamanka/Downloads/Stratgey testing/polymarket-btc-5m_2026-08-15.zip::polymarket-btc-updown-5m-1786798500-2026-08-15.txt.zst
zip:///Users/bradamanka/Downloads/Stratgey testing/polymarket-btc-5m_2026-08-14.zip::polymarket-btc-updown-5m-1786798800-2026-08-14.txt.zst,polymarket-btc-updown-5m-1786798800-2026-08-14.txt.zst,polymarket-btc-5m_2026-08-14.zip,1786798800,1786799100,False,90,86,0,0,2,84,0,,,301,UNKNOWN,not_extreme,0.5,,0.004597187042236328,,no_leader,,,,,,,,,no_leader,,,,,,,,,zip:///Users/bradamanka/Downloads/Stratgey testing/polymarket-btc-5m_2026-08-15.zip::polymarket-btc-updown-5m-1786798800-2026-08-15.txt.zst
zip:///Users/bradamanka/Downloads/Stratgey testing/polymarket-btc-5m_2026-08-14.zip::polymarket-btc-updown-5m-1786797900-2026-08-14.txt.zst,polymarket-btc-updown-5m-1786797900-2026-08-14.txt.zst,polymarket-btc-5m_2026-08-14.zip,1786797900,1786798200,False,577,573,0,0,2,571,0,,,301,UNKNOWN,not_extreme,0.505,,0.009164094924926758,,no_leader,,,,,,,,,no_leader,,,,,,,,,zip:///Users/bradamanka/Downloads/Stratgey testing/polymarket-btc-5m_2026-08-15.zip::polymarket-btc-updown-5m-1786797900-2026-08-15.txt.zst
zip:///Users/bradamanka/Downloads/Stratgey testing/polymarket-btc-5m_2026-08-14.zip::polymarket-btc-updown-5m-1786799100-2026-08-14.txt.zst,polymarket-btc-updown-5m-1786799100-2026-08-14.txt.zst,polymarket-btc-5m_2026-08-14.zip,1786799100,1786799400,False,190,186,0,0,2,184,0,,,301,UNKNOWN,not_extreme,0.505,,0.0032379627227783203,,no_leader,,,,,,,,,no_leader,,,,,,,,,zip:///Users/bradamanka/Downloads/Stratgey testing/polymarket-btc-5m_2026-08-15.zip::polymarket-btc-updown-5m-1786799100-2026-08-15.txt.zst
zip:///Users/bradamanka/Downloads/Stratgey testing/polymarket-btc-5m_2026-08-14.zip::polymarket-btc-updown-5m-1786799400-2026-08-14.txt.zst,polymarket-btc-updown-5m-1786799400-2026-08-14.txt.zst,polymarket-btc-5m_2026-08-14.zip,1786799400,1786799700,False,85,83,0,0,2,81,0,,,301,UNKNOWN,not_extreme,0.5,,0.0021109580993652344,,no_leader,,,,,,,,,no_leader,,,,,,,,,zip:///Users/bradamanka/Downloads/Stratgey testing/polymarket-btc-5m_2026-08-15.zip::polymarket-btc-updown-5m-1786799400-2026-08-15.txt.zst
zip:///Users/bradamanka/Downloads/Stratgey testing/polymarket-btc-5m_2026-08-14.zip::polymarket-btc-updown-5m-1786800000-2026-08-14.txt.zst,polymarket-btc-updown-5m-1786800000-2026-08-14.txt.zst,polymarket-btc-5m_2026-08-14.zip,1786800000,1786800300,False,150,144,0,0,3,141,0,,,301,UNKNOWN,not_extreme,0.505,,0.004101276397705078,,no_leader,,,,,,,,,no_leader,,,,,,,,,zip:///Users/bradamanka/Downloads/Stratgey testing/polymarket-btc-5m_2026-08-15.zip::polymarket-btc-updown-5m-1786800000-2026-08-15.txt.zst
zip:///Users/bradamanka/Downloads/Stratgey testing/polymarket-btc-5m_2026-08-14.zip::polymarket-btc-updown-5m-1786798200-2026-08-14.txt.zst,polymarket-btc-updown-5m-1786798200-2026-08-14.txt.zst,polymarket-btc-5m_2026-08-14.zip,1786798200,1786798500,False,102,98,0,0,2,96,0,,,301,UNKNOWN,not_extreme,0.505,,0.011875629425048828,,no_leader,,,,,,,,,no_leader,,,,,,,,,zip:///Users/bradamanka/Downloads/Stratgey testing/polymarket-btc-5m_2026-08-15.zip::polymarket-btc-updown-5m-1786798200-2026-08-15.txt.zst
zip:///Users/bradamanka/Downloads/Stratgey testing/polymarket-btc-5m_2026-08-14.zip::polymarket-btc-updown-5m-1786800300-2026-08-14.txt.zst,polymarket-btc-updown-5m-1786800300-2026-08-14.txt.zst,polymarket-btc-5m_2026-08-14.zip,1786800300,1786800600,False,164,160,0,0,3,157,0,,,301,UNKNOWN,not_extreme,0.505,,0.004043102264404297,,no_leader,,,,,,,,,no_leader,,,,,,,,,zip:///Users/bradamanka/Downloads/Stratgey testing/polymarket-btc-5m_2026-08-15.zip::polymarket-btc-updown-5m-1786800300-2026-08-15.txt.zst
zip:///Users/bradamanka/Downloads/Stratgey testing/polymarket-btc-5m_2026-08-14.zip::polymarket-btc-updown-5m-1786799700-2026-08-14.txt.zst,polymarket-btc-updown-5m-1786799700-2026-08-14.txt.zst,polymarket-btc-5m_2026-08-14.zip,1786799700,1786800000,False,72,70,0,0,2,68,0,,,301,UNKNOWN,not_extreme,0.505,,0.004743099212646484,,no_leader,,,,,,,,,no_leader,,,,,,,,,zip:///Users/bradamanka/Downloads/Stratgey testing/polymarket-btc-5m_2026-08-15.zip::polymarket-btc-updown-5m-1786799700-2026-08-15.txt.zst
zip:///Users/bradamanka/Downloads/Stratgey testing/polymarket-btc-5m_2026-08-14.zip::polymarket-btc-updown-5m-1786800600-2026-08-14.txt.zst,polymarket-btc-updown-5m-1786800600-2026-08-14.txt.zst,polymarket-btc-5m_2026-08-14.zip,1786800600,1786800900,False,164,158,0,0,4,154,0,,,301,UNKNOWN,not_extreme,0.505,,0.0034198760986328125,,no_leader,,,,,,,,,no_leader,,,,,,,,,zip:///Users/bradamanka/Downloads/Stratgey testing/polymarket-btc-5m_2026-08-15.zip::polymarket-btc-updown-5m-1786800600-2026-08-15.txt.zst
zip:///Users/bradamanka/Downloads/Stratgey testing/polymarket-btc-5m_2026-08-14.zip::polymarket-btc-updown-5m-1786801200-2026-08-14.txt.zst,polymarket-btc-updown-5m-1786801200-2026-08-14.txt.zst,polymarket-btc-5m_2026-08-14.zip,1786801200,1786801500,False,178,168,0,0,8,160,0,,,301,UNKNOWN,not_extreme,0.505,,0.0036821365356445312,,no_leader,,,,,,,,,no_leader,,,,,,,,,zip:///Users/bradamanka/Downloads/Stratgey testing/polymarket-btc-5m_2026-08-15.zip::polymarket-btc-updown-5m-1786801200-2026-08-15.txt.zst
zip:///Users/bradamanka/Downloads/Stratgey testing/polymarket-btc-5m_2026-08-14.zip::polymarket-btc-updown-5m-1786800900-2026-08-14.txt.zst,polymarket-btc-updown-5m-1786800900-2026-08-14.txt.zst,polymarket-btc-5m_2026-08-14.zip,1786800900,1786801200,False,157,151,0,0,3,148,0,,,301,UNKNOWN,not_extreme,0.505,,0.003973960876464844,,no_leader,,,,,,,,,no_leader,,,,,,,,,zip:///Users/bradamanka/Downloads/Stratgey testing/polymarket-btc-5m_2026-08-15.zip::polymarket-btc-updown-5m-1786800900-2026-08-15.txt.zst
zip:///Users/bradamanka/Downloads/Stratgey testing/polymarket-btc-5m_2026-08-14.zip::polymarket-btc-updown-5m-1786801500-2026-08-14.txt.zst,polymarket-btc-updown-5m-1786801500-2026-08-14.txt.zst,polymarket-btc-5m_2026-08-14.zip,1786801500,1786801800,False,173,169,0,0,2,167,0,,,301,UNKNOWN,not_extreme,0.505,,0.004820823669433594,,no_leader,,,,,,,,,no_leader,,,,,,,,,zip:///Users/bradamanka/Downloads/Stratgey testing/polymarket-btc-5m_2026-08-15.zip::polymarket-btc-updown-5m-1786801500-2026-08-15.txt.zst
zip:///Users/bradamanka/Downloads/Stratgey testing/polymarket-btc-5m_2026-08-14.zip::polymarket-btc-updown-5m-1786801800-2026-08-14.txt.zst,polymarket-btc-updown-5m-1786801800-2026-08-14.txt.zst,polymarket-btc-5m_2026-08-14.zip,1786801800,1786802100,False,209,205,0,0,5,200,0,,,301,UNKNOWN,not_extreme,0.505,,0.004887104034423828,,no_leader,,,,,,,,,no_leader,,,,,,,,,zip:///Users/bradamanka/Downloads/Stratgey testing/polymarket-btc-5m_2026-08-15.zip::polymarket-btc-updown-5m-1786801800-2026-08-15.txt.zst
zip:///Users/bradamanka/Downloads/Stratgey testing/polymarket-btc-5m_2026-08-14.zip::polymarket-btc-updown-5m-1786802100-2026-08-14.txt.zst,polymarket-btc-updown-5m-1786802100-2026-08-14.txt.zst,polymarket-btc-5m_2026-08-14.zip,1786802100,1786802400,False,151,147,0,0,3,144,0,,,301,UNKNOWN,not_extreme,0.505,,0.006551027297973633,,no_leader,,,,,,,,,no_leader,,,,,,,,,zip:///Users/bradamanka/Downloads/Stratgey testing/polymarket-btc-5m_2026-08-15.zip::polymarket-btc-updown-5m-1786802100-2026-08-15.txt.zst
zip:///Users/bradamanka/Downloads/Stratgey testing/polymarket-btc-5m_2026-08-14.zip::polymarket-btc-updown-5m-1786803300-2026-08-14.txt.zst,polymarket-btc-updown-5m-1786803300-2026-08-14.txt.zst,polymarket-btc-5m_2026-08-14.zip,1786803300,1786803600,False,169,167,0,0,2,165,0,,,301,UNKNOWN,not_extreme,0.505,,0.005074977874755859,,no_leader,,,,,,,,,no_leader,,,,,,,,,zip:///Users/bradamanka/Downloads/Stratgey testing/polymarket-btc-5m_2026-08-15.zip::polymarket-btc-updown-5m-1786803300-2026-08-15.txt.zst
zip:///Users/bradamanka/Downloads/Stratgey testing/polymarket-btc-5m_2026-08-14.zip::polymarket-btc-updown-5m-1786802400-2026-08-14.txt.zst,polymarket-btc-updown-5m-1786802400-2026-08-14.txt.zst,polymarket-btc-5m_2026-08-14.zip,1786802400,1786802700,False,109,105,0,0,2,103,0,,,301,UNKNOWN,not_extreme,0.505,,0.006807804107666016,,no_leader,,,,,,,,,no_leader,,,,,,,,,zip:///Users/bradamanka/Downloads/Stratgey testing/polymarket-btc-5m_2026-08-15.zip::polymarket-btc-updown-5m-1786802400-2026-08-15.txt.zst
zip:///Users/bradamanka/Downloads/Stratgey testing/polymarket-btc-5m_2026-08-14.zip::polymarket-btc-updown-5m-1786803000-2026-08-14.txt.zst,polymarket-btc-updown-5m-1786803000-2026-08-14.txt.zst,polymarket-btc-5m_2026-08-14.zip,1786803000,1786803300,False,180,176,0,0,2,174,0,,,301,UNKNOWN,not_extreme,0.505,,0.008479595184326172,,no_leader,,,,,,,,,no_leader,,,,,,,,,zip:///Users/bradamanka/Downloads/Stratgey testing/polymarket-btc-5m_2026-08-15.zip::polymarket-btc-updown-5m-1786803000-2026-08-15.txt.zst
zip:///Users/bradamanka/Downloads/Stratgey testing/polymarket-btc-5m_2026-08-14.zip::polymarket-btc-updown-5m-1786803600-2026-08-14.txt.zst,polymarket-btc-updown-5m-1786803600-2026-08-14.txt.zst,polymarket-btc-5m_2026-08-14.zip,1786803600,1786803900,False,157,151,0,0,3,148,0,,,301,UNKNOWN,not_extreme,0.505,,0.0033910274505615234,,no_leader,,,,,,,,,no_leader,,,,,,,,,zip:///Users/bradamanka/Downloads/Stratgey testing/polymarket-btc-5m_2026-08-15.zip::polymarket-btc-updown-5m-1786803600-2026-08-15.txt.zst
zip:///Users/bradamanka/Downloads/Stratgey testing/polymarket-btc-5m_2026-08-14.zip::polymarket-btc-updown-5m-1786802700-2026-08-14.txt.zst,polymarket-btc-updown-5m-1786802700-2026-08-14.txt.zst,polymarket-btc-5m_2026-08-14.zip,1786802700,1786803000,False,143,139,0,0,2,137,0,,,301,UNKNOWN,not_extreme,0.505,,0.013041973114013672,,no_leader,,,,,,,,,no_leader,,,,,,,,,zip:///Users/bradamanka/Downloads/Stratgey testing/polymarket-btc-5m_2026-08-15.zip::polymarket-btc-updown-5m-1786802700-2026-08-15.txt.zst
zip:///Users/bradamanka/Downloads/Stratgey testing/polymarket-btc-5m_2026-08-14.zip::polymarket-btc-updown-5m-1786804200-2026-08-14.txt.zst,polymarket-btc-updown-5m-1786804200-2026-08-14.txt.zst,polymarket-btc-5m_2026-08-14.zip,1786804200,1786804500,False,162,158,0,0,2,156,0,,,301,UNKNOWN,not_extreme,0.505,,0.004392862319946289,,no_leader,,,,,,,,,no_leader,,,,,,,,,zip:///Users/bradamanka/Downloads/Stratgey testing/polymarket-btc-5m_2026-08-15.zip::polymarket-btc-updown-5m-1786804200-2026-08-15.txt.zst
zip:///Users/bradamanka/Downloads/Stratgey testing/polymarket-btc-5m_2026-08-14.zip::polymarket-btc-updown-5m-1786804500-2026-08-14.txt.zst,polymarket-btc-updown-5m-1786804500-2026-08-14.txt.zst,polymarket-btc-5m_2026-08-14.zip,1786804500,1786804800,False,80,78,0,0,2,76,0,,,301,UNKNOWN,not_extreme,0.505,,0.0033948421478271484,,no_leader,,,,,,,,,no_leader,,,,,,,,,zip:///Users/bradamanka/Downloads/Stratgey testing/polymarket-btc-5m_2026-08-15.zip::polymarket-btc-updown-5m-1786804500-2026-08-15.txt.zst
zip:///Users/bradamanka/Downloads/Stratgey testing/polymarket-btc-5m_2026-08-14.zip::polymarket-btc-updown-5m-1786805100-2026-08-14.txt.zst,polymarket-btc-updown-5m-1786805100-2026-08-14.txt.zst,polymarket-btc-5m_2026-08-14.zip,1786805100,1786805400,False,154,150,0,0,2,148,0,,,301,UNKNOWN,not_extreme,0.505,,0.003016948699951172,,no_leader,,,,,,,,,no_leader,,,,,,,,,zip:///Users/bradamanka/Downloads/Stratgey testing/polymarket-btc-5m_2026-08-15.zip::polymarket-btc-updown-5m-1786805100-2026-08-15.txt.zst
zip:///Users/bradamanka/Downloads/Stratgey testing/polymarket-btc-5m_2026-08-14.zip::polymarket-btc-updown-5m-1786803900-2026-08-14.txt.zst,polymarket-btc-updown-5m-1786803900-2026-08-14.txt.zst,polymarket-btc-5m_2026-08-14.zip,1786803900,1786804200,False,160,158,0,0,2,156,0,,,301,UNKNOWN,not_extreme,0.505,,0.00944209098815918,,no_leader,,,,,,,,,no_leader,,,,,,,,,zip:///Users/bradamanka/Downloads/Stratgey testing/polymarket-btc-5m_2026-08-15.zip::polymarket-btc-updown-5m-1786803900-2026-08-15.txt.zst
zip:///Users/bradamanka/Downloads/Stratgey testing/polymarket-btc-5m_2026-08-14.zip::polymarket-btc-updown-5m-1786804800-2026-08-14.txt.zst,polymarket-btc-updown-5m-1786804800-2026-08-14.txt.zst,polymarket-btc-5m_2026-08-14.zip,1786804800,1786805100,False,150,148,0,0,2,146,0,,,301,UNKNOWN,not_extreme,0.505,,0.007329225540161133,,no_leader,,,,,,,,,no_leader,,,,,,,,,zip:///Users/bradamanka/Downloads/Stratgey testing/polymarket-btc-5m_2026-08-15.zip::polymarket-btc-updown-5m-1786804800-2026-08-15.txt.zst
zip:///Users/bradamanka/Downloads/Stratgey testing/polymarket-btc-5m_2026-08-14.zip::polymarket-btc-updown-5m-1786806000-2026-08-14.txt.zst,polymarket-btc-updown-5m-1786806000-2026-08-14.txt.zst,polymarket-btc-5m_2026-08-14.zip,1786806000,1786806300,False,96,92,0,0,2,90,0,,,301,UNKNOWN,not_extreme,0.505,,0.004760265350341797,,no_leader,,,,,,,,,no_leader,,,,,,,,,zip:///Users/bradamanka/Downloads/Stratgey testing/polymarket-btc-5m_2026-08-15.zip::polymarket-btc-updown-5m-1786806000-2026-08-15.txt.zst
zip:///Users/bradamanka/Downloads/Stratgey testing/polymarket-btc-5m_2026-08-14.zip::polymarket-btc-updown-5m-1786806600-2026-08-14.txt.zst,polymarket-btc-updown-5m-1786806600-2026-08-14.txt.zst,polymarket-btc-5m_2026-08-14.zip,1786806600,1786806900,False,128,124,0,0,4,120,0,,,301,UNKNOWN,not_extreme,0.505,,0.0034101009368896484,,no_leader,,,,,,,,,no_leader,,,,,,,,,zip:///Users/bradamanka/Downloads/Stratgey testing/polymarket-btc-5m_2026-08-15.zip::polymarket-btc-updown-5m-1786806600-2026-08-15.txt.zst
zip:///Users/bradamanka/Downloads/Stratgey testing/polymarket-btc-5m_2026-08-14.zip::polymarket-btc-updown-5m-1786806300-2026-08-14.txt.zst,polymarket-btc-updown-5m-1786806300-2026-08-14.txt.zst,polymarket-btc-5m_2026-08-14.zip,1786806300,1786806600,False,168,164,0,0,3,161,0,,,301,UNKNOWN,not_extreme,0.505,,0.008531808853149414,,no_leader,,,,,,,,,no_leader,,,,,,,,,zip:///Users/bradamanka/Downloads/Stratgey testing/polymarket-btc-5m_2026-08-15.zip::polymarket-btc-updown-5m-1786806300-2026-08-15.txt.zst
zip:///Users/bradamanka/Downloads/Stratgey testing/polymarket-btc-5m_2026-08-14.zip::polymarket-btc-updown-5m-1786806900-2026-08-14.txt.zst,polymarket-btc-updown-5m-1786806900-2026-08-14.txt.zst,polymarket-btc-5m_2026-08-14.zip,1786806900,1786807200,False,151,145,0,0,4,141,0,,,301,UNKNOWN,not_extreme,0.505,,0.004967927932739258,,no_leader,,,,,,,,,no_leader,,,,,,,,,zip:///Users/bradamanka/Downloads/Stratgey testing/polymarket-btc-5m_2026-08-15.zip::polymarket-btc-updown-5m-1786806900-2026-08-15.txt.zst
zip:///Users/bradamanka/Downloads/Stratgey testing/polymarket-btc-5m_2026-08-14.zip::polymarket-btc-updown-5m-1786807200-2026-08-14.txt.zst,polymarket-btc-updown-5m-1786807200-2026-08-14.txt.zst,polymarket-btc-5m_2026-08-14.zip,1786807200,1786807500,False,53,49,0,0,3,46,0,,,301,UNKNOWN,not_extreme,0.5,,0.00435185432434082,,no_leader,,,,,,,,,no_leader,,,,,,,,,zip:///Users/bradamanka/Downloads/Stratgey testing/polymarket-btc-5m_2026-08-15.zip::polymarket-btc-updown-5m-1786807200-2026-08-15.txt.zst
zip:///Users/bradamanka/Downloads/Stratgey testing/polymarket-btc-5m_2026-08-14.zip::polymarket-btc-updown-5m-1786807500-2026-08-14.txt.zst,polymarket-btc-updown-5m-1786807500-2026-08-14.txt.zst,polymarket-btc-5m_2026-08-14.zip,1786807500,1786807800,False,58,54,0,0,2,52,0,,,301,UNKNOWN,not_extreme,0.5,,0.0017690658569335938,,no_leader,,,,,,,,,no_leader,,,,,,,,,zip:///Users/bradamanka/Downloads/Stratgey testing/polymarket-btc-5m_2026-08-15.zip::polymarket-btc-updown-5m-1786807500-2026-08-15.txt.zst
zip:///Users/bradamanka/Downloads/Stratgey testing/polymarket-btc-5m_2026-08-14.zip::polymarket-btc-updown-5m-1786808100-2026-08-14.txt.zst,polymarket-btc-updown-5m-1786808100-2026-08-14.txt.zst,polymarket-btc-5m_2026-08-14.zip,1786808100,1786808400,False,81,77,0,0,2,75,0,,,301,UNKNOWN,not_extreme,0.5,,0.002038717269897461,,no_leader,,,,,,,,,no_leader,,,,,,,,,zip:///Users/bradamanka/Downloads/Stratgey testing/polymarket-btc-5m_2026-08-15.zip::polymarket-btc-updown-5m-1786808100-2026-08-15.txt.zst
zip:///Users/bradamanka/Downloads/Stratgey testing/polymarket-btc-5m_2026-08-14.zip::polymarket-btc-updown-5m-1786807800-2026-08-14.txt.zst,polymarket-btc-updown-5m-1786807800-2026-08-14.txt.zst,polymarket-btc-5m_2026-08-14.zip,1786807800,1786808100,False,133,129,0,0,3,126,0,,,301,UNKNOWN,not_extreme,0.505,,0.005563974380493164,,no_leader,,,,,,,,,no_leader,,,,,,,,,zip:///Users/bradamanka/Downloads/Stratgey testing/polymarket-btc-5m_2026-08-15.zip::polymarket-btc-updown-5m-1786807800-2026-08-15.txt.zst
zip:///Users/bradamanka/Downloads/Stratgey testing/polymarket-btc-5m_2026-08-14.zip::polymarket-btc-updown-5m-1786805400-2026-08-14.txt.zst,polymarket-btc-updown-5m-1786805400-2026-08-14.txt.zst,polymarket-btc-5m_2026-08-14.zip,1786805400,1786805700,False,185,181,0,0,2,179,0,,,301,UNKNOWN,not_extreme,0.505,,0.026662111282348633,,no_leader,,,,,,,,,no_leader,,,,,,,,,zip:///Users/bradamanka/Downloads/Stratgey testing/polymarket-btc-5m_2026-08-15.zip::polymarket-btc-updown-5m-1786805400-2026-08-15.txt.zst
zip:///Users/bradamanka/Downloads/Stratgey testing/polymarket-btc-5m_2026-08-14.zip::polymarket-btc-updown-5m-1786808700-2026-08-14.txt.zst,polymarket-btc-updown-5m-1786808700-2026-08-14.txt.zst,polymarket-btc-5m_2026-08-14.zip,1786808700,1786809000,False,172,168,0,0,3,165,0,,,301,UNKNOWN,not_extreme,0.505,,0.003396272659301758,,no_leader,,,,,,,,,no_leader,,,,,,,,,zip:///Users/bradamanka/Downloads/Stratgey testing/polymarket-btc-5m_2026-08-15.zip::polymarket-btc-updown-5m-1786808700-2026-08-15.txt.zst
zip:///Users/bradamanka/Downloads/Stratgey testing/polymarket-btc-5m_2026-08-14.zip::polymarket-btc-updown-5m-1786808400-2026-08-14.txt.zst,polymarket-btc-updown-5m-1786808400-2026-08-14.txt.zst,polymarket-btc-5m_2026-08-14.zip,1786808400,1786808700,False,169,165,0,0,3,162,0,,,301,UNKNOWN,not_extreme,0.505,,0.007940292358398438,,no_leader,,,,,,,,,no_leader,,,,,,,,,zip:///Users/bradamanka/Downloads/Stratgey testing/polymarket-btc-5m_2026-08-15.zip::polymarket-btc-updown-5m-1786808400-2026-08-15.txt.zst
zip:///Users/bradamanka/Downloads/Stratgey testing/polymarket-btc-5m_2026-08-14.zip::polymarket-btc-updown-5m-1786809300-2026-08-14.txt.zst,polymarket-btc-updown-5m-1786809300-2026-08-14.txt.zst,polymarket-btc-5m_2026-08-14.zip,1786809300,1786809600,False,180,176,0,0,2,174,0,,,301,UNKNOWN,not_extreme,0.505,,0.004145145416259766,,no_leader,,,,,,,,,no_leader,,,,,,,,,zip:///Users/bradamanka/Downloads/Stratgey testing/polymarket-btc-5m_2026-08-15.zip::polymarket-btc-updown-5m-1786809300-2026-08-15.txt.zst
zip:///Users/bradamanka/Downloads/Stratgey testing/polymarket-btc-5m_2026-08-14.zip::polymarket-btc-updown-5m-1786809900-2026-08-14.txt.zst,polymarket-btc-updown-5m-1786809900-2026-08-14.txt.zst,polymarket-btc-5m_2026-08-14.zip,1786809900,1786810200,False,57,53,0,0,2,51,0,,,301,UNKNOWN,not_extreme,0.5,,0.002456188201904297,,no_leader,,,,,,,,,no_leader,,,,,,,,,zip:///Users/bradamanka/Downloads/Stratgey testing/polymarket-btc-5m_2026-08-15.zip::polymarket-btc-updown-5m-1786809900-2026-08-15.txt.zst
zip:///Users/bradamanka/Downloads/Stratgey testing/polymarket-btc-5m_2026-08-14.zip::polymarket-btc-updown-5m-1786809000-2026-08-14.txt.zst,polymarket-btc-updown-5m-1786809000-2026-08-14.txt.zst,polymarket-btc-5m_2026-08-14.zip,1786809000,1786809300,False,142,136,0,0,3,133,0,,,301,UNKNOWN,not_extreme,0.505,,0.007766008377075195,,no_leader,,,,,,,,,no_leader,,,,,,,,,zip:///Users/bradamanka/Downloads/Stratgey testing/polymarket-btc-5m_2026-08-15.zip::polymarket-btc-updown-5m-1786809000-2026-08-15.txt.zst
zip:///Users/bradamanka/Downloads/Stratgey testing/polymarket-btc-5m_2026-08-14.zip::polymarket-btc-updown-5m-1786810200-2026-08-14.txt.zst,polymarket-btc-updown-5m-1786810200-2026-08-14.txt.zst,polymarket-btc-5m_2026-08-14.zip,1786810200,1786810500,False,195,191,0,0,4,187,0,,,301,UNKNOWN,not_extreme,0.505,,0.009007692337036133,,no_leader,,,,,,,,,no_leader,,,,,,,,,zip:///Users/bradamanka/Downloads/Stratgey testing/polymarket-btc-5m_2026-08-15.zip::polymarket-btc-updown-5m-1786810200-2026-08-15.txt.zst
zip:///Users/bradamanka/Downloads/Stratgey testing/polymarket-btc-5m_2026-08-14.zip::polymarket-btc-updown-5m-1786809600-2026-08-14.txt.zst,polymarket-btc-updown-5m-1786809600-2026-08-14.txt.zst,polymarket-btc-5m_2026-08-14.zip,1786809600,1786809900,False,208,204,0,0,2,202,0,,,301,UNKNOWN,not_extreme,0.505,,0.015499114990234375,,no_leader,,,,,,,,,no_leader,,,,,,,,,zip:///Users/bradamanka/Downloads/Stratgey testing/polymarket-btc-5m_2026-08-15.zip::polymarket-btc-updown-5m-1786809600-2026-08-15.txt.zst
zip:///Users/bradamanka/Downloads/Stratgey testing/polymarket-btc-5m_2026-08-14.zip::polymarket-btc-updown-5m-1786805700-2026-08-14.txt.zst,polymarket-btc-updown-5m-1786805700-2026-08-14.txt.zst,polymarket-btc-5m_2026-08-14.zip,1786805700,1786806000,False,67,63,0,0,2,61,0,,,301,UNKNOWN,not_extreme,0.505,,0.04586982727050781,,no_leader,,,,,,,,,no_leader,,,,,,,,,zip:///Users/bradamanka/Downloads/Stratgey testing/polymarket-btc-5m_2026-08-15.zip::polymarket-btc-updown-5m-1786805700-2026-08-15.txt.zst
zip:///Users/bradamanka/Downloads/Stratgey testing/polymarket-btc-5m_2026-08-14.zip::polymarket-btc-updown-5m-1786810800-2026-08-14.txt.zst,polymarket-btc-updown-5m-1786810800-2026-08-14.txt.zst,polymarket-btc-5m_2026-08-14.zip,1786810800,1786811100,False,146,142,0,0,3,139,0,,,301,UNKNOWN,not_extreme,0.505,,0.00420689582824707,,no_leader,,,,,,,,,no_leader,,,,,,,,,zip:///Users/bradamanka/Downloads/Stratgey testing/polymarket-btc-5m_2026-08-15.zip::polymarket-btc-updown-5m-1786810800-2026-08-15.txt.zst
zip:///Users/bradamanka/Downloads/Stratgey testing/polymarket-btc-5m_2026-08-14.zip::polymarket-btc-updown-5m-1786810500-2026-08-14.txt.zst,polymarket-btc-updown-5m-1786810500-2026-08-14.txt.zst,polymarket-btc-5m_2026-08-14.zip,1786810500,1786810800,False,130,126,0,0,2,124,0,,,301,UNKNOWN,not_extreme,0.505,,0.014883041381835938,,no_leader,,,,,,,,,no_leader,,,,,,,,,zip:///Users/bradamanka/Downloads/Stratgey testing/polymarket-btc-5m_2026-08-15.zip::polymarket-btc-updown-5m-1786810500-2026-08-15.txt.zst
zip:///Users/bradamanka/Downloads/Stratgey testing/polymarket-btc-5m_2026-08-14.zip::polymarket-btc-updown-5m-1786811700-2026-08-14.txt.zst,polymarket-btc-updown-5m-1786811700-2026-08-14.txt.zst,polymarket-btc-5m_2026-08-14.zip,1786811700,1786812000,False,39,35,0,0,3,32,0,,,301,UNKNOWN,not_extreme,0.5,,0.001750946044921875,,no_leader,,,,,,,,,no_leader,,,,,,,,,zip:///Users/bradamanka/Downloads/Stratgey testing/polymarket-btc-5m_2026-08-15.zip::polymarket-btc-updown-5m-1786811700-2026-08-15.txt.zst
zip:///Users/bradamanka/Downloads/Stratgey testing/polymarket-btc-5m_2026-08-14.zip::polymarket-btc-updown-5m-1786811400-2026-08-14.txt.zst,polymarket-btc-updown-5m-1786811400-2026-08-14.txt.zst,polymarket-btc-5m_2026-08-14.zip,1786811400,1786811700,False,147,141,0,0,3,138,0,,,301,UNKNOWN,not_extreme,0.505,,0.0031659603118896484,,no_leader,,,,,,,,,no_leader,,,,,,,,,zip:///Users/bradamanka/Downloads/Stratgey testing/polymarket-btc-5m_2026-08-15.zip::polymarket-btc-updown-5m-1786811400-2026-08-15.txt.zst
zip:///Users/bradamanka/Downloads/Stratgey testing/polymarket-btc-5m_2026-08-14.zip::polymarket-btc-updown-5m-1786812300-2026-08-14.txt.zst,polymarket-btc-updown-5m-1786812300-2026-08-14.txt.zst,polymarket-btc-5m_2026-08-14.zip,1786812300,1786812600,False,91,87,0,0,2,85,0,,,301,UNKNOWN,not_extreme,0.505,,0.006165981292724609,,no_leader,,,,,,,,,no_leader,,,,,,,,,zip:///Users/bradamanka/Downloads/Stratgey testing/polymarket-btc-5m_2026-08-15.zip::polymarket-btc-updown-5m-1786812300-2026-08-15.txt.zst
zip:///Users/bradamanka/Downloads/Stratgey testing/polymarket-btc-5m_2026-08-14.zip::polymarket-btc-updown-5m-1786812000-2026-08-14.txt.zst,polymarket-btc-updown-5m-1786812000-2026-08-14.txt.zst,polymarket-btc-5m_2026-08-14.zip,1786812000,1786812300,False,38,31,0,0,4,27,0,,,301,UNKNOWN,not_extreme,0.505,,0.008915901184082031,,no_leader,,,,,,,,,no_leader,,,,,,,,,zip:///Users/bradamanka/Downloads/Stratgey testing/polymarket-btc-5m_2026-08-15.zip::polymarket-btc-updown-5m-1786812000-2026-08-15.txt.zst
zip:///Users/bradamanka/Downloads/Stratgey testing/polymarket-btc-5m_2026-08-14.zip::polymarket-btc-updown-5m-1786811100-2026-08-14.txt.zst,polymarket-btc-updown-5m-1786811100-2026-08-14.txt.zst,polymarket-btc-5m_2026-08-14.zip,1786811100,1786811400,False,156,154,0,0,2,152,0,,,301,UNKNOWN,not_extreme,0.505,,0.012420177459716797,,no_leader,,,,,,,,,no_leader,,,,,,,,,zip:///Users/bradamanka/Downloads/Stratgey testing/polymarket-btc-5m_2026-08-15.zip::polymarket-btc-updown-5m-1786811100-2026-08-15.txt.zst
zip:///Users/bradamanka/Downloads/Stratgey testing/polymarket-btc-5m_2026-08-14.zip::polymarket-btc-updown-5m-1786812900-2026-08-14.txt.zst,polymarket-btc-updown-5m-1786812900-2026-08-14.txt.zst,polymarket-btc-5m_2026-08-14.zip,1786812900,1786813200,False,122,113,0,0,5,108,0,,,301,UNKNOWN,not_extreme,0.505,,0.0031769275665283203,,no_leader,,,,,,,,,no_leader,,,,,,,,,zip:///Users/bradamanka/Downloads/Stratgey testing/polymarket-btc-5m_2026-08-15.zip::polymarket-btc-updown-5m-1786812900-2026-08-15.txt.zst
zip:///Users/bradamanka/Downloads/Stratgey testing/polymarket-btc-5m_2026-08-14.zip::polymarket-btc-updown-5m-1786812600-2026-08-14.txt.zst,polymarket-btc-updown-5m-1786812600-2026-08-14.txt.zst,polymarket-btc-5m_2026-08-14.zip,1786812600,1786812900,False,144,140,0,0,3,137,0,,,301,UNKNOWN,not_extreme,0.505,,0.010842084884643555,,no_leader,,,,,,,,,no_leader,,,,,,,,,zip:///Users/bradamanka/Downloads/Stratgey testing/polymarket-btc-5m_2026-08-15.zip::polymarket-btc-updown-5m-1786812600-2026-08-15.txt.zst
zip:///Users/bradamanka/Downloads/Stratgey testing/polymarket-btc-5m_2026-08-14.zip::polymarket-btc-updown-5m-1786813200-2026-08-14.txt.zst,polymarket-btc-updown-5m-1786813200-2026-08-14.txt.zst,polymarket-btc-5m_2026-08-14.zip,1786813200,1786813500,False,148,144,0,0,2,142,0,,,301,UNKNOWN,not_extreme,0.505,,0.0037970542907714844,,no_leader,,,,,,,,,no_leader,,,,,,,,,zip:///Users/bradamanka/Downloads/Stratgey testing/polymarket-btc-5m_2026-08-15.zip::polymarket-btc-updown-5m-1786813200-2026-08-15.txt.zst
zip:///Users/bradamanka/Downloads/Stratgey testing/polymarket-btc-5m_2026-08-14.zip::polymarket-btc-updown-5m-1786813800-2026-08-14.txt.zst,polymarket-btc-updown-5m-1786813800-2026-08-14.txt.zst,polymarket-btc-5m_2026-08-14.zip,1786813800,1786814100,False,40,36,0,0,2,34,0,,,301,UNKNOWN,not_extreme,0.5,,0.0016219615936279297,,no_leader,,,,,,,,,no_leader,,,,,,,,,zip:///Users/bradamanka/Downloads/Stratgey testing/polymarket-btc-5m_2026-08-15.zip::polymarket-btc-updown-5m-1786813800-2026-08-15.txt.zst
zip:///Users/bradamanka/Downloads/Stratgey testing/polymarket-btc-5m_2026-08-14.zip::polymarket-btc-updown-5m-1786813500-2026-08-14.txt.zst,polymarket-btc-updown-5m-1786813500-2026-08-14.txt.zst,polymarket-btc-5m_2026-08-14.zip,1786813500,1786813800,False,168,162,0,0,3,159,0,,,301,UNKNOWN,not_extreme,0.505,,0.0035278797149658203,,no_leader,,,,,,,,,no_leader,,,,,,,,,zip:///Users/bradamanka/Downloads/Stratgey testing/polymarket-btc-5m_2026-08-15.zip::polymarket-btc-updown-5m-1786813500-2026-08-15.txt.zst
zip:///Users/bradamanka/Downloads/Stratgey testing/polymarket-btc-5m_2026-08-14.zip::polymarket-btc-updown-5m-1786814100-2026-08-14.txt.zst,polymarket-btc-updown-5m-1786814100-2026-08-14.txt.zst,polymarket-btc-5m_2026-08-14.zip,1786814100,1786814400,False,135,131,0,0,2,129,0,,,301,UNKNOWN,not_extreme,0.505,,0.002900838851928711,,no_leader,,,,,,,,,no_leader,,,,,,,,,zip:///Users/bradamanka/Downloads/Stratgey testing/polymarket-btc-5m_2026-08-15.zip::polymarket-btc-updown-5m-1786814100-2026-08-15.txt.zst
zip:///Users/bradamanka/Downloads/Stratgey testing/polymarket-btc-5m_2026-08-14.zip::polymarket-btc-updown-5m-1786814400-2026-08-14.txt.zst,polymarket-btc-updown-5m-1786814400-2026-08-14.txt.zst,polymarket-btc-5m_2026-08-14.zip,1786814400,1786814700,False,75,71,0,0,2,69,0,,,301,UNKNOWN,not_extreme,0.505,,0.0025742053985595703,,no_leader,,,,,,,,,no_leader,,,,,,,,,zip:///Users/bradamanka/Downloads/Stratgey testing/polymarket-btc-5m_2026-08-15.zip::polymarket-btc-updown-5m-1786814400-2026-08-15.txt.zst
zip:///Users/bradamanka/Downloads/Stratgey testing/polymarket-btc-5m_2026-08-14.zip::polymarket-btc-updown-5m-1786815000-2026-08-14.txt.zst,polymarket-btc-updown-5m-1786815000-2026-08-14.txt.zst,polymarket-btc-5m_2026-08-14.zip,1786815000,1786815300,False,124,120,0,0,4,116,0,,,301,UNKNOWN,not_extreme,0.505,,0.0028908252716064453,,no_leader,,,,,,,,,no_leader,,,,,,,,,zip:///Users/bradamanka/Downloads/Stratgey testing/polymarket-btc-5m_2026-08-15.zip::polymarket-btc-updown-5m-1786815000-2026-08-15.txt.zst
zip:///Users/bradamanka/Downloads/Stratgey testing/polymarket-btc-5m_2026-08-14.zip::polymarket-btc-updown-5m-1786814700-2026-08-14.txt.zst,polymarket-btc-updown-5m-1786814700-2026-08-14.txt.zst,polymarket-btc-5m_2026-08-14.zip,1786814700,1786815000,False,130,126,0,0,3,123,0,,,301,UNKNOWN,not_extreme,0.505,,0.008088827133178711,,no_leader,,,,,,,,,no_leader,,,,,,,,,zip:///Users/bradamanka/Downloads/Stratgey testing/polymarket-btc-5m_2026-08-15.zip::polymarket-btc-updown-5m-1786814700-2026-08-15.txt.zst
zip:///Users/bradamanka/Downloads/Stratgey testing/polymarket-btc-5m_2026-08-14.zip::polymarket-btc-updown-5m-1786815600-2026-08-14.txt.zst,polymarket-btc-updown-5m-1786815600-2026-08-14.txt.zst,polymarket-btc-5m_2026-08-14.zip,1786815600,1786815900,False,137,133,0,0,3,130,0,,,301,UNKNOWN,not_extreme,0.505,,0.004784107208251953,,no_leader,,,,,,,,,no_leader,,,,,,,,,zip:///Users/bradamanka/Downloads/Stratgey testing/polymarket-btc-5m_2026-08-15.zip::polymarket-btc-updown-5m-1786815600-2026-08-15.txt.zst
zip:///Users/bradamanka/Downloads/Stratgey testing/polymarket-btc-5m_2026-08-14.zip::polymarket-btc-updown-5m-1786815900-2026-08-14.txt.zst,polymarket-btc-updown-5m-1786815900-2026-08-14.txt.zst,polymarket-btc-5m_2026-08-14.zip,1786815900,1786816200,False,130,126,0,0,3,123,0,,,301,UNKNOWN,not_extreme,0.505,,0.0028100013732910156,,no_leader,,,,,,,,,no_leader,,,,,,,,,zip:///Users/bradamanka/Downloads/Stratgey testing/polymarket-btc-5m_2026-08-15.zip::polymarket-btc-updown-5m-1786815900-2026-08-15.txt.zst
zip:///Users/bradamanka/Downloads/Stratgey testing/polymarket-btc-5m_2026-08-14.zip::polymarket-btc-updown-5m-1786816200-2026-08-14.txt.zst,polymarket-btc-updown-5m-1786816200-2026-08-14.txt.zst,polymarket-btc-5m_2026-08-14.zip,1786816200,1786816500,False,139,133,0,0,3,130,0,,,301,UNKNOWN,not_extreme,0.505,,0.0027480125427246094,,no_leader,,,,,,,,,no_leader,,,,,,,,,zip:///Users/bradamanka/Downloads/Stratgey testing/polymarket-btc-5m_2026-08-15.zip::polymarket-btc-updown-5m-1786816200-2026-08-15.txt.zst
zip:///Users/bradamanka/Downloads/Stratgey testing/polymarket-btc-5m_2026-08-14.zip::polymarket-btc-updown-5m-1786816800-2026-08-14.txt.zst,polymarket-btc-updown-5m-1786816800-2026-08-14.txt.zst,polymarket-btc-5m_2026-08-14.zip,1786816800,1786817100,False,51,47,0,0,3,44,0,,,301,UNKNOWN,not_extreme,0.5,,0.0016562938690185547,,no_leader,,,,,,,,,no_leader,,,,,,,,,zip:///Users/bradamanka/Downloads/Stratgey testing/polymarket-btc-5m_2026-08-15.zip::polymarket-btc-updown-5m-1786816800-2026-08-15.txt.zst
zip:///Users/bradamanka/Downloads/Stratgey testing/polymarket-btc-5m_2026-08-14.zip::polymarket-btc-updown-5m-1786816500-2026-08-14.txt.zst,polymarket-btc-updown-5m-1786816500-2026-08-14.txt.zst,polymarket-btc-5m_2026-08-14.zip,1786816500,1786816800,False,158,156,0,0,2,154,0,,,301,UNKNOWN,not_extreme,0.505,,0.0038001537322998047,,no_leader,,,,,,,,,no_leader,,,,,,,,,zip:///Users/bradamanka/Downloads/Stratgey testing/polymarket-btc-5m_2026-08-15.zip::polymarket-btc-updown-5m-1786816500-2026-08-15.txt.zst
zip:///Users/bradamanka/Downloads/Stratgey testing/polymarket-btc-5m_2026-08-14.zip::polymarket-btc-updown-5m-1786817400-2026-08-14.txt.zst,polymarket-btc-updown-5m-1786817400-2026-08-14.txt.zst,polymarket-btc-5m_2026-08-14.zip,1786817400,1786817700,False,128,124,0,0,3,121,0,,,301,UNKNOWN,not_extreme,0.505,,0.004584312438964844,,no_leader,,,,,,,,,no_leader,,,,,,,,,zip:///Users/bradamanka/Downloads/Stratgey testing/polymarket-btc-5m_2026-08-15.zip::polymarket-btc-updown-5m-1786817400-2026-08-15.txt.zst
zip:///Users/bradamanka/Downloads/Stratgey testing/polymarket-btc-5m_2026-08-14.zip::polymarket-btc-updown-5m-1786817100-2026-08-14.txt.zst,polymarket-btc-updown-5m-1786817100-2026-08-14.txt.zst,polymarket-btc-5m_2026-08-14.zip,1786817100,1786817400,False,90,84,0,0,4,80,0,,,301,UNKNOWN,not_extreme,0.505,,0.006794929504394531,,no_leader,,,,,,,,,no_leader,,,,,,,,,zip:///Users/bradamanka/Downloads/Stratgey testing/polymarket-btc-5m_2026-08-15.zip::polymarket-btc-updown-5m-1786817100-2026-08-15.txt.zst
zip:///Users/bradamanka/Downloads/Stratgey testing/polymarket-btc-5m_2026-08-14.zip::polymarket-btc-updown-5m-1786817700-2026-08-14.txt.zst,polymarket-btc-updown-5m-1786817700-2026-08-14.txt.zst,polymarket-btc-5m_2026-08-14.zip,1786817700,1786818000,False,126,120,0,0,3,117,0,,,301,UNKNOWN,not_extreme,0.505,,0.0060498714447021484,,no_leader,,,,,,,,,no_leader,,,,,,,,,zip:///Users/bradamanka/Downloads/Stratgey testing/polymarket-btc-5m_2026-08-15.zip::polymarket-btc-updown-5m-1786817700-2026-08-15.txt.zst
zip:///Users/bradamanka/Downloads/Stratgey testing/polymarket-btc-5m_2026-08-14.zip::polymarket-btc-updown-5m-1786815300-2026-08-14.txt.zst,polymarket-btc-updown-5m-1786815300-2026-08-14.txt.zst,polymarket-btc-5m_2026-08-14.zip,1786815300,1786815600,False,133,129,0,0,5,124,0,,,301,UNKNOWN,not_extreme,0.505,,0.016896963119506836,,no_leader,,,,,,,,,no_leader,,,,,,,,,zip:///Users/bradamanka/Downloads/Stratgey testing/polymarket-btc-5m_2026-08-15.zip::polymarket-btc-updown-5m-1786815300-2026-08-15.txt.zst
zip:///Users/bradamanka/Downloads/Stratgey testing/polymarket-btc-5m_2026-08-14.zip::polymarket-btc-updown-5m-1786818600-2026-08-14.txt.zst,polymarket-btc-updown-5m-1786818600-2026-08-14.txt.zst,polymarket-btc-5m_2026-08-14.zip,1786818600,1786818900,False,82,78,0,0,2,76,0,,,301,UNKNOWN,not_extreme,0.505,,0.0032050609588623047,,no_leader,,,,,,,,,no_leader,,,,,,,,,zip:///Users/bradamanka/Downloads/Stratgey testing/polymarket-btc-5m_2026-08-15.zip::polymarket-btc-updown-5m-1786818600-2026-08-15.txt.zst
zip:///Users/bradamanka/Downloads/Stratgey testing/polymarket-btc-5m_2026-08-14.zip::polymarket-btc-updown-5m-1786818000-2026-08-14.txt.zst,polymarket-btc-updown-5m-1786818000-2026-08-14.txt.zst,polymarket-btc-5m_2026-08-14.zip,1786818000,1786818300,False,30,22,0,0,4,18,0,,,301,UNKNOWN,not_extreme,0.505,,0.004518032073974609,,no_leader,,,,,,,,,no_leader,,,,,,,,,zip:///Users/bradamanka/Downloads/Stratgey testing/polymarket-btc-5m_2026-08-15.zip::polymarket-btc-updown-5m-1786818000-2026-08-15.txt.zst
zip:///Users/bradamanka/Downloads/Stratgey testing/polymarket-btc-5m_2026-08-14.zip::polymarket-btc-updown-5m-1786818300-2026-08-14.txt.zst,polymarket-btc-updown-5m-1786818300-2026-08-14.txt.zst,polymarket-btc-5m_2026-08-14.zip,1786818300,1786818600,False,9,5,0,0,2,3,0,,,301,UNKNOWN,not_extreme,0.505,,0.005252838134765625,,no_leader,,,,,,,,,no_leader,,,,,,,,,zip:///Users/bradamanka/Downloads/Stratgey testing/polymarket-btc-5m_2026-08-15.zip::polymarket-btc-updown-5m-1786818300-2026-08-15.txt.zst
zip:///Users/bradamanka/Downloads/Stratgey testing/polymarket-btc-5m_2026-08-14.zip::polymarket-btc-updown-5m-1786819200-2026-08-14.txt.zst,polymarket-btc-updown-5m-1786819200-2026-08-14.txt.zst,polymarket-btc-5m_2026-08-14.zip,1786819200,1786819500,False,35,31,0,0,2,29,0,,,301,UNKNOWN,not_extreme,0.505,,0.0026030540466308594,,no_leader,,,,,,,,,no_leader,,,,,,,,,zip:///Users/bradamanka/Downloads/Stratgey testing/polymarket-btc-5m_2026-08-15.zip::polymarket-btc-updown-5m-1786819200-2026-08-15.txt.zst
zip:///Users/bradamanka/Downloads/Stratgey testing/polymarket-btc-5m_2026-08-14.zip::polymarket-btc-updown-5m-1786818900-2026-08-14.txt.zst,polymarket-btc-updown-5m-1786818900-2026-08-14.txt.zst,polymarket-btc-5m_2026-08-14.zip,1786818900,1786819200,False,96,92,0,0,2,90,0,,,301,UNKNOWN,not_extreme,0.505,,0.002737760543823242,,no_leader,,,,,,,,,no_leader,,,,,,,,,zip:///Users/bradamanka/Downloads/Stratgey testing/polymarket-btc-5m_2026-08-15.zip::polymarket-btc-updown-5m-1786818900-2026-08-15.txt.zst
zip:///Users/bradamanka/Downloads/Stratgey testing/polymarket-btc-5m_2026-08-14.zip::polymarket-btc-updown-5m-1786820100-2026-08-14.txt.zst,polymarket-btc-updown-5m-1786820100-2026-08-14.txt.zst,polymarket-btc-5m_2026-08-14.zip,1786820100,1786820400,False,106,102,0,0,2,100,0,,,301,UNKNOWN,not_extreme,0.505,,0.006307125091552734,,no_leader,,,,,,,,,no_leader,,,,,,,,,zip:///Users/bradamanka/Downloads/Stratgey testing/polymarket-btc-5m_2026-08-15.zip::polymarket-btc-updown-5m-1786820100-2026-08-15.txt.zst
zip:///Users/bradamanka/Downloads/Stratgey testing/polymarket-btc-5m_2026-08-14.zip::polymarket-btc-updown-5m-1786819800-2026-08-14.txt.zst,polymarket-btc-updown-5m-1786819800-2026-08-14.txt.zst,polymarket-btc-5m_2026-08-14.zip,1786819800,1786820100,False,111,107,0,0,2,105,0,,,301,UNKNOWN,not_extreme,0.505,,0.007337808609008789,,no_leader,,,,,,,,,no_leader,,,,,,,,,zip:///Users/bradamanka/Downloads/Stratgey testing/polymarket-btc-5m_2026-08-15.zip::polymarket-btc-updown-5m-1786819800-2026-08-15.txt.zst
zip:///Users/bradamanka/Downloads/Stratgey testing/polymarket-btc-5m_2026-08-14.zip::polymarket-btc-updown-5m-1786819500-2026-08-14.txt.zst,polymarket-btc-updown-5m-1786819500-2026-08-14.txt.zst,polymarket-btc-5m_2026-08-14.zip,1786819500,1786819800,False,115,111,0,0,2,109,0,,,301,UNKNOWN,not_extreme,0.505,,0.011033058166503906,,no_leader,,,,,,,,,no_leader,,,,,,,,,zip:///Users/bradamanka/Downloads/Stratgey testing/polymarket-btc-5m_2026-08-15.zip::polymarket-btc-updown-5m-1786819500-2026-08-15.txt.zst
zip:///Users/bradamanka/Downloads/Stratgey testing/polymarket-btc-5m_2026-08-14.zip::polymarket-btc-updown-5m-1786820400-2026-08-14.txt.zst,polymarket-btc-updown-5m-1786820400-2026-08-14.txt.zst,polymarket-btc-5m_2026-08-14.zip,1786820400,1786820700,False,125,121,0,0,2,119,0,,,301,UNKNOWN,not_extreme,0.505,,0.003529787063598633,,no_leader,,,,,,,,,no_leader,,,,,,,,,zip:///Users/bradamanka/Downloads/Stratgey testing/polymarket-btc-5m_2026-08-15.zip::polymarket-btc-updown-5m-1786820400-2026-08-15.txt.zst
zip:///Users/bradamanka/Downloads/Stratgey testing/polymarket-btc-5m_2026-08-14.zip::polymarket-btc-updown-5m-1786821000-2026-08-14.txt.zst,polymarket-btc-updown-5m-1786821000-2026-08-14.txt.zst,polymarket-btc-5m_2026-08-14.zip,1786821000,1786821300,False,44,40,0,0,2,38,0,,,301,UNKNOWN,not_extreme,0.5,,0.0028340816497802734,,no_leader,,,,,,,,,no_leader,,,,,,,,,zip:///Users/bradamanka/Downloads/Stratgey testing/polymarket-btc-5m_2026-08-15.zip::polymarket-btc-updown-5m-1786821000-2026-08-15.txt.zst
zip:///Users/bradamanka/Downloads/Stratgey testing/polymarket-btc-5m_2026-08-14.zip::polymarket-btc-updown-5m-1786820700-2026-08-14.txt.zst,polymarket-btc-updown-5m-1786820700-2026-08-14.txt.zst,polymarket-btc-5m_2026-08-14.zip,1786820700,1786821000,False,127,125,0,0,2,123,0,,,301,UNKNOWN,not_extreme,0.505,,0.0030782222747802734,,no_leader,,,,,,,,,no_leader,,,,,,,,,zip:///Users/bradamanka/Downloads/Stratgey testing/polymarket-btc-5m_2026-08-15.zip::polymarket-btc-updown-5m-1786820700-2026-08-15.txt.zst
zip:///Users/bradamanka/Downloads/Stratgey testing/polymarket-btc-5m_2026-08-14.zip::polymarket-btc-updown-5m-1786821300-2026-08-14.txt.zst,polymarket-btc-updown-5m-1786821300-2026-08-14.txt.zst,polymarket-btc-5m_2026-08-14.zip,1786821300,1786821600,False,124,120,0,0,4,116,0,,,301,UNKNOWN,not_extreme,0.505,,0.003590106964111328,,no_leader,,,,,,,,,no_leader,,,,,,,,,zip:///Users/bradamanka/Downloads/Stratgey testing/polymarket-btc-5m_2026-08-15.zip::polymarket-btc-updown-5m-1786821300-2026-08-15.txt.zst
zip:///Users/bradamanka/Downloads/Stratgey testing/polymarket-btc-5m_2026-08-14.zip::polymarket-btc-updown-5m-1786821600-2026-08-14.txt.zst,polymarket-btc-updown-5m-1786821600-2026-08-14.txt.zst,polymarket-btc-5m_2026-08-14.zip,1786821600,1786821900,False,118,114,0,0,3,111,0,,,301,UNKNOWN,not_extreme,0.505,,0.004878044128417969,,no_leader,,,,,,,,,no_leader,,,,,,,,,zip:///Users/bradamanka/Downloads/Stratgey testing/polymarket-btc-5m_2026-08-15.zip::polymarket-btc-updown-5m-1786821600-2026-08-15.txt.zst
zip:///Users/bradamanka/Downloads/Stratgey testing/polymarket-btc-5m_2026-08-14.zip::polymarket-btc-updown-5m-1786822200-2026-08-14.txt.zst,polymarket-btc-updown-5m-1786822200-2026-08-14.txt.zst,polymarket-btc-5m_2026-08-14.zip,1786822200,1786822500,False,127,121,0,0,3,118,0,,,301,UNKNOWN,not_extreme,0.505,,0.006304025650024414,,no_leader,,,,,,,,,no_leader,,,,,,,,,zip:///Users/bradamanka/Downloads/Stratgey testing/polymarket-btc-5m_2026-08-15.zip::polymarket-btc-updown-5m-1786822200-2026-08-15.txt.zst
zip:///Users/bradamanka/Downloads/Stratgey testing/polymarket-btc-5m_2026-08-14.zip::polymarket-btc-updown-5m-1786822500-2026-08-14.txt.zst,polymarket-btc-updown-5m-1786822500-2026-08-14.txt.zst,polymarket-btc-5m_2026-08-14.zip,1786822500,1786822800,False,119,115,0,0,6,109,0,,,301,UNKNOWN,not_extreme,0.505,,0.0057070255279541016,,no_leader,,,,,,,,,no_leader,,,,,,,,,zip:///Users/bradamanka/Downloads/Stratgey testing/polymarket-btc-5m_2026-08-15.zip::polymarket-btc-updown-5m-1786822500-2026-08-15.txt.zst
zip:///Users/bradamanka/Downloads/Stratgey testing/polymarket-btc-5m_2026-08-14.zip::polymarket-btc-updown-5m-1786822800-2026-08-14.txt.zst,polymarket-btc-updown-5m-1786822800-2026-08-14.txt.zst,polymarket-btc-5m_2026-08-14.zip,1786822800,1786823100,False,118,114,0,0,3,111,0,,,301,UNKNOWN,not_extreme,0.505,,0.0036232471466064453,,no_leader,,,,,,,,,no_leader,,,,,,,,,zip:///Users/bradamanka/Downloads/Stratgey testing/polymarket-btc-5m_2026-08-15.zip::polymarket-btc-updown-5m-1786822800-2026-08-15.txt.zst
zip:///Users/bradamanka/Downloads/Stratgey testing/polymarket-btc-5m_2026-08-14.zip::polymarket-btc-updown-5m-1786823400-2026-08-14.txt.zst,polymarket-btc-updown-5m-1786823400-2026-08-14.txt.zst,polymarket-btc-5m_2026-08-14.zip,1786823400,1786823700,False,83,79,0,0,2,77,0,,,301,UNKNOWN,not_extreme,0.505,,0.004391193389892578,,no_leader,,,,,,,,,no_leader,,,,,,,,,zip:///Users/bradamanka/Downloads/Stratgey testing/polymarket-btc-5m_2026-08-15.zip::polymarket-btc-updown-5m-1786823400-2026-08-15.txt.zst
zip:///Users/bradamanka/Downloads/Stratgey testing/polymarket-btc-5m_2026-08-14.zip::polymarket-btc-updown-5m-1786824000-2026-08-14.txt.zst,polymarket-btc-updown-5m-1786824000-2026-08-14.txt.zst,polymarket-btc-5m_2026-08-14.zip,1786824000,1786824300,False,79,75,0,0,3,72,0,,,301,UNKNOWN,not_extreme,0.505,,0.0027658939361572266,,no_leader,,,,,,,,,no_leader,,,,,,,,,zip:///Users/bradamanka/Downloads/Stratgey testing/polymarket-btc-5m_2026-08-15.zip::polymarket-btc-updown-5m-1786824000-2026-08-15.txt.zst
zip:///Users/bradamanka/Downloads/Stratgey testing/polymarket-btc-5m_2026-08-14.zip::polymarket-btc-updown-5m-1786823100-2026-08-14.txt.zst,polymarket-btc-updown-5m-1786823100-2026-08-14.txt.zst,polymarket-btc-5m_2026-08-14.zip,1786823100,1786823400,False,145,141,0,0,2,139,0,,,301,UNKNOWN,not_extreme,0.505,,0.008283138275146484,,no_leader,,,,,,,,,no_leader,,,,,,,,,zip:///Users/bradamanka/Downloads/Stratgey testing/polymarket-btc-5m_2026-08-15.zip::polymarket-btc-updown-5m-1786823100-2026-08-15.txt.zst
zip:///Users/bradamanka/Downloads/Stratgey testing/polymarket-btc-5m_2026-08-14.zip::polymarket-btc-updown-5m-1786821900-2026-08-14.txt.zst,polymarket-btc-updown-5m-1786821900-2026-08-14.txt.zst,polymarket-btc-5m_2026-08-14.zip,1786821900,1786822200,False,118,114,0,0,3,111,0,,,301,UNKNOWN,not_extreme,0.505,,0.016842126846313477,,no_leader,,,,,,,,,no_leader,,,,,,,,,zip:///Users/bradamanka/Downloads/Stratgey testing/polymarket-btc-5m_2026-08-15.zip::polymarket-btc-updown-5m-1786821900-2026-08-15.txt.zst
zip:///Users/bradamanka/Downloads/Stratgey testing/polymarket-btc-5m_2026-08-14.zip::polymarket-btc-updown-5m-1786823700-2026-08-14.txt.zst,polymarket-btc-updown-5m-1786823700-2026-08-14.txt.zst,polymarket-btc-5m_2026-08-14.zip,1786823700,1786824000,False,106,102,0,0,3,99,0,,,301,UNKNOWN,not_extreme,0.505,,0.012192010879516602,,no_leader,,,,,,,,,no_leader,,,,,,,,,zip:///Users/bradamanka/Downloads/Stratgey testing/polymarket-btc-5m_2026-08-15.zip::polymarket-btc-updown-5m-1786823700-2026-08-15.txt.zst
zip:///Users/bradamanka/Downloads/Stratgey testing/polymarket-btc-5m_2026-08-14.zip::polymarket-btc-updown-5m-1786824600-2026-08-14.txt.zst,polymarket-btc-updown-5m-1786824600-2026-08-14.txt.zst,polymarket-btc-5m_2026-08-14.zip,1786824600,1786824900,False,31,25,0,0,4,21,0,,,301,UNKNOWN,not_extreme,0.505,,0.004180908203125,,no_leader,,,,,,,,,no_leader,,,,,,,,,zip:///Users/bradamanka/Downloads/Stratgey testing/polymarket-btc-5m_2026-08-15.zip::polymarket-btc-updown-5m-1786824600-2026-08-15.txt.zst
zip:///Users/bradamanka/Downloads/Stratgey testing/polymarket-btc-5m_2026-08-14.zip::polymarket-btc-updown-5m-1786824300-2026-08-14.txt.zst,polymarket-btc-updown-5m-1786824300-2026-08-14.txt.zst,polymarket-btc-5m_2026-08-14.zip,1786824300,1786824600,False,121,117,0,0,2,115,0,,,301,UNKNOWN,not_extreme,0.505,,0.007410287857055664,,no_leader,,,,,,,,,no_leader,,,,,,,,,zip:///Users/bradamanka/Downloads/Stratgey testing/polymarket-btc-5m_2026-08-15.zip::polymarket-btc-updown-5m-1786824300-2026-08-15.txt.zst
zip:///Users/bradamanka/Downloads/Stratgey testing/polymarket-btc-5m_2026-08-14.zip::polymarket-btc-updown-5m-1786825200-2026-08-14.txt.zst,polymarket-btc-updown-5m-1786825200-2026-08-14.txt.zst,polymarket-btc-5m_2026-08-14.zip,1786825200,1786825500,False,95,91,0,0,2,89,0,,,301,UNKNOWN,not_extreme,0.505,,0.0027539730072021484,,no_leader,,,,,,,,,no_leader,,,,,,,,,zip:///Users/bradamanka/Downloads/Stratgey testing/polymarket-btc-5m_2026-08-15.zip::polymarket-btc-updown-5m-1786825200-2026-08-15.txt.zst
zip:///Users/bradamanka/Downloads/Stratgey testing/polymarket-btc-5m_2026-08-14.zip::polymarket-btc-updown-5m-1786825800-2026-08-14.txt.zst,polymarket-btc-updown-5m-1786825800-2026-08-14.txt.zst,polymarket-btc-5m_2026-08-14.zip,1786825800,1786826100,False,86,82,0,0,2,80,0,,,301,UNKNOWN,not_extreme,0.505,,0.003929853439331055,,no_leader,,,,,,,,,no_leader,,,,,,,,,zip:///Users/bradamanka/Downloads/Stratgey testing/polymarket-btc-5m_2026-08-15.zip::polymarket-btc-updown-5m-1786825800-2026-08-15.txt.zst
zip:///Users/bradamanka/Downloads/Stratgey testing/polymarket-btc-5m_2026-08-14.zip::polymarket-btc-updown-5m-1786825500-2026-08-14.txt.zst,polymarket-btc-updown-5m-1786825500-2026-08-14.txt.zst,polymarket-btc-5m_2026-08-14.zip,1786825500,1786825800,False,88,82,0,0,4,78,0,,,301,UNKNOWN,not_extreme,0.505,,0.004312753677368164,,no_leader,,,,,,,,,no_leader,,,,,,,,,zip:///Users/bradamanka/Downloads/Stratgey testing/polymarket-btc-5m_2026-08-15.zip::polymarket-btc-updown-5m-1786825500-2026-08-15.txt.zst
zip:///Users/bradamanka/Downloads/Stratgey testing/polymarket-btc-5m_2026-08-14.zip::polymarket-btc-updown-5m-1786826100-2026-08-14.txt.zst,polymarket-btc-updown-5m-1786826100-2026-08-14.txt.zst,polymarket-btc-5m_2026-08-14.zip,1786826100,1786826400,False,92,90,0,0,1,89,0,,,301,UNKNOWN,not_extreme,0.505,,0.004701852798461914,,no_leader,,,,,,,,,no_leader,,,,,,,,,zip:///Users/bradamanka/Downloads/Stratgey testing/polymarket-btc-5m_2026-08-15.zip::polymarket-btc-updown-5m-1786826100-2026-08-15.txt.zst
zip:///Users/bradamanka/Downloads/Stratgey testing/polymarket-btc-5m_2026-08-14.zip::polymarket-btc-updown-5m-1786826400-2026-08-14.txt.zst,polymarket-btc-updown-5m-1786826400-2026-08-14.txt.zst,polymarket-btc-5m_2026-08-14.zip,1786826400,1786826700,False,88,86,0,0,1,85,0,,,301,UNKNOWN,not_extreme,0.505,,0.002532958984375,,no_leader,,,,,,,,,no_leader,,,,,,,,,zip:///Users/bradamanka/Downloads/Stratgey testing/polymarket-btc-5m_2026-08-15.zip::polymarket-btc-updown-5m-1786826400-2026-08-15.txt.zst
zip:///Users/bradamanka/Downloads/Stratgey testing/polymarket-btc-5m_2026-08-14.zip::polymarket-btc-updown-5m-1786824900-2026-08-14.txt.zst,polymarket-btc-updown-5m-1786824900-2026-08-14.txt.zst,polymarket-btc-5m_2026-08-14.zip,1786824900,1786825200,False,59,55,0,0,3,52,0,,,301,UNKNOWN,not_extreme,0.505,,0.010056257247924805,,no_leader,,,,,,,,,no_leader,,,,,,,,,zip:///Users/bradamanka/Downloads/Stratgey testing/polymarket-btc-5m_2026-08-15.zip::polymarket-btc-updown-5m-1786824900-2026-08-15.txt.zst
zip:///Users/bradamanka/Downloads/Stratgey testing/polymarket-btc-5m_2026-08-14.zip::polymarket-btc-updown-5m-1786826700-2026-08-14.txt.zst,polymarket-btc-updown-5m-1786826700-2026-08-14.txt.zst,polymarket-btc-5m_2026-08-14.zip,1786826700,1786827000,False,93,91,0,0,1,90,0,,,301,UNKNOWN,not_extreme,0.505,,0.003690004348754883,,no_leader,,,,,,,,,no_leader,,,,,,,,,zip:///Users/bradamanka/Downloads/Stratgey testing/polymarket-btc-5m_2026-08-15.zip::polymarket-btc-updown-5m-1786826700-2026-08-15.txt.zst
zip:///Users/bradamanka/Downloads/Stratgey testing/polymarket-btc-5m_2026-08-14.zip::polymarket-btc-updown-5m-1786827000-2026-08-14.txt.zst,polymarket-btc-updown-5m-1786827000-2026-08-14.txt.zst,polymarket-btc-5m_2026-08-14.zip,1786827000,1786827300,False,113,111,0,0,1,110,0,,,301,UNKNOWN,not_extreme,0.505,,0.005489826202392578,,no_leader,,,,,,,,,no_leader,,,,,,,,,zip:///Users/bradamanka/Downloads/Stratgey testing/polymarket-btc-5m_2026-08-15.zip::polymarket-btc-updown-5m-1786827000-2026-08-15.txt.zst
zip:///Users/bradamanka/Downloads/Stratgey testing/polymarket-btc-5m_2026-08-14.zip::polymarket-btc-updown-5m-1786827300-2026-08-14.txt.zst,polymarket-btc-updown-5m-1786827300-2026-08-14.txt.zst,polymarket-btc-5m_2026-08-14.zip,1786827300,1786827600,False,98,96,0,0,1,95,0,,,301,UNKNOWN,not_extreme,0.505,,0.0029230117797851562,,no_leader,,,,,,,,,no_leader,,,,,,,,,zip:///Users/bradamanka/Downloads/Stratgey testing/polymarket-btc-5m_2026-08-15.zip::polymarket-btc-updown-5m-1786827300-2026-08-15.txt.zst
zip:///Users/bradamanka/Downloads/Stratgey testing/polymarket-btc-5m_2026-08-14.zip::polymarket-btc-updown-5m-1786827900-2026-08-14.txt.zst,polymarket-btc-updown-5m-1786827900-2026-08-14.txt.zst,polymarket-btc-5m_2026-08-14.zip,1786827900,1786828200,False,101,99,0,0,1,98,0,,,301,UNKNOWN,not_extreme,0.505,,0.0076601505279541016,,no_leader,,,,,,,,,no_leader,,,,,,,,,zip:///Users/bradamanka/Downloads/Stratgey testing/polymarket-btc-5m_2026-08-15.zip::polymarket-btc-updown-5m-1786827900-2026-08-15.txt.zst
zip:///Users/bradamanka/Downloads/Stratgey testing/polymarket-btc-5m_2026-08-14.zip::polymarket-btc-updown-5m-1786827600-2026-08-14.txt.zst,polymarket-btc-updown-5m-1786827600-2026-08-14.txt.zst,polymarket-btc-5m_2026-08-14.zip,1786827600,1786827900,False,85,83,0,0,1,82,0,,,301,UNKNOWN,not_extreme,0.505,,0.009380817413330078,,no_leader,,,,,,,,,no_leader,,,,,,,,,zip:///Users/bradamanka/Downloads/Stratgey testing/polymarket-btc-5m_2026-08-15.zip::polymarket-btc-updown-5m-1786827600-2026-08-15.txt.zst
zip:///Users/bradamanka/Downloads/Stratgey testing/polymarket-btc-5m_2026-08-14.zip::polymarket-btc-updown-5m-1786828200-2026-08-14.txt.zst,polymarket-btc-updown-5m-1786828200-2026-08-14.txt.zst,polymarket-btc-5m_2026-08-14.zip,1786828200,1786828500,False,97,95,0,0,1,94,0,,,301,UNKNOWN,not_extreme,0.505,,0.003905057907104492,,no_leader,,,,,,,,,no_leader,,,,,,,,,zip:///Users/bradamanka/Downloads/Stratgey testing/polymarket-btc-5m_2026-08-15.zip::polymarket-btc-updown-5m-1786828200-2026-08-15.txt.zst
zip:///Users/bradamanka/Downloads/Stratgey testing/polymarket-btc-5m_2026-08-14.zip::polymarket-btc-updown-5m-1786828800-2026-08-14.txt.zst,polymarket-btc-updown-5m-1786828800-2026-08-14.txt.zst,polymarket-btc-5m_2026-08-14.zip,1786828800,1786829100,False,80,78,0,0,1,77,0,,,301,UNKNOWN,not_extreme,0.505,,0.002259969711303711,,no_leader,,,,,,,,,no_leader,,,,,,,,,zip:///Users/bradamanka/Downloads/Stratgey testing/polymarket-btc-5m_2026-08-15.zip::polymarket-btc-updown-5m-1786828800-2026-08-15.txt.zst
zip:///Users/bradamanka/Downloads/Stratgey testing/polymarket-btc-5m_2026-08-14.zip::polymarket-btc-updown-5m-1786828500-2026-08-14.txt.zst,polymarket-btc-updown-5m-1786828500-2026-08-14.txt.zst,polymarket-btc-5m_2026-08-14.zip,1786828500,1786828800,False,97,95,0,0,1,94,0,,,301,UNKNOWN,not_extreme,0.505,,0.0028388500213623047,,no_leader,,,,,,,,,no_leader,,,,,,,,,zip:///Users/bradamanka/Downloads/Stratgey testing/polymarket-btc-5m_2026-08-15.zip::polymarket-btc-updown-5m-1786828500-2026-08-15.txt.zst
zip:///Users/bradamanka/Downloads/Stratgey testing/polymarket-btc-5m_2026-08-14.zip::polymarket-btc-updown-5m-1786829100-2026-08-14.txt.zst,polymarket-btc-updown-5m-1786829100-2026-08-14.txt.zst,polymarket-btc-5m_2026-08-14.zip,1786829100,1786829400,False,33,31,0,0,1,30,0,,,301,UNKNOWN,not_extreme,0.5,,0.0018877983093261719,,no_leader,,,,,,,,,no_leader,,,,,,,,,zip:///Users/bradamanka/Downloads/Stratgey testing/polymarket-btc-5m_2026-08-15.zip::polymarket-btc-updown-5m-1786829100-2026-08-15.txt.zst
zip:///Users/bradamanka/Downloads/Stratgey testing/polymarket-btc-5m_2026-08-14.zip::polymarket-btc-updown-5m-1786829400-2026-08-14.txt.zst,polymarket-btc-updown-5m-1786829400-2026-08-14.txt.zst,polymarket-btc-5m_2026-08-14.zip,1786829400,1786829700,False,58,56,0,0,1,55,0,,,301,UNKNOWN,not_extreme,0.505,,0.002665281295776367,,no_leader,,,,,,,,,no_leader,,,,,,,,,zip:///Users/bradamanka/Downloads/Stratgey testing/polymarket-btc-5m_2026-08-15.zip::polymarket-btc-updown-5m-1786829400-2026-08-15.txt.zst
zip:///Users/bradamanka/Downloads/Stratgey testing/polymarket-btc-5m_2026-08-14.zip::polymarket-btc-updown-5m-1786829700-2026-08-14.txt.zst,polymarket-btc-updown-5m-1786829700-2026-08-14.txt.zst,polymarket-btc-5m_2026-08-14.zip,1786829700,1786830000,False,65,63,0,0,1,62,0,,,301,UNKNOWN,not_extreme,0.505,,0.002719879150390625,,no_leader,,,,,,,,,no_leader,,,,,,,,,zip:///Users/bradamanka/Downloads/Stratgey testing/polymarket-btc-5m_2026-08-15.zip::polymarket-btc-updown-5m-1786829700-2026-08-15.txt.zst
zip:///Users/bradamanka/Downloads/Stratgey testing/polymarket-btc-5m_2026-08-14.zip::polymarket-btc-updown-5m-1786830000-2026-08-14.txt.zst,polymarket-btc-updown-5m-1786830000-2026-08-14.txt.zst,polymarket-btc-5m_2026-08-14.zip,1786830000,1786830300,False,97,95,0,0,1,94,0,,,301,UNKNOWN,not_extreme,0.505,,0.0027010440826416016,,no_leader,,,,,,,,,no_leader,,,,,,,,,zip:///Users/bradamanka/Downloads/Stratgey testing/polymarket-btc-5m_2026-08-15.zip::polymarket-btc-updown-5m-1786830000-2026-08-15.txt.zst
zip:///Users/bradamanka/Downloads/Stratgey testing/polymarket-btc-5m_2026-08-14.zip::polymarket-btc-updown-5m-1786830300-2026-08-14.txt.zst,polymarket-btc-updown-5m-1786830300-2026-08-14.txt.zst,polymarket-btc-5m_2026-08-14.zip,1786830300,1786830600,False,13,11,0,0,1,10,0,,,301,UNKNOWN,not_extreme,0.505,,0.002390146255493164,,no_leader,,,,,,,,,no_leader,,,,,,,,,zip:///Users/bradamanka/Downloads/Stratgey testing/polymarket-btc-5m_2026-08-15.zip::polymarket-btc-updown-5m-1786830300-2026-08-15.txt.zst
zip:///Users/bradamanka/Downloads/Stratgey testing/polymarket-btc-5m_2026-08-14.zip::polymarket-btc-updown-5m-1786831500-2026-08-14.txt.zst,polymarket-btc-updown-5m-1786831500-2026-08-14.txt.zst,polymarket-btc-5m_2026-08-14.zip,1786831500,1786831800,False,26,24,0,0,1,23,0,,,301,UNKNOWN,not_extreme,0.505,,0.003529071807861328,,no_leader,,,,,,,,,no_leader,,,,,,,,,zip:///Users/bradamanka/Downloads/Stratgey testing/polymarket-btc-5m_2026-08-15.zip::polymarket-btc-updown-5m-1786831500-2026-08-15.txt.zst
zip:///Users/bradamanka/Downloads/Stratgey testing/polymarket-btc-5m_2026-08-14.zip::polymarket-btc-updown-5m-1786831200-2026-08-14.txt.zst,polymarket-btc-updown-5m-1786831200-2026-08-14.txt.zst,polymarket-btc-5m_2026-08-14.zip,1786831200,1786831500,False,13,11,0,0,1,10,0,,,301,UNKNOWN,not_extreme,0.505,,0.00449681282043457,,no_leader,,,,,,,,,no_leader,,,,,,,,,zip:///Users/bradamanka/Downloads/Stratgey testing/polymarket-btc-5m_2026-08-15.zip::polymarket-btc-updown-5m-1786831200-2026-08-15.txt.zst
zip:///Users/bradamanka/Downloads/Stratgey testing/polymarket-btc-5m_2026-08-14.zip::polymarket-btc-updown-5m-1786831800-2026-08-14.txt.zst,polymarket-btc-updown-5m-1786831800-2026-08-14.txt.zst,polymarket-btc-5m_2026-08-14.zip,1786831800,1786832100,False,33,31,0,0,1,30,0,,,301,UNKNOWN,not_extreme,0.505,,0.003116130828857422,,no_leader,,,,,,,,,no_leader,,,,,,,,,zip:///Users/bradamanka/Downloads/Stratgey testing/polymarket-btc-5m_2026-08-15.zip::polymarket-btc-updown-5m-1786831800-2026-08-15.txt.zst
zip:///Users/bradamanka/Downloads/Stratgey testing/polymarket-btc-5m_2026-08-14.zip::polymarket-btc-updown-5m-1786832100-2026-08-14.txt.zst,polymarket-btc-updown-5m-1786832100-2026-08-14.txt.zst,polymarket-btc-5m_2026-08-14.zip,1786832100,1786832400,False,26,24,0,0,1,23,0,,,301,UNKNOWN,not_extreme,0.505,,0.002752065658569336,,no_leader,,,,,,,,,no_leader,,,,,,,,,zip:///Users/bradamanka/Downloads/Stratgey testing/polymarket-btc-5m_2026-08-15.zip::polymarket-btc-updown-5m-1786832100-2026-08-15.txt.zst
zip:///Users/bradamanka/Downloads/Stratgey testing/polymarket-btc-5m_2026-08-14.zip::polymarket-btc-updown-5m-1786830600-2026-08-14.txt.zst,polymarket-btc-updown-5m-1786830600-2026-08-14.txt.zst,polymarket-btc-5m_2026-08-14.zip,1786830600,1786830900,False,11,9,0,0,1,8,0,,,301,UNKNOWN,not_extreme,0.505,,0.009865999221801758,,no_leader,,,,,,,,,no_leader,,,,,,,,,zip:///Users/bradamanka/Downloads/Stratgey testing/polymarket-btc-5m_2026-08-15.zip::polymarket-btc-updown-5m-1786830600-2026-08-15.txt.zst
zip:///Users/bradamanka/Downloads/Stratgey testing/polymarket-btc-5m_2026-08-14.zip::polymarket-btc-updown-5m-1786832400-2026-08-14.txt.zst,polymarket-btc-updown-5m-1786832400-2026-08-14.txt.zst,polymarket-btc-5m_2026-08-14.zip,1786832400,1786832700,False,26,24,0,0,1,23,0,,,301,UNKNOWN,not_extreme,0.505,,0.0027337074279785156,,no_leader,,,,,,,,,no_leader,,,,,,,,,zip:///Users/bradamanka/Downloads/Stratgey testing/polymarket-btc-5m_2026-08-15.zip::polymarket-btc-updown-5m-1786832400-2026-08-15.txt.zst
zip:///Users/bradamanka/Downloads/Stratgey testing/polymarket-btc-5m_2026-08-14.zip::polymarket-btc-updown-5m-1786832700-2026-08-14.txt.zst,polymarket-btc-updown-5m-1786832700-2026-08-14.txt.zst,polymarket-btc-5m_2026-08-14.zip,1786832700,1786833000,False,27,25,0,0,1,24,0,,,301,UNKNOWN,not_extreme,0.505,,0.0022470951080322266,,no_leader,,,,,,,,,no_leader,,,,,,,,,zip:///Users/bradamanka/Downloads/Stratgey testing/polymarket-btc-5m_2026-08-15.zip::polymarket-btc-updown-5m-1786832700-2026-08-15.txt.zst
zip:///Users/bradamanka/Downloads/Stratgey testing/polymarket-btc-5m_2026-08-15.zip::polymarket-btc-updown-5m-1786751400-2026-08-15.txt.zst,polymarket-btc-updown-5m-1786751400-2026-08-15.txt.zst,polymarket-btc-5m_2026-08-15.zip,1786751400,1786751700,False,77705,76710,75067,988,1024,75686,0,94.130269228,299.976,301,DOWN,quotes+trades,0.01,0.01,2.0552709102630615,,opposite_confirmed_first,DOWN,94.130269228,167.765,181.195,,,,,opposite_confirmed_first,DOWN,95.0,168.0,182.0,,,,,zip:///Users/bradamanka/Downloads/Stratgey testing/polymarket-btc-5m_2026-08-14.zip::polymarket-btc-updown-5m-1786751400-2026-08-14.txt.zst
zip:///Users/bradamanka/Downloads/Stratgey testing/polymarket-btc-5m_2026-08-14.zip::polymarket-btc-updown-5m-1786833600-2026-08-14.txt.zst,polymarket-btc-updown-5m-1786833600-2026-08-14.txt.zst,polymarket-btc-5m_2026-08-14.zip,1786833600,1786833900,False,110,108,0,0,1,107,0,,,301,UNKNOWN,not_extreme,0.505,,0.0036749839782714844,,no_leader,,,,,,,,,no_leader,,,,,,,,,zip:///Users/bradamanka/Downloads/Stratgey testing/polymarket-btc-5m_2026-08-15.zip::polymarket-btc-updown-5m-1786833600-2026-08-15.txt.zst
zip:///Users/bradamanka/Downloads/Stratgey testing/polymarket-btc-5m_2026-08-14.zip::polymarket-btc-updown-5m-1786833300-2026-08-14.txt.zst,polymarket-btc-updown-5m-1786833300-2026-08-14.txt.zst,polymarket-btc-5m_2026-08-14.zip,1786833300,1786833600,False,126,124,0,0,1,123,0,,,301,UNKNOWN,not_extreme,0.505,,0.00426483154296875,,no_leader,,,,,,,,,no_leader,,,,,,,,,zip:///Users/bradamanka/Downloads/Stratgey testing/polymarket-btc-5m_2026-08-15.zip::polymarket-btc-updown-5m-1786833300-2026-08-15.txt.zst
zip:///Users/bradamanka/Downloads/Stratgey testing/polymarket-btc-5m_2026-08-14.zip::polymarket-btc-updown-5m-1786833900-2026-08-14.txt.zst,polymarket-btc-updown-5m-1786833900-2026-08-14.txt.zst,polymarket-btc-5m_2026-08-14.zip,1786833900,1786834200,False,116,114,0,0,1,113,0,,,301,UNKNOWN,not_extreme,0.505,,0.0029010772705078125,,no_leader,,,,,,,,,no_leader,,,,,,,,,zip:///Users/bradamanka/Downloads/Stratgey testing/polymarket-btc-5m_2026-08-15.zip::polymarket-btc-updown-5m-1786833900-2026-08-15.txt.zst
zip:///Users/bradamanka/Downloads/Stratgey testing/polymarket-btc-5m_2026-08-14.zip::polymarket-btc-updown-5m-1786834200-2026-08-14.txt.zst,polymarket-btc-updown-5m-1786834200-2026-08-14.txt.zst,polymarket-btc-5m_2026-08-14.zip,1786834200,1786834500,False,113,111,0,0,1,110,0,,,301,UNKNOWN,not_extreme,0.505,,0.003947019577026367,,no_leader,,,,,,,,,no_leader,,,,,,,,,zip:///Users/bradamanka/Downloads/Stratgey testing/polymarket-btc-5m_2026-08-15.zip::polymarket-btc-updown-5m-1786834200-2026-08-15.txt.zst
zip:///Users/bradamanka/Downloads/Stratgey testing/polymarket-btc-5m_2026-08-14.zip::polymarket-btc-updown-5m-1786834500-2026-08-14.txt.zst,polymarket-btc-updown-5m-1786834500-2026-08-14.txt.zst,polymarket-btc-5m_2026-08-14.zip,1786834500,1786834800,False,105,103,0,0,1,102,0,,,301,UNKNOWN,not_extreme,0.505,,0.0037250518798828125,,no_leader,,,,,,,,,no_leader,,,,,,,,,zip:///Users/bradamanka/Downloads/Stratgey testing/polymarket-btc-5m_2026-08-15.zip::polymarket-btc-updown-5m-1786834500-2026-08-15.txt.zst
zip:///Users/bradamanka/Downloads/Stratgey testing/polymarket-btc-5m_2026-08-14.zip::polymarket-btc-updown-5m-1786834800-2026-08-14.txt.zst,polymarket-btc-updown-5m-1786834800-2026-08-14.txt.zst,polymarket-btc-5m_2026-08-14.zip,1786834800,1786835100,False,69,67,0,0,1,66,0,,,301,UNKNOWN,not_extreme,0.505,,0.002808094024658203,,no_leader,,,,,,,,,no_leader,,,,,,,,,zip:///Users/bradamanka/Downloads/Stratgey testing/polymarket-btc-5m_2026-08-15.zip::polymarket-btc-updown-5m-1786834800-2026-08-15.txt.zst
zip:///Users/bradamanka/Downloads/Stratgey testing/polymarket-btc-5m_2026-08-14.zip::polymarket-btc-updown-5m-1786835700-2026-08-14.txt.zst,polymarket-btc-updown-5m-1786835700-2026-08-14.txt.zst,polymarket-btc-5m_2026-08-14.zip,1786835700,1786836000,False,127,125,0,0,1,124,0,,,301,UNKNOWN,not_extreme,0.505,,0.003337860107421875,,no_leader,,,,,,,,,no_leader,,,,,,,,,zip:///Users/bradamanka/Downloads/Stratgey testing/polymarket-btc-5m_2026-08-15.zip::polymarket-btc-updown-5m-1786835700-2026-08-15.txt.zst
zip:///Users/bradamanka/Downloads/Stratgey testing/polymarket-btc-5m_2026-08-14.zip::polymarket-btc-updown-5m-1786835100-2026-08-14.txt.zst,polymarket-btc-updown-5m-1786835100-2026-08-14.txt.zst,polymarket-btc-5m_2026-08-14.zip,1786835100,1786835400,False,120,118,0,0,1,117,0,,,301,UNKNOWN,not_extreme,0.505,,0.005162954330444336,,no_leader,,,,,,,,,no_leader,,,,,,,,,zip:///Users/bradamanka/Downloads/Stratgey testing/polymarket-btc-5m_2026-08-15.zip::polymarket-btc-updown-5m-1786835100-2026-08-15.txt.zst
zip:///Users/bradamanka/Downloads/Stratgey testing/polymarket-btc-5m_2026-08-14.zip::polymarket-btc-updown-5m-1786836300-2026-08-14.txt.zst,polymarket-btc-updown-5m-1786836300-2026-08-14.txt.zst,polymarket-btc-5m_2026-08-14.zip,1786836300,1786836600,False,20,18,0,0,1,17,0,,,301,UNKNOWN,not_extreme,0.505,,0.0023040771484375,,no_leader,,,,,,,,,no_leader,,,,,,,,,zip:///Users/bradamanka/Downloads/Stratgey testing/polymarket-btc-5m_2026-08-15.zip::polymarket-btc-updown-5m-1786836300-2026-08-15.txt.zst
zip:///Users/bradamanka/Downloads/Stratgey testing/polymarket-btc-5m_2026-08-16.zip::polymarket-btc-updown-5m-1786836300-2026-08-16.txt.zst,polymarket-btc-updown-5m-1786836300-2026-08-16.txt.zst,polymarket-btc-5m_2026-08-16.zip,1786836300,1786836600,False,4,1,0,0,1,0,0,,,301,UNKNOWN,not_extreme,,,0.008284330368041992,,no_leader,,,,,,,,,no_leader,,,,,,,,,zip:///Users/bradamanka/Downloads/Stratgey testing/polymarket-btc-5m_2026-08-15.zip::polymarket-btc-updown-5m-1786836300-2026-08-15.txt.zst
zip:///Users/bradamanka/Downloads/Stratgey testing/polymarket-btc-5m_2026-08-14.zip::polymarket-btc-updown-5m-1786833000-2026-08-14.txt.zst,polymarket-btc-updown-5m-1786833000-2026-08-14.txt.zst,polymarket-btc-5m_2026-08-14.zip,1786833000,1786833300,False,119,117,0,0,1,116,0,,,301,UNKNOWN,not_extreme,0.505,,0.010802984237670898,,no_leader,,,,,,,,,no_leader,,,,,,,,,zip:///Users/bradamanka/Downloads/Stratgey testing/polymarket-btc-5m_2026-08-15.zip::polymarket-btc-updown-5m-1786833000-2026-08-15.txt.zst
zip:///Users/bradamanka/Downloads/Stratgey testing/polymarket-btc-5m_2026-08-14.zip::polymarket-btc-updown-5m-1786835400-2026-08-14.txt.zst,polymarket-btc-updown-5m-1786835400-2026-08-14.txt.zst,polymarket-btc-5m_2026-08-14.zip,1786835400,1786835700,False,654,652,0,0,1,651,0,,,301,UNKNOWN,not_extreme,0.505,,0.012284994125366211,,no_leader,,,,,,,,,no_leader,,,,,,,,,zip:///Users/bradamanka/Downloads/Stratgey testing/polymarket-btc-5m_2026-08-15.zip::polymarket-btc-updown-5m-1786835400-2026-08-15.txt.zst
zip:///Users/bradamanka/Downloads/Stratgey testing/polymarket-btc-5m_2026-08-14.zip::polymarket-btc-updown-5m-1786836600-2026-08-14.txt.zst,polymarket-btc-updown-5m-1786836600-2026-08-14.txt.zst,polymarket-btc-5m_2026-08-14.zip,1786836600,1786836900,False,17,15,0,0,1,14,0,,,301,UNKNOWN,not_extreme,0.505,,0.006532192230224609,,no_leader,,,,,,,,,no_leader,,,,,,,,,zip:///Users/bradamanka/Downloads/Stratgey testing/polymarket-btc-5m_2026-08-15.zip::polymarket-btc-updown-5m-1786836600-2026-08-15.txt.zst
zip:///Users/bradamanka/Downloads/Stratgey testing/polymarket-btc-5m_2026-08-16.zip::polymarket-btc-updown-5m-1786836600-2026-08-16.txt.zst,polymarket-btc-updown-5m-1786836600-2026-08-16.txt.zst,polymarket-btc-5m_2026-08-16.zip,1786836600,1786836900,False,4,1,0,0,1,0,0,,,301,UNKNOWN,not_extreme,,,0.012897968292236328,,no_leader,,,,,,,,,no_leader,,,,,,,,,zip:///Users/bradamanka/Downloads/Stratgey testing/polymarket-btc-5m_2026-08-15.zip::polymarket-btc-updown-5m-1786836600-2026-08-15.txt.zst
zip:///Users/bradamanka/Downloads/Stratgey testing/polymarket-btc-5m_2026-08-14.zip::polymarket-btc-updown-5m-1786837200-2026-08-14.txt.zst,polymarket-btc-updown-5m-1786837200-2026-08-14.txt.zst,polymarket-btc-5m_2026-08-14.zip,1786837200,1786837500,False,5,3,0,0,1,2,0,,,301,UNKNOWN,not_extreme,0.505,,0.0025289058685302734,,no_leader,,,,,,,,,no_leader,,,,,,,,,zip:///Users/bradamanka/Downloads/Stratgey testing/polymarket-btc-5m_2026-08-15.zip::polymarket-btc-updown-5m-1786837200-2026-08-15.txt.zst
zip:///Users/bradamanka/Downloads/Stratgey testing/polymarket-btc-5m_2026-08-16.zip::polymarket-btc-updown-5m-1786837200-2026-08-16.txt.zst,polymarket-btc-updown-5m-1786837200-2026-08-16.txt.zst,polymarket-btc-5m_2026-08-16.zip,1786837200,1786837500,False,4,1,0,0,1,0,0,,,301,UNKNOWN,not_extreme,,,0.0016870498657226562,,no_leader,,,,,,,,,no_leader,,,,,,,,,zip:///Users/bradamanka/Downloads/Stratgey testing/polymarket-btc-5m_2026-08-15.zip::polymarket-btc-updown-5m-1786837200-2026-08-15.txt.zst
zip:///Users/bradamanka/Downloads/Stratgey testing/polymarket-btc-5m_2026-08-14.zip::polymarket-btc-updown-5m-1786836900-2026-08-14.txt.zst,polymarket-btc-updown-5m-1786836900-2026-08-14.txt.zst,polymarket-btc-5m_2026-08-14.zip,1786836900,1786837200,False,11,9,0,0,1,8,0,,,301,UNKNOWN,not_extreme,0.505,,0.00994110107421875,,no_leader,,,,,,,,,no_leader,,,,,,,,,zip:///Users/bradamanka/Downloads/Stratgey testing/polymarket-btc-5m_2026-08-15.zip::polymarket-btc-updown-5m-1786836900-2026-08-15.txt.zst
zip:///Users/bradamanka/Downloads/Stratgey testing/polymarket-btc-5m_2026-08-16.zip::polymarket-btc-updown-5m-1786836900-2026-08-16.txt.zst,polymarket-btc-updown-5m-1786836900-2026-08-16.txt.zst,polymarket-btc-5m_2026-08-16.zip,1786836900,1786837200,False,4,1,0,0,1,0,0,,,301,UNKNOWN,not_extreme,,,0.0009069442749023438,,no_leader,,,,,,,,,no_leader,,,,,,,,,zip:///Users/bradamanka/Downloads/Stratgey testing/polymarket-btc-5m_2026-08-15.zip::polymarket-btc-updown-5m-1786836900-2026-08-15.txt.zst
zip:///Users/bradamanka/Downloads/Stratgey testing/polymarket-btc-5m_2026-08-15.zip::polymarket-btc-updown-5m-1786751100-2026-08-15.txt.zst,polymarket-btc-updown-5m-1786751100-2026-08-15.txt.zst,polymarket-btc-5m_2026-08-15.zip,1786751100,1786751400,False,108,105,0,0,1,104,0,,,301,UNKNOWN,not_extreme,,,0.002276897430419922,,no_leader,,,,,,,,,no_leader,,,,,,,,,zip:///Users/bradamanka/Downloads/Stratgey testing/polymarket-btc-5m_2026-08-14.zip::polymarket-btc-updown-5m-1786751100-2026-08-14.txt.zst
zip:///Users/bradamanka/Downloads/Stratgey testing/polymarket-btc-5m_2026-08-14.zip::polymarket-btc-updown-5m-1786830900-2026-08-14.txt.zst,polymarket-btc-updown-5m-1786830900-2026-08-14.txt.zst,polymarket-btc-5m_2026-08-14.zip,1786830900,1786831200,False,3,1,0,0,1,0,0,,,301,UNKNOWN,not_extreme,0.505,,0.05257105827331543,,no_leader,,,,,,,,,no_leader,,,,,,,,,zip:///Users/bradamanka/Downloads/Stratgey testing/polymarket-btc-5m_2026-08-15.zip::polymarket-btc-updown-5m-1786830900-2026-08-15.txt.zst
zip:///Users/bradamanka/Downloads/Stratgey testing/polymarket-btc-5m_2026-08-15.zip::polymarket-btc-updown-5m-1786751700-2026-08-15.txt.zst,polymarket-btc-updown-5m-1786751700-2026-08-15.txt.zst,polymarket-btc-5m_2026-08-15.zip,1786751700,1786752000,True,90018,89018,84420,916,1032,87986,0,0.0,299.997,301,DOWN,quotes+trades,0.01,0.01,2.3186540603637695,,leader_confirm_too_soon_after_pullback,DOWN,170.407,170.425,170.466,,,,,leader_confirm_too_soon_after_pullback,DOWN,171.0,177.0,212.0,,,,,zip:///Users/bradamanka/Downloads/Stratgey testing/polymarket-btc-5m_2026-08-14.zip::polymarket-btc-updown-5m-1786751700-2026-08-14.txt.zst
zip:///Users/bradamanka/Downloads/Stratgey testing/polymarket-btc-5m_2026-08-14.zip::polymarket-btc-updown-5m-1786836000-2026-08-14.txt.zst,polymarket-btc-updown-5m-1786836000-2026-08-14.txt.zst,polymarket-btc-5m_2026-08-14.zip,1786836000,1786836300,False,126,124,0,0,1,123,0,,,301,UNKNOWN,not_extreme,0.505,,0.04887509346008301,,no_leader,,,,,,,,,no_leader,,,,,,,,,zip:///Users/bradamanka/Downloads/Stratgey testing/polymarket-btc-5m_2026-08-15.zip::polymarket-btc-updown-5m-1786836000-2026-08-15.txt.zst
zip:///Users/bradamanka/Downloads/Stratgey testing/polymarket-btc-5m_2026-08-15.zip::polymarket-btc-updown-5m-1786838700-2026-08-15.txt.zst,polymarket-btc-updown-5m-1786838700-2026-08-15.txt.zst,polymarket-btc-5m_2026-08-15.zip,1786838700,1786839000,False,5350,5327,0,0,24,5303,0,,,301,UNKNOWN,not_extreme,0.505,,0.07900214195251465,,no_leader,,,,,,,,,no_leader,,,,,,,,,zip:///Users/bradamanka/Downloads/Stratgey testing/polymarket-btc-5m_2026-08-16.zip::polymarket-btc-updown-5m-1786838700-2026-08-16.txt.zst
zip:///Users/bradamanka/Downloads/Stratgey testing/polymarket-btc-5m_2026-08-15.zip::polymarket-btc-updown-5m-1786839000-2026-08-15.txt.zst,polymarket-btc-updown-5m-1786839000-2026-08-15.txt.zst,polymarket-btc-5m_2026-08-15.zip,1786839000,1786839300,False,4045,4042,0,0,2,4040,0,,,301,UNKNOWN,not_extreme,0.505,,0.04541587829589844,,no_leader,,,,,,,,,no_leader,,,,,,,,,zip:///Users/bradamanka/Downloads/Stratgey testing/polymarket-btc-5m_2026-08-16.zip::polymarket-btc-updown-5m-1786839000-2026-08-16.txt.zst
zip:///Users/bradamanka/Downloads/Stratgey testing/polymarket-btc-5m_2026-08-15.zip::polymarket-btc-updown-5m-1786839300-2026-08-15.txt.zst,polymarket-btc-updown-5m-1786839300-2026-08-15.txt.zst,polymarket-btc-5m_2026-08-15.zip,1786839300,1786839600,False,2776,2773,0,0,2,2771,0,,,301,UNKNOWN,not_extreme,0.505,,0.036264896392822266,,no_leader,,,,,,,,,no_leader,,,,,,,,,zip:///Users/bradamanka/Downloads/Stratgey testing/polymarket-btc-5m_2026-08-16.zip::polymarket-btc-updown-5m-1786839300-2026-08-16.txt.zst
zip:///Users/bradamanka/Downloads/Stratgey testing/polymarket-btc-5m_2026-08-15.zip::polymarket-btc-updown-5m-1786839600-2026-08-15.txt.zst,polymarket-btc-updown-5m-1786839600-2026-08-15.txt.zst,polymarket-btc-5m_2026-08-15.zip,1786839600,1786839900,False,783,780,0,0,2,778,0,,,301,UNKNOWN,not_extreme,0.505,,0.008988380432128906,,no_leader,,,,,,,,,no_leader,,,,,,,,,zip:///Users/bradamanka/Downloads/Stratgey testing/polymarket-btc-5m_2026-08-16.zip::polymarket-btc-updown-5m-1786839600-2026-08-16.txt.zst
zip:///Users/bradamanka/Downloads/Stratgey testing/polymarket-btc-5m_2026-08-15.zip::polymarket-btc-updown-5m-1786839900-2026-08-15.txt.zst,polymarket-btc-updown-5m-1786839900-2026-08-15.txt.zst,polymarket-btc-5m_2026-08-15.zip,1786839900,1786840200,False,1178,1175,0,0,2,1173,0,,,301,UNKNOWN,not_extreme,0.505,,0.013586997985839844,,no_leader,,,,,,,,,no_leader,,,,,,,,,zip:///Users/bradamanka/Downloads/Stratgey testing/polymarket-btc-5m_2026-08-16.zip::polymarket-btc-updown-5m-1786839900-2026-08-16.txt.zst
zip:///Users/bradamanka/Downloads/Stratgey testing/polymarket-btc-5m_2026-08-15.zip::polymarket-btc-updown-5m-1786840200-2026-08-15.txt.zst,polymarket-btc-updown-5m-1786840200-2026-08-15.txt.zst,polymarket-btc-5m_2026-08-15.zip,1786840200,1786840500,False,955,953,0,0,1,952,0,,,301,UNKNOWN,not_extreme,0.505,,0.011615991592407227,,no_leader,,,,,,,,,no_leader,,,,,,,,,zip:///Users/bradamanka/Downloads/Stratgey testing/polymarket-btc-5m_2026-08-16.zip::polymarket-btc-updown-5m-1786840200-2026-08-16.txt.zst
zip:///Users/bradamanka/Downloads/Stratgey testing/polymarket-btc-5m_2026-08-15.zip::polymarket-btc-updown-5m-1786840500-2026-08-15.txt.zst,polymarket-btc-updown-5m-1786840500-2026-08-15.txt.zst,polymarket-btc-5m_2026-08-15.zip,1786840500,1786840800,False,813,811,0,0,2,809,0,,,301,UNKNOWN,not_extreme,0.505,,0.025306224822998047,,no_leader,,,,,,,,,no_leader,,,,,,,,,zip:///Users/bradamanka/Downloads/Stratgey testing/polymarket-btc-5m_2026-08-16.zip::polymarket-btc-updown-5m-1786840500-2026-08-16.txt.zst
zip:///Users/bradamanka/Downloads/Stratgey testing/polymarket-btc-5m_2026-08-15.zip::polymarket-btc-updown-5m-1786840800-2026-08-15.txt.zst,polymarket-btc-updown-5m-1786840800-2026-08-15.txt.zst,polymarket-btc-5m_2026-08-15.zip,1786840800,1786841100,False,863,861,0,0,2,859,0,,,301,UNKNOWN,not_extreme,0.505,,0.013421058654785156,,no_leader,,,,,,,,,no_leader,,,,,,,,,zip:///Users/bradamanka/Downloads/Stratgey testing/polymarket-btc-5m_2026-08-16.zip::polymarket-btc-updown-5m-1786840800-2026-08-16.txt.zst
zip:///Users/bradamanka/Downloads/Stratgey testing/polymarket-btc-5m_2026-08-15.zip::polymarket-btc-updown-5m-1786841100-2026-08-15.txt.zst,polymarket-btc-updown-5m-1786841100-2026-08-15.txt.zst,polymarket-btc-5m_2026-08-15.zip,1786841100,1786841400,False,816,814,0,0,1,813,0,,,301,UNKNOWN,not_extreme,0.505,,0.01842474937438965,,no_leader,,,,,,,,,no_leader,,,,,,,,,zip:///Users/bradamanka/Downloads/Stratgey testing/polymarket-btc-5m_2026-08-16.zip::polymarket-btc-updown-5m-1786841100-2026-08-16.txt.zst
zip:///Users/bradamanka/Downloads/Stratgey testing/polymarket-btc-5m_2026-08-15.zip::polymarket-btc-updown-5m-1786841400-2026-08-15.txt.zst,polymarket-btc-updown-5m-1786841400-2026-08-15.txt.zst,polymarket-btc-5m_2026-08-15.zip,1786841400,1786841700,False,732,730,0,0,1,729,0,,,301,UNKNOWN,not_extreme,0.505,,0.0172119140625,,no_leader,,,,,,,,,no_leader,,,,,,,,,zip:///Users/bradamanka/Downloads/Stratgey testing/polymarket-btc-5m_2026-08-16.zip::polymarket-btc-updown-5m-1786841400-2026-08-16.txt.zst
zip:///Users/bradamanka/Downloads/Stratgey testing/polymarket-btc-5m_2026-08-15.zip::polymarket-btc-updown-5m-1786841700-2026-08-15.txt.zst,polymarket-btc-updown-5m-1786841700-2026-08-15.txt.zst,polymarket-btc-5m_2026-08-15.zip,1786841700,1786842000,False,827,825,0,0,1,824,0,,,301,UNKNOWN,not_extreme,0.505,,0.01184988021850586,,no_leader,,,,,,,,,no_leader,,,,,,,,,zip:///Users/bradamanka/Downloads/Stratgey testing/polymarket-btc-5m_2026-08-16.zip::polymarket-btc-updown-5m-1786841700-2026-08-16.txt.zst
zip:///Users/bradamanka/Downloads/Stratgey testing/polymarket-btc-5m_2026-08-15.zip::polymarket-btc-updown-5m-1786842000-2026-08-15.txt.zst,polymarket-btc-updown-5m-1786842000-2026-08-15.txt.zst,polymarket-btc-5m_2026-08-15.zip,1786842000,1786842300,False,652,650,0,0,1,649,0,,,301,UNKNOWN,not_extreme,0.505,,0.012147903442382812,,no_leader,,,,,,,,,no_leader,,,,,,,,,zip:///Users/bradamanka/Downloads/Stratgey testing/polymarket-btc-5m_2026-08-16.zip::polymarket-btc-updown-5m-1786842000-2026-08-16.txt.zst
zip:///Users/bradamanka/Downloads/Stratgey testing/polymarket-btc-5m_2026-08-15.zip::polymarket-btc-updown-5m-1786838400-2026-08-15.txt.zst,polymarket-btc-updown-5m-1786838400-2026-08-15.txt.zst,polymarket-btc-5m_2026-08-15.zip,1786838400,1786838700,False,28658,28375,22104,226,293,28082,0,0.0,59.765,301,UNKNOWN,not_extreme,0.235,,0.6905009746551514,,leader_confirm_too_soon_after_pullback,DOWN,53.954,53.98,54.016,,,,,leader_confirm_too_soon_after_pullback,DOWN,54.0,59.0,60.0,,,,,zip:///Users/bradamanka/Downloads/Stratgey testing/polymarket-btc-5m_2026-08-16.zip::polymarket-btc-updown-5m-1786838400-2026-08-16.txt.zst
zip:///Users/bradamanka/Downloads/Stratgey testing/polymarket-btc-5m_2026-08-15.zip::polymarket-btc-updown-5m-1786842600-2026-08-15.txt.zst,polymarket-btc-updown-5m-1786842600-2026-08-15.txt.zst,polymarket-btc-5m_2026-08-15.zip,1786842600,1786842900,False,746,744,0,0,2,742,0,,,301,UNKNOWN,not_extreme,0.505,,0.007595062255859375,,no_leader,,,,,,,,,no_leader,,,,,,,,,zip:///Users/bradamanka/Downloads/Stratgey testing/polymarket-btc-5m_2026-08-16.zip::polymarket-btc-updown-5m-1786842600-2026-08-16.txt.zst
zip:///Users/bradamanka/Downloads/Stratgey testing/polymarket-btc-5m_2026-08-15.zip::polymarket-btc-updown-5m-1786842900-2026-08-15.txt.zst,polymarket-btc-updown-5m-1786842900-2026-08-15.txt.zst,polymarket-btc-5m_2026-08-15.zip,1786842900,1786843200,False,592,590,0,0,1,589,0,,,301,UNKNOWN,not_extreme,0.505,,0.007544994354248047,,no_leader,,,,,,,,,no_leader,,,,,,,,,zip:///Users/bradamanka/Downloads/Stratgey testing/polymarket-btc-5m_2026-08-16.zip::polymarket-btc-updown-5m-1786842900-2026-08-16.txt.zst
zip:///Users/bradamanka/Downloads/Stratgey testing/polymarket-btc-5m_2026-08-15.zip::polymarket-btc-updown-5m-1786842300-2026-08-15.txt.zst,polymarket-btc-updown-5m-1786842300-2026-08-15.txt.zst,polymarket-btc-5m_2026-08-15.zip,1786842300,1786842600,False,678,676,0,0,1,675,0,,,301,UNKNOWN,not_extreme,0.505,,0.01870107650756836,,no_leader,,,,,,,,,no_leader,,,,,,,,,zip:///Users/bradamanka/Downloads/Stratgey testing/polymarket-btc-5m_2026-08-16.zip::polymarket-btc-updown-5m-1786842300-2026-08-16.txt.zst
zip:///Users/bradamanka/Downloads/Stratgey testing/polymarket-btc-5m_2026-08-15.zip::polymarket-btc-updown-5m-1786843500-2026-08-15.txt.zst,polymarket-btc-updown-5m-1786843500-2026-08-15.txt.zst,polymarket-btc-5m_2026-08-15.zip,1786843500,1786843800,False,654,652,0,0,1,651,0,,,301,UNKNOWN,not_extreme,0.505,,0.008846282958984375,,no_leader,,,,,,,,,no_leader,,,,,,,,,zip:///Users/bradamanka/Downloads/Stratgey testing/polymarket-btc-5m_2026-08-16.zip::polymarket-btc-updown-5m-1786843500-2026-08-16.txt.zst
zip:///Users/bradamanka/Downloads/Stratgey testing/polymarket-btc-5m_2026-08-15.zip::polymarket-btc-updown-5m-1786843200-2026-08-15.txt.zst,polymarket-btc-updown-5m-1786843200-2026-08-15.txt.zst,polymarket-btc-5m_2026-08-15.zip,1786843200,1786843500,False,548,546,0,0,1,545,0,,,301,UNKNOWN,not_extreme,0.505,,0.020537137985229492,,no_leader,,,,,,,,,no_leader,,,,,,,,,zip:///Users/bradamanka/Downloads/Stratgey testing/polymarket-btc-5m_2026-08-16.zip::polymarket-btc-updown-5m-1786843200-2026-08-16.txt.zst
zip:///Users/bradamanka/Downloads/Stratgey testing/polymarket-btc-5m_2026-08-15.zip::polymarket-btc-updown-5m-1786843800-2026-08-15.txt.zst,polymarket-btc-updown-5m-1786843800-2026-08-15.txt.zst,polymarket-btc-5m_2026-08-15.zip,1786843800,1786844100,False,621,619,0,0,1,618,0,,,301,UNKNOWN,not_extreme,0.505,,0.019433021545410156,,no_leader,,,,,,,,,no_leader,,,,,,,,,zip:///Users/bradamanka/Downloads/Stratgey testing/polymarket-btc-5m_2026-08-16.zip::polymarket-btc-updown-5m-1786843800-2026-08-16.txt.zst
zip:///Users/bradamanka/Downloads/Stratgey testing/polymarket-btc-5m_2026-08-15.zip::polymarket-btc-updown-5m-1786844100-2026-08-15.txt.zst,polymarket-btc-updown-5m-1786844100-2026-08-15.txt.zst,polymarket-btc-5m_2026-08-15.zip,1786844100,1786844400,False,727,725,0,0,1,724,0,,,301,UNKNOWN,not_extreme,0.505,,0.014394044876098633,,no_leader,,,,,,,,,no_leader,,,,,,,,,zip:///Users/bradamanka/Downloads/Stratgey testing/polymarket-btc-5m_2026-08-16.zip::polymarket-btc-updown-5m-1786844100-2026-08-16.txt.zst
zip:///Users/bradamanka/Downloads/Stratgey testing/polymarket-btc-5m_2026-08-15.zip::polymarket-btc-updown-5m-1786844400-2026-08-15.txt.zst,polymarket-btc-updown-5m-1786844400-2026-08-15.txt.zst,polymarket-btc-5m_2026-08-15.zip,1786844400,1786844700,False,626,624,0,0,2,622,0,,,301,UNKNOWN,not_extreme,0.505,,0.01146697998046875,,no_leader,,,,,,,,,no_leader,,,,,,,,,zip:///Users/bradamanka/Downloads/Stratgey testing/polymarket-btc-5m_2026-08-16.zip::polymarket-btc-updown-5m-1786844400-2026-08-16.txt.zst
zip:///Users/bradamanka/Downloads/Stratgey testing/polymarket-btc-5m_2026-08-15.zip::polymarket-btc-updown-5m-1786844700-2026-08-15.txt.zst,polymarket-btc-updown-5m-1786844700-2026-08-15.txt.zst,polymarket-btc-5m_2026-08-15.zip,1786844700,1786845000,False,659,657,0,0,1,656,0,,,301,UNKNOWN,not_extreme,0.505,,0.010587930679321289,,no_leader,,,,,,,,,no_leader,,,,,,,,,zip:///Users/bradamanka/Downloads/Stratgey testing/polymarket-btc-5m_2026-08-16.zip::polymarket-btc-updown-5m-1786844700-2026-08-16.txt.zst
zip:///Users/bradamanka/Downloads/Stratgey testing/polymarket-btc-5m_2026-08-15.zip::polymarket-btc-updown-5m-1786845300-2026-08-15.txt.zst,polymarket-btc-updown-5m-1786845300-2026-08-15.txt.zst,polymarket-btc-5m_2026-08-15.zip,1786845300,1786845600,False,526,524,0,0,1,523,0,,,301,UNKNOWN,not_extreme,0.505,,0.006824970245361328,,no_leader,,,,,,,,,no_leader,,,,,,,,,zip:///Users/bradamanka/Downloads/Stratgey testing/polymarket-btc-5m_2026-08-16.zip::polymarket-btc-updown-5m-1786845300-2026-08-16.txt.zst
zip:///Users/bradamanka/Downloads/Stratgey testing/polymarket-btc-5m_2026-08-15.zip::polymarket-btc-updown-5m-1786845000-2026-08-15.txt.zst,polymarket-btc-updown-5m-1786845000-2026-08-15.txt.zst,polymarket-btc-5m_2026-08-15.zip,1786845000,1786845300,False,658,656,0,0,1,655,0,,,301,UNKNOWN,not_extreme,0.505,,0.013098955154418945,,no_leader,,,,,,,,,no_leader,,,,,,,,,zip:///Users/bradamanka/Downloads/Stratgey testing/polymarket-btc-5m_2026-08-16.zip::polymarket-btc-updown-5m-1786845000-2026-08-16.txt.zst
zip:///Users/bradamanka/Downloads/Stratgey testing/polymarket-btc-5m_2026-08-15.zip::polymarket-btc-updown-5m-1786846200-2026-08-15.txt.zst,polymarket-btc-updown-5m-1786846200-2026-08-15.txt.zst,polymarket-btc-5m_2026-08-15.zip,1786846200,1786846500,False,704,702,0,0,1,701,0,,,301,UNKNOWN,not_extreme,0.505,,0.01098489761352539,,no_leader,,,,,,,,,no_leader,,,,,,,,,zip:///Users/bradamanka/Downloads/Stratgey testing/polymarket-btc-5m_2026-08-16.zip::polymarket-btc-updown-5m-1786846200-2026-08-16.txt.zst
zip:///Users/bradamanka/Downloads/Stratgey testing/polymarket-btc-5m_2026-08-15.zip::polymarket-btc-updown-5m-1786845900-2026-08-15.txt.zst,polymarket-btc-updown-5m-1786845900-2026-08-15.txt.zst,polymarket-btc-5m_2026-08-15.zip,1786845900,1786846200,False,736,734,0,0,1,733,0,,,301,UNKNOWN,not_extreme,0.505,,0.01598381996154785,,no_leader,,,,,,,,,no_leader,,,,,,,,,zip:///Users/bradamanka/Downloads/Stratgey testing/polymarket-btc-5m_2026-08-16.zip::polymarket-btc-updown-5m-1786845900-2026-08-16.txt.zst
zip:///Users/bradamanka/Downloads/Stratgey testing/polymarket-btc-5m_2026-08-15.zip::polymarket-btc-updown-5m-1786845600-2026-08-15.txt.zst,polymarket-btc-updown-5m-1786845600-2026-08-15.txt.zst,polymarket-btc-5m_2026-08-15.zip,1786845600,1786845900,False,669,667,0,0,1,666,0,,,301,UNKNOWN,not_extreme,0.505,,0.01919388771057129,,no_leader,,,,,,,,,no_leader,,,,,,,,,zip:///Users/bradamanka/Downloads/Stratgey testing/polymarket-btc-5m_2026-08-16.zip::polymarket-btc-updown-5m-1786845600-2026-08-16.txt.zst
zip:///Users/bradamanka/Downloads/Stratgey testing/polymarket-btc-5m_2026-08-15.zip::polymarket-btc-updown-5m-1786846500-2026-08-15.txt.zst,polymarket-btc-updown-5m-1786846500-2026-08-15.txt.zst,polymarket-btc-5m_2026-08-15.zip,1786846500,1786846800,False,621,619,0,0,1,618,0,,,301,UNKNOWN,not_extreme,0.505,,0.007715940475463867,,no_leader,,,,,,,,,no_leader,,,,,,,,,zip:///Users/bradamanka/Downloads/Stratgey testing/polymarket-btc-5m_2026-08-16.zip::polymarket-btc-updown-5m-1786846500-2026-08-16.txt.zst
zip:///Users/bradamanka/Downloads/Stratgey testing/polymarket-btc-5m_2026-08-15.zip::polymarket-btc-updown-5m-1786846800-2026-08-15.txt.zst,polymarket-btc-updown-5m-1786846800-2026-08-15.txt.zst,polymarket-btc-5m_2026-08-15.zip,1786846800,1786847100,False,648,646,0,0,2,644,0,,,301,UNKNOWN,not_extreme,0.505,,0.019207000732421875,,no_leader,,,,,,,,,no_leader,,,,,,,,,zip:///Users/bradamanka/Downloads/Stratgey testing/polymarket-btc-5m_2026-08-16.zip::polymarket-btc-updown-5m-1786846800-2026-08-16.txt.zst
zip:///Users/bradamanka/Downloads/Stratgey testing/polymarket-btc-5m_2026-08-15.zip::polymarket-btc-updown-5m-1786847100-2026-08-15.txt.zst,polymarket-btc-updown-5m-1786847100-2026-08-15.txt.zst,polymarket-btc-5m_2026-08-15.zip,1786847100,1786847400,False,555,553,0,0,1,552,0,,,301,UNKNOWN,not_extreme,0.505,,0.014998912811279297,,no_leader,,,,,,,,,no_leader,,,,,,,,,zip:///Users/bradamanka/Downloads/Stratgey testing/polymarket-btc-5m_2026-08-16.zip::polymarket-btc-updown-5m-1786847100-2026-08-16.txt.zst
zip:///Users/bradamanka/Downloads/Stratgey testing/polymarket-btc-5m_2026-08-15.zip::polymarket-btc-updown-5m-1786847400-2026-08-15.txt.zst,polymarket-btc-updown-5m-1786847400-2026-08-15.txt.zst,polymarket-btc-5m_2026-08-15.zip,1786847400,1786847700,False,700,698,0,0,1,697,0,,,301,UNKNOWN,not_extreme,0.505,,0.013802289962768555,,no_leader,,,,,,,,,no_leader,,,,,,,,,zip:///Users/bradamanka/Downloads/Stratgey testing/polymarket-btc-5m_2026-08-16.zip::polymarket-btc-updown-5m-1786847400-2026-08-16.txt.zst
zip:///Users/bradamanka/Downloads/Stratgey testing/polymarket-btc-5m_2026-08-15.zip::polymarket-btc-updown-5m-1786847700-2026-08-15.txt.zst,polymarket-btc-updown-5m-1786847700-2026-08-15.txt.zst,polymarket-btc-5m_2026-08-15.zip,1786847700,1786848000,False,616,614,0,0,1,613,0,,,301,UNKNOWN,not_extreme,0.505,,0.013676881790161133,,no_leader,,,,,,,,,no_leader,,,,,,,,,zip:///Users/bradamanka/Downloads/Stratgey testing/polymarket-btc-5m_2026-08-16.zip::polymarket-btc-updown-5m-1786847700-2026-08-16.txt.zst
zip:///Users/bradamanka/Downloads/Stratgey testing/polymarket-btc-5m_2026-08-15.zip::polymarket-btc-updown-5m-1786848300-2026-08-15.txt.zst,polymarket-btc-updown-5m-1786848300-2026-08-15.txt.zst,polymarket-btc-5m_2026-08-15.zip,1786848300,1786848600,False,650,648,0,0,1,647,0,,,301,UNKNOWN,not_extreme,0.505,,0.012274026870727539,,no_leader,,,,,,,,,no_leader,,,,,,,,,zip:///Users/bradamanka/Downloads/Stratgey testing/polymarket-btc-5m_2026-08-16.zip::polymarket-btc-updown-5m-1786848300-2026-08-16.txt.zst
zip:///Users/bradamanka/Downloads/Stratgey testing/polymarket-btc-5m_2026-08-15.zip::polymarket-btc-updown-5m-1786848000-2026-08-15.txt.zst,polymarket-btc-updown-5m-1786848000-2026-08-15.txt.zst,polymarket-btc-5m_2026-08-15.zip,1786848000,1786848300,False,617,615,0,0,1,614,0,,,301,UNKNOWN,not_extreme,0.505,,0.016718149185180664,,no_leader,,,,,,,,,no_leader,,,,,,,,,zip:///Users/bradamanka/Downloads/Stratgey testing/polymarket-btc-5m_2026-08-16.zip::polymarket-btc-updown-5m-1786848000-2026-08-16.txt.zst
zip:///Users/bradamanka/Downloads/Stratgey testing/polymarket-btc-5m_2026-08-15.zip::polymarket-btc-updown-5m-1786849200-2026-08-15.txt.zst,polymarket-btc-updown-5m-1786849200-2026-08-15.txt.zst,polymarket-btc-5m_2026-08-15.zip,1786849200,1786849500,False,663,661,0,0,1,660,0,,,301,UNKNOWN,not_extreme,0.505,,0.006779909133911133,,no_leader,,,,,,,,,no_leader,,,,,,,,,zip:///Users/bradamanka/Downloads/Stratgey testing/polymarket-btc-5m_2026-08-16.zip::polymarket-btc-updown-5m-1786849200-2026-08-16.txt.zst
zip:///Users/bradamanka/Downloads/Stratgey testing/polymarket-btc-5m_2026-08-15.zip::polymarket-btc-updown-5m-1786848900-2026-08-15.txt.zst,polymarket-btc-updown-5m-1786848900-2026-08-15.txt.zst,polymarket-btc-5m_2026-08-15.zip,1786848900,1786849200,False,616,614,0,0,1,613,0,,,301,UNKNOWN,not_extreme,0.505,,0.011323213577270508,,no_leader,,,,,,,,,no_leader,,,,,,,,,zip:///Users/bradamanka/Downloads/Stratgey testing/polymarket-btc-5m_2026-08-16.zip::polymarket-btc-updown-5m-1786848900-2026-08-16.txt.zst
zip:///Users/bradamanka/Downloads/Stratgey testing/polymarket-btc-5m_2026-08-15.zip::polymarket-btc-updown-5m-1786848600-2026-08-15.txt.zst,polymarket-btc-updown-5m-1786848600-2026-08-15.txt.zst,polymarket-btc-5m_2026-08-15.zip,1786848600,1786848900,False,609,607,0,0,1,606,0,,,301,UNKNOWN,not_extreme,0.505,,0.014911890029907227,,no_leader,,,,,,,,,no_leader,,,,,,,,,zip:///Users/bradamanka/Downloads/Stratgey testing/polymarket-btc-5m_2026-08-16.zip::polymarket-btc-updown-5m-1786848600-2026-08-16.txt.zst
zip:///Users/bradamanka/Downloads/Stratgey testing/polymarket-btc-5m_2026-08-15.zip::polymarket-btc-updown-5m-1786849800-2026-08-15.txt.zst,polymarket-btc-updown-5m-1786849800-2026-08-15.txt.zst,polymarket-btc-5m_2026-08-15.zip,1786849800,1786850100,False,561,559,0,0,2,557,0,,,301,UNKNOWN,not_extreme,0.505,,0.005890846252441406,,no_leader,,,,,,,,,no_leader,,,,,,,,,zip:///Users/bradamanka/Downloads/Stratgey testing/polymarket-btc-5m_2026-08-16.zip::polymarket-btc-updown-5m-1786849800-2026-08-16.txt.zst
zip:///Users/bradamanka/Downloads/Stratgey testing/polymarket-btc-5m_2026-08-15.zip::polymarket-btc-updown-5m-1786850100-2026-08-15.txt.zst,polymarket-btc-updown-5m-1786850100-2026-08-15.txt.zst,polymarket-btc-5m_2026-08-15.zip,1786850100,1786850400,False,691,689,0,0,1,688,0,,,301,UNKNOWN,not_extreme,0.505,,0.008732080459594727,,no_leader,,,,,,,,,no_leader,,,,,,,,,zip:///Users/bradamanka/Downloads/Stratgey testing/polymarket-btc-5m_2026-08-16.zip::polymarket-btc-updown-5m-1786850100-2026-08-16.txt.zst
zip:///Users/bradamanka/Downloads/Stratgey testing/polymarket-btc-5m_2026-08-15.zip::polymarket-btc-updown-5m-1786849500-2026-08-15.txt.zst,polymarket-btc-updown-5m-1786849500-2026-08-15.txt.zst,polymarket-btc-5m_2026-08-15.zip,1786849500,1786849800,False,527,525,0,0,1,524,0,,,301,UNKNOWN,not_extreme,0.505,,0.015093803405761719,,no_leader,,,,,,,,,no_leader,,,,,,,,,zip:///Users/bradamanka/Downloads/Stratgey testing/polymarket-btc-5m_2026-08-16.zip::polymarket-btc-updown-5m-1786849500-2026-08-16.txt.zst
zip:///Users/bradamanka/Downloads/Stratgey testing/polymarket-btc-5m_2026-08-15.zip::polymarket-btc-updown-5m-1786850700-2026-08-15.txt.zst,polymarket-btc-updown-5m-1786850700-2026-08-15.txt.zst,polymarket-btc-5m_2026-08-15.zip,1786850700,1786851000,False,651,649,0,0,1,648,0,,,301,UNKNOWN,not_extreme,0.5,,0.00785207748413086,,no_leader,,,,,,,,,no_leader,,,,,,,,,zip:///Users/bradamanka/Downloads/Stratgey testing/polymarket-btc-5m_2026-08-16.zip::polymarket-btc-updown-5m-1786850700-2026-08-16.txt.zst
zip:///Users/bradamanka/Downloads/Stratgey testing/polymarket-btc-5m_2026-08-15.zip::polymarket-btc-updown-5m-1786850400-2026-08-15.txt.zst,polymarket-btc-updown-5m-1786850400-2026-08-15.txt.zst,polymarket-btc-5m_2026-08-15.zip,1786850400,1786850700,False,696,694,0,0,1,693,0,,,301,UNKNOWN,not_extreme,0.505,,0.015377044677734375,,no_leader,,,,,,,,,no_leader,,,,,,,,,zip:///Users/bradamanka/Downloads/Stratgey testing/polymarket-btc-5m_2026-08-16.zip::polymarket-btc-updown-5m-1786850400-2026-08-16.txt.zst
zip:///Users/bradamanka/Downloads/Stratgey testing/polymarket-btc-5m_2026-08-15.zip::polymarket-btc-updown-5m-1786851000-2026-08-15.txt.zst,polymarket-btc-updown-5m-1786851000-2026-08-15.txt.zst,polymarket-btc-5m_2026-08-15.zip,1786851000,1786851300,False,666,664,0,0,1,663,0,,,301,UNKNOWN,not_extreme,0.505,,0.00976419448852539,,no_leader,,,,,,,,,no_leader,,,,,,,,,zip:///Users/bradamanka/Downloads/Stratgey testing/polymarket-btc-5m_2026-08-16.zip::polymarket-btc-updown-5m-1786851000-2026-08-16.txt.zst
zip:///Users/bradamanka/Downloads/Stratgey testing/polymarket-btc-5m_2026-08-15.zip::polymarket-btc-updown-5m-1786851900-2026-08-15.txt.zst,polymarket-btc-updown-5m-1786851900-2026-08-15.txt.zst,polymarket-btc-5m_2026-08-15.zip,1786851900,1786852200,False,537,535,0,0,1,534,0,,,301,UNKNOWN,not_extreme,0.505,,0.006715059280395508,,no_leader,,,,,,,,,no_leader,,,,,,,,,zip:///Users/bradamanka/Downloads/Stratgey testing/polymarket-btc-5m_2026-08-16.zip::polymarket-btc-updown-5m-1786851900-2026-08-16.txt.zst
zip:///Users/bradamanka/Downloads/Stratgey testing/polymarket-btc-5m_2026-08-15.zip::polymarket-btc-updown-5m-1786851300-2026-08-15.txt.zst,polymarket-btc-updown-5m-1786851300-2026-08-15.txt.zst,polymarket-btc-5m_2026-08-15.zip,1786851300,1786851600,False,607,605,0,0,1,604,0,,,301,UNKNOWN,not_extreme,0.505,,0.012678861618041992,,no_leader,,,,,,,,,no_leader,,,,,,,,,zip:///Users/bradamanka/Downloads/Stratgey testing/polymarket-btc-5m_2026-08-16.zip::polymarket-btc-updown-5m-1786851300-2026-08-16.txt.zst
zip:///Users/bradamanka/Downloads/Stratgey testing/polymarket-btc-5m_2026-08-15.zip::polymarket-btc-updown-5m-1786851600-2026-08-15.txt.zst,polymarket-btc-updown-5m-1786851600-2026-08-15.txt.zst,polymarket-btc-5m_2026-08-15.zip,1786851600,1786851900,False,637,635,0,0,1,634,0,,,301,UNKNOWN,not_extreme,0.505,,0.009969234466552734,,no_leader,,,,,,,,,no_leader,,,,,,,,,zip:///Users/bradamanka/Downloads/Stratgey testing/polymarket-btc-5m_2026-08-16.zip::polymarket-btc-updown-5m-1786851600-2026-08-16.txt.zst
zip:///Users/bradamanka/Downloads/Stratgey testing/polymarket-btc-5m_2026-08-15.zip::polymarket-btc-updown-5m-1786852200-2026-08-15.txt.zst,polymarket-btc-updown-5m-1786852200-2026-08-15.txt.zst,polymarket-btc-5m_2026-08-15.zip,1786852200,1786852500,False,536,534,0,0,2,532,0,,,301,UNKNOWN,not_extreme,0.505,,0.007256031036376953,,no_leader,,,,,,,,,no_leader,,,,,,,,,zip:///Users/bradamanka/Downloads/Stratgey testing/polymarket-btc-5m_2026-08-16.zip::polymarket-btc-updown-5m-1786852200-2026-08-16.txt.zst
zip:///Users/bradamanka/Downloads/Stratgey testing/polymarket-btc-5m_2026-08-15.zip::polymarket-btc-updown-5m-1786852500-2026-08-15.txt.zst,polymarket-btc-updown-5m-1786852500-2026-08-15.txt.zst,polymarket-btc-5m_2026-08-15.zip,1786852500,1786852800,False,523,521,0,0,1,520,0,,,301,UNKNOWN,not_extreme,0.505,,0.007818937301635742,,no_leader,,,,,,,,,no_leader,,,,,,,,,zip:///Users/bradamanka/Downloads/Stratgey testing/polymarket-btc-5m_2026-08-16.zip::polymarket-btc-updown-5m-1786852500-2026-08-16.txt.zst
zip:///Users/bradamanka/Downloads/Stratgey testing/polymarket-btc-5m_2026-08-15.zip::polymarket-btc-updown-5m-1786852800-2026-08-15.txt.zst,polymarket-btc-updown-5m-1786852800-2026-08-15.txt.zst,polymarket-btc-5m_2026-08-15.zip,1786852800,1786853100,False,547,545,0,0,1,544,0,,,301,UNKNOWN,not_extreme,0.505,,0.0068819522857666016,,no_leader,,,,,,,,,no_leader,,,,,,,,,zip:///Users/bradamanka/Downloads/Stratgey testing/polymarket-btc-5m_2026-08-16.zip::polymarket-btc-updown-5m-1786852800-2026-08-16.txt.zst
zip:///Users/bradamanka/Downloads/Stratgey testing/polymarket-btc-5m_2026-08-15.zip::polymarket-btc-updown-5m-1786853400-2026-08-15.txt.zst,polymarket-btc-updown-5m-1786853400-2026-08-15.txt.zst,polymarket-btc-5m_2026-08-15.zip,1786853400,1786853700,False,509,507,0,0,1,506,0,,,301,UNKNOWN,not_extreme,0.505,,0.006121158599853516,,no_leader,,,,,,,,,no_leader,,,,,,,,,zip:///Users/bradamanka/Downloads/Stratgey testing/polymarket-btc-5m_2026-08-16.zip::polymarket-btc-updown-5m-1786853400-2026-08-16.txt.zst
zip:///Users/bradamanka/Downloads/Stratgey testing/polymarket-btc-5m_2026-08-15.zip::polymarket-btc-updown-5m-1786853100-2026-08-15.txt.zst,polymarket-btc-updown-5m-1786853100-2026-08-15.txt.zst,polymarket-btc-5m_2026-08-15.zip,1786853100,1786853400,False,480,478,0,0,1,477,0,,,301,UNKNOWN,not_extreme,0.505,,0.014004945755004883,,no_leader,,,,,,,,,no_leader,,,,,,,,,zip:///Users/bradamanka/Downloads/Stratgey testing/polymarket-btc-5m_2026-08-16.zip::polymarket-btc-updown-5m-1786853100-2026-08-16.txt.zst
zip:///Users/bradamanka/Downloads/Stratgey testing/polymarket-btc-5m_2026-08-15.zip::polymarket-btc-updown-5m-1786853700-2026-08-15.txt.zst,polymarket-btc-updown-5m-1786853700-2026-08-15.txt.zst,polymarket-btc-5m_2026-08-15.zip,1786853700,1786854000,False,529,527,0,0,1,526,0,,,301,UNKNOWN,not_extreme,0.505,,0.006417751312255859,,no_leader,,,,,,,,,no_leader,,,,,,,,,zip:///Users/bradamanka/Downloads/Stratgey testing/polymarket-btc-5m_2026-08-16.zip::polymarket-btc-updown-5m-1786853700-2026-08-16.txt.zst
zip:///Users/bradamanka/Downloads/Stratgey testing/polymarket-btc-5m_2026-08-15.zip::polymarket-btc-updown-5m-1786854000-2026-08-15.txt.zst,polymarket-btc-updown-5m-1786854000-2026-08-15.txt.zst,polymarket-btc-5m_2026-08-15.zip,1786854000,1786854300,False,558,556,0,0,1,555,0,,,301,UNKNOWN,not_extreme,0.505,,0.008985042572021484,,no_leader,,,,,,,,,no_leader,,,,,,,,,zip:///Users/bradamanka/Downloads/Stratgey testing/polymarket-btc-5m_2026-08-16.zip::polymarket-btc-updown-5m-1786854000-2026-08-16.txt.zst
zip:///Users/bradamanka/Downloads/Stratgey testing/polymarket-btc-5m_2026-08-15.zip::polymarket-btc-updown-5m-1786854300-2026-08-15.txt.zst,polymarket-btc-updown-5m-1786854300-2026-08-15.txt.zst,polymarket-btc-5m_2026-08-15.zip,1786854300,1786854600,False,566,564,0,0,1,563,0,,,301,UNKNOWN,not_extreme,0.505,,0.022888898849487305,,no_leader,,,,,,,,,no_leader,,,,,,,,,zip:///Users/bradamanka/Downloads/Stratgey testing/polymarket-btc-5m_2026-08-16.zip::polymarket-btc-updown-5m-1786854300-2026-08-16.txt.zst
zip:///Users/bradamanka/Downloads/Stratgey testing/polymarket-btc-5m_2026-08-15.zip::polymarket-btc-updown-5m-1786854600-2026-08-15.txt.zst,polymarket-btc-updown-5m-1786854600-2026-08-15.txt.zst,polymarket-btc-5m_2026-08-15.zip,1786854600,1786854900,False,447,445,0,0,1,444,0,,,301,UNKNOWN,not_extreme,0.505,,0.01908087730407715,,no_leader,,,,,,,,,no_leader,,,,,,,,,zip:///Users/bradamanka/Downloads/Stratgey testing/polymarket-btc-5m_2026-08-16.zip::polymarket-btc-updown-5m-1786854600-2026-08-16.txt.zst
zip:///Users/bradamanka/Downloads/Stratgey testing/polymarket-btc-5m_2026-08-15.zip::polymarket-btc-updown-5m-1786855500-2026-08-15.txt.zst,polymarket-btc-updown-5m-1786855500-2026-08-15.txt.zst,polymarket-btc-5m_2026-08-15.zip,1786855500,1786855800,False,337,335,0,0,1,334,0,,,301,UNKNOWN,not_extreme,0.505,,0.006824970245361328,,no_leader,,,,,,,,,no_leader,,,,,,,,,zip:///Users/bradamanka/Downloads/Stratgey testing/polymarket-btc-5m_2026-08-16.zip::polymarket-btc-updown-5m-1786855500-2026-08-16.txt.zst
zip:///Users/bradamanka/Downloads/Stratgey testing/polymarket-btc-5m_2026-08-15.zip::polymarket-btc-updown-5m-1786855200-2026-08-15.txt.zst,polymarket-btc-updown-5m-1786855200-2026-08-15.txt.zst,polymarket-btc-5m_2026-08-15.zip,1786855200,1786855500,False,537,535,0,0,1,534,0,,,301,UNKNOWN,not_extreme,0.505,,0.0078887939453125,,no_leader,,,,,,,,,no_leader,,,,,,,,,zip:///Users/bradamanka/Downloads/Stratgey testing/polymarket-btc-5m_2026-08-16.zip::polymarket-btc-updown-5m-1786855200-2026-08-16.txt.zst
zip:///Users/bradamanka/Downloads/Stratgey testing/polymarket-btc-5m_2026-08-15.zip::polymarket-btc-updown-5m-1786854900-2026-08-15.txt.zst,polymarket-btc-updown-5m-1786854900-2026-08-15.txt.zst,polymarket-btc-5m_2026-08-15.zip,1786854900,1786855200,False,522,520,0,0,1,519,0,,,301,UNKNOWN,not_extreme,0.505,,0.03030991554260254,,no_leader,,,,,,,,,no_leader,,,,,,,,,zip:///Users/bradamanka/Downloads/Stratgey testing/polymarket-btc-5m_2026-08-16.zip::polymarket-btc-updown-5m-1786854900-2026-08-16.txt.zst
zip:///Users/bradamanka/Downloads/Stratgey testing/polymarket-btc-5m_2026-08-15.zip::polymarket-btc-updown-5m-1786856100-2026-08-15.txt.zst,polymarket-btc-updown-5m-1786856100-2026-08-15.txt.zst,polymarket-btc-5m_2026-08-15.zip,1786856100,1786856400,False,485,483,0,0,1,482,0,,,301,UNKNOWN,not_extreme,0.505,,0.007111072540283203,,no_leader,,,,,,,,,no_leader,,,,,,,,,zip:///Users/bradamanka/Downloads/Stratgey testing/polymarket-btc-5m_2026-08-16.zip::polymarket-btc-updown-5m-1786856100-2026-08-16.txt.zst
zip:///Users/bradamanka/Downloads/Stratgey testing/polymarket-btc-5m_2026-08-15.zip::polymarket-btc-updown-5m-1786855800-2026-08-15.txt.zst,polymarket-btc-updown-5m-1786855800-2026-08-15.txt.zst,polymarket-btc-5m_2026-08-15.zip,1786855800,1786856100,False,448,446,0,0,1,445,0,,,301,UNKNOWN,not_extreme,0.505,,0.010397911071777344,,no_leader,,,,,,,,,no_leader,,,,,,,,,zip:///Users/bradamanka/Downloads/Stratgey testing/polymarket-btc-5m_2026-08-16.zip::polymarket-btc-updown-5m-1786855800-2026-08-16.txt.zst
zip:///Users/bradamanka/Downloads/Stratgey testing/polymarket-btc-5m_2026-08-15.zip::polymarket-btc-updown-5m-1786856700-2026-08-15.txt.zst,polymarket-btc-updown-5m-1786856700-2026-08-15.txt.zst,polymarket-btc-5m_2026-08-15.zip,1786856700,1786857000,False,467,465,0,0,1,464,0,,,301,UNKNOWN,not_extreme,0.505,,0.008215188980102539,,no_leader,,,,,,,,,no_leader,,,,,,,,,zip:///Users/bradamanka/Downloads/Stratgey testing/polymarket-btc-5m_2026-08-16.zip::polymarket-btc-updown-5m-1786856700-2026-08-16.txt.zst
zip:///Users/bradamanka/Downloads/Stratgey testing/polymarket-btc-5m_2026-08-15.zip::polymarket-btc-updown-5m-1786856400-2026-08-15.txt.zst,polymarket-btc-updown-5m-1786856400-2026-08-15.txt.zst,polymarket-btc-5m_2026-08-15.zip,1786856400,1786856700,False,530,528,0,0,1,527,0,,,301,UNKNOWN,not_extreme,0.505,,0.012078046798706055,,no_leader,,,,,,,,,no_leader,,,,,,,,,zip:///Users/bradamanka/Downloads/Stratgey testing/polymarket-btc-5m_2026-08-16.zip::polymarket-btc-updown-5m-1786856400-2026-08-16.txt.zst
zip:///Users/bradamanka/Downloads/Stratgey testing/polymarket-btc-5m_2026-08-15.zip::polymarket-btc-updown-5m-1786857000-2026-08-15.txt.zst,polymarket-btc-updown-5m-1786857000-2026-08-15.txt.zst,polymarket-btc-5m_2026-08-15.zip,1786857000,1786857300,False,516,514,0,0,1,513,0,,,301,UNKNOWN,not_extreme,0.505,,0.011660099029541016,,no_leader,,,,,,,,,no_leader,,,,,,,,,zip:///Users/bradamanka/Downloads/Stratgey testing/polymarket-btc-5m_2026-08-16.zip::polymarket-btc-updown-5m-1786857000-2026-08-16.txt.zst
zip:///Users/bradamanka/Downloads/Stratgey testing/polymarket-btc-5m_2026-08-15.zip::polymarket-btc-updown-5m-1786857300-2026-08-15.txt.zst,polymarket-btc-updown-5m-1786857300-2026-08-15.txt.zst,polymarket-btc-5m_2026-08-15.zip,1786857300,1786857600,False,453,451,0,0,1,450,0,,,301,UNKNOWN,not_extreme,0.505,,0.007802724838256836,,no_leader,,,,,,,,,no_leader,,,,,,,,,zip:///Users/bradamanka/Downloads/Stratgey testing/polymarket-btc-5m_2026-08-16.zip::polymarket-btc-updown-5m-1786857300-2026-08-16.txt.zst
zip:///Users/bradamanka/Downloads/Stratgey testing/polymarket-btc-5m_2026-08-15.zip::polymarket-btc-updown-5m-1786857600-2026-08-15.txt.zst,polymarket-btc-updown-5m-1786857600-2026-08-15.txt.zst,polymarket-btc-5m_2026-08-15.zip,1786857600,1786857900,False,417,415,0,0,1,414,0,,,301,UNKNOWN,not_extreme,0.5,,0.008449792861938477,,no_leader,,,,,,,,,no_leader,,,,,,,,,zip:///Users/bradamanka/Downloads/Stratgey testing/polymarket-btc-5m_2026-08-16.zip::polymarket-btc-updown-5m-1786857600-2026-08-16.txt.zst
zip:///Users/bradamanka/Downloads/Stratgey testing/polymarket-btc-5m_2026-08-15.zip::polymarket-btc-updown-5m-1786857900-2026-08-15.txt.zst,polymarket-btc-updown-5m-1786857900-2026-08-15.txt.zst,polymarket-btc-5m_2026-08-15.zip,1786857900,1786858200,False,478,476,0,0,1,475,0,,,301,UNKNOWN,not_extreme,0.505,,0.006799936294555664,,no_leader,,,,,,,,,no_leader,,,,,,,,,zip:///Users/bradamanka/Downloads/Stratgey testing/polymarket-btc-5m_2026-08-16.zip::polymarket-btc-updown-5m-1786857900-2026-08-16.txt.zst
zip:///Users/bradamanka/Downloads/Stratgey testing/polymarket-btc-5m_2026-08-15.zip::polymarket-btc-updown-5m-1786858500-2026-08-15.txt.zst,polymarket-btc-updown-5m-1786858500-2026-08-15.txt.zst,polymarket-btc-5m_2026-08-15.zip,1786858500,1786858800,False,473,471,0,0,1,470,0,,,301,UNKNOWN,not_extreme,0.505,,0.006744861602783203,,no_leader,,,,,,,,,no_leader,,,,,,,,,zip:///Users/bradamanka/Downloads/Stratgey testing/polymarket-btc-5m_2026-08-16.zip::polymarket-btc-updown-5m-1786858500-2026-08-16.txt.zst
zip:///Users/bradamanka/Downloads/Stratgey testing/polymarket-btc-5m_2026-08-15.zip::polymarket-btc-updown-5m-1786858200-2026-08-15.txt.zst,polymarket-btc-updown-5m-1786858200-2026-08-15.txt.zst,polymarket-btc-5m_2026-08-15.zip,1786858200,1786858500,False,448,446,0,0,1,445,0,,,301,UNKNOWN,not_extreme,0.505,,0.011444091796875,,no_leader,,,,,,,,,no_leader,,,,,,,,,zip:///Users/bradamanka/Downloads/Stratgey testing/polymarket-btc-5m_2026-08-16.zip::polymarket-btc-updown-5m-1786858200-2026-08-16.txt.zst
zip:///Users/bradamanka/Downloads/Stratgey testing/polymarket-btc-5m_2026-08-15.zip::polymarket-btc-updown-5m-1786859400-2026-08-15.txt.zst,polymarket-btc-updown-5m-1786859400-2026-08-15.txt.zst,polymarket-btc-5m_2026-08-15.zip,1786859400,1786859700,False,406,404,0,0,1,403,0,,,301,UNKNOWN,not_extreme,0.5,,0.015620708465576172,,no_leader,,,,,,,,,no_leader,,,,,,,,,zip:///Users/bradamanka/Downloads/Stratgey testing/polymarket-btc-5m_2026-08-16.zip::polymarket-btc-updown-5m-1786859400-2026-08-16.txt.zst
zip:///Users/bradamanka/Downloads/Stratgey testing/polymarket-btc-5m_2026-08-15.zip::polymarket-btc-updown-5m-1786859100-2026-08-15.txt.zst,polymarket-btc-updown-5m-1786859100-2026-08-15.txt.zst,polymarket-btc-5m_2026-08-15.zip,1786859100,1786859400,False,467,465,0,0,1,464,0,,,301,UNKNOWN,not_extreme,0.505,,0.017547130584716797,,no_leader,,,,,,,,,no_leader,,,,,,,,,zip:///Users/bradamanka/Downloads/Stratgey testing/polymarket-btc-5m_2026-08-16.zip::polymarket-btc-updown-5m-1786859100-2026-08-16.txt.zst
zip:///Users/bradamanka/Downloads/Stratgey testing/polymarket-btc-5m_2026-08-15.zip::polymarket-btc-updown-5m-1786858800-2026-08-15.txt.zst,polymarket-btc-updown-5m-1786858800-2026-08-15.txt.zst,polymarket-btc-5m_2026-08-15.zip,1786858800,1786859100,False,527,525,0,0,1,524,0,,,301,UNKNOWN,not_extreme,0.505,,0.025761127471923828,,no_leader,,,,,,,,,no_leader,,,,,,,,,zip:///Users/bradamanka/Downloads/Stratgey testing/polymarket-btc-5m_2026-08-16.zip::polymarket-btc-updown-5m-1786858800-2026-08-16.txt.zst
zip:///Users/bradamanka/Downloads/Stratgey testing/polymarket-btc-5m_2026-08-15.zip::polymarket-btc-updown-5m-1786860000-2026-08-15.txt.zst,polymarket-btc-updown-5m-1786860000-2026-08-15.txt.zst,polymarket-btc-5m_2026-08-15.zip,1786860000,1786860300,False,442,440,0,0,1,439,0,,,301,UNKNOWN,not_extreme,0.505,,0.0054171085357666016,,no_leader,,,,,,,,,no_leader,,,,,,,,,zip:///Users/bradamanka/Downloads/Stratgey testing/polymarket-btc-5m_2026-08-16.zip::polymarket-btc-updown-5m-1786860000-2026-08-16.txt.zst
zip:///Users/bradamanka/Downloads/Stratgey testing/polymarket-btc-5m_2026-08-15.zip::polymarket-btc-updown-5m-1786860600-2026-08-15.txt.zst,polymarket-btc-updown-5m-1786860600-2026-08-15.txt.zst,polymarket-btc-5m_2026-08-15.zip,1786860600,1786860900,False,492,490,0,0,1,489,0,,,301,UNKNOWN,not_extreme,0.505,,0.006784915924072266,,no_leader,,,,,,,,,no_leader,,,,,,,,,zip:///Users/bradamanka/Downloads/Stratgey testing/polymarket-btc-5m_2026-08-16.zip::polymarket-btc-updown-5m-1786860600-2026-08-16.txt.zst
zip:///Users/bradamanka/Downloads/Stratgey testing/polymarket-btc-5m_2026-08-15.zip::polymarket-btc-updown-5m-1786860300-2026-08-15.txt.zst,polymarket-btc-updown-5m-1786860300-2026-08-15.txt.zst,polymarket-btc-5m_2026-08-15.zip,1786860300,1786860600,False,397,395,0,0,1,394,0,,,301,UNKNOWN,not_extreme,0.505,,0.010102987289428711,,no_leader,,,,,,,,,no_leader,,,,,,,,,zip:///Users/bradamanka/Downloads/Stratgey testing/polymarket-btc-5m_2026-08-16.zip::polymarket-btc-updown-5m-1786860300-2026-08-16.txt.zst
zip:///Users/bradamanka/Downloads/Stratgey testing/polymarket-btc-5m_2026-08-15.zip::polymarket-btc-updown-5m-1786859700-2026-08-15.txt.zst,polymarket-btc-updown-5m-1786859700-2026-08-15.txt.zst,polymarket-btc-5m_2026-08-15.zip,1786859700,1786860000,False,452,450,0,0,1,449,0,,,301,UNKNOWN,not_extreme,0.505,,0.0184781551361084,,no_leader,,,,,,,,,no_leader,,,,,,,,,zip:///Users/bradamanka/Downloads/Stratgey testing/polymarket-btc-5m_2026-08-16.zip::polymarket-btc-updown-5m-1786859700-2026-08-16.txt.zst
zip:///Users/bradamanka/Downloads/Stratgey testing/polymarket-btc-5m_2026-08-15.zip::polymarket-btc-updown-5m-1786861200-2026-08-15.txt.zst,polymarket-btc-updown-5m-1786861200-2026-08-15.txt.zst,polymarket-btc-5m_2026-08-15.zip,1786861200,1786861500,False,345,343,0,0,1,342,0,,,301,UNKNOWN,not_extreme,0.505,,0.0043468475341796875,,no_leader,,,,,,,,,no_leader,,,,,,,,,zip:///Users/bradamanka/Downloads/Stratgey testing/polymarket-btc-5m_2026-08-16.zip::polymarket-btc-updown-5m-1786861200-2026-08-16.txt.zst
zip:///Users/bradamanka/Downloads/Stratgey testing/polymarket-btc-5m_2026-08-15.zip::polymarket-btc-updown-5m-1786860900-2026-08-15.txt.zst,polymarket-btc-updown-5m-1786860900-2026-08-15.txt.zst,polymarket-btc-5m_2026-08-15.zip,1786860900,1786861200,False,335,333,0,0,1,332,0,,,301,UNKNOWN,not_extreme,0.505,,0.009473085403442383,,no_leader,,,,,,,,,no_leader,,,,,,,,,zip:///Users/bradamanka/Downloads/Stratgey testing/polymarket-btc-5m_2026-08-16.zip::polymarket-btc-updown-5m-1786860900-2026-08-16.txt.zst
zip:///Users/bradamanka/Downloads/Stratgey testing/polymarket-btc-5m_2026-08-15.zip::polymarket-btc-updown-5m-1786861800-2026-08-15.txt.zst,polymarket-btc-updown-5m-1786861800-2026-08-15.txt.zst,polymarket-btc-5m_2026-08-15.zip,1786861800,1786862100,False,415,413,0,0,1,412,0,,,301,UNKNOWN,not_extreme,0.505,,0.004411935806274414,,no_leader,,,,,,,,,no_leader,,,,,,,,,zip:///Users/bradamanka/Downloads/Stratgey testing/polymarket-btc-5m_2026-08-16.zip::polymarket-btc-updown-5m-1786861800-2026-08-16.txt.zst
zip:///Users/bradamanka/Downloads/Stratgey testing/polymarket-btc-5m_2026-08-15.zip::polymarket-btc-updown-5m-1786861500-2026-08-15.txt.zst,polymarket-btc-updown-5m-1786861500-2026-08-15.txt.zst,polymarket-btc-5m_2026-08-15.zip,1786861500,1786861800,False,461,459,0,0,1,458,0,,,301,UNKNOWN,not_extreme,0.505,,0.006675243377685547,,no_leader,,,,,,,,,no_leader,,,,,,,,,zip:///Users/bradamanka/Downloads/Stratgey testing/polymarket-btc-5m_2026-08-16.zip::polymarket-btc-updown-5m-1786861500-2026-08-16.txt.zst
zip:///Users/bradamanka/Downloads/Stratgey testing/polymarket-btc-5m_2026-08-15.zip::polymarket-btc-updown-5m-1786862100-2026-08-15.txt.zst,polymarket-btc-updown-5m-1786862100-2026-08-15.txt.zst,polymarket-btc-5m_2026-08-15.zip,1786862100,1786862400,False,416,414,0,0,1,413,0,,,301,UNKNOWN,not_extreme,0.505,,0.005239248275756836,,no_leader,,,,,,,,,no_leader,,,,,,,,,zip:///Users/bradamanka/Downloads/Stratgey testing/polymarket-btc-5m_2026-08-16.zip::polymarket-btc-updown-5m-1786862100-2026-08-16.txt.zst
zip:///Users/bradamanka/Downloads/Stratgey testing/polymarket-btc-5m_2026-08-15.zip::polymarket-btc-updown-5m-1786862400-2026-08-15.txt.zst,polymarket-btc-updown-5m-1786862400-2026-08-15.txt.zst,polymarket-btc-5m_2026-08-15.zip,1786862400,1786862700,False,834,832,0,0,1,831,0,,,301,UNKNOWN,not_extreme,0.505,,0.009690046310424805,,no_leader,,,,,,,,,no_leader,,,,,,,,,zip:///Users/bradamanka/Downloads/Stratgey testing/polymarket-btc-5m_2026-08-16.zip::polymarket-btc-updown-5m-1786862400-2026-08-16.txt.zst
zip:///Users/bradamanka/Downloads/Stratgey testing/polymarket-btc-5m_2026-08-15.zip::polymarket-btc-updown-5m-1786862700-2026-08-15.txt.zst,polymarket-btc-updown-5m-1786862700-2026-08-15.txt.zst,polymarket-btc-5m_2026-08-15.zip,1786862700,1786863000,False,450,448,0,0,1,447,0,,,301,UNKNOWN,not_extreme,0.505,,0.017911195755004883,,no_leader,,,,,,,,,no_leader,,,,,,,,,zip:///Users/bradamanka/Downloads/Stratgey testing/polymarket-btc-5m_2026-08-16.zip::polymarket-btc-updown-5m-1786862700-2026-08-16.txt.zst
zip:///Users/bradamanka/Downloads/Stratgey testing/polymarket-btc-5m_2026-08-15.zip::polymarket-btc-updown-5m-1786863000-2026-08-15.txt.zst,polymarket-btc-updown-5m-1786863000-2026-08-15.txt.zst,polymarket-btc-5m_2026-08-15.zip,1786863000,1786863300,False,847,845,0,0,1,844,0,,,301,UNKNOWN,not_extreme,0.505,,0.015425920486450195,,no_leader,,,,,,,,,no_leader,,,,,,,,,zip:///Users/bradamanka/Downloads/Stratgey testing/polymarket-btc-5m_2026-08-16.zip::polymarket-btc-updown-5m-1786863000-2026-08-16.txt.zst
zip:///Users/bradamanka/Downloads/Stratgey testing/polymarket-btc-5m_2026-08-15.zip::polymarket-btc-updown-5m-1786863300-2026-08-15.txt.zst,polymarket-btc-updown-5m-1786863300-2026-08-15.txt.zst,polymarket-btc-5m_2026-08-15.zip,1786863300,1786863600,False,487,485,0,0,1,484,0,,,301,UNKNOWN,not_extreme,0.5,,0.012436151504516602,,no_leader,,,,,,,,,no_leader,,,,,,,,,zip:///Users/bradamanka/Downloads/Stratgey testing/polymarket-btc-5m_2026-08-16.zip::polymarket-btc-updown-5m-1786863300-2026-08-16.txt.zst
zip:///Users/bradamanka/Downloads/Stratgey testing/polymarket-btc-5m_2026-08-15.zip::polymarket-btc-updown-5m-1786863600-2026-08-15.txt.zst,polymarket-btc-updown-5m-1786863600-2026-08-15.txt.zst,polymarket-btc-5m_2026-08-15.zip,1786863600,1786863900,False,364,362,0,0,1,361,0,,,301,UNKNOWN,not_extreme,0.505,,0.008360147476196289,,no_leader,,,,,,,,,no_leader,,,,,,,,,zip:///Users/bradamanka/Downloads/Stratgey testing/polymarket-btc-5m_2026-08-16.zip::polymarket-btc-updown-5m-1786863600-2026-08-16.txt.zst
zip:///Users/bradamanka/Downloads/Stratgey testing/polymarket-btc-5m_2026-08-15.zip::polymarket-btc-updown-5m-1786864200-2026-08-15.txt.zst,polymarket-btc-updown-5m-1786864200-2026-08-15.txt.zst,polymarket-btc-5m_2026-08-15.zip,1786864200,1786864500,False,465,463,0,0,1,462,0,,,301,UNKNOWN,not_extreme,0.505,,0.0141448974609375,,no_leader,,,,,,,,,no_leader,,,,,,,,,zip:///Users/bradamanka/Downloads/Stratgey testing/polymarket-btc-5m_2026-08-16.zip::polymarket-btc-updown-5m-1786864200-2026-08-16.txt.zst
zip:///Users/bradamanka/Downloads/Stratgey testing/polymarket-btc-5m_2026-08-15.zip::polymarket-btc-updown-5m-1786863900-2026-08-15.txt.zst,polymarket-btc-updown-5m-1786863900-2026-08-15.txt.zst,polymarket-btc-5m_2026-08-15.zip,1786863900,1786864200,False,452,450,0,0,1,449,0,,,301,UNKNOWN,not_extreme,0.505,,0.018300771713256836,,no_leader,,,,,,,,,no_leader,,,,,,,,,zip:///Users/bradamanka/Downloads/Stratgey testing/polymarket-btc-5m_2026-08-16.zip::polymarket-btc-updown-5m-1786863900-2026-08-16.txt.zst
zip:///Users/bradamanka/Downloads/Stratgey testing/polymarket-btc-5m_2026-08-15.zip::polymarket-btc-updown-5m-1786864500-2026-08-15.txt.zst,polymarket-btc-updown-5m-1786864500-2026-08-15.txt.zst,polymarket-btc-5m_2026-08-15.zip,1786864500,1786864800,False,447,445,0,0,1,444,0,,,301,UNKNOWN,not_extreme,0.505,,0.012617111206054688,,no_leader,,,,,,,,,no_leader,,,,,,,,,zip:///Users/bradamanka/Downloads/Stratgey testing/polymarket-btc-5m_2026-08-16.zip::polymarket-btc-updown-5m-1786864500-2026-08-16.txt.zst
zip:///Users/bradamanka/Downloads/Stratgey testing/polymarket-btc-5m_2026-08-15.zip::polymarket-btc-updown-5m-1786865100-2026-08-15.txt.zst,polymarket-btc-updown-5m-1786865100-2026-08-15.txt.zst,polymarket-btc-5m_2026-08-15.zip,1786865100,1786865400,False,466,464,0,0,1,463,0,,,301,UNKNOWN,not_extreme,0.505,,0.009521007537841797,,no_leader,,,,,,,,,no_leader,,,,,,,,,zip:///Users/bradamanka/Downloads/Stratgey testing/polymarket-btc-5m_2026-08-16.zip::polymarket-btc-updown-5m-1786865100-2026-08-16.txt.zst
zip:///Users/bradamanka/Downloads/Stratgey testing/polymarket-btc-5m_2026-08-15.zip::polymarket-btc-updown-5m-1786865400-2026-08-15.txt.zst,polymarket-btc-updown-5m-1786865400-2026-08-15.txt.zst,polymarket-btc-5m_2026-08-15.zip,1786865400,1786865700,False,500,498,0,0,1,497,0,,,301,UNKNOWN,not_extreme,0.505,,0.008095026016235352,,no_leader,,,,,,,,,no_leader,,,,,,,,,zip:///Users/bradamanka/Downloads/Stratgey testing/polymarket-btc-5m_2026-08-16.zip::polymarket-btc-updown-5m-1786865400-2026-08-16.txt.zst
zip:///Users/bradamanka/Downloads/Stratgey testing/polymarket-btc-5m_2026-08-15.zip::polymarket-btc-updown-5m-1786866000-2026-08-15.txt.zst,polymarket-btc-updown-5m-1786866000-2026-08-15.txt.zst,polymarket-btc-5m_2026-08-15.zip,1786866000,1786866300,False,419,417,0,0,1,416,0,,,301,UNKNOWN,not_extreme,0.505,,0.005684852600097656,,no_leader,,,,,,,,,no_leader,,,,,,,,,zip:///Users/bradamanka/Downloads/Stratgey testing/polymarket-btc-5m_2026-08-16.zip::polymarket-btc-updown-5m-1786866000-2026-08-16.txt.zst
zip:///Users/bradamanka/Downloads/Stratgey testing/polymarket-btc-5m_2026-08-15.zip::polymarket-btc-updown-5m-1786865700-2026-08-15.txt.zst,polymarket-btc-updown-5m-1786865700-2026-08-15.txt.zst,polymarket-btc-5m_2026-08-15.zip,1786865700,1786866000,False,417,415,0,0,1,414,0,,,301,UNKNOWN,not_extreme,0.505,,0.0067179203033447266,,no_leader,,,,,,,,,no_leader,,,,,,,,,zip:///Users/bradamanka/Downloads/Stratgey testing/polymarket-btc-5m_2026-08-16.zip::polymarket-btc-updown-5m-1786865700-2026-08-16.txt.zst
zip:///Users/bradamanka/Downloads/Stratgey testing/polymarket-btc-5m_2026-08-15.zip::polymarket-btc-updown-5m-1786864800-2026-08-15.txt.zst,polymarket-btc-updown-5m-1786864800-2026-08-15.txt.zst,polymarket-btc-5m_2026-08-15.zip,1786864800,1786865100,False,428,426,0,0,1,425,0,,,301,UNKNOWN,not_extreme,0.505,,0.02344799041748047,,no_leader,,,,,,,,,no_leader,,,,,,,,,zip:///Users/bradamanka/Downloads/Stratgey testing/polymarket-btc-5m_2026-08-16.zip::polymarket-btc-updown-5m-1786864800-2026-08-16.txt.zst
zip:///Users/bradamanka/Downloads/Stratgey testing/polymarket-btc-5m_2026-08-15.zip::polymarket-btc-updown-5m-1786866600-2026-08-15.txt.zst,polymarket-btc-updown-5m-1786866600-2026-08-15.txt.zst,polymarket-btc-5m_2026-08-15.zip,1786866600,1786866900,False,315,313,0,0,1,312,0,,,301,UNKNOWN,not_extreme,0.505,,0.00865626335144043,,no_leader,,,,,,,,,no_leader,,,,,,,,,zip:///Users/bradamanka/Downloads/Stratgey testing/polymarket-btc-5m_2026-08-16.zip::polymarket-btc-updown-5m-1786866600-2026-08-16.txt.zst
zip:///Users/bradamanka/Downloads/Stratgey testing/polymarket-btc-5m_2026-08-15.zip::polymarket-btc-updown-5m-1786866900-2026-08-15.txt.zst,polymarket-btc-updown-5m-1786866900-2026-08-15.txt.zst,polymarket-btc-5m_2026-08-15.zip,1786866900,1786867200,False,424,422,0,0,1,421,0,,,301,UNKNOWN,not_extreme,0.505,,0.00510406494140625,,no_leader,,,,,,,,,no_leader,,,,,,,,,zip:///Users/bradamanka/Downloads/Stratgey testing/polymarket-btc-5m_2026-08-16.zip::polymarket-btc-updown-5m-1786866900-2026-08-16.txt.zst
zip:///Users/bradamanka/Downloads/Stratgey testing/polymarket-btc-5m_2026-08-15.zip::polymarket-btc-updown-5m-1786866300-2026-08-15.txt.zst,polymarket-btc-updown-5m-1786866300-2026-08-15.txt.zst,polymarket-btc-5m_2026-08-15.zip,1786866300,1786866600,False,488,486,0,0,1,485,0,,,301,UNKNOWN,not_extreme,0.505,,0.012169122695922852,,no_leader,,,,,,,,,no_leader,,,,,,,,,zip:///Users/bradamanka/Downloads/Stratgey testing/polymarket-btc-5m_2026-08-16.zip::polymarket-btc-updown-5m-1786866300-2026-08-16.txt.zst
zip:///Users/bradamanka/Downloads/Stratgey testing/polymarket-btc-5m_2026-08-15.zip::polymarket-btc-updown-5m-1786867200-2026-08-15.txt.zst,polymarket-btc-updown-5m-1786867200-2026-08-15.txt.zst,polymarket-btc-5m_2026-08-15.zip,1786867200,1786867500,False,586,584,0,0,1,583,0,,,301,UNKNOWN,not_extreme,0.505,,0.0073719024658203125,,no_leader,,,,,,,,,no_leader,,,,,,,,,zip:///Users/bradamanka/Downloads/Stratgey testing/polymarket-btc-5m_2026-08-16.zip::polymarket-btc-updown-5m-1786867200-2026-08-16.txt.zst
zip:///Users/bradamanka/Downloads/Stratgey testing/polymarket-btc-5m_2026-08-15.zip::polymarket-btc-updown-5m-1786868100-2026-08-15.txt.zst,polymarket-btc-updown-5m-1786868100-2026-08-15.txt.zst,polymarket-btc-5m_2026-08-15.zip,1786868100,1786868400,False,478,476,0,0,1,475,0,,,301,UNKNOWN,not_extreme,0.505,,0.009533166885375977,,no_leader,,,,,,,,,no_leader,,,,,,,,,zip:///Users/bradamanka/Downloads/Stratgey testing/polymarket-btc-5m_2026-08-16.zip::polymarket-btc-updown-5m-1786868100-2026-08-16.txt.zst
zip:///Users/bradamanka/Downloads/Stratgey testing/polymarket-btc-5m_2026-08-15.zip::polymarket-btc-updown-5m-1786867800-2026-08-15.txt.zst,polymarket-btc-updown-5m-1786867800-2026-08-15.txt.zst,polymarket-btc-5m_2026-08-15.zip,1786867800,1786868100,False,430,428,0,0,1,427,0,,,301,UNKNOWN,not_extreme,0.505,,0.03524017333984375,,no_leader,,,,,,,,,no_leader,,,,,,,,,zip:///Users/bradamanka/Downloads/Stratgey testing/polymarket-btc-5m_2026-08-16.zip::polymarket-btc-updown-5m-1786867800-2026-08-16.txt.zst
zip:///Users/bradamanka/Downloads/Stratgey testing/polymarket-btc-5m_2026-08-15.zip::polymarket-btc-updown-5m-1786867500-2026-08-15.txt.zst,polymarket-btc-updown-5m-1786867500-2026-08-15.txt.zst,polymarket-btc-5m_2026-08-15.zip,1786867500,1786867800,False,465,463,0,0,1,462,0,,,301,UNKNOWN,not_extreme,0.505,,0.044838905334472656,,no_leader,,,,,,,,,no_leader,,,,,,,,,zip:///Users/bradamanka/Downloads/Stratgey testing/polymarket-btc-5m_2026-08-16.zip::polymarket-btc-updown-5m-1786867500-2026-08-16.txt.zst
zip:///Users/bradamanka/Downloads/Stratgey testing/polymarket-btc-5m_2026-08-15.zip::polymarket-btc-updown-5m-1786868700-2026-08-15.txt.zst,polymarket-btc-updown-5m-1786868700-2026-08-15.txt.zst,polymarket-btc-5m_2026-08-15.zip,1786868700,1786869000,False,503,501,0,0,1,500,0,,,301,UNKNOWN,not_extreme,0.505,,0.008383035659790039,,no_leader,,,,,,,,,no_leader,,,,,,,,,zip:///Users/bradamanka/Downloads/Stratgey testing/polymarket-btc-5m_2026-08-16.zip::polymarket-btc-updown-5m-1786868700-2026-08-16.txt.zst
zip:///Users/bradamanka/Downloads/Stratgey testing/polymarket-btc-5m_2026-08-15.zip::polymarket-btc-updown-5m-1786868400-2026-08-15.txt.zst,polymarket-btc-updown-5m-1786868400-2026-08-15.txt.zst,polymarket-btc-5m_2026-08-15.zip,1786868400,1786868700,False,446,444,0,0,1,443,0,,,301,UNKNOWN,not_extreme,0.505,,0.018908977508544922,,no_leader,,,,,,,,,no_leader,,,,,,,,,zip:///Users/bradamanka/Downloads/Stratgey testing/polymarket-btc-5m_2026-08-16.zip::polymarket-btc-updown-5m-1786868400-2026-08-16.txt.zst
zip:///Users/bradamanka/Downloads/Stratgey testing/polymarket-btc-5m_2026-08-15.zip::polymarket-btc-updown-5m-1786869000-2026-08-15.txt.zst,polymarket-btc-updown-5m-1786869000-2026-08-15.txt.zst,polymarket-btc-5m_2026-08-15.zip,1786869000,1786869300,False,334,332,0,0,1,331,0,,,301,UNKNOWN,not_extreme,0.5,,0.0076999664306640625,,no_leader,,,,,,,,,no_leader,,,,,,,,,zip:///Users/bradamanka/Downloads/Stratgey testing/polymarket-btc-5m_2026-08-16.zip::polymarket-btc-updown-5m-1786869000-2026-08-16.txt.zst
zip:///Users/bradamanka/Downloads/Stratgey testing/polymarket-btc-5m_2026-08-15.zip::polymarket-btc-updown-5m-1786869600-2026-08-15.txt.zst,polymarket-btc-updown-5m-1786869600-2026-08-15.txt.zst,polymarket-btc-5m_2026-08-15.zip,1786869600,1786869900,False,466,464,0,0,1,463,0,,,301,UNKNOWN,not_extreme,0.505,,0.008147001266479492,,no_leader,,,,,,,,,no_leader,,,,,,,,,zip:///Users/bradamanka/Downloads/Stratgey testing/polymarket-btc-5m_2026-08-16.zip::polymarket-btc-updown-5m-1786869600-2026-08-16.txt.zst
zip:///Users/bradamanka/Downloads/Stratgey testing/polymarket-btc-5m_2026-08-15.zip::polymarket-btc-updown-5m-1786869900-2026-08-15.txt.zst,polymarket-btc-updown-5m-1786869900-2026-08-15.txt.zst,polymarket-btc-5m_2026-08-15.zip,1786869900,1786870200,False,462,460,0,0,1,459,0,,,301,UNKNOWN,not_extreme,0.505,,0.008452892303466797,,no_leader,,,,,,,,,no_leader,,,,,,,,,zip:///Users/bradamanka/Downloads/Stratgey testing/polymarket-btc-5m_2026-08-16.zip::polymarket-btc-updown-5m-1786869900-2026-08-16.txt.zst
zip:///Users/bradamanka/Downloads/Stratgey testing/polymarket-btc-5m_2026-08-15.zip::polymarket-btc-updown-5m-1786869300-2026-08-15.txt.zst,polymarket-btc-updown-5m-1786869300-2026-08-15.txt.zst,polymarket-btc-5m_2026-08-15.zip,1786869300,1786869600,False,405,403,0,0,1,402,0,,,301,UNKNOWN,not_extreme,0.505,,0.024190902709960938,,no_leader,,,,,,,,,no_leader,,,,,,,,,zip:///Users/bradamanka/Downloads/Stratgey testing/polymarket-btc-5m_2026-08-16.zip::polymarket-btc-updown-5m-1786869300-2026-08-16.txt.zst
zip:///Users/bradamanka/Downloads/Stratgey testing/polymarket-btc-5m_2026-08-15.zip::polymarket-btc-updown-5m-1786870800-2026-08-15.txt.zst,polymarket-btc-updown-5m-1786870800-2026-08-15.txt.zst,polymarket-btc-5m_2026-08-15.zip,1786870800,1786871100,False,414,412,0,0,1,411,0,,,301,UNKNOWN,not_extreme,0.505,,0.022363901138305664,,no_leader,,,,,,,,,no_leader,,,,,,,,,zip:///Users/bradamanka/Downloads/Stratgey testing/polymarket-btc-5m_2026-08-16.zip::polymarket-btc-updown-5m-1786870800-2026-08-16.txt.zst
zip:///Users/bradamanka/Downloads/Stratgey testing/polymarket-btc-5m_2026-08-15.zip::polymarket-btc-updown-5m-1786870500-2026-08-15.txt.zst,polymarket-btc-updown-5m-1786870500-2026-08-15.txt.zst,polymarket-btc-5m_2026-08-15.zip,1786870500,1786870800,False,930,928,0,0,1,927,0,,,301,UNKNOWN,not_extreme,0.505,,0.03251504898071289,,no_leader,,,,,,,,,no_leader,,,,,,,,,zip:///Users/bradamanka/Downloads/Stratgey testing/polymarket-btc-5m_2026-08-16.zip::polymarket-btc-updown-5m-1786870500-2026-08-16.txt.zst
zip:///Users/bradamanka/Downloads/Stratgey testing/polymarket-btc-5m_2026-08-15.zip::polymarket-btc-updown-5m-1786870200-2026-08-15.txt.zst,polymarket-btc-updown-5m-1786870200-2026-08-15.txt.zst,polymarket-btc-5m_2026-08-15.zip,1786870200,1786870500,False,367,363,0,0,2,361,0,,,301,UNKNOWN,not_extreme,0.505,,0.04312586784362793,,no_leader,,,,,,,,,no_leader,,,,,,,,,zip:///Users/bradamanka/Downloads/Stratgey testing/polymarket-btc-5m_2026-08-16.zip::polymarket-btc-updown-5m-1786870200-2026-08-16.txt.zst
zip:///Users/bradamanka/Downloads/Stratgey testing/polymarket-btc-5m_2026-08-15.zip::polymarket-btc-updown-5m-1786871100-2026-08-15.txt.zst,polymarket-btc-updown-5m-1786871100-2026-08-15.txt.zst,polymarket-btc-5m_2026-08-15.zip,1786871100,1786871400,False,404,402,0,0,1,401,0,,,301,UNKNOWN,not_extreme,0.505,,0.012015104293823242,,no_leader,,,,,,,,,no_leader,,,,,,,,,zip:///Users/bradamanka/Downloads/Stratgey testing/polymarket-btc-5m_2026-08-16.zip::polymarket-btc-updown-5m-1786871100-2026-08-16.txt.zst
zip:///Users/bradamanka/Downloads/Stratgey testing/polymarket-btc-5m_2026-08-15.zip::polymarket-btc-updown-5m-1786871400-2026-08-15.txt.zst,polymarket-btc-updown-5m-1786871400-2026-08-15.txt.zst,polymarket-btc-5m_2026-08-15.zip,1786871400,1786871700,False,557,555,0,0,1,554,0,,,301,UNKNOWN,not_extreme,0.505,,0.006755828857421875,,no_leader,,,,,,,,,no_leader,,,,,,,,,zip:///Users/bradamanka/Downloads/Stratgey testing/polymarket-btc-5m_2026-08-16.zip::polymarket-btc-updown-5m-1786871400-2026-08-16.txt.zst
zip:///Users/bradamanka/Downloads/Stratgey testing/polymarket-btc-5m_2026-08-15.zip::polymarket-btc-updown-5m-1786872300-2026-08-15.txt.zst,polymarket-btc-updown-5m-1786872300-2026-08-15.txt.zst,polymarket-btc-5m_2026-08-15.zip,1786872300,1786872600,False,385,383,0,0,1,382,0,,,301,UNKNOWN,not_extreme,0.505,,0.006290912628173828,,no_leader,,,,,,,,,no_leader,,,,,,,,,zip:///Users/bradamanka/Downloads/Stratgey testing/polymarket-btc-5m_2026-08-16.zip::polymarket-btc-updown-5m-1786872300-2026-08-16.txt.zst
zip:///Users/bradamanka/Downloads/Stratgey testing/polymarket-btc-5m_2026-08-15.zip::polymarket-btc-updown-5m-1786872600-2026-08-15.txt.zst,polymarket-btc-updown-5m-1786872600-2026-08-15.txt.zst,polymarket-btc-5m_2026-08-15.zip,1786872600,1786872900,False,394,392,0,0,1,391,0,,,301,UNKNOWN,not_extreme,0.505,,0.014814138412475586,,no_leader,,,,,,,,,no_leader,,,,,,,,,zip:///Users/bradamanka/Downloads/Stratgey testing/polymarket-btc-5m_2026-08-16.zip::polymarket-btc-updown-5m-1786872600-2026-08-16.txt.zst
zip:///Users/bradamanka/Downloads/Stratgey testing/polymarket-btc-5m_2026-08-15.zip::polymarket-btc-updown-5m-1786871700-2026-08-15.txt.zst,polymarket-btc-updown-5m-1786871700-2026-08-15.txt.zst,polymarket-btc-5m_2026-08-15.zip,1786871700,1786872000,False,374,372,0,0,1,371,0,,,301,UNKNOWN,not_extreme,0.505,,0.02973008155822754,,no_leader,,,,,,,,,no_leader,,,,,,,,,zip:///Users/bradamanka/Downloads/Stratgey testing/polymarket-btc-5m_2026-08-16.zip::polymarket-btc-updown-5m-1786871700-2026-08-16.txt.zst
zip:///Users/bradamanka/Downloads/Stratgey testing/polymarket-btc-5m_2026-08-15.zip::polymarket-btc-updown-5m-1786872000-2026-08-15.txt.zst,polymarket-btc-updown-5m-1786872000-2026-08-15.txt.zst,polymarket-btc-5m_2026-08-15.zip,1786872000,1786872300,False,399,397,0,0,1,396,0,,,301,UNKNOWN,not_extreme,0.505,,0.03872799873352051,,no_leader,,,,,,,,,no_leader,,,,,,,,,zip:///Users/bradamanka/Downloads/Stratgey testing/polymarket-btc-5m_2026-08-16.zip::polymarket-btc-updown-5m-1786872000-2026-08-16.txt.zst
zip:///Users/bradamanka/Downloads/Stratgey testing/polymarket-btc-5m_2026-08-15.zip::polymarket-btc-updown-5m-1786872900-2026-08-15.txt.zst,polymarket-btc-updown-5m-1786872900-2026-08-15.txt.zst,polymarket-btc-5m_2026-08-15.zip,1786872900,1786873200,False,453,451,0,0,1,450,0,,,301,UNKNOWN,not_extreme,0.505,,0.015451192855834961,,no_leader,,,,,,,,,no_leader,,,,,,,,,zip:///Users/bradamanka/Downloads/Stratgey testing/polymarket-btc-5m_2026-08-16.zip::polymarket-btc-updown-5m-1786872900-2026-08-16.txt.zst
zip:///Users/bradamanka/Downloads/Stratgey testing/polymarket-btc-5m_2026-08-15.zip::polymarket-btc-updown-5m-1786873500-2026-08-15.txt.zst,polymarket-btc-updown-5m-1786873500-2026-08-15.txt.zst,polymarket-btc-5m_2026-08-15.zip,1786873500,1786873800,False,454,452,0,0,1,451,0,,,301,UNKNOWN,not_extreme,0.505,,0.006601810455322266,,no_leader,,,,,,,,,no_leader,,,,,,,,,zip:///Users/bradamanka/Downloads/Stratgey testing/polymarket-btc-5m_2026-08-16.zip::polymarket-btc-updown-5m-1786873500-2026-08-16.txt.zst
zip:///Users/bradamanka/Downloads/Stratgey testing/polymarket-btc-5m_2026-08-15.zip::polymarket-btc-updown-5m-1786873800-2026-08-15.txt.zst,polymarket-btc-updown-5m-1786873800-2026-08-15.txt.zst,polymarket-btc-5m_2026-08-15.zip,1786873800,1786874100,False,511,509,0,0,1,508,0,,,301,UNKNOWN,not_extreme,0.505,,0.007521152496337891,,no_leader,,,,,,,,,no_leader,,,,,,,,,zip:///Users/bradamanka/Downloads/Stratgey testing/polymarket-btc-5m_2026-08-16.zip::polymarket-btc-updown-5m-1786873800-2026-08-16.txt.zst
zip:///Users/bradamanka/Downloads/Stratgey testing/polymarket-btc-5m_2026-08-15.zip::polymarket-btc-updown-5m-1786874100-2026-08-15.txt.zst,polymarket-btc-updown-5m-1786874100-2026-08-15.txt.zst,polymarket-btc-5m_2026-08-15.zip,1786874100,1786874400,False,414,412,0,0,1,411,0,,,301,UNKNOWN,not_extreme,0.505,,0.012796163558959961,,no_leader,,,,,,,,,no_leader,,,,,,,,,zip:///Users/bradamanka/Downloads/Stratgey testing/polymarket-btc-5m_2026-08-16.zip::polymarket-btc-updown-5m-1786874100-2026-08-16.txt.zst
zip:///Users/bradamanka/Downloads/Stratgey testing/polymarket-btc-5m_2026-08-15.zip::polymarket-btc-updown-5m-1786873200-2026-08-15.txt.zst,polymarket-btc-updown-5m-1786873200-2026-08-15.txt.zst,polymarket-btc-5m_2026-08-15.zip,1786873200,1786873500,False,411,409,0,0,1,408,0,,,301,UNKNOWN,not_extreme,0.505,,0.03238391876220703,,no_leader,,,,,,,,,no_leader,,,,,,,,,zip:///Users/bradamanka/Downloads/Stratgey testing/polymarket-btc-5m_2026-08-16.zip::polymarket-btc-updown-5m-1786873200-2026-08-16.txt.zst
zip:///Users/bradamanka/Downloads/Stratgey testing/polymarket-btc-5m_2026-08-15.zip::polymarket-btc-updown-5m-1786874400-2026-08-15.txt.zst,polymarket-btc-updown-5m-1786874400-2026-08-15.txt.zst,polymarket-btc-5m_2026-08-15.zip,1786874400,1786874700,False,466,464,0,0,1,463,0,,,301,UNKNOWN,not_extreme,0.505,,0.016759157180786133,,no_leader,,,,,,,,,no_leader,,,,,,,,,zip:///Users/bradamanka/Downloads/Stratgey testing/polymarket-btc-5m_2026-08-16.zip::polymarket-btc-updown-5m-1786874400-2026-08-16.txt.zst
zip:///Users/bradamanka/Downloads/Stratgey testing/polymarket-btc-5m_2026-08-15.zip::polymarket-btc-updown-5m-1786875000-2026-08-15.txt.zst,polymarket-btc-updown-5m-1786875000-2026-08-15.txt.zst,polymarket-btc-5m_2026-08-15.zip,1786875000,1786875300,False,394,392,0,0,1,391,0,,,301,UNKNOWN,not_extreme,0.505,,0.0048029422760009766,,no_leader,,,,,,,,,no_leader,,,,,,,,,zip:///Users/bradamanka/Downloads/Stratgey testing/polymarket-btc-5m_2026-08-16.zip::polymarket-btc-updown-5m-1786875000-2026-08-16.txt.zst
zip:///Users/bradamanka/Downloads/Stratgey testing/polymarket-btc-5m_2026-08-15.zip::polymarket-btc-updown-5m-1786874700-2026-08-15.txt.zst,polymarket-btc-updown-5m-1786874700-2026-08-15.txt.zst,polymarket-btc-5m_2026-08-15.zip,1786874700,1786875000,False,390,388,0,0,1,387,0,,,301,UNKNOWN,not_extreme,0.505,,0.015484809875488281,,no_leader,,,,,,,,,no_leader,,,,,,,,,zip:///Users/bradamanka/Downloads/Stratgey testing/polymarket-btc-5m_2026-08-16.zip::polymarket-btc-updown-5m-1786874700-2026-08-16.txt.zst
zip:///Users/bradamanka/Downloads/Stratgey testing/polymarket-btc-5m_2026-08-15.zip::polymarket-btc-updown-5m-1786875300-2026-08-15.txt.zst,polymarket-btc-updown-5m-1786875300-2026-08-15.txt.zst,polymarket-btc-5m_2026-08-15.zip,1786875300,1786875600,False,401,399,0,0,1,398,0,,,301,UNKNOWN,not_extreme,0.505,,0.012633085250854492,,no_leader,,,,,,,,,no_leader,,,,,,,,,zip:///Users/bradamanka/Downloads/Stratgey testing/polymarket-btc-5m_2026-08-16.zip::polymarket-btc-updown-5m-1786875300-2026-08-16.txt.zst
zip:///Users/bradamanka/Downloads/Stratgey testing/polymarket-btc-5m_2026-08-15.zip::polymarket-btc-updown-5m-1786875600-2026-08-15.txt.zst,polymarket-btc-updown-5m-1786875600-2026-08-15.txt.zst,polymarket-btc-5m_2026-08-15.zip,1786875600,1786875900,False,364,362,0,0,1,361,0,,,301,UNKNOWN,not_extreme,0.505,,0.013395309448242188,,no_leader,,,,,,,,,no_leader,,,,,,,,,zip:///Users/bradamanka/Downloads/Stratgey testing/polymarket-btc-5m_2026-08-16.zip::polymarket-btc-updown-5m-1786875600-2026-08-16.txt.zst
zip:///Users/bradamanka/Downloads/Stratgey testing/polymarket-btc-5m_2026-08-15.zip::polymarket-btc-updown-5m-1786876200-2026-08-15.txt.zst,polymarket-btc-updown-5m-1786876200-2026-08-15.txt.zst,polymarket-btc-5m_2026-08-15.zip,1786876200,1786876500,False,325,323,0,0,1,322,0,,,301,UNKNOWN,not_extreme,0.5,,0.005324125289916992,,no_leader,,,,,,,,,no_leader,,,,,,,,,zip:///Users/bradamanka/Downloads/Stratgey testing/polymarket-btc-5m_2026-08-16.zip::polymarket-btc-updown-5m-1786876200-2026-08-16.txt.zst
zip:///Users/bradamanka/Downloads/Stratgey testing/polymarket-btc-5m_2026-08-15.zip::polymarket-btc-updown-5m-1786876500-2026-08-15.txt.zst,polymarket-btc-updown-5m-1786876500-2026-08-15.txt.zst,polymarket-btc-5m_2026-08-15.zip,1786876500,1786876800,False,258,256,0,0,1,255,0,,,301,UNKNOWN,not_extreme,0.505,,0.004295825958251953,,no_leader,,,,,,,,,no_leader,,,,,,,,,zip:///Users/bradamanka/Downloads/Stratgey testing/polymarket-btc-5m_2026-08-16.zip::polymarket-btc-updown-5m-1786876500-2026-08-16.txt.zst
zip:///Users/bradamanka/Downloads/Stratgey testing/polymarket-btc-5m_2026-08-15.zip::polymarket-btc-updown-5m-1786877100-2026-08-15.txt.zst,polymarket-btc-updown-5m-1786877100-2026-08-15.txt.zst,polymarket-btc-5m_2026-08-15.zip,1786877100,1786877400,False,439,437,0,0,1,436,0,,,301,UNKNOWN,not_extreme,0.5,,0.005195140838623047,,no_leader,,,,,,,,,no_leader,,,,,,,,,zip:///Users/bradamanka/Downloads/Stratgey testing/polymarket-btc-5m_2026-08-16.zip::polymarket-btc-updown-5m-1786877100-2026-08-16.txt.zst
zip:///Users/bradamanka/Downloads/Stratgey testing/polymarket-btc-5m_2026-08-15.zip::polymarket-btc-updown-5m-1786876800-2026-08-15.txt.zst,polymarket-btc-updown-5m-1786876800-2026-08-15.txt.zst,polymarket-btc-5m_2026-08-15.zip,1786876800,1786877100,False,241,239,0,0,1,238,0,,,301,UNKNOWN,not_extreme,0.5,,0.00743412971496582,,no_leader,,,,,,,,,no_leader,,,,,,,,,zip:///Users/bradamanka/Downloads/Stratgey testing/polymarket-btc-5m_2026-08-16.zip::polymarket-btc-updown-5m-1786876800-2026-08-16.txt.zst
zip:///Users/bradamanka/Downloads/Stratgey testing/polymarket-btc-5m_2026-08-15.zip::polymarket-btc-updown-5m-1786877400-2026-08-15.txt.zst,polymarket-btc-updown-5m-1786877400-2026-08-15.txt.zst,polymarket-btc-5m_2026-08-15.zip,1786877400,1786877700,False,406,404,0,0,1,403,0,,,301,UNKNOWN,not_extreme,0.505,,0.006288290023803711,,no_leader,,,,,,,,,no_leader,,,,,,,,,zip:///Users/bradamanka/Downloads/Stratgey testing/polymarket-btc-5m_2026-08-16.zip::polymarket-btc-updown-5m-1786877400-2026-08-16.txt.zst
zip:///Users/bradamanka/Downloads/Stratgey testing/polymarket-btc-5m_2026-08-15.zip::polymarket-btc-updown-5m-1786877700-2026-08-15.txt.zst,polymarket-btc-updown-5m-1786877700-2026-08-15.txt.zst,polymarket-btc-5m_2026-08-15.zip,1786877700,1786878000,False,389,387,0,0,1,386,0,,,301,UNKNOWN,not_extreme,0.505,,0.0057621002197265625,,no_leader,,,,,,,,,no_leader,,,,,,,,,zip:///Users/bradamanka/Downloads/Stratgey testing/polymarket-btc-5m_2026-08-16.zip::polymarket-btc-updown-5m-1786877700-2026-08-16.txt.zst
zip:///Users/bradamanka/Downloads/Stratgey testing/polymarket-btc-5m_2026-08-15.zip::polymarket-btc-updown-5m-1786878000-2026-08-15.txt.zst,polymarket-btc-updown-5m-1786878000-2026-08-15.txt.zst,polymarket-btc-5m_2026-08-15.zip,1786878000,1786878300,False,422,420,0,0,1,419,0,,,301,UNKNOWN,not_extreme,0.505,,0.00516510009765625,,no_leader,,,,,,,,,no_leader,,,,,,,,,zip:///Users/bradamanka/Downloads/Stratgey testing/polymarket-btc-5m_2026-08-16.zip::polymarket-btc-updown-5m-1786878000-2026-08-16.txt.zst
zip:///Users/bradamanka/Downloads/Stratgey testing/polymarket-btc-5m_2026-08-15.zip::polymarket-btc-updown-5m-1786878300-2026-08-15.txt.zst,polymarket-btc-updown-5m-1786878300-2026-08-15.txt.zst,polymarket-btc-5m_2026-08-15.zip,1786878300,1786878600,False,369,367,0,0,1,366,0,,,301,UNKNOWN,not_extreme,0.505,,0.0045468807220458984,,no_leader,,,,,,,,,no_leader,,,,,,,,,zip:///Users/bradamanka/Downloads/Stratgey testing/polymarket-btc-5m_2026-08-16.zip::polymarket-btc-updown-5m-1786878300-2026-08-16.txt.zst
zip:///Users/bradamanka/Downloads/Stratgey testing/polymarket-btc-5m_2026-08-15.zip::polymarket-btc-updown-5m-1786875900-2026-08-15.txt.zst,polymarket-btc-updown-5m-1786875900-2026-08-15.txt.zst,polymarket-btc-5m_2026-08-15.zip,1786875900,1786876200,False,418,416,0,0,1,415,0,,,301,UNKNOWN,not_extreme,0.505,,0.03252911567687988,,no_leader,,,,,,,,,no_leader,,,,,,,,,zip:///Users/bradamanka/Downloads/Stratgey testing/polymarket-btc-5m_2026-08-16.zip::polymarket-btc-updown-5m-1786875900-2026-08-16.txt.zst
zip:///Users/bradamanka/Downloads/Stratgey testing/polymarket-btc-5m_2026-08-15.zip::polymarket-btc-updown-5m-1786879200-2026-08-15.txt.zst,polymarket-btc-updown-5m-1786879200-2026-08-15.txt.zst,polymarket-btc-5m_2026-08-15.zip,1786879200,1786879500,False,451,449,0,0,1,448,0,,,301,UNKNOWN,not_extreme,0.505,,0.005443096160888672,,no_leader,,,,,,,,,no_leader,,,,,,,,,zip:///Users/bradamanka/Downloads/Stratgey testing/polymarket-btc-5m_2026-08-16.zip::polymarket-btc-updown-5m-1786879200-2026-08-16.txt.zst
zip:///Users/bradamanka/Downloads/Stratgey testing/polymarket-btc-5m_2026-08-15.zip::polymarket-btc-updown-5m-1786878600-2026-08-15.txt.zst,polymarket-btc-updown-5m-1786878600-2026-08-15.txt.zst,polymarket-btc-5m_2026-08-15.zip,1786878600,1786878900,False,382,380,0,0,1,379,0,,,301,UNKNOWN,not_extreme,0.505,,0.015500783920288086,,no_leader,,,,,,,,,no_leader,,,,,,,,,zip:///Users/bradamanka/Downloads/Stratgey testing/polymarket-btc-5m_2026-08-16.zip::polymarket-btc-updown-5m-1786878600-2026-08-16.txt.zst
zip:///Users/bradamanka/Downloads/Stratgey testing/polymarket-btc-5m_2026-08-15.zip::polymarket-btc-updown-5m-1786879500-2026-08-15.txt.zst,polymarket-btc-updown-5m-1786879500-2026-08-15.txt.zst,polymarket-btc-5m_2026-08-15.zip,1786879500,1786879800,False,372,366,0,0,5,361,0,,,301,UNKNOWN,not_extreme,0.505,,0.007708072662353516,,no_leader,,,,,,,,,no_leader,,,,,,,,,zip:///Users/bradamanka/Downloads/Stratgey testing/polymarket-btc-5m_2026-08-16.zip::polymarket-btc-updown-5m-1786879500-2026-08-16.txt.zst
zip:///Users/bradamanka/Downloads/Stratgey testing/polymarket-btc-5m_2026-08-15.zip::polymarket-btc-updown-5m-1786879800-2026-08-15.txt.zst,polymarket-btc-updown-5m-1786879800-2026-08-15.txt.zst,polymarket-btc-5m_2026-08-15.zip,1786879800,1786880100,False,378,376,0,0,1,375,0,,,301,UNKNOWN,not_extreme,0.505,,0.007570743560791016,,no_leader,,,,,,,,,no_leader,,,,,,,,,zip:///Users/bradamanka/Downloads/Stratgey testing/polymarket-btc-5m_2026-08-16.zip::polymarket-btc-updown-5m-1786879800-2026-08-16.txt.zst
zip:///Users/bradamanka/Downloads/Stratgey testing/polymarket-btc-5m_2026-08-15.zip::polymarket-btc-updown-5m-1786880100-2026-08-15.txt.zst,polymarket-btc-updown-5m-1786880100-2026-08-15.txt.zst,polymarket-btc-5m_2026-08-15.zip,1786880100,1786880400,False,353,351,0,0,1,350,0,,,301,UNKNOWN,not_extreme,0.505,,0.00446319580078125,,no_leader,,,,,,,,,no_leader,,,,,,,,,zip:///Users/bradamanka/Downloads/Stratgey testing/polymarket-btc-5m_2026-08-16.zip::polymarket-btc-updown-5m-1786880100-2026-08-16.txt.zst
zip:///Users/bradamanka/Downloads/Stratgey testing/polymarket-btc-5m_2026-08-15.zip::polymarket-btc-updown-5m-1786878900-2026-08-15.txt.zst,polymarket-btc-updown-5m-1786878900-2026-08-15.txt.zst,polymarket-btc-5m_2026-08-15.zip,1786878900,1786879200,False,356,354,0,0,1,353,0,,,301,UNKNOWN,not_extreme,0.505,,0.02971792221069336,,no_leader,,,,,,,,,no_leader,,,,,,,,,zip:///Users/bradamanka/Downloads/Stratgey testing/polymarket-btc-5m_2026-08-16.zip::polymarket-btc-updown-5m-1786878900-2026-08-16.txt.zst
zip:///Users/bradamanka/Downloads/Stratgey testing/polymarket-btc-5m_2026-08-15.zip::polymarket-btc-updown-5m-1786880700-2026-08-15.txt.zst,polymarket-btc-updown-5m-1786880700-2026-08-15.txt.zst,polymarket-btc-5m_2026-08-15.zip,1786880700,1786881000,False,257,255,0,0,1,254,0,,,301,UNKNOWN,not_extreme,0.505,,0.015707969665527344,,no_leader,,,,,,,,,no_leader,,,,,,,,,zip:///Users/bradamanka/Downloads/Stratgey testing/polymarket-btc-5m_2026-08-16.zip::polymarket-btc-updown-5m-1786880700-2026-08-16.txt.zst
zip:///Users/bradamanka/Downloads/Stratgey testing/polymarket-btc-5m_2026-08-15.zip::polymarket-btc-updown-5m-1786881000-2026-08-15.txt.zst,polymarket-btc-updown-5m-1786881000-2026-08-15.txt.zst,polymarket-btc-5m_2026-08-15.zip,1786881000,1786881300,False,336,334,0,0,1,333,0,,,301,UNKNOWN,not_extreme,0.505,,0.007919073104858398,,no_leader,,,,,,,,,no_leader,,,,,,,,,zip:///Users/bradamanka/Downloads/Stratgey testing/polymarket-btc-5m_2026-08-16.zip::polymarket-btc-updown-5m-1786881000-2026-08-16.txt.zst
zip:///Users/bradamanka/Downloads/Stratgey testing/polymarket-btc-5m_2026-08-15.zip::polymarket-btc-updown-5m-1786880400-2026-08-15.txt.zst,polymarket-btc-updown-5m-1786880400-2026-08-15.txt.zst,polymarket-btc-5m_2026-08-15.zip,1786880400,1786880700,False,343,341,0,0,1,340,0,,,301,UNKNOWN,not_extreme,0.505,,0.02144789695739746,,no_leader,,,,,,,,,no_leader,,,,,,,,,zip:///Users/bradamanka/Downloads/Stratgey testing/polymarket-btc-5m_2026-08-16.zip::polymarket-btc-updown-5m-1786880400-2026-08-16.txt.zst
zip:///Users/bradamanka/Downloads/Stratgey testing/polymarket-btc-5m_2026-08-15.zip::polymarket-btc-updown-5m-1786881300-2026-08-15.txt.zst,polymarket-btc-updown-5m-1786881300-2026-08-15.txt.zst,polymarket-btc-5m_2026-08-15.zip,1786881300,1786881600,False,401,399,0,0,1,398,0,,,301,UNKNOWN,not_extreme,0.505,,0.005892038345336914,,no_leader,,,,,,,,,no_leader,,,,,,,,,zip:///Users/bradamanka/Downloads/Stratgey testing/polymarket-btc-5m_2026-08-16.zip::polymarket-btc-updown-5m-1786881300-2026-08-16.txt.zst
zip:///Users/bradamanka/Downloads/Stratgey testing/polymarket-btc-5m_2026-08-15.zip::polymarket-btc-updown-5m-1786881900-2026-08-15.txt.zst,polymarket-btc-updown-5m-1786881900-2026-08-15.txt.zst,polymarket-btc-5m_2026-08-15.zip,1786881900,1786882200,False,348,346,0,0,1,345,0,,,301,UNKNOWN,not_extreme,0.505,,0.004248857498168945,,no_leader,,,,,,,,,no_leader,,,,,,,,,zip:///Users/bradamanka/Downloads/Stratgey testing/polymarket-btc-5m_2026-08-16.zip::polymarket-btc-updown-5m-1786881900-2026-08-16.txt.zst
zip:///Users/bradamanka/Downloads/Stratgey testing/polymarket-btc-5m_2026-08-15.zip::polymarket-btc-updown-5m-1786881600-2026-08-15.txt.zst,polymarket-btc-updown-5m-1786881600-2026-08-15.txt.zst,polymarket-btc-5m_2026-08-15.zip,1786881600,1786881900,False,275,273,0,0,1,272,0,,,301,UNKNOWN,not_extreme,0.5,,0.01388692855834961,,no_leader,,,,,,,,,no_leader,,,,,,,,,zip:///Users/bradamanka/Downloads/Stratgey testing/polymarket-btc-5m_2026-08-16.zip::polymarket-btc-updown-5m-1786881600-2026-08-16.txt.zst
zip:///Users/bradamanka/Downloads/Stratgey testing/polymarket-btc-5m_2026-08-15.zip::polymarket-btc-updown-5m-1786882200-2026-08-15.txt.zst,polymarket-btc-updown-5m-1786882200-2026-08-15.txt.zst,polymarket-btc-5m_2026-08-15.zip,1786882200,1786882500,False,275,273,0,0,1,272,0,,,301,UNKNOWN,not_extreme,0.5,,0.012804031372070312,,no_leader,,,,,,,,,no_leader,,,,,,,,,zip:///Users/bradamanka/Downloads/Stratgey testing/polymarket-btc-5m_2026-08-16.zip::polymarket-btc-updown-5m-1786882200-2026-08-16.txt.zst
zip:///Users/bradamanka/Downloads/Stratgey testing/polymarket-btc-5m_2026-08-15.zip::polymarket-btc-updown-5m-1786882500-2026-08-15.txt.zst,polymarket-btc-updown-5m-1786882500-2026-08-15.txt.zst,polymarket-btc-5m_2026-08-15.zip,1786882500,1786882800,False,420,418,0,0,1,417,0,,,301,UNKNOWN,not_extreme,0.505,,0.01199197769165039,,no_leader,,,,,,,,,no_leader,,,,,,,,,zip:///Users/bradamanka/Downloads/Stratgey testing/polymarket-btc-5m_2026-08-16.zip::polymarket-btc-updown-5m-1786882500-2026-08-16.txt.zst
zip:///Users/bradamanka/Downloads/Stratgey testing/polymarket-btc-5m_2026-08-15.zip::polymarket-btc-updown-5m-1786882800-2026-08-15.txt.zst,polymarket-btc-updown-5m-1786882800-2026-08-15.txt.zst,polymarket-btc-5m_2026-08-15.zip,1786882800,1786883100,False,413,411,0,0,1,410,0,,,301,UNKNOWN,not_extreme,0.505,,0.0071370601654052734,,no_leader,,,,,,,,,no_leader,,,,,,,,,zip:///Users/bradamanka/Downloads/Stratgey testing/polymarket-btc-5m_2026-08-16.zip::polymarket-btc-updown-5m-1786882800-2026-08-16.txt.zst
zip:///Users/bradamanka/Downloads/Stratgey testing/polymarket-btc-5m_2026-08-15.zip::polymarket-btc-updown-5m-1786883400-2026-08-15.txt.zst,polymarket-btc-updown-5m-1786883400-2026-08-15.txt.zst,polymarket-btc-5m_2026-08-15.zip,1786883400,1786883700,False,364,362,0,0,1,361,0,,,301,UNKNOWN,not_extreme,0.505,,0.0063228607177734375,,no_leader,,,,,,,,,no_leader,,,,,,,,,zip:///Users/bradamanka/Downloads/Stratgey testing/polymarket-btc-5m_2026-08-16.zip::polymarket-btc-updown-5m-1786883400-2026-08-16.txt.zst
zip:///Users/bradamanka/Downloads/Stratgey testing/polymarket-btc-5m_2026-08-15.zip::polymarket-btc-updown-5m-1786883100-2026-08-15.txt.zst,polymarket-btc-updown-5m-1786883100-2026-08-15.txt.zst,polymarket-btc-5m_2026-08-15.zip,1786883100,1786883400,False,326,324,0,0,1,323,0,,,301,UNKNOWN,not_extreme,0.505,,0.011457204818725586,,no_leader,,,,,,,,,no_leader,,,,,,,,,zip:///Users/bradamanka/Downloads/Stratgey testing/polymarket-btc-5m_2026-08-16.zip::polymarket-btc-updown-5m-1786883100-2026-08-16.txt.zst
zip:///Users/bradamanka/Downloads/Stratgey testing/polymarket-btc-5m_2026-08-15.zip::polymarket-btc-updown-5m-1786884000-2026-08-15.txt.zst,polymarket-btc-updown-5m-1786884000-2026-08-15.txt.zst,polymarket-btc-5m_2026-08-15.zip,1786884000,1786884300,False,370,368,0,0,1,367,0,,,301,UNKNOWN,not_extreme,0.505,,0.0053369998931884766,,no_leader,,,,,,,,,no_leader,,,,,,,,,zip:///Users/bradamanka/Downloads/Stratgey testing/polymarket-btc-5m_2026-08-16.zip::polymarket-btc-updown-5m-1786884000-2026-08-16.txt.zst
zip:///Users/bradamanka/Downloads/Stratgey testing/polymarket-btc-5m_2026-08-15.zip::polymarket-btc-updown-5m-1786884300-2026-08-15.txt.zst,polymarket-btc-updown-5m-1786884300-2026-08-15.txt.zst,polymarket-btc-5m_2026-08-15.zip,1786884300,1786884600,False,327,325,0,0,1,324,0,,,301,UNKNOWN,not_extreme,0.505,,0.0042569637298583984,,no_leader,,,,,,,,,no_leader,,,,,,,,,zip:///Users/bradamanka/Downloads/Stratgey testing/polymarket-btc-5m_2026-08-16.zip::polymarket-btc-updown-5m-1786884300-2026-08-16.txt.zst
zip:///Users/bradamanka/Downloads/Stratgey testing/polymarket-btc-5m_2026-08-15.zip::polymarket-btc-updown-5m-1786884600-2026-08-15.txt.zst,polymarket-btc-updown-5m-1786884600-2026-08-15.txt.zst,polymarket-btc-5m_2026-08-15.zip,1786884600,1786884900,False,178,176,0,0,1,175,0,,,301,UNKNOWN,not_extreme,0.505,,0.005189180374145508,,no_leader,,,,,,,,,no_leader,,,,,,,,,zip:///Users/bradamanka/Downloads/Stratgey testing/polymarket-btc-5m_2026-08-16.zip::polymarket-btc-updown-5m-1786884600-2026-08-16.txt.zst
zip:///Users/bradamanka/Downloads/Stratgey testing/polymarket-btc-5m_2026-08-15.zip::polymarket-btc-updown-5m-1786885200-2026-08-15.txt.zst,polymarket-btc-updown-5m-1786885200-2026-08-15.txt.zst,polymarket-btc-5m_2026-08-15.zip,1786885200,1786885500,False,362,360,0,0,1,359,0,,,301,UNKNOWN,not_extreme,0.505,,0.016736984252929688,,no_leader,,,,,,,,,no_leader,,,,,,,,,zip:///Users/bradamanka/Downloads/Stratgey testing/polymarket-btc-5m_2026-08-16.zip::polymarket-btc-updown-5m-1786885200-2026-08-16.txt.zst
zip:///Users/bradamanka/Downloads/Stratgey testing/polymarket-btc-5m_2026-08-15.zip::polymarket-btc-updown-5m-1786883700-2026-08-15.txt.zst,polymarket-btc-updown-5m-1786883700-2026-08-15.txt.zst,polymarket-btc-5m_2026-08-15.zip,1786883700,1786884000,False,370,368,0,0,1,367,0,,,301,UNKNOWN,not_extreme,0.505,,0.04921603202819824,,no_leader,,,,,,,,,no_leader,,,,,,,,,zip:///Users/bradamanka/Downloads/Stratgey testing/polymarket-btc-5m_2026-08-16.zip::polymarket-btc-updown-5m-1786883700-2026-08-16.txt.zst
zip:///Users/bradamanka/Downloads/Stratgey testing/polymarket-btc-5m_2026-08-15.zip::polymarket-btc-updown-5m-1786885800-2026-08-15.txt.zst,polymarket-btc-updown-5m-1786885800-2026-08-15.txt.zst,polymarket-btc-5m_2026-08-15.zip,1786885800,1786886100,False,347,345,0,0,1,344,0,,,301,UNKNOWN,not_extreme,0.505,,0.004912137985229492,,no_leader,,,,,,,,,no_leader,,,,,,,,,zip:///Users/bradamanka/Downloads/Stratgey testing/polymarket-btc-5m_2026-08-16.zip::polymarket-btc-updown-5m-1786885800-2026-08-16.txt.zst
zip:///Users/bradamanka/Downloads/Stratgey testing/polymarket-btc-5m_2026-08-15.zip::polymarket-btc-updown-5m-1786886100-2026-08-15.txt.zst,polymarket-btc-updown-5m-1786886100-2026-08-15.txt.zst,polymarket-btc-5m_2026-08-15.zip,1786886100,1786886400,False,347,345,0,0,1,344,0,,,301,UNKNOWN,not_extreme,0.505,,0.0158538818359375,,no_leader,,,,,,,,,no_leader,,,,,,,,,zip:///Users/bradamanka/Downloads/Stratgey testing/polymarket-btc-5m_2026-08-16.zip::polymarket-btc-updown-5m-1786886100-2026-08-16.txt.zst
zip:///Users/bradamanka/Downloads/Stratgey testing/polymarket-btc-5m_2026-08-15.zip::polymarket-btc-updown-5m-1786886400-2026-08-15.txt.zst,polymarket-btc-updown-5m-1786886400-2026-08-15.txt.zst,polymarket-btc-5m_2026-08-15.zip,1786886400,1786886700,False,417,415,0,0,1,414,0,,,301,UNKNOWN,not_extreme,0.505,,0.006206035614013672,,no_leader,,,,,,,,,no_leader,,,,,,,,,zip:///Users/bradamanka/Downloads/Stratgey testing/polymarket-btc-5m_2026-08-16.zip::polymarket-btc-updown-5m-1786886400-2026-08-16.txt.zst
zip:///Users/bradamanka/Downloads/Stratgey testing/polymarket-btc-5m_2026-08-15.zip::polymarket-btc-updown-5m-1786884900-2026-08-15.txt.zst,polymarket-btc-updown-5m-1786884900-2026-08-15.txt.zst,polymarket-btc-5m_2026-08-15.zip,1786884900,1786885200,False,174,172,0,0,1,171,0,,,301,UNKNOWN,not_extreme,0.5,,0.005446195602416992,,no_leader,,,,,,,,,no_leader,,,,,,,,,zip:///Users/bradamanka/Downloads/Stratgey testing/polymarket-btc-5m_2026-08-16.zip::polymarket-btc-updown-5m-1786884900-2026-08-16.txt.zst
zip:///Users/bradamanka/Downloads/Stratgey testing/polymarket-btc-5m_2026-08-15.zip::polymarket-btc-updown-5m-1786887000-2026-08-15.txt.zst,polymarket-btc-updown-5m-1786887000-2026-08-15.txt.zst,polymarket-btc-5m_2026-08-15.zip,1786887000,1786887300,False,342,340,0,0,1,339,0,,,301,UNKNOWN,not_extreme,0.505,,0.0074748992919921875,,no_leader,,,,,,,,,no_leader,,,,,,,,,zip:///Users/bradamanka/Downloads/Stratgey testing/polymarket-btc-5m_2026-08-16.zip::polymarket-btc-updown-5m-1786887000-2026-08-16.txt.zst
zip:///Users/bradamanka/Downloads/Stratgey testing/polymarket-btc-5m_2026-08-15.zip::polymarket-btc-updown-5m-1786886700-2026-08-15.txt.zst,polymarket-btc-updown-5m-1786886700-2026-08-15.txt.zst,polymarket-btc-5m_2026-08-15.zip,1786886700,1786887000,False,311,309,0,0,1,308,0,,,301,UNKNOWN,not_extreme,0.505,,0.012908935546875,,no_leader,,,,,,,,,no_leader,,,,,,,,,zip:///Users/bradamanka/Downloads/Stratgey testing/polymarket-btc-5m_2026-08-16.zip::polymarket-btc-updown-5m-1786886700-2026-08-16.txt.zst
zip:///Users/bradamanka/Downloads/Stratgey testing/polymarket-btc-5m_2026-08-15.zip::polymarket-btc-updown-5m-1786887300-2026-08-15.txt.zst,polymarket-btc-updown-5m-1786887300-2026-08-15.txt.zst,polymarket-btc-5m_2026-08-15.zip,1786887300,1786887600,False,348,346,0,0,1,345,0,,,301,UNKNOWN,not_extreme,0.505,,0.005690813064575195,,no_leader,,,,,,,,,no_leader,,,,,,,,,zip:///Users/bradamanka/Downloads/Stratgey testing/polymarket-btc-5m_2026-08-16.zip::polymarket-btc-updown-5m-1786887300-2026-08-16.txt.zst
zip:///Users/bradamanka/Downloads/Stratgey testing/polymarket-btc-5m_2026-08-15.zip::polymarket-btc-updown-5m-1786887600-2026-08-15.txt.zst,polymarket-btc-updown-5m-1786887600-2026-08-15.txt.zst,polymarket-btc-5m_2026-08-15.zip,1786887600,1786887900,False,380,378,0,0,1,377,0,,,301,UNKNOWN,not_extreme,0.505,,0.005269050598144531,,no_leader,,,,,,,,,no_leader,,,,,,,,,zip:///Users/bradamanka/Downloads/Stratgey testing/polymarket-btc-5m_2026-08-16.zip::polymarket-btc-updown-5m-1786887600-2026-08-16.txt.zst
zip:///Users/bradamanka/Downloads/Stratgey testing/polymarket-btc-5m_2026-08-15.zip::polymarket-btc-updown-5m-1786885500-2026-08-15.txt.zst,polymarket-btc-updown-5m-1786885500-2026-08-15.txt.zst,polymarket-btc-5m_2026-08-15.zip,1786885500,1786885800,False,312,310,0,0,1,309,0,,,301,UNKNOWN,not_extreme,0.505,,0.05240130424499512,,no_leader,,,,,,,,,no_leader,,,,,,,,,zip:///Users/bradamanka/Downloads/Stratgey testing/polymarket-btc-5m_2026-08-16.zip::polymarket-btc-updown-5m-1786885500-2026-08-16.txt.zst
zip:///Users/bradamanka/Downloads/Stratgey testing/polymarket-btc-5m_2026-08-15.zip::polymarket-btc-updown-5m-1786887900-2026-08-15.txt.zst,polymarket-btc-updown-5m-1786887900-2026-08-15.txt.zst,polymarket-btc-5m_2026-08-15.zip,1786887900,1786888200,False,383,381,0,0,1,380,0,,,301,UNKNOWN,not_extreme,0.505,,0.0074269771575927734,,no_leader,,,,,,,,,no_leader,,,,,,,,,zip:///Users/bradamanka/Downloads/Stratgey testing/polymarket-btc-5m_2026-08-16.zip::polymarket-btc-updown-5m-1786887900-2026-08-16.txt.zst
zip:///Users/bradamanka/Downloads/Stratgey testing/polymarket-btc-5m_2026-08-15.zip::polymarket-btc-updown-5m-1786888500-2026-08-15.txt.zst,polymarket-btc-updown-5m-1786888500-2026-08-15.txt.zst,polymarket-btc-5m_2026-08-15.zip,1786888500,1786888800,False,238,236,0,0,1,235,0,,,301,UNKNOWN,not_extreme,0.505,,0.007848262786865234,,no_leader,,,,,,,,,no_leader,,,,,,,,,zip:///Users/bradamanka/Downloads/Stratgey testing/polymarket-btc-5m_2026-08-16.zip::polymarket-btc-updown-5m-1786888500-2026-08-16.txt.zst
zip:///Users/bradamanka/Downloads/Stratgey testing/polymarket-btc-5m_2026-08-15.zip::polymarket-btc-updown-5m-1786888800-2026-08-15.txt.zst,polymarket-btc-updown-5m-1786888800-2026-08-15.txt.zst,polymarket-btc-5m_2026-08-15.zip,1786888800,1786889100,False,195,193,0,0,1,192,0,,,301,UNKNOWN,not_extreme,0.505,,0.007033824920654297,,no_leader,,,,,,,,,no_leader,,,,,,,,,zip:///Users/bradamanka/Downloads/Stratgey testing/polymarket-btc-5m_2026-08-16.zip::polymarket-btc-updown-5m-1786888800-2026-08-16.txt.zst
zip:///Users/bradamanka/Downloads/Stratgey testing/polymarket-btc-5m_2026-08-15.zip::polymarket-btc-updown-5m-1786889100-2026-08-15.txt.zst,polymarket-btc-updown-5m-1786889100-2026-08-15.txt.zst,polymarket-btc-5m_2026-08-15.zip,1786889100,1786889400,False,317,315,0,0,1,314,0,,,301,UNKNOWN,not_extreme,0.505,,0.016530752182006836,,no_leader,,,,,,,,,no_leader,,,,,,,,,zip:///Users/bradamanka/Downloads/Stratgey testing/polymarket-btc-5m_2026-08-16.zip::polymarket-btc-updown-5m-1786889100-2026-08-16.txt.zst
zip:///Users/bradamanka/Downloads/Stratgey testing/polymarket-btc-5m_2026-08-15.zip::polymarket-btc-updown-5m-1786889400-2026-08-15.txt.zst,polymarket-btc-updown-5m-1786889400-2026-08-15.txt.zst,polymarket-btc-5m_2026-08-15.zip,1786889400,1786889700,False,347,345,0,0,1,344,0,,,301,UNKNOWN,not_extreme,0.505,,0.020189285278320312,,no_leader,,,,,,,,,no_leader,,,,,,,,,zip:///Users/bradamanka/Downloads/Stratgey testing/polymarket-btc-5m_2026-08-16.zip::polymarket-btc-updown-5m-1786889400-2026-08-16.txt.zst
zip:///Users/bradamanka/Downloads/Stratgey testing/polymarket-btc-5m_2026-08-15.zip::polymarket-btc-updown-5m-1786889700-2026-08-15.txt.zst,polymarket-btc-updown-5m-1786889700-2026-08-15.txt.zst,polymarket-btc-5m_2026-08-15.zip,1786889700,1786890000,False,365,363,0,0,1,362,0,,,301,UNKNOWN,not_extreme,0.505,,0.009237051010131836,,no_leader,,,,,,,,,no_leader,,,,,,,,,zip:///Users/bradamanka/Downloads/Stratgey testing/polymarket-btc-5m_2026-08-16.zip::polymarket-btc-updown-5m-1786889700-2026-08-16.txt.zst
zip:///Users/bradamanka/Downloads/Stratgey testing/polymarket-btc-5m_2026-08-15.zip::polymarket-btc-updown-5m-1786890000-2026-08-15.txt.zst,polymarket-btc-updown-5m-1786890000-2026-08-15.txt.zst,polymarket-btc-5m_2026-08-15.zip,1786890000,1786890300,False,327,325,0,0,1,324,0,,,301,UNKNOWN,not_extreme,0.505,,0.003983974456787109,,no_leader,,,,,,,,,no_leader,,,,,,,,,zip:///Users/bradamanka/Downloads/Stratgey testing/polymarket-btc-5m_2026-08-16.zip::polymarket-btc-updown-5m-1786890000-2026-08-16.txt.zst
zip:///Users/bradamanka/Downloads/Stratgey testing/polymarket-btc-5m_2026-08-15.zip::polymarket-btc-updown-5m-1786888200-2026-08-15.txt.zst,polymarket-btc-updown-5m-1786888200-2026-08-15.txt.zst,polymarket-btc-5m_2026-08-15.zip,1786888200,1786888500,False,351,349,0,0,1,348,0,,,301,UNKNOWN,not_extreme,0.505,,0.0381319522857666,,no_leader,,,,,,,,,no_leader,,,,,,,,,zip:///Users/bradamanka/Downloads/Stratgey testing/polymarket-btc-5m_2026-08-16.zip::polymarket-btc-updown-5m-1786888200-2026-08-16.txt.zst
zip:///Users/bradamanka/Downloads/Stratgey testing/polymarket-btc-5m_2026-08-15.zip::polymarket-btc-updown-5m-1786890300-2026-08-15.txt.zst,polymarket-btc-updown-5m-1786890300-2026-08-15.txt.zst,polymarket-btc-5m_2026-08-15.zip,1786890300,1786890600,False,406,404,0,0,1,403,0,,,301,UNKNOWN,not_extreme,0.505,,0.006052970886230469,,no_leader,,,,,,,,,no_leader,,,,,,,,,zip:///Users/bradamanka/Downloads/Stratgey testing/polymarket-btc-5m_2026-08-16.zip::polymarket-btc-updown-5m-1786890300-2026-08-16.txt.zst
zip:///Users/bradamanka/Downloads/Stratgey testing/polymarket-btc-5m_2026-08-15.zip::polymarket-btc-updown-5m-1786890900-2026-08-15.txt.zst,polymarket-btc-updown-5m-1786890900-2026-08-15.txt.zst,polymarket-btc-5m_2026-08-15.zip,1786890900,1786891200,False,279,277,0,0,1,276,0,,,301,UNKNOWN,not_extreme,0.505,,0.004036903381347656,,no_leader,,,,,,,,,no_leader,,,,,,,,,zip:///Users/bradamanka/Downloads/Stratgey testing/polymarket-btc-5m_2026-08-16.zip::polymarket-btc-updown-5m-1786890900-2026-08-16.txt.zst
zip:///Users/bradamanka/Downloads/Stratgey testing/polymarket-btc-5m_2026-08-15.zip::polymarket-btc-updown-5m-1786890600-2026-08-15.txt.zst,polymarket-btc-updown-5m-1786890600-2026-08-15.txt.zst,polymarket-btc-5m_2026-08-15.zip,1786890600,1786890900,False,286,284,0,0,1,283,0,,,301,UNKNOWN,not_extreme,0.505,,0.009161949157714844,,no_leader,,,,,,,,,no_leader,,,,,,,,,zip:///Users/bradamanka/Downloads/Stratgey testing/polymarket-btc-5m_2026-08-16.zip::polymarket-btc-updown-5m-1786890600-2026-08-16.txt.zst
zip:///Users/bradamanka/Downloads/Stratgey testing/polymarket-btc-5m_2026-08-15.zip::polymarket-btc-updown-5m-1786891200-2026-08-15.txt.zst,polymarket-btc-updown-5m-1786891200-2026-08-15.txt.zst,polymarket-btc-5m_2026-08-15.zip,1786891200,1786891500,False,278,276,0,0,1,275,0,,,301,UNKNOWN,not_extreme,0.505,,0.006967067718505859,,no_leader,,,,,,,,,no_leader,,,,,,,,,zip:///Users/bradamanka/Downloads/Stratgey testing/polymarket-btc-5m_2026-08-16.zip::polymarket-btc-updown-5m-1786891200-2026-08-16.txt.zst
zip:///Users/bradamanka/Downloads/Stratgey testing/polymarket-btc-5m_2026-08-15.zip::polymarket-btc-updown-5m-1786891500-2026-08-15.txt.zst,polymarket-btc-updown-5m-1786891500-2026-08-15.txt.zst,polymarket-btc-5m_2026-08-15.zip,1786891500,1786891800,False,290,288,0,0,1,287,0,,,301,UNKNOWN,not_extreme,0.505,,0.006073713302612305,,no_leader,,,,,,,,,no_leader,,,,,,,,,zip:///Users/bradamanka/Downloads/Stratgey testing/polymarket-btc-5m_2026-08-16.zip::polymarket-btc-updown-5m-1786891500-2026-08-16.txt.zst
zip:///Users/bradamanka/Downloads/Stratgey testing/polymarket-btc-5m_2026-08-15.zip::polymarket-btc-updown-5m-1786892100-2026-08-15.txt.zst,polymarket-btc-updown-5m-1786892100-2026-08-15.txt.zst,polymarket-btc-5m_2026-08-15.zip,1786892100,1786892400,False,315,313,0,0,1,312,0,,,301,UNKNOWN,not_extreme,0.505,,0.011707782745361328,,no_leader,,,,,,,,,no_leader,,,,,,,,,zip:///Users/bradamanka/Downloads/Stratgey testing/polymarket-btc-5m_2026-08-16.zip::polymarket-btc-updown-5m-1786892100-2026-08-16.txt.zst
zip:///Users/bradamanka/Downloads/Stratgey testing/polymarket-btc-5m_2026-08-15.zip::polymarket-btc-updown-5m-1786892400-2026-08-15.txt.zst,polymarket-btc-updown-5m-1786892400-2026-08-15.txt.zst,polymarket-btc-5m_2026-08-15.zip,1786892400,1786892700,False,240,238,0,0,1,237,0,,,301,UNKNOWN,not_extreme,0.505,,0.00426793098449707,,no_leader,,,,,,,,,no_leader,,,,,,,,,zip:///Users/bradamanka/Downloads/Stratgey testing/polymarket-btc-5m_2026-08-16.zip::polymarket-btc-updown-5m-1786892400-2026-08-16.txt.zst
zip:///Users/bradamanka/Downloads/Stratgey testing/polymarket-btc-5m_2026-08-15.zip::polymarket-btc-updown-5m-1786892700-2026-08-15.txt.zst,polymarket-btc-updown-5m-1786892700-2026-08-15.txt.zst,polymarket-btc-5m_2026-08-15.zip,1786892700,1786893000,False,193,191,0,0,1,190,0,,,301,UNKNOWN,not_extreme,0.505,,0.0034399032592773438,,no_leader,,,,,,,,,no_leader,,,,,,,,,zip:///Users/bradamanka/Downloads/Stratgey testing/polymarket-btc-5m_2026-08-16.zip::polymarket-btc-updown-5m-1786892700-2026-08-16.txt.zst
zip:///Users/bradamanka/Downloads/Stratgey testing/polymarket-btc-5m_2026-08-15.zip::polymarket-btc-updown-5m-1786891800-2026-08-15.txt.zst,polymarket-btc-updown-5m-1786891800-2026-08-15.txt.zst,polymarket-btc-5m_2026-08-15.zip,1786891800,1786892100,False,281,279,0,0,1,278,0,,,301,UNKNOWN,not_extreme,0.505,,0.017994165420532227,,no_leader,,,,,,,,,no_leader,,,,,,,,,zip:///Users/bradamanka/Downloads/Stratgey testing/polymarket-btc-5m_2026-08-16.zip::polymarket-btc-updown-5m-1786891800-2026-08-16.txt.zst
zip:///Users/bradamanka/Downloads/Stratgey testing/polymarket-btc-5m_2026-08-16.zip::polymarket-btc-updown-5m-1786837800-2026-08-16.txt.zst,polymarket-btc-updown-5m-1786837800-2026-08-16.txt.zst,polymarket-btc-5m_2026-08-16.zip,1786837800,1786838100,False,37431,37106,35606,319,370,36736,0,85.632000001,299.99,301,DOWN,quotes+trades,0.001,0.001,1.0898048877716064,,no_pullback,DOWN,85.632000001,,,,,,,no_pullback,DOWN,86.0,,,,,,,zip:///Users/bradamanka/Downloads/Stratgey testing/polymarket-btc-5m_2026-08-15.zip::polymarket-btc-updown-5m-1786837800-2026-08-15.txt.zst
zip:///Users/bradamanka/Downloads/Stratgey testing/polymarket-btc-5m_2026-08-15.zip::polymarket-btc-updown-5m-1786893300-2026-08-15.txt.zst,polymarket-btc-updown-5m-1786893300-2026-08-15.txt.zst,polymarket-btc-5m_2026-08-15.zip,1786893300,1786893600,False,346,344,0,0,1,343,0,,,301,UNKNOWN,not_extreme,0.505,,0.0070247650146484375,,no_leader,,,,,,,,,no_leader,,,,,,,,,zip:///Users/bradamanka/Downloads/Stratgey testing/polymarket-btc-5m_2026-08-16.zip::polymarket-btc-updown-5m-1786893300-2026-08-16.txt.zst
zip:///Users/bradamanka/Downloads/Stratgey testing/polymarket-btc-5m_2026-08-15.zip::polymarket-btc-updown-5m-1786893000-2026-08-15.txt.zst,polymarket-btc-updown-5m-1786893000-2026-08-15.txt.zst,polymarket-btc-5m_2026-08-15.zip,1786893000,1786893300,False,373,371,0,0,1,370,0,,,301,UNKNOWN,not_extreme,0.505,,0.012835979461669922,,no_leader,,,,,,,,,no_leader,,,,,,,,,zip:///Users/bradamanka/Downloads/Stratgey testing/polymarket-btc-5m_2026-08-16.zip::polymarket-btc-updown-5m-1786893000-2026-08-16.txt.zst
zip:///Users/bradamanka/Downloads/Stratgey testing/polymarket-btc-5m_2026-08-15.zip::polymarket-btc-updown-5m-1786893600-2026-08-15.txt.zst,polymarket-btc-updown-5m-1786893600-2026-08-15.txt.zst,polymarket-btc-5m_2026-08-15.zip,1786893600,1786893900,False,282,280,0,0,1,279,0,,,301,UNKNOWN,not_extreme,0.505,,0.004133939743041992,,no_leader,,,,,,,,,no_leader,,,,,,,,,zip:///Users/bradamanka/Downloads/Stratgey testing/polymarket-btc-5m_2026-08-16.zip::polymarket-btc-updown-5m-1786893600-2026-08-16.txt.zst
zip:///Users/bradamanka/Downloads/Stratgey testing/polymarket-btc-5m_2026-08-15.zip::polymarket-btc-updown-5m-1786893900-2026-08-15.txt.zst,polymarket-btc-updown-5m-1786893900-2026-08-15.txt.zst,polymarket-btc-5m_2026-08-15.zip,1786893900,1786894200,False,291,289,0,0,1,288,0,,,301,UNKNOWN,not_extreme,0.505,,0.00942087173461914,,no_leader,,,,,,,,,no_leader,,,,,,,,,zip:///Users/bradamanka/Downloads/Stratgey testing/polymarket-btc-5m_2026-08-16.zip::polymarket-btc-updown-5m-1786893900-2026-08-16.txt.zst
zip:///Users/bradamanka/Downloads/Stratgey testing/polymarket-btc-5m_2026-08-15.zip::polymarket-btc-updown-5m-1786894500-2026-08-15.txt.zst,polymarket-btc-updown-5m-1786894500-2026-08-15.txt.zst,polymarket-btc-5m_2026-08-15.zip,1786894500,1786894800,False,291,289,0,0,1,288,0,,,301,UNKNOWN,not_extreme,0.505,,0.004086017608642578,,no_leader,,,,,,,,,no_leader,,,,,,,,,zip:///Users/bradamanka/Downloads/Stratgey testing/polymarket-btc-5m_2026-08-16.zip::polymarket-btc-updown-5m-1786894500-2026-08-16.txt.zst
zip:///Users/bradamanka/Downloads/Stratgey testing/polymarket-btc-5m_2026-08-15.zip::polymarket-btc-updown-5m-1786894800-2026-08-15.txt.zst,polymarket-btc-updown-5m-1786894800-2026-08-15.txt.zst,polymarket-btc-5m_2026-08-15.zip,1786894800,1786895100,False,296,294,0,0,1,293,0,,,301,UNKNOWN,not_extreme,0.505,,0.004491090774536133,,no_leader,,,,,,,,,no_leader,,,,,,,,,zip:///Users/bradamanka/Downloads/Stratgey testing/polymarket-btc-5m_2026-08-16.zip::polymarket-btc-updown-5m-1786894800-2026-08-16.txt.zst
zip:///Users/bradamanka/Downloads/Stratgey testing/polymarket-btc-5m_2026-08-15.zip::polymarket-btc-updown-5m-1786895100-2026-08-15.txt.zst,polymarket-btc-updown-5m-1786895100-2026-08-15.txt.zst,polymarket-btc-5m_2026-08-15.zip,1786895100,1786895400,False,234,232,0,0,1,231,0,,,301,UNKNOWN,not_extreme,0.5,,0.003528118133544922,,no_leader,,,,,,,,,no_leader,,,,,,,,,zip:///Users/bradamanka/Downloads/Stratgey testing/polymarket-btc-5m_2026-08-16.zip::polymarket-btc-updown-5m-1786895100-2026-08-16.txt.zst
zip:///Users/bradamanka/Downloads/Stratgey testing/polymarket-btc-5m_2026-08-15.zip::polymarket-btc-updown-5m-1786895400-2026-08-15.txt.zst,polymarket-btc-updown-5m-1786895400-2026-08-15.txt.zst,polymarket-btc-5m_2026-08-15.zip,1786895400,1786895700,False,287,285,0,0,1,284,0,,,301,UNKNOWN,not_extreme,0.505,,0.0048601627349853516,,no_leader,,,,,,,,,no_leader,,,,,,,,,zip:///Users/bradamanka/Downloads/Stratgey testing/polymarket-btc-5m_2026-08-16.zip::polymarket-btc-updown-5m-1786895400-2026-08-16.txt.zst
zip:///Users/bradamanka/Downloads/Stratgey testing/polymarket-btc-5m_2026-08-15.zip::polymarket-btc-updown-5m-1786895700-2026-08-15.txt.zst,polymarket-btc-updown-5m-1786895700-2026-08-15.txt.zst,polymarket-btc-5m_2026-08-15.zip,1786895700,1786896000,False,273,271,0,0,1,270,0,,,301,UNKNOWN,not_extreme,0.505,,0.0036699771881103516,,no_leader,,,,,,,,,no_leader,,,,,,,,,zip:///Users/bradamanka/Downloads/Stratgey testing/polymarket-btc-5m_2026-08-16.zip::polymarket-btc-updown-5m-1786895700-2026-08-16.txt.zst
zip:///Users/bradamanka/Downloads/Stratgey testing/polymarket-btc-5m_2026-08-15.zip::polymarket-btc-updown-5m-1786894200-2026-08-15.txt.zst,polymarket-btc-updown-5m-1786894200-2026-08-15.txt.zst,polymarket-btc-5m_2026-08-15.zip,1786894200,1786894500,False,256,254,0,0,1,253,0,,,301,UNKNOWN,not_extreme,0.505,,0.018057823181152344,,no_leader,,,,,,,,,no_leader,,,,,,,,,zip:///Users/bradamanka/Downloads/Stratgey testing/polymarket-btc-5m_2026-08-16.zip::polymarket-btc-updown-5m-1786894200-2026-08-16.txt.zst
zip:///Users/bradamanka/Downloads/Stratgey testing/polymarket-btc-5m_2026-08-15.zip::polymarket-btc-updown-5m-1786896000-2026-08-15.txt.zst,polymarket-btc-updown-5m-1786896000-2026-08-15.txt.zst,polymarket-btc-5m_2026-08-15.zip,1786896000,1786896300,False,265,263,0,0,1,262,0,,,301,UNKNOWN,not_extreme,0.505,,0.003751039505004883,,no_leader,,,,,,,,,no_leader,,,,,,,,,zip:///Users/bradamanka/Downloads/Stratgey testing/polymarket-btc-5m_2026-08-16.zip::polymarket-btc-updown-5m-1786896000-2026-08-16.txt.zst
zip:///Users/bradamanka/Downloads/Stratgey testing/polymarket-btc-5m_2026-08-15.zip::polymarket-btc-updown-5m-1786896600-2026-08-15.txt.zst,polymarket-btc-updown-5m-1786896600-2026-08-15.txt.zst,polymarket-btc-5m_2026-08-15.zip,1786896600,1786896900,False,296,294,0,0,1,293,0,,,301,UNKNOWN,not_extreme,0.505,,0.00403594970703125,,no_leader,,,,,,,,,no_leader,,,,,,,,,zip:///Users/bradamanka/Downloads/Stratgey testing/polymarket-btc-5m_2026-08-16.zip::polymarket-btc-updown-5m-1786896600-2026-08-16.txt.zst
zip:///Users/bradamanka/Downloads/Stratgey testing/polymarket-btc-5m_2026-08-15.zip::polymarket-btc-updown-5m-1786896300-2026-08-15.txt.zst,polymarket-btc-updown-5m-1786896300-2026-08-15.txt.zst,polymarket-btc-5m_2026-08-15.zip,1786896300,1786896600,False,296,294,0,0,1,293,0,,,301,UNKNOWN,not_extreme,0.505,,0.006534099578857422,,no_leader,,,,,,,,,no_leader,,,,,,,,,zip:///Users/bradamanka/Downloads/Stratgey testing/polymarket-btc-5m_2026-08-16.zip::polymarket-btc-updown-5m-1786896300-2026-08-16.txt.zst
zip:///Users/bradamanka/Downloads/Stratgey testing/polymarket-btc-5m_2026-08-15.zip::polymarket-btc-updown-5m-1786896900-2026-08-15.txt.zst,polymarket-btc-updown-5m-1786896900-2026-08-15.txt.zst,polymarket-btc-5m_2026-08-15.zip,1786896900,1786897200,False,190,188,0,0,1,187,0,,,301,UNKNOWN,not_extreme,0.505,,0.0034580230712890625,,no_leader,,,,,,,,,no_leader,,,,,,,,,zip:///Users/bradamanka/Downloads/Stratgey testing/polymarket-btc-5m_2026-08-16.zip::polymarket-btc-updown-5m-1786896900-2026-08-16.txt.zst
zip:///Users/bradamanka/Downloads/Stratgey testing/polymarket-btc-5m_2026-08-15.zip::polymarket-btc-updown-5m-1786897500-2026-08-15.txt.zst,polymarket-btc-updown-5m-1786897500-2026-08-15.txt.zst,polymarket-btc-5m_2026-08-15.zip,1786897500,1786897800,False,267,265,0,0,1,264,0,,,301,UNKNOWN,not_extreme,0.505,,0.0038220882415771484,,no_leader,,,,,,,,,no_leader,,,,,,,,,zip:///Users/bradamanka/Downloads/Stratgey testing/polymarket-btc-5m_2026-08-16.zip::polymarket-btc-updown-5m-1786897500-2026-08-16.txt.zst
zip:///Users/bradamanka/Downloads/Stratgey testing/polymarket-btc-5m_2026-08-15.zip::polymarket-btc-updown-5m-1786897800-2026-08-15.txt.zst,polymarket-btc-updown-5m-1786897800-2026-08-15.txt.zst,polymarket-btc-5m_2026-08-15.zip,1786897800,1786898100,False,274,272,0,0,1,271,0,,,301,UNKNOWN,not_extreme,0.505,,0.0063779354095458984,,no_leader,,,,,,,,,no_leader,,,,,,,,,zip:///Users/bradamanka/Downloads/Stratgey testing/polymarket-btc-5m_2026-08-16.zip::polymarket-btc-updown-5m-1786897800-2026-08-16.txt.zst
zip:///Users/bradamanka/Downloads/Stratgey testing/polymarket-btc-5m_2026-08-15.zip::polymarket-btc-updown-5m-1786898100-2026-08-15.txt.zst,polymarket-btc-updown-5m-1786898100-2026-08-15.txt.zst,polymarket-btc-5m_2026-08-15.zip,1786898100,1786898400,False,413,411,0,0,1,410,0,,,301,UNKNOWN,not_extreme,0.505,,0.008678913116455078,,no_leader,,,,,,,,,no_leader,,,,,,,,,zip:///Users/bradamanka/Downloads/Stratgey testing/polymarket-btc-5m_2026-08-16.zip::polymarket-btc-updown-5m-1786898100-2026-08-16.txt.zst
zip:///Users/bradamanka/Downloads/Stratgey testing/polymarket-btc-5m_2026-08-15.zip::polymarket-btc-updown-5m-1786897200-2026-08-15.txt.zst,polymarket-btc-updown-5m-1786897200-2026-08-15.txt.zst,polymarket-btc-5m_2026-08-15.zip,1786897200,1786897500,False,276,274,0,0,1,273,0,,,301,UNKNOWN,not_extreme,0.505,,0.016675949096679688,,no_leader,,,,,,,,,no_leader,,,,,,,,,zip:///Users/bradamanka/Downloads/Stratgey testing/polymarket-btc-5m_2026-08-16.zip::polymarket-btc-updown-5m-1786897200-2026-08-16.txt.zst
zip:///Users/bradamanka/Downloads/Stratgey testing/polymarket-btc-5m_2026-08-15.zip::polymarket-btc-updown-5m-1786898400-2026-08-15.txt.zst,polymarket-btc-updown-5m-1786898400-2026-08-15.txt.zst,polymarket-btc-5m_2026-08-15.zip,1786898400,1786898700,False,269,267,0,0,1,266,0,,,301,UNKNOWN,not_extreme,0.505,,0.012792110443115234,,no_leader,,,,,,,,,no_leader,,,,,,,,,zip:///Users/bradamanka/Downloads/Stratgey testing/polymarket-btc-5m_2026-08-16.zip::polymarket-btc-updown-5m-1786898400-2026-08-16.txt.zst
zip:///Users/bradamanka/Downloads/Stratgey testing/polymarket-btc-5m_2026-08-15.zip::polymarket-btc-updown-5m-1786899300-2026-08-15.txt.zst,polymarket-btc-updown-5m-1786899300-2026-08-15.txt.zst,polymarket-btc-5m_2026-08-15.zip,1786899300,1786899600,False,262,260,0,0,1,259,0,,,301,UNKNOWN,not_extreme,0.505,,0.006242036819458008,,no_leader,,,,,,,,,no_leader,,,,,,,,,zip:///Users/bradamanka/Downloads/Stratgey testing/polymarket-btc-5m_2026-08-16.zip::polymarket-btc-updown-5m-1786899300-2026-08-16.txt.zst
zip:///Users/bradamanka/Downloads/Stratgey testing/polymarket-btc-5m_2026-08-15.zip::polymarket-btc-updown-5m-1786899000-2026-08-15.txt.zst,polymarket-btc-updown-5m-1786899000-2026-08-15.txt.zst,polymarket-btc-5m_2026-08-15.zip,1786899000,1786899300,False,264,262,0,0,1,261,0,,,301,UNKNOWN,not_extreme,0.505,,0.007278919219970703,,no_leader,,,,,,,,,no_leader,,,,,,,,,zip:///Users/bradamanka/Downloads/Stratgey testing/polymarket-btc-5m_2026-08-16.zip::polymarket-btc-updown-5m-1786899000-2026-08-16.txt.zst
zip:///Users/bradamanka/Downloads/Stratgey testing/polymarket-btc-5m_2026-08-15.zip::polymarket-btc-updown-5m-1786898700-2026-08-15.txt.zst,polymarket-btc-updown-5m-1786898700-2026-08-15.txt.zst,polymarket-btc-5m_2026-08-15.zip,1786898700,1786899000,False,279,277,0,0,1,276,0,,,301,UNKNOWN,not_extreme,0.505,,0.01638197898864746,,no_leader,,,,,,,,,no_leader,,,,,,,,,zip:///Users/bradamanka/Downloads/Stratgey testing/polymarket-btc-5m_2026-08-16.zip::polymarket-btc-updown-5m-1786898700-2026-08-16.txt.zst
zip:///Users/bradamanka/Downloads/Stratgey testing/polymarket-btc-5m_2026-08-15.zip::polymarket-btc-updown-5m-1786900200-2026-08-15.txt.zst,polymarket-btc-updown-5m-1786900200-2026-08-15.txt.zst,polymarket-btc-5m_2026-08-15.zip,1786900200,1786900500,False,274,272,0,0,1,271,0,,,301,UNKNOWN,not_extreme,0.505,,0.0049631595611572266,,no_leader,,,,,,,,,no_leader,,,,,,,,,zip:///Users/bradamanka/Downloads/Stratgey testing/polymarket-btc-5m_2026-08-16.zip::polymarket-btc-updown-5m-1786900200-2026-08-16.txt.zst
zip:///Users/bradamanka/Downloads/Stratgey testing/polymarket-btc-5m_2026-08-15.zip::polymarket-btc-updown-5m-1786900500-2026-08-15.txt.zst,polymarket-btc-updown-5m-1786900500-2026-08-15.txt.zst,polymarket-btc-5m_2026-08-15.zip,1786900500,1786900800,False,262,260,0,0,1,259,0,,,301,UNKNOWN,not_extreme,0.505,,0.0043179988861083984,,no_leader,,,,,,,,,no_leader,,,,,,,,,zip:///Users/bradamanka/Downloads/Stratgey testing/polymarket-btc-5m_2026-08-16.zip::polymarket-btc-updown-5m-1786900500-2026-08-16.txt.zst
zip:///Users/bradamanka/Downloads/Stratgey testing/polymarket-btc-5m_2026-08-15.zip::polymarket-btc-updown-5m-1786899600-2026-08-15.txt.zst,polymarket-btc-updown-5m-1786899600-2026-08-15.txt.zst,polymarket-btc-5m_2026-08-15.zip,1786899600,1786899900,False,290,288,0,0,1,287,0,,,301,UNKNOWN,not_extreme,0.505,,0.014269113540649414,,no_leader,,,,,,,,,no_leader,,,,,,,,,zip:///Users/bradamanka/Downloads/Stratgey testing/polymarket-btc-5m_2026-08-16.zip::polymarket-btc-updown-5m-1786899600-2026-08-16.txt.zst
zip:///Users/bradamanka/Downloads/Stratgey testing/polymarket-btc-5m_2026-08-15.zip::polymarket-btc-updown-5m-1786899900-2026-08-15.txt.zst,polymarket-btc-updown-5m-1786899900-2026-08-15.txt.zst,polymarket-btc-5m_2026-08-15.zip,1786899900,1786900200,False,268,266,0,0,1,265,0,,,301,UNKNOWN,not_extreme,0.505,,0.008600711822509766,,no_leader,,,,,,,,,no_leader,,,,,,,,,zip:///Users/bradamanka/Downloads/Stratgey testing/polymarket-btc-5m_2026-08-16.zip::polymarket-btc-updown-5m-1786899900-2026-08-16.txt.zst
zip:///Users/bradamanka/Downloads/Stratgey testing/polymarket-btc-5m_2026-08-15.zip::polymarket-btc-updown-5m-1786900800-2026-08-15.txt.zst,polymarket-btc-updown-5m-1786900800-2026-08-15.txt.zst,polymarket-btc-5m_2026-08-15.zip,1786900800,1786901100,False,162,160,0,0,1,159,0,,,301,UNKNOWN,not_extreme,0.505,,0.0063059329986572266,,no_leader,,,,,,,,,no_leader,,,,,,,,,zip:///Users/bradamanka/Downloads/Stratgey testing/polymarket-btc-5m_2026-08-16.zip::polymarket-btc-updown-5m-1786900800-2026-08-16.txt.zst
zip:///Users/bradamanka/Downloads/Stratgey testing/polymarket-btc-5m_2026-08-15.zip::polymarket-btc-updown-5m-1786901400-2026-08-15.txt.zst,polymarket-btc-updown-5m-1786901400-2026-08-15.txt.zst,polymarket-btc-5m_2026-08-15.zip,1786901400,1786901700,False,253,251,0,0,1,250,0,,,301,UNKNOWN,not_extreme,0.505,,0.0035469532012939453,,no_leader,,,,,,,,,no_leader,,,,,,,,,zip:///Users/bradamanka/Downloads/Stratgey testing/polymarket-btc-5m_2026-08-16.zip::polymarket-btc-updown-5m-1786901400-2026-08-16.txt.zst
zip:///Users/bradamanka/Downloads/Stratgey testing/polymarket-btc-5m_2026-08-15.zip::polymarket-btc-updown-5m-1786901700-2026-08-15.txt.zst,polymarket-btc-updown-5m-1786901700-2026-08-15.txt.zst,polymarket-btc-5m_2026-08-15.zip,1786901700,1786902000,False,284,282,0,0,1,281,0,,,301,UNKNOWN,not_extreme,0.505,,0.004010200500488281,,no_leader,,,,,,,,,no_leader,,,,,,,,,zip:///Users/bradamanka/Downloads/Stratgey testing/polymarket-btc-5m_2026-08-16.zip::polymarket-btc-updown-5m-1786901700-2026-08-16.txt.zst
zip:///Users/bradamanka/Downloads/Stratgey testing/polymarket-btc-5m_2026-08-15.zip::polymarket-btc-updown-5m-1786902300-2026-08-15.txt.zst,polymarket-btc-updown-5m-1786902300-2026-08-15.txt.zst,polymarket-btc-5m_2026-08-15.zip,1786902300,1786902600,False,209,207,0,0,1,206,0,,,301,UNKNOWN,not_extreme,0.505,,0.003895998001098633,,no_leader,,,,,,,,,no_leader,,,,,,,,,zip:///Users/bradamanka/Downloads/Stratgey testing/polymarket-btc-5m_2026-08-16.zip::polymarket-btc-updown-5m-1786902300-2026-08-16.txt.zst
zip:///Users/bradamanka/Downloads/Stratgey testing/polymarket-btc-5m_2026-08-15.zip::polymarket-btc-updown-5m-1786902000-2026-08-15.txt.zst,polymarket-btc-updown-5m-1786902000-2026-08-15.txt.zst,polymarket-btc-5m_2026-08-15.zip,1786902000,1786902300,False,293,291,0,0,1,290,0,,,301,UNKNOWN,not_extreme,0.505,,0.005838155746459961,,no_leader,,,,,,,,,no_leader,,,,,,,,,zip:///Users/bradamanka/Downloads/Stratgey testing/polymarket-btc-5m_2026-08-16.zip::polymarket-btc-updown-5m-1786902000-2026-08-16.txt.zst
zip:///Users/bradamanka/Downloads/Stratgey testing/polymarket-btc-5m_2026-08-15.zip::polymarket-btc-updown-5m-1786902600-2026-08-15.txt.zst,polymarket-btc-updown-5m-1786902600-2026-08-15.txt.zst,polymarket-btc-5m_2026-08-15.zip,1786902600,1786902900,False,195,193,0,0,1,192,0,,,301,UNKNOWN,not_extreme,0.505,,0.00433802604675293,,no_leader,,,,,,,,,no_leader,,,,,,,,,zip:///Users/bradamanka/Downloads/Stratgey testing/polymarket-btc-5m_2026-08-16.zip::polymarket-btc-updown-5m-1786902600-2026-08-16.txt.zst
zip:///Users/bradamanka/Downloads/Stratgey testing/polymarket-btc-5m_2026-08-15.zip::polymarket-btc-updown-5m-1786903200-2026-08-15.txt.zst,polymarket-btc-updown-5m-1786903200-2026-08-15.txt.zst,polymarket-btc-5m_2026-08-15.zip,1786903200,1786903500,False,199,197,0,0,1,196,0,,,301,UNKNOWN,not_extreme,0.505,,0.00557708740234375,,no_leader,,,,,,,,,no_leader,,,,,,,,,zip:///Users/bradamanka/Downloads/Stratgey testing/polymarket-btc-5m_2026-08-16.zip::polymarket-btc-updown-5m-1786903200-2026-08-16.txt.zst
zip:///Users/bradamanka/Downloads/Stratgey testing/polymarket-btc-5m_2026-08-15.zip::polymarket-btc-updown-5m-1786902900-2026-08-15.txt.zst,polymarket-btc-updown-5m-1786902900-2026-08-15.txt.zst,polymarket-btc-5m_2026-08-15.zip,1786902900,1786903200,False,231,229,0,0,1,228,0,,,301,UNKNOWN,not_extreme,0.505,,0.006587982177734375,,no_leader,,,,,,,,,no_leader,,,,,,,,,zip:///Users/bradamanka/Downloads/Stratgey testing/polymarket-btc-5m_2026-08-16.zip::polymarket-btc-updown-5m-1786902900-2026-08-16.txt.zst
zip:///Users/bradamanka/Downloads/Stratgey testing/polymarket-btc-5m_2026-08-15.zip::polymarket-btc-updown-5m-1786901100-2026-08-15.txt.zst,polymarket-btc-updown-5m-1786901100-2026-08-15.txt.zst,polymarket-btc-5m_2026-08-15.zip,1786901100,1786901400,False,173,171,0,0,1,170,0,,,301,UNKNOWN,not_extreme,0.505,,0.019322872161865234,,no_leader,,,,,,,,,no_leader,,,,,,,,,zip:///Users/bradamanka/Downloads/Stratgey testing/polymarket-btc-5m_2026-08-16.zip::polymarket-btc-updown-5m-1786901100-2026-08-16.txt.zst
zip:///Users/bradamanka/Downloads/Stratgey testing/polymarket-btc-5m_2026-08-15.zip::polymarket-btc-updown-5m-1786903500-2026-08-15.txt.zst,polymarket-btc-updown-5m-1786903500-2026-08-15.txt.zst,polymarket-btc-5m_2026-08-15.zip,1786903500,1786903800,False,216,214,0,0,1,213,0,,,301,UNKNOWN,not_extreme,0.505,,0.006666898727416992,,no_leader,,,,,,,,,no_leader,,,,,,,,,zip:///Users/bradamanka/Downloads/Stratgey testing/polymarket-btc-5m_2026-08-16.zip::polymarket-btc-updown-5m-1786903500-2026-08-16.txt.zst
zip:///Users/bradamanka/Downloads/Stratgey testing/polymarket-btc-5m_2026-08-15.zip::polymarket-btc-updown-5m-1786904100-2026-08-15.txt.zst,polymarket-btc-updown-5m-1786904100-2026-08-15.txt.zst,polymarket-btc-5m_2026-08-15.zip,1786904100,1786904400,False,214,212,0,0,1,211,0,,,301,UNKNOWN,not_extreme,0.505,,0.0038259029388427734,,no_leader,,,,,,,,,no_leader,,,,,,,,,zip:///Users/bradamanka/Downloads/Stratgey testing/polymarket-btc-5m_2026-08-16.zip::polymarket-btc-updown-5m-1786904100-2026-08-16.txt.zst
zip:///Users/bradamanka/Downloads/Stratgey testing/polymarket-btc-5m_2026-08-15.zip::polymarket-btc-updown-5m-1786903800-2026-08-15.txt.zst,polymarket-btc-updown-5m-1786903800-2026-08-15.txt.zst,polymarket-btc-5m_2026-08-15.zip,1786903800,1786904100,False,222,220,0,0,1,219,0,,,301,UNKNOWN,not_extreme,0.505,,0.006340742111206055,,no_leader,,,,,,,,,no_leader,,,,,,,,,zip:///Users/bradamanka/Downloads/Stratgey testing/polymarket-btc-5m_2026-08-16.zip::polymarket-btc-updown-5m-1786903800-2026-08-16.txt.zst
zip:///Users/bradamanka/Downloads/Stratgey testing/polymarket-btc-5m_2026-08-15.zip::polymarket-btc-updown-5m-1786904400-2026-08-15.txt.zst,polymarket-btc-updown-5m-1786904400-2026-08-15.txt.zst,polymarket-btc-5m_2026-08-15.zip,1786904400,1786904700,False,219,217,0,0,1,216,0,,,301,UNKNOWN,not_extreme,0.505,,0.0036957263946533203,,no_leader,,,,,,,,,no_leader,,,,,,,,,zip:///Users/bradamanka/Downloads/Stratgey testing/polymarket-btc-5m_2026-08-16.zip::polymarket-btc-updown-5m-1786904400-2026-08-16.txt.zst
zip:///Users/bradamanka/Downloads/Stratgey testing/polymarket-btc-5m_2026-08-15.zip::polymarket-btc-updown-5m-1786905000-2026-08-15.txt.zst,polymarket-btc-updown-5m-1786905000-2026-08-15.txt.zst,polymarket-btc-5m_2026-08-15.zip,1786905000,1786905300,False,109,107,0,0,1,106,0,,,301,UNKNOWN,not_extreme,0.505,,0.003036975860595703,,no_leader,,,,,,,,,no_leader,,,,,,,,,zip:///Users/bradamanka/Downloads/Stratgey testing/polymarket-btc-5m_2026-08-16.zip::polymarket-btc-updown-5m-1786905000-2026-08-16.txt.zst
zip:///Users/bradamanka/Downloads/Stratgey testing/polymarket-btc-5m_2026-08-15.zip::polymarket-btc-updown-5m-1786905300-2026-08-15.txt.zst,polymarket-btc-updown-5m-1786905300-2026-08-15.txt.zst,polymarket-btc-5m_2026-08-15.zip,1786905300,1786905600,False,97,95,0,0,1,94,0,,,301,UNKNOWN,not_extreme,0.505,,0.0027780532836914062,,no_leader,,,,,,,,,no_leader,,,,,,,,,zip:///Users/bradamanka/Downloads/Stratgey testing/polymarket-btc-5m_2026-08-16.zip::polymarket-btc-updown-5m-1786905300-2026-08-16.txt.zst
zip:///Users/bradamanka/Downloads/Stratgey testing/polymarket-btc-5m_2026-08-15.zip::polymarket-btc-updown-5m-1786904700-2026-08-15.txt.zst,polymarket-btc-updown-5m-1786904700-2026-08-15.txt.zst,polymarket-btc-5m_2026-08-15.zip,1786904700,1786905000,False,122,120,0,0,1,119,0,,,301,UNKNOWN,not_extreme,0.505,,0.008030891418457031,,no_leader,,,,,,,,,no_leader,,,,,,,,,zip:///Users/bradamanka/Downloads/Stratgey testing/polymarket-btc-5m_2026-08-16.zip::polymarket-btc-updown-5m-1786904700-2026-08-16.txt.zst
zip:///Users/bradamanka/Downloads/Stratgey testing/polymarket-btc-5m_2026-08-15.zip::polymarket-btc-updown-5m-1786905900-2026-08-15.txt.zst,polymarket-btc-updown-5m-1786905900-2026-08-15.txt.zst,polymarket-btc-5m_2026-08-15.zip,1786905900,1786906200,False,150,148,0,0,1,147,0,,,301,UNKNOWN,not_extreme,0.505,,0.0031270980834960938,,no_leader,,,,,,,,,no_leader,,,,,,,,,zip:///Users/bradamanka/Downloads/Stratgey testing/polymarket-btc-5m_2026-08-16.zip::polymarket-btc-updown-5m-1786905900-2026-08-16.txt.zst
zip:///Users/bradamanka/Downloads/Stratgey testing/polymarket-btc-5m_2026-08-15.zip::polymarket-btc-updown-5m-1786905600-2026-08-15.txt.zst,polymarket-btc-updown-5m-1786905600-2026-08-15.txt.zst,polymarket-btc-5m_2026-08-15.zip,1786905600,1786905900,False,204,202,0,0,1,201,0,,,301,UNKNOWN,not_extreme,0.505,,0.0038709640502929688,,no_leader,,,,,,,,,no_leader,,,,,,,,,zip:///Users/bradamanka/Downloads/Stratgey testing/polymarket-btc-5m_2026-08-16.zip::polymarket-btc-updown-5m-1786905600-2026-08-16.txt.zst
zip:///Users/bradamanka/Downloads/Stratgey testing/polymarket-btc-5m_2026-08-15.zip::polymarket-btc-updown-5m-1786906800-2026-08-15.txt.zst,polymarket-btc-updown-5m-1786906800-2026-08-15.txt.zst,polymarket-btc-5m_2026-08-15.zip,1786906800,1786907100,False,165,163,0,0,1,162,0,,,301,UNKNOWN,not_extreme,0.505,,0.0031921863555908203,,no_leader,,,,,,,,,no_leader,,,,,,,,,zip:///Users/bradamanka/Downloads/Stratgey testing/polymarket-btc-5m_2026-08-16.zip::polymarket-btc-updown-5m-1786906800-2026-08-16.txt.zst
zip:///Users/bradamanka/Downloads/Stratgey testing/polymarket-btc-5m_2026-08-15.zip::polymarket-btc-updown-5m-1786906200-2026-08-15.txt.zst,polymarket-btc-updown-5m-1786906200-2026-08-15.txt.zst,polymarket-btc-5m_2026-08-15.zip,1786906200,1786906500,False,219,217,0,0,1,216,0,,,301,UNKNOWN,not_extreme,0.505,,0.004027843475341797,,no_leader,,,,,,,,,no_leader,,,,,,,,,zip:///Users/bradamanka/Downloads/Stratgey testing/polymarket-btc-5m_2026-08-16.zip::polymarket-btc-updown-5m-1786906200-2026-08-16.txt.zst
zip:///Users/bradamanka/Downloads/Stratgey testing/polymarket-btc-5m_2026-08-15.zip::polymarket-btc-updown-5m-1786906500-2026-08-15.txt.zst,polymarket-btc-updown-5m-1786906500-2026-08-15.txt.zst,polymarket-btc-5m_2026-08-15.zip,1786906500,1786906800,False,221,219,0,0,1,218,0,,,301,UNKNOWN,not_extreme,0.505,,0.004364967346191406,,no_leader,,,,,,,,,no_leader,,,,,,,,,zip:///Users/bradamanka/Downloads/Stratgey testing/polymarket-btc-5m_2026-08-16.zip::polymarket-btc-updown-5m-1786906500-2026-08-16.txt.zst
zip:///Users/bradamanka/Downloads/Stratgey testing/polymarket-btc-5m_2026-08-15.zip::polymarket-btc-updown-5m-1786907100-2026-08-15.txt.zst,polymarket-btc-updown-5m-1786907100-2026-08-15.txt.zst,polymarket-btc-5m_2026-08-15.zip,1786907100,1786907400,False,205,203,0,0,1,202,0,,,301,UNKNOWN,not_extreme,0.505,,0.0037059783935546875,,no_leader,,,,,,,,,no_leader,,,,,,,,,zip:///Users/bradamanka/Downloads/Stratgey testing/polymarket-btc-5m_2026-08-16.zip::polymarket-btc-updown-5m-1786907100-2026-08-16.txt.zst
zip:///Users/bradamanka/Downloads/Stratgey testing/polymarket-btc-5m_2026-08-15.zip::polymarket-btc-updown-5m-1786907400-2026-08-15.txt.zst,polymarket-btc-updown-5m-1786907400-2026-08-15.txt.zst,polymarket-btc-5m_2026-08-15.zip,1786907400,1786907700,False,201,199,0,0,1,198,0,,,301,UNKNOWN,not_extreme,0.505,,0.0033071041107177734,,no_leader,,,,,,,,,no_leader,,,,,,,,,zip:///Users/bradamanka/Downloads/Stratgey testing/polymarket-btc-5m_2026-08-16.zip::polymarket-btc-updown-5m-1786907400-2026-08-16.txt.zst
zip:///Users/bradamanka/Downloads/Stratgey testing/polymarket-btc-5m_2026-08-15.zip::polymarket-btc-updown-5m-1786907700-2026-08-15.txt.zst,polymarket-btc-updown-5m-1786907700-2026-08-15.txt.zst,polymarket-btc-5m_2026-08-15.zip,1786907700,1786908000,False,220,218,0,0,1,217,0,,,301,UNKNOWN,not_extreme,0.505,,0.0036711692810058594,,no_leader,,,,,,,,,no_leader,,,,,,,,,zip:///Users/bradamanka/Downloads/Stratgey testing/polymarket-btc-5m_2026-08-16.zip::polymarket-btc-updown-5m-1786907700-2026-08-16.txt.zst
zip:///Users/bradamanka/Downloads/Stratgey testing/polymarket-btc-5m_2026-08-15.zip::polymarket-btc-updown-5m-1786908300-2026-08-15.txt.zst,polymarket-btc-updown-5m-1786908300-2026-08-15.txt.zst,polymarket-btc-5m_2026-08-15.zip,1786908300,1786908600,False,201,199,0,0,1,198,0,,,301,UNKNOWN,not_extreme,0.505,,0.004758119583129883,,no_leader,,,,,,,,,no_leader,,,,,,,,,zip:///Users/bradamanka/Downloads/Stratgey testing/polymarket-btc-5m_2026-08-16.zip::polymarket-btc-updown-5m-1786908300-2026-08-16.txt.zst
zip:///Users/bradamanka/Downloads/Stratgey testing/polymarket-btc-5m_2026-08-15.zip::polymarket-btc-updown-5m-1786908000-2026-08-15.txt.zst,polymarket-btc-updown-5m-1786908000-2026-08-15.txt.zst,polymarket-btc-5m_2026-08-15.zip,1786908000,1786908300,False,231,229,0,0,1,228,0,,,301,UNKNOWN,not_extreme,0.505,,0.00780797004699707,,no_leader,,,,,,,,,no_leader,,,,,,,,,zip:///Users/bradamanka/Downloads/Stratgey testing/polymarket-btc-5m_2026-08-16.zip::polymarket-btc-updown-5m-1786908000-2026-08-16.txt.zst
zip:///Users/bradamanka/Downloads/Stratgey testing/polymarket-btc-5m_2026-08-15.zip::polymarket-btc-updown-5m-1786908600-2026-08-15.txt.zst,polymarket-btc-updown-5m-1786908600-2026-08-15.txt.zst,polymarket-btc-5m_2026-08-15.zip,1786908600,1786908900,False,207,205,0,0,1,204,0,,,301,UNKNOWN,not_extreme,0.505,,0.010432958602905273,,no_leader,,,,,,,,,no_leader,,,,,,,,,zip:///Users/bradamanka/Downloads/Stratgey testing/polymarket-btc-5m_2026-08-16.zip::polymarket-btc-updown-5m-1786908600-2026-08-16.txt.zst
zip:///Users/bradamanka/Downloads/Stratgey testing/polymarket-btc-5m_2026-08-15.zip::polymarket-btc-updown-5m-1786908900-2026-08-15.txt.zst,polymarket-btc-updown-5m-1786908900-2026-08-15.txt.zst,polymarket-btc-5m_2026-08-15.zip,1786908900,1786909200,False,157,155,0,0,1,154,0,,,301,UNKNOWN,not_extreme,0.505,,0.010832071304321289,,no_leader,,,,,,,,,no_leader,,,,,,,,,zip:///Users/bradamanka/Downloads/Stratgey testing/polymarket-btc-5m_2026-08-16.zip::polymarket-btc-updown-5m-1786908900-2026-08-16.txt.zst
zip:///Users/bradamanka/Downloads/Stratgey testing/polymarket-btc-5m_2026-08-15.zip::polymarket-btc-updown-5m-1786909200-2026-08-15.txt.zst,polymarket-btc-updown-5m-1786909200-2026-08-15.txt.zst,polymarket-btc-5m_2026-08-15.zip,1786909200,1786909500,False,98,96,0,0,1,95,0,,,301,UNKNOWN,not_extreme,0.505,,0.0047490596771240234,,no_leader,,,,,,,,,no_leader,,,,,,,,,zip:///Users/bradamanka/Downloads/Stratgey testing/polymarket-btc-5m_2026-08-16.zip::polymarket-btc-updown-5m-1786909200-2026-08-16.txt.zst
zip:///Users/bradamanka/Downloads/Stratgey testing/polymarket-btc-5m_2026-08-15.zip::polymarket-btc-updown-5m-1786909500-2026-08-15.txt.zst,polymarket-btc-updown-5m-1786909500-2026-08-15.txt.zst,polymarket-btc-5m_2026-08-15.zip,1786909500,1786909800,False,216,214,0,0,1,213,0,,,301,UNKNOWN,not_extreme,0.505,,0.005922079086303711,,no_leader,,,,,,,,,no_leader,,,,,,,,,zip:///Users/bradamanka/Downloads/Stratgey testing/polymarket-btc-5m_2026-08-16.zip::polymarket-btc-updown-5m-1786909500-2026-08-16.txt.zst
zip:///Users/bradamanka/Downloads/Stratgey testing/polymarket-btc-5m_2026-08-15.zip::polymarket-btc-updown-5m-1786910100-2026-08-15.txt.zst,polymarket-btc-updown-5m-1786910100-2026-08-15.txt.zst,polymarket-btc-5m_2026-08-15.zip,1786910100,1786910400,False,123,121,0,0,1,120,0,,,301,UNKNOWN,not_extreme,0.505,,0.0033261775970458984,,no_leader,,,,,,,,,no_leader,,,,,,,,,zip:///Users/bradamanka/Downloads/Stratgey testing/polymarket-btc-5m_2026-08-16.zip::polymarket-btc-updown-5m-1786910100-2026-08-16.txt.zst
zip:///Users/bradamanka/Downloads/Stratgey testing/polymarket-btc-5m_2026-08-15.zip::polymarket-btc-updown-5m-1786909800-2026-08-15.txt.zst,polymarket-btc-updown-5m-1786909800-2026-08-15.txt.zst,polymarket-btc-5m_2026-08-15.zip,1786909800,1786910100,False,211,209,0,0,1,208,0,,,301,UNKNOWN,not_extreme,0.505,,0.0063250064849853516,,no_leader,,,,,,,,,no_leader,,,,,,,,,zip:///Users/bradamanka/Downloads/Stratgey testing/polymarket-btc-5m_2026-08-16.zip::polymarket-btc-updown-5m-1786909800-2026-08-16.txt.zst
zip:///Users/bradamanka/Downloads/Stratgey testing/polymarket-btc-5m_2026-08-15.zip::polymarket-btc-updown-5m-1786910400-2026-08-15.txt.zst,polymarket-btc-updown-5m-1786910400-2026-08-15.txt.zst,polymarket-btc-5m_2026-08-15.zip,1786910400,1786910700,False,89,87,0,0,1,86,0,,,301,UNKNOWN,not_extreme,0.505,,0.0026917457580566406,,no_leader,,,,,,,,,no_leader,,,,,,,,,zip:///Users/bradamanka/Downloads/Stratgey testing/polymarket-btc-5m_2026-08-16.zip::polymarket-btc-updown-5m-1786910400-2026-08-16.txt.zst
zip:///Users/bradamanka/Downloads/Stratgey testing/polymarket-btc-5m_2026-08-15.zip::polymarket-btc-updown-5m-1786910700-2026-08-15.txt.zst,polymarket-btc-updown-5m-1786910700-2026-08-15.txt.zst,polymarket-btc-5m_2026-08-15.zip,1786910700,1786911000,False,122,120,0,0,1,119,0,,,301,UNKNOWN,not_extreme,0.505,,0.002935171127319336,,no_leader,,,,,,,,,no_leader,,,,,,,,,zip:///Users/bradamanka/Downloads/Stratgey testing/polymarket-btc-5m_2026-08-16.zip::polymarket-btc-updown-5m-1786910700-2026-08-16.txt.zst
zip:///Users/bradamanka/Downloads/Stratgey testing/polymarket-btc-5m_2026-08-15.zip::polymarket-btc-updown-5m-1786911000-2026-08-15.txt.zst,polymarket-btc-updown-5m-1786911000-2026-08-15.txt.zst,polymarket-btc-5m_2026-08-15.zip,1786911000,1786911300,False,134,132,0,0,1,131,0,,,301,UNKNOWN,not_extreme,0.505,,0.0031011104583740234,,no_leader,,,,,,,,,no_leader,,,,,,,,,zip:///Users/bradamanka/Downloads/Stratgey testing/polymarket-btc-5m_2026-08-16.zip::polymarket-btc-updown-5m-1786911000-2026-08-16.txt.zst
zip:///Users/bradamanka/Downloads/Stratgey testing/polymarket-btc-5m_2026-08-15.zip::polymarket-btc-updown-5m-1786911900-2026-08-15.txt.zst,polymarket-btc-updown-5m-1786911900-2026-08-15.txt.zst,polymarket-btc-5m_2026-08-15.zip,1786911900,1786912200,False,192,190,0,0,1,189,0,,,301,UNKNOWN,not_extreme,0.505,,0.003968715667724609,,no_leader,,,,,,,,,no_leader,,,,,,,,,zip:///Users/bradamanka/Downloads/Stratgey testing/polymarket-btc-5m_2026-08-16.zip::polymarket-btc-updown-5m-1786911900-2026-08-16.txt.zst
zip:///Users/bradamanka/Downloads/Stratgey testing/polymarket-btc-5m_2026-08-15.zip::polymarket-btc-updown-5m-1786911300-2026-08-15.txt.zst,polymarket-btc-updown-5m-1786911300-2026-08-15.txt.zst,polymarket-btc-5m_2026-08-15.zip,1786911300,1786911600,False,287,285,0,0,1,284,0,,,301,UNKNOWN,not_extreme,0.505,,0.007086992263793945,,no_leader,,,,,,,,,no_leader,,,,,,,,,zip:///Users/bradamanka/Downloads/Stratgey testing/polymarket-btc-5m_2026-08-16.zip::polymarket-btc-updown-5m-1786911300-2026-08-16.txt.zst
zip:///Users/bradamanka/Downloads/Stratgey testing/polymarket-btc-5m_2026-08-15.zip::polymarket-btc-updown-5m-1786912200-2026-08-15.txt.zst,polymarket-btc-updown-5m-1786912200-2026-08-15.txt.zst,polymarket-btc-5m_2026-08-15.zip,1786912200,1786912500,False,194,192,0,0,1,191,0,,,301,UNKNOWN,not_extreme,0.505,,0.005145072937011719,,no_leader,,,,,,,,,no_leader,,,,,,,,,zip:///Users/bradamanka/Downloads/Stratgey testing/polymarket-btc-5m_2026-08-16.zip::polymarket-btc-updown-5m-1786912200-2026-08-16.txt.zst
zip:///Users/bradamanka/Downloads/Stratgey testing/polymarket-btc-5m_2026-08-15.zip::polymarket-btc-updown-5m-1786912500-2026-08-15.txt.zst,polymarket-btc-updown-5m-1786912500-2026-08-15.txt.zst,polymarket-btc-5m_2026-08-15.zip,1786912500,1786912800,False,70,68,0,0,1,67,0,,,301,UNKNOWN,not_extreme,0.505,,0.0033419132232666016,,no_leader,,,,,,,,,no_leader,,,,,,,,,zip:///Users/bradamanka/Downloads/Stratgey testing/polymarket-btc-5m_2026-08-16.zip::polymarket-btc-updown-5m-1786912500-2026-08-16.txt.zst
zip:///Users/bradamanka/Downloads/Stratgey testing/polymarket-btc-5m_2026-08-15.zip::polymarket-btc-updown-5m-1786911600-2026-08-15.txt.zst,polymarket-btc-updown-5m-1786911600-2026-08-15.txt.zst,polymarket-btc-5m_2026-08-15.zip,1786911600,1786911900,False,241,239,0,0,1,238,0,,,301,UNKNOWN,not_extreme,0.505,,0.010365962982177734,,no_leader,,,,,,,,,no_leader,,,,,,,,,zip:///Users/bradamanka/Downloads/Stratgey testing/polymarket-btc-5m_2026-08-16.zip::polymarket-btc-updown-5m-1786911600-2026-08-16.txt.zst
zip:///Users/bradamanka/Downloads/Stratgey testing/polymarket-btc-5m_2026-08-15.zip::polymarket-btc-updown-5m-1786913100-2026-08-15.txt.zst,polymarket-btc-updown-5m-1786913100-2026-08-15.txt.zst,polymarket-btc-5m_2026-08-15.zip,1786913100,1786913400,False,68,66,0,0,1,65,0,,,301,UNKNOWN,not_extreme,0.505,,0.0024919509887695312,,no_leader,,,,,,,,,no_leader,,,,,,,,,zip:///Users/bradamanka/Downloads/Stratgey testing/polymarket-btc-5m_2026-08-16.zip::polymarket-btc-updown-5m-1786913100-2026-08-16.txt.zst
zip:///Users/bradamanka/Downloads/Stratgey testing/polymarket-btc-5m_2026-08-15.zip::polymarket-btc-updown-5m-1786912800-2026-08-15.txt.zst,polymarket-btc-updown-5m-1786912800-2026-08-15.txt.zst,polymarket-btc-5m_2026-08-15.zip,1786912800,1786913100,False,312,310,0,0,1,309,0,,,301,UNKNOWN,not_extreme,0.505,,0.004781007766723633,,no_leader,,,,,,,,,no_leader,,,,,,,,,zip:///Users/bradamanka/Downloads/Stratgey testing/polymarket-btc-5m_2026-08-16.zip::polymarket-btc-updown-5m-1786912800-2026-08-16.txt.zst
zip:///Users/bradamanka/Downloads/Stratgey testing/polymarket-btc-5m_2026-08-15.zip::polymarket-btc-updown-5m-1786914000-2026-08-15.txt.zst,polymarket-btc-updown-5m-1786914000-2026-08-15.txt.zst,polymarket-btc-5m_2026-08-15.zip,1786914000,1786914300,False,136,134,0,0,1,133,0,,,301,UNKNOWN,not_extreme,0.505,,0.002788066864013672,,no_leader,,,,,,,,,no_leader,,,,,,,,,zip:///Users/bradamanka/Downloads/Stratgey testing/polymarket-btc-5m_2026-08-16.zip::polymarket-btc-updown-5m-1786914000-2026-08-16.txt.zst
zip:///Users/bradamanka/Downloads/Stratgey testing/polymarket-btc-5m_2026-08-15.zip::polymarket-btc-updown-5m-1786913700-2026-08-15.txt.zst,polymarket-btc-updown-5m-1786913700-2026-08-15.txt.zst,polymarket-btc-5m_2026-08-15.zip,1786913700,1786914000,False,199,197,0,0,1,196,0,,,301,UNKNOWN,not_extreme,0.505,,0.004141092300415039,,no_leader,,,,,,,,,no_leader,,,,,,,,,zip:///Users/bradamanka/Downloads/Stratgey testing/polymarket-btc-5m_2026-08-16.zip::polymarket-btc-updown-5m-1786913700-2026-08-16.txt.zst
zip:///Users/bradamanka/Downloads/Stratgey testing/polymarket-btc-5m_2026-08-15.zip::polymarket-btc-updown-5m-1786913400-2026-08-15.txt.zst,polymarket-btc-updown-5m-1786913400-2026-08-15.txt.zst,polymarket-btc-5m_2026-08-15.zip,1786913400,1786913700,False,105,103,0,0,1,102,0,,,301,UNKNOWN,not_extreme,0.505,,0.00833892822265625,,no_leader,,,,,,,,,no_leader,,,,,,,,,zip:///Users/bradamanka/Downloads/Stratgey testing/polymarket-btc-5m_2026-08-16.zip::polymarket-btc-updown-5m-1786913400-2026-08-16.txt.zst
zip:///Users/bradamanka/Downloads/Stratgey testing/polymarket-btc-5m_2026-08-15.zip::polymarket-btc-updown-5m-1786914300-2026-08-15.txt.zst,polymarket-btc-updown-5m-1786914300-2026-08-15.txt.zst,polymarket-btc-5m_2026-08-15.zip,1786914300,1786914600,False,210,208,0,0,1,207,0,,,301,UNKNOWN,not_extreme,0.505,,0.006186962127685547,,no_leader,,,,,,,,,no_leader,,,,,,,,,zip:///Users/bradamanka/Downloads/Stratgey testing/polymarket-btc-5m_2026-08-16.zip::polymarket-btc-updown-5m-1786914300-2026-08-16.txt.zst
zip:///Users/bradamanka/Downloads/Stratgey testing/polymarket-btc-5m_2026-08-15.zip::polymarket-btc-updown-5m-1786914900-2026-08-15.txt.zst,polymarket-btc-updown-5m-1786914900-2026-08-15.txt.zst,polymarket-btc-5m_2026-08-15.zip,1786914900,1786915200,False,175,173,0,0,1,172,0,,,301,UNKNOWN,not_extreme,0.505,,0.004294157028198242,,no_leader,,,,,,,,,no_leader,,,,,,,,,zip:///Users/bradamanka/Downloads/Stratgey testing/polymarket-btc-5m_2026-08-16.zip::polymarket-btc-updown-5m-1786914900-2026-08-16.txt.zst
zip:///Users/bradamanka/Downloads/Stratgey testing/polymarket-btc-5m_2026-08-15.zip::polymarket-btc-updown-5m-1786915200-2026-08-15.txt.zst,polymarket-btc-updown-5m-1786915200-2026-08-15.txt.zst,polymarket-btc-5m_2026-08-15.zip,1786915200,1786915500,False,70,68,0,0,1,67,0,,,301,UNKNOWN,not_extreme,0.505,,0.0030090808868408203,,no_leader,,,,,,,,,no_leader,,,,,,,,,zip:///Users/bradamanka/Downloads/Stratgey testing/polymarket-btc-5m_2026-08-16.zip::polymarket-btc-updown-5m-1786915200-2026-08-16.txt.zst
zip:///Users/bradamanka/Downloads/Stratgey testing/polymarket-btc-5m_2026-08-15.zip::polymarket-btc-updown-5m-1786915500-2026-08-15.txt.zst,polymarket-btc-updown-5m-1786915500-2026-08-15.txt.zst,polymarket-btc-5m_2026-08-15.zip,1786915500,1786915800,False,125,123,0,0,1,122,0,,,301,UNKNOWN,not_extreme,0.505,,0.0027010440826416016,,no_leader,,,,,,,,,no_leader,,,,,,,,,zip:///Users/bradamanka/Downloads/Stratgey testing/polymarket-btc-5m_2026-08-16.zip::polymarket-btc-updown-5m-1786915500-2026-08-16.txt.zst
zip:///Users/bradamanka/Downloads/Stratgey testing/polymarket-btc-5m_2026-08-15.zip::polymarket-btc-updown-5m-1786916100-2026-08-15.txt.zst,polymarket-btc-updown-5m-1786916100-2026-08-15.txt.zst,polymarket-btc-5m_2026-08-15.zip,1786916100,1786916400,False,125,123,0,0,1,122,0,,,301,UNKNOWN,not_extreme,0.505,,0.0029990673065185547,,no_leader,,,,,,,,,no_leader,,,,,,,,,zip:///Users/bradamanka/Downloads/Stratgey testing/polymarket-btc-5m_2026-08-16.zip::polymarket-btc-updown-5m-1786916100-2026-08-16.txt.zst
zip:///Users/bradamanka/Downloads/Stratgey testing/polymarket-btc-5m_2026-08-15.zip::polymarket-btc-updown-5m-1786916400-2026-08-15.txt.zst,polymarket-btc-updown-5m-1786916400-2026-08-15.txt.zst,polymarket-btc-5m_2026-08-15.zip,1786916400,1786916700,False,149,147,0,0,1,146,0,,,301,UNKNOWN,not_extreme,0.505,,0.0032591819763183594,,no_leader,,,,,,,,,no_leader,,,,,,,,,zip:///Users/bradamanka/Downloads/Stratgey testing/polymarket-btc-5m_2026-08-16.zip::polymarket-btc-updown-5m-1786916400-2026-08-16.txt.zst
zip:///Users/bradamanka/Downloads/Stratgey testing/polymarket-btc-5m_2026-08-15.zip::polymarket-btc-updown-5m-1786915800-2026-08-15.txt.zst,polymarket-btc-updown-5m-1786915800-2026-08-15.txt.zst,polymarket-btc-5m_2026-08-15.zip,1786915800,1786916100,False,173,171,0,0,1,170,0,,,301,UNKNOWN,not_extreme,0.505,,0.009092092514038086,,no_leader,,,,,,,,,no_leader,,,,,,,,,zip:///Users/bradamanka/Downloads/Stratgey testing/polymarket-btc-5m_2026-08-16.zip::polymarket-btc-updown-5m-1786915800-2026-08-16.txt.zst
zip:///Users/bradamanka/Downloads/Stratgey testing/polymarket-btc-5m_2026-08-15.zip::polymarket-btc-updown-5m-1786916700-2026-08-15.txt.zst,polymarket-btc-updown-5m-1786916700-2026-08-15.txt.zst,polymarket-btc-5m_2026-08-15.zip,1786916700,1786917000,False,185,183,0,0,1,182,0,,,301,UNKNOWN,not_extreme,0.505,,0.006556987762451172,,no_leader,,,,,,,,,no_leader,,,,,,,,,zip:///Users/bradamanka/Downloads/Stratgey testing/polymarket-btc-5m_2026-08-16.zip::polymarket-btc-updown-5m-1786916700-2026-08-16.txt.zst
zip:///Users/bradamanka/Downloads/Stratgey testing/polymarket-btc-5m_2026-08-15.zip::polymarket-btc-updown-5m-1786917300-2026-08-15.txt.zst,polymarket-btc-updown-5m-1786917300-2026-08-15.txt.zst,polymarket-btc-5m_2026-08-15.zip,1786917300,1786917600,False,188,186,0,0,1,185,0,,,301,UNKNOWN,not_extreme,0.505,,0.003381967544555664,,no_leader,,,,,,,,,no_leader,,,,,,,,,zip:///Users/bradamanka/Downloads/Stratgey testing/polymarket-btc-5m_2026-08-16.zip::polymarket-btc-updown-5m-1786917300-2026-08-16.txt.zst
zip:///Users/bradamanka/Downloads/Stratgey testing/polymarket-btc-5m_2026-08-15.zip::polymarket-btc-updown-5m-1786914600-2026-08-15.txt.zst,polymarket-btc-updown-5m-1786914600-2026-08-15.txt.zst,polymarket-btc-5m_2026-08-15.zip,1786914600,1786914900,False,120,118,0,0,1,117,0,,,301,UNKNOWN,not_extreme,0.505,,0.02950572967529297,,no_leader,,,,,,,,,no_leader,,,,,,,,,zip:///Users/bradamanka/Downloads/Stratgey testing/polymarket-btc-5m_2026-08-16.zip::polymarket-btc-updown-5m-1786914600-2026-08-16.txt.zst
zip:///Users/bradamanka/Downloads/Stratgey testing/polymarket-btc-5m_2026-08-15.zip::polymarket-btc-updown-5m-1786918200-2026-08-15.txt.zst,polymarket-btc-updown-5m-1786918200-2026-08-15.txt.zst,polymarket-btc-5m_2026-08-15.zip,1786918200,1786918500,False,100,98,0,0,1,97,0,,,301,UNKNOWN,not_extreme,0.5,,0.0037949085235595703,,no_leader,,,,,,,,,no_leader,,,,,,,,,zip:///Users/bradamanka/Downloads/Stratgey testing/polymarket-btc-5m_2026-08-16.zip::polymarket-btc-updown-5m-1786918200-2026-08-16.txt.zst
zip:///Users/bradamanka/Downloads/Stratgey testing/polymarket-btc-5m_2026-08-15.zip::polymarket-btc-updown-5m-1786917600-2026-08-15.txt.zst,polymarket-btc-updown-5m-1786917600-2026-08-15.txt.zst,polymarket-btc-5m_2026-08-15.zip,1786917600,1786917900,False,181,179,0,0,1,178,0,,,301,UNKNOWN,not_extreme,0.505,,0.016098976135253906,,no_leader,,,,,,,,,no_leader,,,,,,,,,zip:///Users/bradamanka/Downloads/Stratgey testing/polymarket-btc-5m_2026-08-16.zip::polymarket-btc-updown-5m-1786917600-2026-08-16.txt.zst
zip:///Users/bradamanka/Downloads/Stratgey testing/polymarket-btc-5m_2026-08-15.zip::polymarket-btc-updown-5m-1786918500-2026-08-15.txt.zst,polymarket-btc-updown-5m-1786918500-2026-08-15.txt.zst,polymarket-btc-5m_2026-08-15.zip,1786918500,1786918800,False,234,232,0,0,1,231,0,,,301,UNKNOWN,not_extreme,0.505,,0.003898143768310547,,no_leader,,,,,,,,,no_leader,,,,,,,,,zip:///Users/bradamanka/Downloads/Stratgey testing/polymarket-btc-5m_2026-08-16.zip::polymarket-btc-updown-5m-1786918500-2026-08-16.txt.zst
zip:///Users/bradamanka/Downloads/Stratgey testing/polymarket-btc-5m_2026-08-15.zip::polymarket-btc-updown-5m-1786917900-2026-08-15.txt.zst,polymarket-btc-updown-5m-1786917900-2026-08-15.txt.zst,polymarket-btc-5m_2026-08-15.zip,1786917900,1786918200,False,190,188,0,0,1,187,0,,,301,UNKNOWN,not_extreme,0.505,,0.018269777297973633,,no_leader,,,,,,,,,no_leader,,,,,,,,,zip:///Users/bradamanka/Downloads/Stratgey testing/polymarket-btc-5m_2026-08-16.zip::polymarket-btc-updown-5m-1786917900-2026-08-16.txt.zst
zip:///Users/bradamanka/Downloads/Stratgey testing/polymarket-btc-5m_2026-08-15.zip::polymarket-btc-updown-5m-1786918800-2026-08-15.txt.zst,polymarket-btc-updown-5m-1786918800-2026-08-15.txt.zst,polymarket-btc-5m_2026-08-15.zip,1786918800,1786919100,False,225,223,0,0,1,222,0,,,301,UNKNOWN,not_extreme,0.505,,0.0062520503997802734,,no_leader,,,,,,,,,no_leader,,,,,,,,,zip:///Users/bradamanka/Downloads/Stratgey testing/polymarket-btc-5m_2026-08-16.zip::polymarket-btc-updown-5m-1786918800-2026-08-16.txt.zst
zip:///Users/bradamanka/Downloads/Stratgey testing/polymarket-btc-5m_2026-08-15.zip::polymarket-btc-updown-5m-1786917000-2026-08-15.txt.zst,polymarket-btc-updown-5m-1786917000-2026-08-15.txt.zst,polymarket-btc-5m_2026-08-15.zip,1786917000,1786917300,False,472,470,0,0,1,469,0,,,301,UNKNOWN,not_extreme,0.505,,0.030071020126342773,,no_leader,,,,,,,,,no_leader,,,,,,,,,zip:///Users/bradamanka/Downloads/Stratgey testing/polymarket-btc-5m_2026-08-16.zip::polymarket-btc-updown-5m-1786917000-2026-08-16.txt.zst
zip:///Users/bradamanka/Downloads/Stratgey testing/polymarket-btc-5m_2026-08-15.zip::polymarket-btc-updown-5m-1786919100-2026-08-15.txt.zst,polymarket-btc-updown-5m-1786919100-2026-08-15.txt.zst,polymarket-btc-5m_2026-08-15.zip,1786919100,1786919400,False,156,154,0,0,1,153,0,,,301,UNKNOWN,not_extreme,0.505,,0.004467010498046875,,no_leader,,,,,,,,,no_leader,,,,,,,,,zip:///Users/bradamanka/Downloads/Stratgey testing/polymarket-btc-5m_2026-08-16.zip::polymarket-btc-updown-5m-1786919100-2026-08-16.txt.zst
zip:///Users/bradamanka/Downloads/Stratgey testing/polymarket-btc-5m_2026-08-15.zip::polymarket-btc-updown-5m-1786919400-2026-08-15.txt.zst,polymarket-btc-updown-5m-1786919400-2026-08-15.txt.zst,polymarket-btc-5m_2026-08-15.zip,1786919400,1786919700,False,172,170,0,0,1,169,0,,,301,UNKNOWN,not_extreme,0.505,,0.003921031951904297,,no_leader,,,,,,,,,no_leader,,,,,,,,,zip:///Users/bradamanka/Downloads/Stratgey testing/polymarket-btc-5m_2026-08-16.zip::polymarket-btc-updown-5m-1786919400-2026-08-16.txt.zst
zip:///Users/bradamanka/Downloads/Stratgey testing/polymarket-btc-5m_2026-08-15.zip::polymarket-btc-updown-5m-1786920300-2026-08-15.txt.zst,polymarket-btc-updown-5m-1786920300-2026-08-15.txt.zst,polymarket-btc-5m_2026-08-15.zip,1786920300,1786920600,False,3,1,0,0,1,0,0,,,301,UNKNOWN,not_extreme,0.505,,0.0022957324981689453,,no_leader,,,,,,,,,no_leader,,,,,,,,,zip:///Users/bradamanka/Downloads/Stratgey testing/polymarket-btc-5m_2026-08-16.zip::polymarket-btc-updown-5m-1786920300-2026-08-16.txt.zst
zip:///Users/bradamanka/Downloads/Stratgey testing/polymarket-btc-5m_2026-08-15.zip::polymarket-btc-updown-5m-1786920000-2026-08-15.txt.zst,polymarket-btc-updown-5m-1786920000-2026-08-15.txt.zst,polymarket-btc-5m_2026-08-15.zip,1786920000,1786920300,False,181,179,0,0,1,178,0,,,301,UNKNOWN,not_extreme,0.505,,0.003119230270385742,,no_leader,,,,,,,,,no_leader,,,,,,,,,zip:///Users/bradamanka/Downloads/Stratgey testing/polymarket-btc-5m_2026-08-16.zip::polymarket-btc-updown-5m-1786920000-2026-08-16.txt.zst
zip:///Users/bradamanka/Downloads/Stratgey testing/polymarket-btc-5m_2026-08-15.zip::polymarket-btc-updown-5m-1786919700-2026-08-15.txt.zst,polymarket-btc-updown-5m-1786919700-2026-08-15.txt.zst,polymarket-btc-5m_2026-08-15.zip,1786919700,1786920000,False,232,230,0,0,1,229,0,,,301,UNKNOWN,not_extreme,0.505,,0.004942178726196289,,no_leader,,,,,,,,,no_leader,,,,,,,,,zip:///Users/bradamanka/Downloads/Stratgey testing/polymarket-btc-5m_2026-08-16.zip::polymarket-btc-updown-5m-1786919700-2026-08-16.txt.zst
zip:///Users/bradamanka/Downloads/Stratgey testing/polymarket-btc-5m_2026-08-15.zip::polymarket-btc-updown-5m-1786920600-2026-08-15.txt.zst,polymarket-btc-updown-5m-1786920600-2026-08-15.txt.zst,polymarket-btc-5m_2026-08-15.zip,1786920600,1786920900,False,3,1,0,0,1,0,0,,,301,UNKNOWN,not_extreme,0.505,,0.0029060840606689453,,no_leader,,,,,,,,,no_leader,,,,,,,,,zip:///Users/bradamanka/Downloads/Stratgey testing/polymarket-btc-5m_2026-08-16.zip::polymarket-btc-updown-5m-1786920600-2026-08-16.txt.zst
zip:///Users/bradamanka/Downloads/Stratgey testing/polymarket-btc-5m_2026-08-15.zip::polymarket-btc-updown-5m-1786920900-2026-08-15.txt.zst,polymarket-btc-updown-5m-1786920900-2026-08-15.txt.zst,polymarket-btc-5m_2026-08-15.zip,1786920900,1786921200,False,3,1,0,0,1,0,0,,,301,UNKNOWN,not_extreme,0.505,,0.0020148754119873047,,no_leader,,,,,,,,,no_leader,,,,,,,,,zip:///Users/bradamanka/Downloads/Stratgey testing/polymarket-btc-5m_2026-08-16.zip::polymarket-btc-updown-5m-1786920900-2026-08-16.txt.zst
zip:///Users/bradamanka/Downloads/Stratgey testing/polymarket-btc-5m_2026-08-15.zip::polymarket-btc-updown-5m-1786921200-2026-08-15.txt.zst,polymarket-btc-updown-5m-1786921200-2026-08-15.txt.zst,polymarket-btc-5m_2026-08-15.zip,1786921200,1786921500,False,6,4,0,0,1,3,0,,,301,UNKNOWN,not_extreme,0.505,,0.002246856689453125,,no_leader,,,,,,,,,no_leader,,,,,,,,,zip:///Users/bradamanka/Downloads/Stratgey testing/polymarket-btc-5m_2026-08-16.zip::polymarket-btc-updown-5m-1786921200-2026-08-16.txt.zst
zip:///Users/bradamanka/Downloads/Stratgey testing/polymarket-btc-5m_2026-08-15.zip::polymarket-btc-updown-5m-1786922100-2026-08-15.txt.zst,polymarket-btc-updown-5m-1786922100-2026-08-15.txt.zst,polymarket-btc-5m_2026-08-15.zip,1786922100,1786922400,False,5,3,0,0,1,2,0,,,301,UNKNOWN,not_extreme,0.505,,0.002061128616333008,,no_leader,,,,,,,,,no_leader,,,,,,,,,zip:///Users/bradamanka/Downloads/Stratgey testing/polymarket-btc-5m_2026-08-16.zip::polymarket-btc-updown-5m-1786922100-2026-08-16.txt.zst
zip:///Users/bradamanka/Downloads/Stratgey testing/polymarket-btc-5m_2026-08-15.zip::polymarket-btc-updown-5m-1786921500-2026-08-15.txt.zst,polymarket-btc-updown-5m-1786921500-2026-08-15.txt.zst,polymarket-btc-5m_2026-08-15.zip,1786921500,1786921800,False,11,9,0,0,1,8,0,,,301,UNKNOWN,not_extreme,0.505,,0.00464320182800293,,no_leader,,,,,,,,,no_leader,,,,,,,,,zip:///Users/bradamanka/Downloads/Stratgey testing/polymarket-btc-5m_2026-08-16.zip::polymarket-btc-updown-5m-1786921500-2026-08-16.txt.zst
zip:///Users/bradamanka/Downloads/Stratgey testing/polymarket-btc-5m_2026-08-15.zip::polymarket-btc-updown-5m-1786922400-2026-08-15.txt.zst,polymarket-btc-updown-5m-1786922400-2026-08-15.txt.zst,polymarket-btc-5m_2026-08-15.zip,1786922400,1786922700,False,90,88,0,0,1,87,0,,,301,UNKNOWN,not_extreme,0.505,,0.003556966781616211,,no_leader,,,,,,,,,no_leader,,,,,,,,,zip:///Users/bradamanka/Downloads/Stratgey testing/polymarket-btc-5m_2026-08-16.zip::polymarket-btc-updown-5m-1786922400-2026-08-16.txt.zst
zip:///Users/bradamanka/Downloads/Stratgey testing/polymarket-btc-5m_2026-08-15.zip::polymarket-btc-updown-5m-1786921800-2026-08-15.txt.zst,polymarket-btc-updown-5m-1786921800-2026-08-15.txt.zst,polymarket-btc-5m_2026-08-15.zip,1786921800,1786922100,False,11,9,0,0,1,8,0,,,301,UNKNOWN,not_extreme,0.505,,0.004536151885986328,,no_leader,,,,,,,,,no_leader,,,,,,,,,zip:///Users/bradamanka/Downloads/Stratgey testing/polymarket-btc-5m_2026-08-16.zip::polymarket-btc-updown-5m-1786921800-2026-08-16.txt.zst
zip:///Users/bradamanka/Downloads/Stratgey testing/polymarket-btc-5m_2026-08-15.zip::polymarket-btc-updown-5m-1786923300-2026-08-15.txt.zst,polymarket-btc-updown-5m-1786923300-2026-08-15.txt.zst,polymarket-btc-5m_2026-08-15.zip,1786923300,1786923600,False,74,72,0,0,1,71,0,,,301,UNKNOWN,not_extreme,0.505,,0.00272369384765625,,no_leader,,,,,,,,,no_leader,,,,,,,,,zip:///Users/bradamanka/Downloads/Stratgey testing/polymarket-btc-5m_2026-08-16.zip::polymarket-btc-updown-5m-1786923300-2026-08-16.txt.zst
zip:///Users/bradamanka/Downloads/Stratgey testing/polymarket-btc-5m_2026-08-15.zip::polymarket-btc-updown-5m-1786923600-2026-08-15.txt.zst,polymarket-btc-updown-5m-1786923600-2026-08-15.txt.zst,polymarket-btc-5m_2026-08-15.zip,1786923600,1786923900,False,78,76,0,0,1,75,0,,,301,UNKNOWN,not_extreme,0.505,,0.0034668445587158203,,no_leader,,,,,,,,,no_leader,,,,,,,,,zip:///Users/bradamanka/Downloads/Stratgey testing/polymarket-btc-5m_2026-08-16.zip::polymarket-btc-updown-5m-1786923600-2026-08-16.txt.zst
zip:///Users/bradamanka/Downloads/Stratgey testing/polymarket-btc-5m_2026-08-17.zip::polymarket-btc-updown-5m-1786923600-2026-08-17.txt.zst,polymarket-btc-updown-5m-1786923600-2026-08-17.txt.zst,polymarket-btc-5m_2026-08-17.zip,1786923600,1786923900,False,4,1,0,0,1,0,0,,,301,UNKNOWN,not_extreme,,,0.009910106658935547,,no_leader,,,,,,,,,no_leader,,,,,,,,,zip:///Users/bradamanka/Downloads/Stratgey testing/polymarket-btc-5m_2026-08-16.zip::polymarket-btc-updown-5m-1786923600-2026-08-16.txt.zst
zip:///Users/bradamanka/Downloads/Stratgey testing/polymarket-btc-5m_2026-08-15.zip::polymarket-btc-updown-5m-1786923000-2026-08-15.txt.zst,polymarket-btc-updown-5m-1786923000-2026-08-15.txt.zst,polymarket-btc-5m_2026-08-15.zip,1786923000,1786923300,False,7,5,0,0,1,4,0,,,301,UNKNOWN,not_extreme,0.505,,0.009830951690673828,,no_leader,,,,,,,,,no_leader,,,,,,,,,zip:///Users/bradamanka/Downloads/Stratgey testing/polymarket-btc-5m_2026-08-16.zip::polymarket-btc-updown-5m-1786923000-2026-08-16.txt.zst
zip:///Users/bradamanka/Downloads/Stratgey testing/polymarket-btc-5m_2026-08-16.zip::polymarket-btc-updown-5m-1786837500-2026-08-16.txt.zst,polymarket-btc-updown-5m-1786837500-2026-08-16.txt.zst,polymarket-btc-5m_2026-08-16.zip,1786837500,1786837800,False,61,55,0,0,5,50,0,,,301,UNKNOWN,not_extreme,,,0.00197601318359375,,no_leader,,,,,,,,,no_leader,,,,,,,,,zip:///Users/bradamanka/Downloads/Stratgey testing/polymarket-btc-5m_2026-08-15.zip::polymarket-btc-updown-5m-1786837500-2026-08-15.txt.zst
zip:///Users/bradamanka/Downloads/Stratgey testing/polymarket-btc-5m_2026-08-15.zip::polymarket-btc-updown-5m-1786922700-2026-08-15.txt.zst,polymarket-btc-updown-5m-1786922700-2026-08-15.txt.zst,polymarket-btc-5m_2026-08-15.zip,1786922700,1786923000,False,3,1,0,0,1,0,0,,,301,UNKNOWN,not_extreme,0.505,,0.024798870086669922,,no_leader,,,,,,,,,no_leader,,,,,,,,,zip:///Users/bradamanka/Downloads/Stratgey testing/polymarket-btc-5m_2026-08-16.zip::polymarket-btc-updown-5m-1786922700-2026-08-16.txt.zst
zip:///Users/bradamanka/Downloads/Stratgey testing/polymarket-btc-5m_2026-08-16.zip::polymarket-btc-updown-5m-1786838100-2026-08-16.txt.zst,polymarket-btc-updown-5m-1786838100-2026-08-16.txt.zst,polymarket-btc-5m_2026-08-16.zip,1786838100,1786838400,True,122464,120726,117851,1664,1786,118940,0,0.0,300.0,301,UP,quotes+trades,0.99,0.99,3.6457600593566895,,leader_confirm_too_soon_after_pullback,DOWN,241.585,241.6,242.319,,,,,leader_confirm_too_soon_after_pullback,DOWN,243.0,244.0,245.0,,,,,zip:///Users/bradamanka/Downloads/Stratgey testing/polymarket-btc-5m_2026-08-15.zip::polymarket-btc-updown-5m-1786838100-2026-08-15.txt.zst
zip:///Users/bradamanka/Downloads/Stratgey testing/polymarket-btc-5m_2026-08-16.zip::polymarket-btc-updown-5m-1786925100-2026-08-16.txt.zst,polymarket-btc-updown-5m-1786925100-2026-08-16.txt.zst,polymarket-btc-5m_2026-08-16.zip,1786925100,1786925400,False,4888,4884,0,0,3,4881,0,,,301,UNKNOWN,not_extreme,0.505,,0.031707048416137695,,no_leader,,,,,,,,,no_leader,,,,,,,,,zip:///Users/bradamanka/Downloads/Stratgey testing/polymarket-btc-5m_2026-08-17.zip::polymarket-btc-updown-5m-1786925100-2026-08-17.txt.zst
zip:///Users/bradamanka/Downloads/Stratgey testing/polymarket-btc-5m_2026-08-16.zip::polymarket-btc-updown-5m-1786925400-2026-08-16.txt.zst,polymarket-btc-updown-5m-1786925400-2026-08-16.txt.zst,polymarket-btc-5m_2026-08-16.zip,1786925400,1786925700,False,4700,4695,0,0,4,4691,0,,,301,UNKNOWN,not_extreme,0.505,,0.03158402442932129,,no_leader,,,,,,,,,no_leader,,,,,,,,,zip:///Users/bradamanka/Downloads/Stratgey testing/polymarket-btc-5m_2026-08-17.zip::polymarket-btc-updown-5m-1786925400-2026-08-17.txt.zst
zip:///Users/bradamanka/Downloads/Stratgey testing/polymarket-btc-5m_2026-08-16.zip::polymarket-btc-updown-5m-1786925700-2026-08-16.txt.zst,polymarket-btc-updown-5m-1786925700-2026-08-16.txt.zst,polymarket-btc-5m_2026-08-16.zip,1786925700,1786926000,False,3635,3633,0,0,1,3632,0,,,301,UNKNOWN,not_extreme,0.505,,0.02594733238220215,,no_leader,,,,,,,,,no_leader,,,,,,,,,zip:///Users/bradamanka/Downloads/Stratgey testing/polymarket-btc-5m_2026-08-17.zip::polymarket-btc-updown-5m-1786925700-2026-08-17.txt.zst
zip:///Users/bradamanka/Downloads/Stratgey testing/polymarket-btc-5m_2026-08-16.zip::polymarket-btc-updown-5m-1786926000-2026-08-16.txt.zst,polymarket-btc-updown-5m-1786926000-2026-08-16.txt.zst,polymarket-btc-5m_2026-08-16.zip,1786926000,1786926300,False,1450,1448,0,0,1,1447,0,,,301,UNKNOWN,not_extreme,0.505,,0.01872110366821289,,no_leader,,,,,,,,,no_leader,,,,,,,,,zip:///Users/bradamanka/Downloads/Stratgey testing/polymarket-btc-5m_2026-08-17.zip::polymarket-btc-updown-5m-1786926000-2026-08-17.txt.zst
zip:///Users/bradamanka/Downloads/Stratgey testing/polymarket-btc-5m_2026-08-16.zip::polymarket-btc-updown-5m-1786926300-2026-08-16.txt.zst,polymarket-btc-updown-5m-1786926300-2026-08-16.txt.zst,polymarket-btc-5m_2026-08-16.zip,1786926300,1786926600,False,1232,1229,0,0,2,1227,0,,,301,UNKNOWN,not_extreme,0.505,,0.017252206802368164,,no_leader,,,,,,,,,no_leader,,,,,,,,,zip:///Users/bradamanka/Downloads/Stratgey testing/polymarket-btc-5m_2026-08-17.zip::polymarket-btc-updown-5m-1786926300-2026-08-17.txt.zst
zip:///Users/bradamanka/Downloads/Stratgey testing/polymarket-btc-5m_2026-08-16.zip::polymarket-btc-updown-5m-1786926600-2026-08-16.txt.zst,polymarket-btc-updown-5m-1786926600-2026-08-16.txt.zst,polymarket-btc-5m_2026-08-16.zip,1786926600,1786926900,False,1287,1285,0,0,1,1284,0,,,301,UNKNOWN,not_extreme,0.505,,0.01372528076171875,,no_leader,,,,,,,,,no_leader,,,,,,,,,zip:///Users/bradamanka/Downloads/Stratgey testing/polymarket-btc-5m_2026-08-17.zip::polymarket-btc-updown-5m-1786926600-2026-08-17.txt.zst
zip:///Users/bradamanka/Downloads/Stratgey testing/polymarket-btc-5m_2026-08-16.zip::polymarket-btc-updown-5m-1786926900-2026-08-16.txt.zst,polymarket-btc-updown-5m-1786926900-2026-08-16.txt.zst,polymarket-btc-5m_2026-08-16.zip,1786926900,1786927200,False,1008,1005,0,0,2,1003,0,,,301,UNKNOWN,not_extreme,0.505,,0.013452768325805664,,no_leader,,,,,,,,,no_leader,,,,,,,,,zip:///Users/bradamanka/Downloads/Stratgey testing/polymarket-btc-5m_2026-08-17.zip::polymarket-btc-updown-5m-1786926900-2026-08-17.txt.zst
zip:///Users/bradamanka/Downloads/Stratgey testing/polymarket-btc-5m_2026-08-16.zip::polymarket-btc-updown-5m-1786927800-2026-08-16.txt.zst,polymarket-btc-updown-5m-1786927800-2026-08-16.txt.zst,polymarket-btc-5m_2026-08-16.zip,1786927800,1786928100,False,881,877,0,0,3,874,0,,,301,UNKNOWN,not_extreme,0.505,,0.008555173873901367,,no_leader,,,,,,,,,no_leader,,,,,,,,,zip:///Users/bradamanka/Downloads/Stratgey testing/polymarket-btc-5m_2026-08-17.zip::polymarket-btc-updown-5m-1786927800-2026-08-17.txt.zst
zip:///Users/bradamanka/Downloads/Stratgey testing/polymarket-btc-5m_2026-08-16.zip::polymarket-btc-updown-5m-1786927500-2026-08-16.txt.zst,polymarket-btc-updown-5m-1786927500-2026-08-16.txt.zst,polymarket-btc-5m_2026-08-16.zip,1786927500,1786927800,False,891,889,0,0,1,888,0,,,301,UNKNOWN,not_extreme,0.505,,0.012964963912963867,,no_leader,,,,,,,,,no_leader,,,,,,,,,zip:///Users/bradamanka/Downloads/Stratgey testing/polymarket-btc-5m_2026-08-17.zip::polymarket-btc-updown-5m-1786927500-2026-08-17.txt.zst
zip:///Users/bradamanka/Downloads/Stratgey testing/polymarket-btc-5m_2026-08-16.zip::polymarket-btc-updown-5m-1786927200-2026-08-16.txt.zst,polymarket-btc-updown-5m-1786927200-2026-08-16.txt.zst,polymarket-btc-5m_2026-08-16.zip,1786927200,1786927500,False,999,996,0,0,2,994,0,,,301,UNKNOWN,not_extreme,0.505,,0.013366937637329102,,no_leader,,,,,,,,,no_leader,,,,,,,,,zip:///Users/bradamanka/Downloads/Stratgey testing/polymarket-btc-5m_2026-08-17.zip::polymarket-btc-updown-5m-1786927200-2026-08-17.txt.zst
zip:///Users/bradamanka/Downloads/Stratgey testing/polymarket-btc-5m_2026-08-16.zip::polymarket-btc-updown-5m-1786928100-2026-08-16.txt.zst,polymarket-btc-updown-5m-1786928100-2026-08-16.txt.zst,polymarket-btc-5m_2026-08-16.zip,1786928100,1786928400,False,835,831,0,0,3,828,0,,,301,UNKNOWN,not_extreme,0.505,,0.012722969055175781,,no_leader,,,,,,,,,no_leader,,,,,,,,,zip:///Users/bradamanka/Downloads/Stratgey testing/polymarket-btc-5m_2026-08-17.zip::polymarket-btc-updown-5m-1786928100-2026-08-17.txt.zst
zip:///Users/bradamanka/Downloads/Stratgey testing/polymarket-btc-5m_2026-08-16.zip::polymarket-btc-updown-5m-1786928700-2026-08-16.txt.zst,polymarket-btc-updown-5m-1786928700-2026-08-16.txt.zst,polymarket-btc-5m_2026-08-16.zip,1786928700,1786929000,False,775,773,0,0,1,772,0,,,301,UNKNOWN,not_extreme,0.505,,0.010480880737304688,,no_leader,,,,,,,,,no_leader,,,,,,,,,zip:///Users/bradamanka/Downloads/Stratgey testing/polymarket-btc-5m_2026-08-17.zip::polymarket-btc-updown-5m-1786928700-2026-08-17.txt.zst
zip:///Users/bradamanka/Downloads/Stratgey testing/polymarket-btc-5m_2026-08-16.zip::polymarket-btc-updown-5m-1786928400-2026-08-16.txt.zst,polymarket-btc-updown-5m-1786928400-2026-08-16.txt.zst,polymarket-btc-5m_2026-08-16.zip,1786928400,1786928700,False,867,864,0,0,2,862,0,,,301,UNKNOWN,not_extreme,0.505,,0.010802984237670898,,no_leader,,,,,,,,,no_leader,,,,,,,,,zip:///Users/bradamanka/Downloads/Stratgey testing/polymarket-btc-5m_2026-08-17.zip::polymarket-btc-updown-5m-1786928400-2026-08-17.txt.zst
zip:///Users/bradamanka/Downloads/Stratgey testing/polymarket-btc-5m_2026-08-16.zip::polymarket-btc-updown-5m-1786929000-2026-08-16.txt.zst,polymarket-btc-updown-5m-1786929000-2026-08-16.txt.zst,polymarket-btc-5m_2026-08-16.zip,1786929000,1786929300,False,737,735,0,0,1,734,0,,,301,UNKNOWN,not_extreme,0.505,,0.007690906524658203,,no_leader,,,,,,,,,no_leader,,,,,,,,,zip:///Users/bradamanka/Downloads/Stratgey testing/polymarket-btc-5m_2026-08-17.zip::polymarket-btc-updown-5m-1786929000-2026-08-17.txt.zst
zip:///Users/bradamanka/Downloads/Stratgey testing/polymarket-btc-5m_2026-08-16.zip::polymarket-btc-updown-5m-1786929600-2026-08-16.txt.zst,polymarket-btc-updown-5m-1786929600-2026-08-16.txt.zst,polymarket-btc-5m_2026-08-16.zip,1786929600,1786929900,False,733,729,0,0,3,726,0,,,301,UNKNOWN,not_extreme,0.505,,0.007397174835205078,,no_leader,,,,,,,,,no_leader,,,,,,,,,zip:///Users/bradamanka/Downloads/Stratgey testing/polymarket-btc-5m_2026-08-17.zip::polymarket-btc-updown-5m-1786929600-2026-08-17.txt.zst
zip:///Users/bradamanka/Downloads/Stratgey testing/polymarket-btc-5m_2026-08-16.zip::polymarket-btc-updown-5m-1786929300-2026-08-16.txt.zst,polymarket-btc-updown-5m-1786929300-2026-08-16.txt.zst,polymarket-btc-5m_2026-08-16.zip,1786929300,1786929600,False,610,608,0,0,1,607,0,,,301,UNKNOWN,not_extreme,0.505,,0.008856773376464844,,no_leader,,,,,,,,,no_leader,,,,,,,,,zip:///Users/bradamanka/Downloads/Stratgey testing/polymarket-btc-5m_2026-08-17.zip::polymarket-btc-updown-5m-1786929300-2026-08-17.txt.zst
zip:///Users/bradamanka/Downloads/Stratgey testing/polymarket-btc-5m_2026-08-16.zip::polymarket-btc-updown-5m-1786929900-2026-08-16.txt.zst,polymarket-btc-updown-5m-1786929900-2026-08-16.txt.zst,polymarket-btc-5m_2026-08-16.zip,1786929900,1786930200,False,743,741,0,0,1,740,0,,,301,UNKNOWN,not_extreme,0.505,,0.010438919067382812,,no_leader,,,,,,,,,no_leader,,,,,,,,,zip:///Users/bradamanka/Downloads/Stratgey testing/polymarket-btc-5m_2026-08-17.zip::polymarket-btc-updown-5m-1786929900-2026-08-17.txt.zst
zip:///Users/bradamanka/Downloads/Stratgey testing/polymarket-btc-5m_2026-08-16.zip::polymarket-btc-updown-5m-1786930200-2026-08-16.txt.zst,polymarket-btc-updown-5m-1786930200-2026-08-16.txt.zst,polymarket-btc-5m_2026-08-16.zip,1786930200,1786930500,False,772,770,0,0,1,769,0,,,301,UNKNOWN,not_extreme,0.505,,0.010195016860961914,,no_leader,,,,,,,,,no_leader,,,,,,,,,zip:///Users/bradamanka/Downloads/Stratgey testing/polymarket-btc-5m_2026-08-17.zip::polymarket-btc-updown-5m-1786930200-2026-08-17.txt.zst
zip:///Users/bradamanka/Downloads/Stratgey testing/polymarket-btc-5m_2026-08-16.zip::polymarket-btc-updown-5m-1786930500-2026-08-16.txt.zst,polymarket-btc-updown-5m-1786930500-2026-08-16.txt.zst,polymarket-btc-5m_2026-08-16.zip,1786930500,1786930800,False,759,757,0,0,1,756,0,,,301,UNKNOWN,not_extreme,0.505,,0.009238004684448242,,no_leader,,,,,,,,,no_leader,,,,,,,,,zip:///Users/bradamanka/Downloads/Stratgey testing/polymarket-btc-5m_2026-08-17.zip::polymarket-btc-updown-5m-1786930500-2026-08-17.txt.zst
zip:///Users/bradamanka/Downloads/Stratgey testing/polymarket-btc-5m_2026-08-16.zip::polymarket-btc-updown-5m-1786931100-2026-08-16.txt.zst,polymarket-btc-updown-5m-1786931100-2026-08-16.txt.zst,polymarket-btc-5m_2026-08-16.zip,1786931100,1786931400,False,721,718,0,0,2,716,0,,,301,UNKNOWN,not_extreme,0.505,,0.007317066192626953,,no_leader,,,,,,,,,no_leader,,,,,,,,,zip:///Users/bradamanka/Downloads/Stratgey testing/polymarket-btc-5m_2026-08-17.zip::polymarket-btc-updown-5m-1786931100-2026-08-17.txt.zst
zip:///Users/bradamanka/Downloads/Stratgey testing/polymarket-btc-5m_2026-08-16.zip::polymarket-btc-updown-5m-1786930800-2026-08-16.txt.zst,polymarket-btc-updown-5m-1786930800-2026-08-16.txt.zst,polymarket-btc-5m_2026-08-16.zip,1786930800,1786931100,False,699,697,0,0,1,696,0,,,301,UNKNOWN,not_extreme,0.505,,0.008005857467651367,,no_leader,,,,,,,,,no_leader,,,,,,,,,zip:///Users/bradamanka/Downloads/Stratgey testing/polymarket-btc-5m_2026-08-17.zip::polymarket-btc-updown-5m-1786930800-2026-08-17.txt.zst
zip:///Users/bradamanka/Downloads/Stratgey testing/polymarket-btc-5m_2026-08-16.zip::polymarket-btc-updown-5m-1786931400-2026-08-16.txt.zst,polymarket-btc-updown-5m-1786931400-2026-08-16.txt.zst,polymarket-btc-5m_2026-08-16.zip,1786931400,1786931700,False,691,689,0,0,1,688,0,,,301,UNKNOWN,not_extreme,0.505,,0.007093906402587891,,no_leader,,,,,,,,,no_leader,,,,,,,,,zip:///Users/bradamanka/Downloads/Stratgey testing/polymarket-btc-5m_2026-08-17.zip::polymarket-btc-updown-5m-1786931400-2026-08-17.txt.zst
zip:///Users/bradamanka/Downloads/Stratgey testing/polymarket-btc-5m_2026-08-16.zip::polymarket-btc-updown-5m-1786932000-2026-08-16.txt.zst,polymarket-btc-updown-5m-1786932000-2026-08-16.txt.zst,polymarket-btc-5m_2026-08-16.zip,1786932000,1786932300,False,694,692,0,0,1,691,0,,,301,UNKNOWN,not_extreme,0.505,,0.008563995361328125,,no_leader,,,,,,,,,no_leader,,,,,,,,,zip:///Users/bradamanka/Downloads/Stratgey testing/polymarket-btc-5m_2026-08-17.zip::polymarket-btc-updown-5m-1786932000-2026-08-17.txt.zst
zip:///Users/bradamanka/Downloads/Stratgey testing/polymarket-btc-5m_2026-08-16.zip::polymarket-btc-updown-5m-1786931700-2026-08-16.txt.zst,polymarket-btc-updown-5m-1786931700-2026-08-16.txt.zst,polymarket-btc-5m_2026-08-16.zip,1786931700,1786932000,False,647,645,0,0,1,644,0,,,301,UNKNOWN,not_extreme,0.505,,0.00870823860168457,,no_leader,,,,,,,,,no_leader,,,,,,,,,zip:///Users/bradamanka/Downloads/Stratgey testing/polymarket-btc-5m_2026-08-17.zip::polymarket-btc-updown-5m-1786931700-2026-08-17.txt.zst
zip:///Users/bradamanka/Downloads/Stratgey testing/polymarket-btc-5m_2026-08-16.zip::polymarket-btc-updown-5m-1786932300-2026-08-16.txt.zst,polymarket-btc-updown-5m-1786932300-2026-08-16.txt.zst,polymarket-btc-5m_2026-08-16.zip,1786932300,1786932600,False,634,632,0,0,1,631,0,,,301,UNKNOWN,not_extreme,0.505,,0.009338855743408203,,no_leader,,,,,,,,,no_leader,,,,,,,,,zip:///Users/bradamanka/Downloads/Stratgey testing/polymarket-btc-5m_2026-08-17.zip::polymarket-btc-updown-5m-1786932300-2026-08-17.txt.zst
zip:///Users/bradamanka/Downloads/Stratgey testing/polymarket-btc-5m_2026-08-16.zip::polymarket-btc-updown-5m-1786932600-2026-08-16.txt.zst,polymarket-btc-updown-5m-1786932600-2026-08-16.txt.zst,polymarket-btc-5m_2026-08-16.zip,1786932600,1786932900,False,646,644,0,0,1,643,0,,,301,UNKNOWN,not_extreme,0.505,,0.0072519779205322266,,no_leader,,,,,,,,,no_leader,,,,,,,,,zip:///Users/bradamanka/Downloads/Stratgey testing/polymarket-btc-5m_2026-08-17.zip::polymarket-btc-updown-5m-1786932600-2026-08-17.txt.zst
zip:///Users/bradamanka/Downloads/Stratgey testing/polymarket-btc-5m_2026-08-16.zip::polymarket-btc-updown-5m-1786933200-2026-08-16.txt.zst,polymarket-btc-updown-5m-1786933200-2026-08-16.txt.zst,polymarket-btc-5m_2026-08-16.zip,1786933200,1786933500,False,544,542,0,0,1,541,0,,,301,UNKNOWN,not_extreme,0.505,,0.00617671012878418,,no_leader,,,,,,,,,no_leader,,,,,,,,,zip:///Users/bradamanka/Downloads/Stratgey testing/polymarket-btc-5m_2026-08-17.zip::polymarket-btc-updown-5m-1786933200-2026-08-17.txt.zst
zip:///Users/bradamanka/Downloads/Stratgey testing/polymarket-btc-5m_2026-08-16.zip::polymarket-btc-updown-5m-1786932900-2026-08-16.txt.zst,polymarket-btc-updown-5m-1786932900-2026-08-16.txt.zst,polymarket-btc-5m_2026-08-16.zip,1786932900,1786933200,False,543,541,0,0,1,540,0,,,301,UNKNOWN,not_extreme,0.505,,0.007159233093261719,,no_leader,,,,,,,,,no_leader,,,,,,,,,zip:///Users/bradamanka/Downloads/Stratgey testing/polymarket-btc-5m_2026-08-17.zip::polymarket-btc-updown-5m-1786932900-2026-08-17.txt.zst
zip:///Users/bradamanka/Downloads/Stratgey testing/polymarket-btc-5m_2026-08-16.zip::polymarket-btc-updown-5m-1786933500-2026-08-16.txt.zst,polymarket-btc-updown-5m-1786933500-2026-08-16.txt.zst,polymarket-btc-5m_2026-08-16.zip,1786933500,1786933800,False,656,654,0,0,1,653,0,,,301,UNKNOWN,not_extreme,0.505,,0.00791788101196289,,no_leader,,,,,,,,,no_leader,,,,,,,,,zip:///Users/bradamanka/Downloads/Stratgey testing/polymarket-btc-5m_2026-08-17.zip::polymarket-btc-updown-5m-1786933500-2026-08-17.txt.zst
zip:///Users/bradamanka/Downloads/Stratgey testing/polymarket-btc-5m_2026-08-16.zip::polymarket-btc-updown-5m-1786934100-2026-08-16.txt.zst,polymarket-btc-updown-5m-1786934100-2026-08-16.txt.zst,polymarket-btc-5m_2026-08-16.zip,1786934100,1786934400,False,578,576,0,0,1,575,0,,,301,UNKNOWN,not_extreme,0.505,,0.0066912174224853516,,no_leader,,,,,,,,,no_leader,,,,,,,,,zip:///Users/bradamanka/Downloads/Stratgey testing/polymarket-btc-5m_2026-08-17.zip::polymarket-btc-updown-5m-1786934100-2026-08-17.txt.zst
zip:///Users/bradamanka/Downloads/Stratgey testing/polymarket-btc-5m_2026-08-16.zip::polymarket-btc-updown-5m-1786933800-2026-08-16.txt.zst,polymarket-btc-updown-5m-1786933800-2026-08-16.txt.zst,polymarket-btc-5m_2026-08-16.zip,1786933800,1786934100,False,640,638,0,0,1,637,0,,,301,UNKNOWN,not_extreme,0.505,,0.008939027786254883,,no_leader,,,,,,,,,no_leader,,,,,,,,,zip:///Users/bradamanka/Downloads/Stratgey testing/polymarket-btc-5m_2026-08-17.zip::polymarket-btc-updown-5m-1786933800-2026-08-17.txt.zst
zip:///Users/bradamanka/Downloads/Stratgey testing/polymarket-btc-5m_2026-08-16.zip::polymarket-btc-updown-5m-1786934700-2026-08-16.txt.zst,polymarket-btc-updown-5m-1786934700-2026-08-16.txt.zst,polymarket-btc-5m_2026-08-16.zip,1786934700,1786935000,False,641,639,0,0,1,638,0,,,301,UNKNOWN,not_extreme,0.505,,0.007979869842529297,,no_leader,,,,,,,,,no_leader,,,,,,,,,zip:///Users/bradamanka/Downloads/Stratgey testing/polymarket-btc-5m_2026-08-17.zip::polymarket-btc-updown-5m-1786934700-2026-08-17.txt.zst
zip:///Users/bradamanka/Downloads/Stratgey testing/polymarket-btc-5m_2026-08-16.zip::polymarket-btc-updown-5m-1786935000-2026-08-16.txt.zst,polymarket-btc-updown-5m-1786935000-2026-08-16.txt.zst,polymarket-btc-5m_2026-08-16.zip,1786935000,1786935300,False,646,644,0,0,1,643,0,,,301,UNKNOWN,not_extreme,0.505,,0.008951902389526367,,no_leader,,,,,,,,,no_leader,,,,,,,,,zip:///Users/bradamanka/Downloads/Stratgey testing/polymarket-btc-5m_2026-08-17.zip::polymarket-btc-updown-5m-1786935000-2026-08-17.txt.zst
zip:///Users/bradamanka/Downloads/Stratgey testing/polymarket-btc-5m_2026-08-16.zip::polymarket-btc-updown-5m-1786934400-2026-08-16.txt.zst,polymarket-btc-updown-5m-1786934400-2026-08-16.txt.zst,polymarket-btc-5m_2026-08-16.zip,1786934400,1786934700,False,692,690,0,0,1,689,0,,,301,UNKNOWN,not_extreme,0.505,,0.011447906494140625,,no_leader,,,,,,,,,no_leader,,,,,,,,,zip:///Users/bradamanka/Downloads/Stratgey testing/polymarket-btc-5m_2026-08-17.zip::polymarket-btc-updown-5m-1786934400-2026-08-17.txt.zst
zip:///Users/bradamanka/Downloads/Stratgey testing/polymarket-btc-5m_2026-08-16.zip::polymarket-btc-updown-5m-1786935900-2026-08-16.txt.zst,polymarket-btc-updown-5m-1786935900-2026-08-16.txt.zst,polymarket-btc-5m_2026-08-16.zip,1786935900,1786936200,False,681,679,0,0,1,678,0,,,301,UNKNOWN,not_extreme,0.505,,0.008246898651123047,,no_leader,,,,,,,,,no_leader,,,,,,,,,zip:///Users/bradamanka/Downloads/Stratgey testing/polymarket-btc-5m_2026-08-17.zip::polymarket-btc-updown-5m-1786935900-2026-08-17.txt.zst
zip:///Users/bradamanka/Downloads/Stratgey testing/polymarket-btc-5m_2026-08-16.zip::polymarket-btc-updown-5m-1786935600-2026-08-16.txt.zst,polymarket-btc-updown-5m-1786935600-2026-08-16.txt.zst,polymarket-btc-5m_2026-08-16.zip,1786935600,1786935900,False,606,604,0,0,1,603,0,,,301,UNKNOWN,not_extreme,0.505,,0.009462833404541016,,no_leader,,,,,,,,,no_leader,,,,,,,,,zip:///Users/bradamanka/Downloads/Stratgey testing/polymarket-btc-5m_2026-08-17.zip::polymarket-btc-updown-5m-1786935600-2026-08-17.txt.zst
zip:///Users/bradamanka/Downloads/Stratgey testing/polymarket-btc-5m_2026-08-16.zip::polymarket-btc-updown-5m-1786935300-2026-08-16.txt.zst,polymarket-btc-updown-5m-1786935300-2026-08-16.txt.zst,polymarket-btc-5m_2026-08-16.zip,1786935300,1786935600,False,619,617,0,0,1,616,0,,,301,UNKNOWN,not_extreme,0.505,,0.012495756149291992,,no_leader,,,,,,,,,no_leader,,,,,,,,,zip:///Users/bradamanka/Downloads/Stratgey testing/polymarket-btc-5m_2026-08-17.zip::polymarket-btc-updown-5m-1786935300-2026-08-17.txt.zst
zip:///Users/bradamanka/Downloads/Stratgey testing/polymarket-btc-5m_2026-08-16.zip::polymarket-btc-updown-5m-1786936500-2026-08-16.txt.zst,polymarket-btc-updown-5m-1786936500-2026-08-16.txt.zst,polymarket-btc-5m_2026-08-16.zip,1786936500,1786936800,False,697,695,0,0,1,694,0,,,301,UNKNOWN,not_extreme,0.505,,0.0072820186614990234,,no_leader,,,,,,,,,no_leader,,,,,,,,,zip:///Users/bradamanka/Downloads/Stratgey testing/polymarket-btc-5m_2026-08-17.zip::polymarket-btc-updown-5m-1786936500-2026-08-17.txt.zst
zip:///Users/bradamanka/Downloads/Stratgey testing/polymarket-btc-5m_2026-08-16.zip::polymarket-btc-updown-5m-1786936200-2026-08-16.txt.zst,polymarket-btc-updown-5m-1786936200-2026-08-16.txt.zst,polymarket-btc-5m_2026-08-16.zip,1786936200,1786936500,False,680,678,0,0,1,677,0,,,301,UNKNOWN,not_extreme,0.505,,0.009028911590576172,,no_leader,,,,,,,,,no_leader,,,,,,,,,zip:///Users/bradamanka/Downloads/Stratgey testing/polymarket-btc-5m_2026-08-17.zip::polymarket-btc-updown-5m-1786936200-2026-08-17.txt.zst
zip:///Users/bradamanka/Downloads/Stratgey testing/polymarket-btc-5m_2026-08-16.zip::polymarket-btc-updown-5m-1786936800-2026-08-16.txt.zst,polymarket-btc-updown-5m-1786936800-2026-08-16.txt.zst,polymarket-btc-5m_2026-08-16.zip,1786936800,1786937100,False,553,551,0,0,1,550,0,,,301,UNKNOWN,not_extreme,0.505,,0.0074939727783203125,,no_leader,,,,,,,,,no_leader,,,,,,,,,zip:///Users/bradamanka/Downloads/Stratgey testing/polymarket-btc-5m_2026-08-17.zip::polymarket-btc-updown-5m-1786936800-2026-08-17.txt.zst
zip:///Users/bradamanka/Downloads/Stratgey testing/polymarket-btc-5m_2026-08-16.zip::polymarket-btc-updown-5m-1786937400-2026-08-16.txt.zst,polymarket-btc-updown-5m-1786937400-2026-08-16.txt.zst,polymarket-btc-5m_2026-08-16.zip,1786937400,1786937700,False,505,503,0,0,1,502,0,,,301,UNKNOWN,not_extreme,0.505,,0.0058650970458984375,,no_leader,,,,,,,,,no_leader,,,,,,,,,zip:///Users/bradamanka/Downloads/Stratgey testing/polymarket-btc-5m_2026-08-17.zip::polymarket-btc-updown-5m-1786937400-2026-08-17.txt.zst
zip:///Users/bradamanka/Downloads/Stratgey testing/polymarket-btc-5m_2026-08-16.zip::polymarket-btc-updown-5m-1786937100-2026-08-16.txt.zst,polymarket-btc-updown-5m-1786937100-2026-08-16.txt.zst,polymarket-btc-5m_2026-08-16.zip,1786937100,1786937400,False,564,562,0,0,1,561,0,,,301,UNKNOWN,not_extreme,0.505,,0.006707191467285156,,no_leader,,,,,,,,,no_leader,,,,,,,,,zip:///Users/bradamanka/Downloads/Stratgey testing/polymarket-btc-5m_2026-08-17.zip::polymarket-btc-updown-5m-1786937100-2026-08-17.txt.zst
zip:///Users/bradamanka/Downloads/Stratgey testing/polymarket-btc-5m_2026-08-16.zip::polymarket-btc-updown-5m-1786937700-2026-08-16.txt.zst,polymarket-btc-updown-5m-1786937700-2026-08-16.txt.zst,polymarket-btc-5m_2026-08-16.zip,1786937700,1786938000,False,634,632,0,0,1,631,0,,,301,UNKNOWN,not_extreme,0.505,,0.008460044860839844,,no_leader,,,,,,,,,no_leader,,,,,,,,,zip:///Users/bradamanka/Downloads/Stratgey testing/polymarket-btc-5m_2026-08-17.zip::polymarket-btc-updown-5m-1786937700-2026-08-17.txt.zst
zip:///Users/bradamanka/Downloads/Stratgey testing/polymarket-btc-5m_2026-08-16.zip::polymarket-btc-updown-5m-1786938000-2026-08-16.txt.zst,polymarket-btc-updown-5m-1786938000-2026-08-16.txt.zst,polymarket-btc-5m_2026-08-16.zip,1786938000,1786938300,False,608,606,0,0,1,605,0,,,301,UNKNOWN,not_extreme,0.505,,0.005621910095214844,,no_leader,,,,,,,,,no_leader,,,,,,,,,zip:///Users/bradamanka/Downloads/Stratgey testing/polymarket-btc-5m_2026-08-17.zip::polymarket-btc-updown-5m-1786938000-2026-08-17.txt.zst
zip:///Users/bradamanka/Downloads/Stratgey testing/polymarket-btc-5m_2026-08-16.zip::polymarket-btc-updown-5m-1786938300-2026-08-16.txt.zst,polymarket-btc-updown-5m-1786938300-2026-08-16.txt.zst,polymarket-btc-5m_2026-08-16.zip,1786938300,1786938600,False,566,564,0,0,1,563,0,,,301,UNKNOWN,not_extreme,0.505,,0.005760908126831055,,no_leader,,,,,,,,,no_leader,,,,,,,,,zip:///Users/bradamanka/Downloads/Stratgey testing/polymarket-btc-5m_2026-08-17.zip::polymarket-btc-updown-5m-1786938300-2026-08-17.txt.zst
zip:///Users/bradamanka/Downloads/Stratgey testing/polymarket-btc-5m_2026-08-16.zip::polymarket-btc-updown-5m-1786938600-2026-08-16.txt.zst,polymarket-btc-updown-5m-1786938600-2026-08-16.txt.zst,polymarket-btc-5m_2026-08-16.zip,1786938600,1786938900,False,589,587,0,0,1,586,0,,,301,UNKNOWN,not_extreme,0.505,,0.0053958892822265625,,no_leader,,,,,,,,,no_leader,,,,,,,,,zip:///Users/bradamanka/Downloads/Stratgey testing/polymarket-btc-5m_2026-08-17.zip::polymarket-btc-updown-5m-1786938600-2026-08-17.txt.zst
zip:///Users/bradamanka/Downloads/Stratgey testing/polymarket-btc-5m_2026-08-16.zip::polymarket-btc-updown-5m-1786938900-2026-08-16.txt.zst,polymarket-btc-updown-5m-1786938900-2026-08-16.txt.zst,polymarket-btc-5m_2026-08-16.zip,1786938900,1786939200,False,552,550,0,0,1,549,0,,,301,UNKNOWN,not_extreme,0.505,,0.005581855773925781,,no_leader,,,,,,,,,no_leader,,,,,,,,,zip:///Users/bradamanka/Downloads/Stratgey testing/polymarket-btc-5m_2026-08-17.zip::polymarket-btc-updown-5m-1786938900-2026-08-17.txt.zst
zip:///Users/bradamanka/Downloads/Stratgey testing/polymarket-btc-5m_2026-08-16.zip::polymarket-btc-updown-5m-1786939200-2026-08-16.txt.zst,polymarket-btc-updown-5m-1786939200-2026-08-16.txt.zst,polymarket-btc-5m_2026-08-16.zip,1786939200,1786939500,False,612,610,0,0,1,609,0,,,301,UNKNOWN,not_extreme,0.505,,0.008249044418334961,,no_leader,,,,,,,,,no_leader,,,,,,,,,zip:///Users/bradamanka/Downloads/Stratgey testing/polymarket-btc-5m_2026-08-17.zip::polymarket-btc-updown-5m-1786939200-2026-08-17.txt.zst
zip:///Users/bradamanka/Downloads/Stratgey testing/polymarket-btc-5m_2026-08-16.zip::polymarket-btc-updown-5m-1786939500-2026-08-16.txt.zst,polymarket-btc-updown-5m-1786939500-2026-08-16.txt.zst,polymarket-btc-5m_2026-08-16.zip,1786939500,1786939800,False,568,566,0,0,1,565,0,,,301,UNKNOWN,not_extreme,0.505,,0.006601095199584961,,no_leader,,,,,,,,,no_leader,,,,,,,,,zip:///Users/bradamanka/Downloads/Stratgey testing/polymarket-btc-5m_2026-08-17.zip::polymarket-btc-updown-5m-1786939500-2026-08-17.txt.zst
zip:///Users/bradamanka/Downloads/Stratgey testing/polymarket-btc-5m_2026-08-16.zip::polymarket-btc-updown-5m-1786939800-2026-08-16.txt.zst,polymarket-btc-updown-5m-1786939800-2026-08-16.txt.zst,polymarket-btc-5m_2026-08-16.zip,1786939800,1786940100,False,521,519,0,0,1,518,0,,,301,UNKNOWN,not_extreme,0.505,,0.007071971893310547,,no_leader,,,,,,,,,no_leader,,,,,,,,,zip:///Users/bradamanka/Downloads/Stratgey testing/polymarket-btc-5m_2026-08-17.zip::polymarket-btc-updown-5m-1786939800-2026-08-17.txt.zst
zip:///Users/bradamanka/Downloads/Stratgey testing/polymarket-btc-5m_2026-08-16.zip::polymarket-btc-updown-5m-1786940400-2026-08-16.txt.zst,polymarket-btc-updown-5m-1786940400-2026-08-16.txt.zst,polymarket-btc-5m_2026-08-16.zip,1786940400,1786940700,False,539,537,0,0,1,536,0,,,301,UNKNOWN,not_extreme,0.505,,0.005360841751098633,,no_leader,,,,,,,,,no_leader,,,,,,,,,zip:///Users/bradamanka/Downloads/Stratgey testing/polymarket-btc-5m_2026-08-17.zip::polymarket-btc-updown-5m-1786940400-2026-08-17.txt.zst
zip:///Users/bradamanka/Downloads/Stratgey testing/polymarket-btc-5m_2026-08-16.zip::polymarket-btc-updown-5m-1786940100-2026-08-16.txt.zst,polymarket-btc-updown-5m-1786940100-2026-08-16.txt.zst,polymarket-btc-5m_2026-08-16.zip,1786940100,1786940400,False,533,531,0,0,2,529,0,,,301,UNKNOWN,not_extreme,0.505,,0.006040096282958984,,no_leader,,,,,,,,,no_leader,,,,,,,,,zip:///Users/bradamanka/Downloads/Stratgey testing/polymarket-btc-5m_2026-08-17.zip::polymarket-btc-updown-5m-1786940100-2026-08-17.txt.zst
zip:///Users/bradamanka/Downloads/Stratgey testing/polymarket-btc-5m_2026-08-16.zip::polymarket-btc-updown-5m-1786940700-2026-08-16.txt.zst,polymarket-btc-updown-5m-1786940700-2026-08-16.txt.zst,polymarket-btc-5m_2026-08-16.zip,1786940700,1786941000,False,575,573,0,0,1,572,0,,,301,UNKNOWN,not_extreme,0.505,,0.007089853286743164,,no_leader,,,,,,,,,no_leader,,,,,,,,,zip:///Users/bradamanka/Downloads/Stratgey testing/polymarket-btc-5m_2026-08-17.zip::polymarket-btc-updown-5m-1786940700-2026-08-17.txt.zst
zip:///Users/bradamanka/Downloads/Stratgey testing/polymarket-btc-5m_2026-08-16.zip::polymarket-btc-updown-5m-1786941000-2026-08-16.txt.zst,polymarket-btc-updown-5m-1786941000-2026-08-16.txt.zst,polymarket-btc-5m_2026-08-16.zip,1786941000,1786941300,False,539,537,0,0,1,536,0,,,301,UNKNOWN,not_extreme,0.505,,0.0073680877685546875,,no_leader,,,,,,,,,no_leader,,,,,,,,,zip:///Users/bradamanka/Downloads/Stratgey testing/polymarket-btc-5m_2026-08-17.zip::polymarket-btc-updown-5m-1786941000-2026-08-17.txt.zst
zip:///Users/bradamanka/Downloads/Stratgey testing/polymarket-btc-5m_2026-08-16.zip::polymarket-btc-updown-5m-1786941300-2026-08-16.txt.zst,polymarket-btc-updown-5m-1786941300-2026-08-16.txt.zst,polymarket-btc-5m_2026-08-16.zip,1786941300,1786941600,False,529,526,0,0,2,524,0,,,301,UNKNOWN,not_extreme,0.505,,0.007858037948608398,,no_leader,,,,,,,,,no_leader,,,,,,,,,zip:///Users/bradamanka/Downloads/Stratgey testing/polymarket-btc-5m_2026-08-17.zip::polymarket-btc-updown-5m-1786941300-2026-08-17.txt.zst
zip:///Users/bradamanka/Downloads/Stratgey testing/polymarket-btc-5m_2026-08-16.zip::polymarket-btc-updown-5m-1786942200-2026-08-16.txt.zst,polymarket-btc-updown-5m-1786942200-2026-08-16.txt.zst,polymarket-btc-5m_2026-08-16.zip,1786942200,1786942500,False,487,485,0,0,1,484,0,,,301,UNKNOWN,not_extreme,0.505,,0.005098819732666016,,no_leader,,,,,,,,,no_leader,,,,,,,,,zip:///Users/bradamanka/Downloads/Stratgey testing/polymarket-btc-5m_2026-08-17.zip::polymarket-btc-updown-5m-1786942200-2026-08-17.txt.zst
zip:///Users/bradamanka/Downloads/Stratgey testing/polymarket-btc-5m_2026-08-16.zip::polymarket-btc-updown-5m-1786941600-2026-08-16.txt.zst,polymarket-btc-updown-5m-1786941600-2026-08-16.txt.zst,polymarket-btc-5m_2026-08-16.zip,1786941600,1786941900,False,411,409,0,0,1,408,0,,,301,UNKNOWN,not_extreme,0.505,,0.009427309036254883,,no_leader,,,,,,,,,no_leader,,,,,,,,,zip:///Users/bradamanka/Downloads/Stratgey testing/polymarket-btc-5m_2026-08-17.zip::polymarket-btc-updown-5m-1786941600-2026-08-17.txt.zst
zip:///Users/bradamanka/Downloads/Stratgey testing/polymarket-btc-5m_2026-08-16.zip::polymarket-btc-updown-5m-1786941900-2026-08-16.txt.zst,polymarket-btc-updown-5m-1786941900-2026-08-16.txt.zst,polymarket-btc-5m_2026-08-16.zip,1786941900,1786942200,False,511,509,0,0,1,508,0,,,301,UNKNOWN,not_extreme,0.505,,0.0087738037109375,,no_leader,,,,,,,,,no_leader,,,,,,,,,zip:///Users/bradamanka/Downloads/Stratgey testing/polymarket-btc-5m_2026-08-17.zip::polymarket-btc-updown-5m-1786941900-2026-08-17.txt.zst
zip:///Users/bradamanka/Downloads/Stratgey testing/polymarket-btc-5m_2026-08-16.zip::polymarket-btc-updown-5m-1786942800-2026-08-16.txt.zst,polymarket-btc-updown-5m-1786942800-2026-08-16.txt.zst,polymarket-btc-5m_2026-08-16.zip,1786942800,1786943100,False,441,439,0,0,1,438,0,,,301,UNKNOWN,not_extreme,0.505,,0.0062389373779296875,,no_leader,,,,,,,,,no_leader,,,,,,,,,zip:///Users/bradamanka/Downloads/Stratgey testing/polymarket-btc-5m_2026-08-17.zip::polymarket-btc-updown-5m-1786942800-2026-08-17.txt.zst
zip:///Users/bradamanka/Downloads/Stratgey testing/polymarket-btc-5m_2026-08-16.zip::polymarket-btc-updown-5m-1786942500-2026-08-16.txt.zst,polymarket-btc-updown-5m-1786942500-2026-08-16.txt.zst,polymarket-btc-5m_2026-08-16.zip,1786942500,1786942800,False,594,592,0,0,1,591,0,,,301,UNKNOWN,not_extreme,0.505,,0.0073201656341552734,,no_leader,,,,,,,,,no_leader,,,,,,,,,zip:///Users/bradamanka/Downloads/Stratgey testing/polymarket-btc-5m_2026-08-17.zip::polymarket-btc-updown-5m-1786942500-2026-08-17.txt.zst
zip:///Users/bradamanka/Downloads/Stratgey testing/polymarket-btc-5m_2026-08-16.zip::polymarket-btc-updown-5m-1786943100-2026-08-16.txt.zst,polymarket-btc-updown-5m-1786943100-2026-08-16.txt.zst,polymarket-btc-5m_2026-08-16.zip,1786943100,1786943400,False,391,389,0,0,1,388,0,,,301,UNKNOWN,not_extreme,0.505,,0.004889965057373047,,no_leader,,,,,,,,,no_leader,,,,,,,,,zip:///Users/bradamanka/Downloads/Stratgey testing/polymarket-btc-5m_2026-08-17.zip::polymarket-btc-updown-5m-1786943100-2026-08-17.txt.zst
zip:///Users/bradamanka/Downloads/Stratgey testing/polymarket-btc-5m_2026-08-16.zip::polymarket-btc-updown-5m-1786943700-2026-08-16.txt.zst,polymarket-btc-updown-5m-1786943700-2026-08-16.txt.zst,polymarket-btc-5m_2026-08-16.zip,1786943700,1786944000,False,379,377,0,0,1,376,0,,,301,UNKNOWN,not_extreme,0.505,,0.005208730697631836,,no_leader,,,,,,,,,no_leader,,,,,,,,,zip:///Users/bradamanka/Downloads/Stratgey testing/polymarket-btc-5m_2026-08-17.zip::polymarket-btc-updown-5m-1786943700-2026-08-17.txt.zst
zip:///Users/bradamanka/Downloads/Stratgey testing/polymarket-btc-5m_2026-08-16.zip::polymarket-btc-updown-5m-1786944000-2026-08-16.txt.zst,polymarket-btc-updown-5m-1786944000-2026-08-16.txt.zst,polymarket-btc-5m_2026-08-16.zip,1786944000,1786944300,False,377,375,0,0,1,374,0,,,301,UNKNOWN,not_extreme,0.505,,0.00635218620300293,,no_leader,,,,,,,,,no_leader,,,,,,,,,zip:///Users/bradamanka/Downloads/Stratgey testing/polymarket-btc-5m_2026-08-17.zip::polymarket-btc-updown-5m-1786944000-2026-08-17.txt.zst
zip:///Users/bradamanka/Downloads/Stratgey testing/polymarket-btc-5m_2026-08-16.zip::polymarket-btc-updown-5m-1786943400-2026-08-16.txt.zst,polymarket-btc-updown-5m-1786943400-2026-08-16.txt.zst,polymarket-btc-5m_2026-08-16.zip,1786943400,1786943700,False,416,414,0,0,1,413,0,,,301,UNKNOWN,not_extreme,0.505,,0.0100860595703125,,no_leader,,,,,,,,,no_leader,,,,,,,,,zip:///Users/bradamanka/Downloads/Stratgey testing/polymarket-btc-5m_2026-08-17.zip::polymarket-btc-updown-5m-1786943400-2026-08-17.txt.zst
zip:///Users/bradamanka/Downloads/Stratgey testing/polymarket-btc-5m_2026-08-16.zip::polymarket-btc-updown-5m-1786944300-2026-08-16.txt.zst,polymarket-btc-updown-5m-1786944300-2026-08-16.txt.zst,polymarket-btc-5m_2026-08-16.zip,1786944300,1786944600,False,416,414,0,0,1,413,0,,,301,UNKNOWN,not_extreme,0.505,,0.004756927490234375,,no_leader,,,,,,,,,no_leader,,,,,,,,,zip:///Users/bradamanka/Downloads/Stratgey testing/polymarket-btc-5m_2026-08-17.zip::polymarket-btc-updown-5m-1786944300-2026-08-17.txt.zst
zip:///Users/bradamanka/Downloads/Stratgey testing/polymarket-btc-5m_2026-08-16.zip::polymarket-btc-updown-5m-1786944600-2026-08-16.txt.zst,polymarket-btc-updown-5m-1786944600-2026-08-16.txt.zst,polymarket-btc-5m_2026-08-16.zip,1786944600,1786944900,False,389,387,0,0,1,386,0,,,301,UNKNOWN,not_extreme,0.505,,0.005670309066772461,,no_leader,,,,,,,,,no_leader,,,,,,,,,zip:///Users/bradamanka/Downloads/Stratgey testing/polymarket-btc-5m_2026-08-17.zip::polymarket-btc-updown-5m-1786944600-2026-08-17.txt.zst
zip:///Users/bradamanka/Downloads/Stratgey testing/polymarket-btc-5m_2026-08-16.zip::polymarket-btc-updown-5m-1786945200-2026-08-16.txt.zst,polymarket-btc-updown-5m-1786945200-2026-08-16.txt.zst,polymarket-btc-5m_2026-08-16.zip,1786945200,1786945500,False,400,398,0,0,1,397,0,,,301,UNKNOWN,not_extreme,0.505,,0.006412029266357422,,no_leader,,,,,,,,,no_leader,,,,,,,,,zip:///Users/bradamanka/Downloads/Stratgey testing/polymarket-btc-5m_2026-08-17.zip::polymarket-btc-updown-5m-1786945200-2026-08-17.txt.zst
zip:///Users/bradamanka/Downloads/Stratgey testing/polymarket-btc-5m_2026-08-16.zip::polymarket-btc-updown-5m-1786944900-2026-08-16.txt.zst,polymarket-btc-updown-5m-1786944900-2026-08-16.txt.zst,polymarket-btc-5m_2026-08-16.zip,1786944900,1786945200,False,404,402,0,0,1,401,0,,,301,UNKNOWN,not_extreme,0.505,,0.007978200912475586,,no_leader,,,,,,,,,no_leader,,,,,,,,,zip:///Users/bradamanka/Downloads/Stratgey testing/polymarket-btc-5m_2026-08-17.zip::polymarket-btc-updown-5m-1786944900-2026-08-17.txt.zst
zip:///Users/bradamanka/Downloads/Stratgey testing/polymarket-btc-5m_2026-08-16.zip::polymarket-btc-updown-5m-1786945500-2026-08-16.txt.zst,polymarket-btc-updown-5m-1786945500-2026-08-16.txt.zst,polymarket-btc-5m_2026-08-16.zip,1786945500,1786945800,False,337,335,0,0,1,334,0,,,301,UNKNOWN,not_extreme,0.505,,0.005205869674682617,,no_leader,,,,,,,,,no_leader,,,,,,,,,zip:///Users/bradamanka/Downloads/Stratgey testing/polymarket-btc-5m_2026-08-17.zip::polymarket-btc-updown-5m-1786945500-2026-08-17.txt.zst
zip:///Users/bradamanka/Downloads/Stratgey testing/polymarket-btc-5m_2026-08-16.zip::polymarket-btc-updown-5m-1786945800-2026-08-16.txt.zst,polymarket-btc-updown-5m-1786945800-2026-08-16.txt.zst,polymarket-btc-5m_2026-08-16.zip,1786945800,1786946100,False,267,265,0,0,1,264,0,,,301,UNKNOWN,not_extreme,0.505,,0.007536888122558594,,no_leader,,,,,,,,,no_leader,,,,,,,,,zip:///Users/bradamanka/Downloads/Stratgey testing/polymarket-btc-5m_2026-08-17.zip::polymarket-btc-updown-5m-1786945800-2026-08-17.txt.zst
zip:///Users/bradamanka/Downloads/Stratgey testing/polymarket-btc-5m_2026-08-16.zip::polymarket-btc-updown-5m-1786946400-2026-08-16.txt.zst,polymarket-btc-updown-5m-1786946400-2026-08-16.txt.zst,polymarket-btc-5m_2026-08-16.zip,1786946400,1786946700,False,510,508,0,0,1,507,0,,,301,UNKNOWN,not_extreme,0.505,,0.005628108978271484,,no_leader,,,,,,,,,no_leader,,,,,,,,,zip:///Users/bradamanka/Downloads/Stratgey testing/polymarket-btc-5m_2026-08-17.zip::polymarket-btc-updown-5m-1786946400-2026-08-17.txt.zst
zip:///Users/bradamanka/Downloads/Stratgey testing/polymarket-btc-5m_2026-08-16.zip::polymarket-btc-updown-5m-1786946100-2026-08-16.txt.zst,polymarket-btc-updown-5m-1786946100-2026-08-16.txt.zst,polymarket-btc-5m_2026-08-16.zip,1786946100,1786946400,False,408,406,0,0,1,405,0,,,301,UNKNOWN,not_extreme,0.505,,0.009959936141967773,,no_leader,,,,,,,,,no_leader,,,,,,,,,zip:///Users/bradamanka/Downloads/Stratgey testing/polymarket-btc-5m_2026-08-17.zip::polymarket-btc-updown-5m-1786946100-2026-08-17.txt.zst
zip:///Users/bradamanka/Downloads/Stratgey testing/polymarket-btc-5m_2026-08-16.zip::polymarket-btc-updown-5m-1786947000-2026-08-16.txt.zst,polymarket-btc-updown-5m-1786947000-2026-08-16.txt.zst,polymarket-btc-5m_2026-08-16.zip,1786947000,1786947300,False,365,363,0,0,1,362,0,,,301,UNKNOWN,not_extreme,0.505,,0.004617929458618164,,no_leader,,,,,,,,,no_leader,,,,,,,,,zip:///Users/bradamanka/Downloads/Stratgey testing/polymarket-btc-5m_2026-08-17.zip::polymarket-btc-updown-5m-1786947000-2026-08-17.txt.zst
zip:///Users/bradamanka/Downloads/Stratgey testing/polymarket-btc-5m_2026-08-16.zip::polymarket-btc-updown-5m-1786946700-2026-08-16.txt.zst,polymarket-btc-updown-5m-1786946700-2026-08-16.txt.zst,polymarket-btc-5m_2026-08-16.zip,1786946700,1786947000,False,450,448,0,0,1,447,0,,,301,UNKNOWN,not_extreme,0.505,,0.0062673091888427734,,no_leader,,,,,,,,,no_leader,,,,,,,,,zip:///Users/bradamanka/Downloads/Stratgey testing/polymarket-btc-5m_2026-08-17.zip::polymarket-btc-updown-5m-1786946700-2026-08-17.txt.zst
zip:///Users/bradamanka/Downloads/Stratgey testing/polymarket-btc-5m_2026-08-16.zip::polymarket-btc-updown-5m-1786947300-2026-08-16.txt.zst,polymarket-btc-updown-5m-1786947300-2026-08-16.txt.zst,polymarket-btc-5m_2026-08-16.zip,1786947300,1786947600,False,371,369,0,0,1,368,0,,,301,UNKNOWN,not_extreme,0.505,,0.0068149566650390625,,no_leader,,,,,,,,,no_leader,,,,,,,,,zip:///Users/bradamanka/Downloads/Stratgey testing/polymarket-btc-5m_2026-08-17.zip::polymarket-btc-updown-5m-1786947300-2026-08-17.txt.zst
zip:///Users/bradamanka/Downloads/Stratgey testing/polymarket-btc-5m_2026-08-16.zip::polymarket-btc-updown-5m-1786947600-2026-08-16.txt.zst,polymarket-btc-updown-5m-1786947600-2026-08-16.txt.zst,polymarket-btc-5m_2026-08-16.zip,1786947600,1786947900,False,397,395,0,0,1,394,0,,,301,UNKNOWN,not_extreme,0.505,,0.00704193115234375,,no_leader,,,,,,,,,no_leader,,,,,,,,,zip:///Users/bradamanka/Downloads/Stratgey testing/polymarket-btc-5m_2026-08-17.zip::polymarket-btc-updown-5m-1786947600-2026-08-17.txt.zst
zip:///Users/bradamanka/Downloads/Stratgey testing/polymarket-btc-5m_2026-08-16.zip::polymarket-btc-updown-5m-1786947900-2026-08-16.txt.zst,polymarket-btc-updown-5m-1786947900-2026-08-16.txt.zst,polymarket-btc-5m_2026-08-16.zip,1786947900,1786948200,False,462,460,0,0,1,459,0,,,301,UNKNOWN,not_extreme,0.505,,0.005944013595581055,,no_leader,,,,,,,,,no_leader,,,,,,,,,zip:///Users/bradamanka/Downloads/Stratgey testing/polymarket-btc-5m_2026-08-17.zip::polymarket-btc-updown-5m-1786947900-2026-08-17.txt.zst
zip:///Users/bradamanka/Downloads/Stratgey testing/polymarket-btc-5m_2026-08-16.zip::polymarket-btc-updown-5m-1786948200-2026-08-16.txt.zst,polymarket-btc-updown-5m-1786948200-2026-08-16.txt.zst,polymarket-btc-5m_2026-08-16.zip,1786948200,1786948500,False,429,427,0,0,1,426,0,,,301,UNKNOWN,not_extreme,0.505,,0.007784128189086914,,no_leader,,,,,,,,,no_leader,,,,,,,,,zip:///Users/bradamanka/Downloads/Stratgey testing/polymarket-btc-5m_2026-08-17.zip::polymarket-btc-updown-5m-1786948200-2026-08-17.txt.zst
zip:///Users/bradamanka/Downloads/Stratgey testing/polymarket-btc-5m_2026-08-16.zip::polymarket-btc-updown-5m-1786948800-2026-08-16.txt.zst,polymarket-btc-updown-5m-1786948800-2026-08-16.txt.zst,polymarket-btc-5m_2026-08-16.zip,1786948800,1786949100,False,384,382,0,0,1,381,0,,,301,UNKNOWN,not_extreme,0.505,,0.00587010383605957,,no_leader,,,,,,,,,no_leader,,,,,,,,,zip:///Users/bradamanka/Downloads/Stratgey testing/polymarket-btc-5m_2026-08-17.zip::polymarket-btc-updown-5m-1786948800-2026-08-17.txt.zst
zip:///Users/bradamanka/Downloads/Stratgey testing/polymarket-btc-5m_2026-08-16.zip::polymarket-btc-updown-5m-1786948500-2026-08-16.txt.zst,polymarket-btc-updown-5m-1786948500-2026-08-16.txt.zst,polymarket-btc-5m_2026-08-16.zip,1786948500,1786948800,False,363,361,0,0,1,360,0,,,301,UNKNOWN,not_extreme,0.505,,0.0090179443359375,,no_leader,,,,,,,,,no_leader,,,,,,,,,zip:///Users/bradamanka/Downloads/Stratgey testing/polymarket-btc-5m_2026-08-17.zip::polymarket-btc-updown-5m-1786948500-2026-08-17.txt.zst
zip:///Users/bradamanka/Downloads/Stratgey testing/polymarket-btc-5m_2026-08-16.zip::polymarket-btc-updown-5m-1786949100-2026-08-16.txt.zst,polymarket-btc-updown-5m-1786949100-2026-08-16.txt.zst,polymarket-btc-5m_2026-08-16.zip,1786949100,1786949400,False,348,346,0,0,1,345,0,,,301,UNKNOWN,not_extreme,0.505,,0.005679130554199219,,no_leader,,,,,,,,,no_leader,,,,,,,,,zip:///Users/bradamanka/Downloads/Stratgey testing/polymarket-btc-5m_2026-08-17.zip::polymarket-btc-updown-5m-1786949100-2026-08-17.txt.zst
zip:///Users/bradamanka/Downloads/Stratgey testing/polymarket-btc-5m_2026-08-16.zip::polymarket-btc-updown-5m-1786949400-2026-08-16.txt.zst,polymarket-btc-updown-5m-1786949400-2026-08-16.txt.zst,polymarket-btc-5m_2026-08-16.zip,1786949400,1786949700,False,375,372,0,0,2,370,0,,,301,UNKNOWN,not_extreme,0.505,,0.00463414192199707,,no_leader,,,,,,,,,no_leader,,,,,,,,,zip:///Users/bradamanka/Downloads/Stratgey testing/polymarket-btc-5m_2026-08-17.zip::polymarket-btc-updown-5m-1786949400-2026-08-17.txt.zst
zip:///Users/bradamanka/Downloads/Stratgey testing/polymarket-btc-5m_2026-08-16.zip::polymarket-btc-updown-5m-1786949700-2026-08-16.txt.zst,polymarket-btc-updown-5m-1786949700-2026-08-16.txt.zst,polymarket-btc-5m_2026-08-16.zip,1786949700,1786950000,False,320,318,0,0,1,317,0,,,301,UNKNOWN,not_extreme,0.505,,0.004213094711303711,,no_leader,,,,,,,,,no_leader,,,,,,,,,zip:///Users/bradamanka/Downloads/Stratgey testing/polymarket-btc-5m_2026-08-17.zip::polymarket-btc-updown-5m-1786949700-2026-08-17.txt.zst
zip:///Users/bradamanka/Downloads/Stratgey testing/polymarket-btc-5m_2026-08-16.zip::polymarket-btc-updown-5m-1786950000-2026-08-16.txt.zst,polymarket-btc-updown-5m-1786950000-2026-08-16.txt.zst,polymarket-btc-5m_2026-08-16.zip,1786950000,1786950300,False,353,351,0,0,1,350,0,,,301,UNKNOWN,not_extreme,0.505,,0.004259824752807617,,no_leader,,,,,,,,,no_leader,,,,,,,,,zip:///Users/bradamanka/Downloads/Stratgey testing/polymarket-btc-5m_2026-08-17.zip::polymarket-btc-updown-5m-1786950000-2026-08-17.txt.zst
zip:///Users/bradamanka/Downloads/Stratgey testing/polymarket-btc-5m_2026-08-16.zip::polymarket-btc-updown-5m-1786950600-2026-08-16.txt.zst,polymarket-btc-updown-5m-1786950600-2026-08-16.txt.zst,polymarket-btc-5m_2026-08-16.zip,1786950600,1786950900,False,431,429,0,0,1,428,0,,,301,UNKNOWN,not_extreme,0.505,,0.005525112152099609,,no_leader,,,,,,,,,no_leader,,,,,,,,,zip:///Users/bradamanka/Downloads/Stratgey testing/polymarket-btc-5m_2026-08-17.zip::polymarket-btc-updown-5m-1786950600-2026-08-17.txt.zst
zip:///Users/bradamanka/Downloads/Stratgey testing/polymarket-btc-5m_2026-08-16.zip::polymarket-btc-updown-5m-1786950900-2026-08-16.txt.zst,polymarket-btc-updown-5m-1786950900-2026-08-16.txt.zst,polymarket-btc-5m_2026-08-16.zip,1786950900,1786951200,False,327,325,0,0,1,324,0,,,301,UNKNOWN,not_extreme,0.505,,0.004366874694824219,,no_leader,,,,,,,,,no_leader,,,,,,,,,zip:///Users/bradamanka/Downloads/Stratgey testing/polymarket-btc-5m_2026-08-17.zip::polymarket-btc-updown-5m-1786950900-2026-08-17.txt.zst
zip:///Users/bradamanka/Downloads/Stratgey testing/polymarket-btc-5m_2026-08-16.zip::polymarket-btc-updown-5m-1786951200-2026-08-16.txt.zst,polymarket-btc-updown-5m-1786951200-2026-08-16.txt.zst,polymarket-btc-5m_2026-08-16.zip,1786951200,1786951500,False,376,374,0,0,1,373,0,,,301,UNKNOWN,not_extreme,0.505,,0.004880189895629883,,no_leader,,,,,,,,,no_leader,,,,,,,,,zip:///Users/bradamanka/Downloads/Stratgey testing/polymarket-btc-5m_2026-08-17.zip::polymarket-btc-updown-5m-1786951200-2026-08-17.txt.zst
zip:///Users/bradamanka/Downloads/Stratgey testing/polymarket-btc-5m_2026-08-16.zip::polymarket-btc-updown-5m-1786950300-2026-08-16.txt.zst,polymarket-btc-updown-5m-1786950300-2026-08-16.txt.zst,polymarket-btc-5m_2026-08-16.zip,1786950300,1786950600,False,361,359,0,0,1,358,0,,,301,UNKNOWN,not_extreme,0.505,,0.014393091201782227,,no_leader,,,,,,,,,no_leader,,,,,,,,,zip:///Users/bradamanka/Downloads/Stratgey testing/polymarket-btc-5m_2026-08-17.zip::polymarket-btc-updown-5m-1786950300-2026-08-17.txt.zst
zip:///Users/bradamanka/Downloads/Stratgey testing/polymarket-btc-5m_2026-08-16.zip::polymarket-btc-updown-5m-1786951800-2026-08-16.txt.zst,polymarket-btc-updown-5m-1786951800-2026-08-16.txt.zst,polymarket-btc-5m_2026-08-16.zip,1786951800,1786952100,False,298,296,0,0,1,295,0,,,301,UNKNOWN,not_extreme,0.505,,0.004534006118774414,,no_leader,,,,,,,,,no_leader,,,,,,,,,zip:///Users/bradamanka/Downloads/Stratgey testing/polymarket-btc-5m_2026-08-17.zip::polymarket-btc-updown-5m-1786951800-2026-08-17.txt.zst
zip:///Users/bradamanka/Downloads/Stratgey testing/polymarket-btc-5m_2026-08-16.zip::polymarket-btc-updown-5m-1786951500-2026-08-16.txt.zst,polymarket-btc-updown-5m-1786951500-2026-08-16.txt.zst,polymarket-btc-5m_2026-08-16.zip,1786951500,1786951800,False,412,410,0,0,1,409,0,,,301,UNKNOWN,not_extreme,0.505,,0.009071111679077148,,no_leader,,,,,,,,,no_leader,,,,,,,,,zip:///Users/bradamanka/Downloads/Stratgey testing/polymarket-btc-5m_2026-08-17.zip::polymarket-btc-updown-5m-1786951500-2026-08-17.txt.zst
zip:///Users/bradamanka/Downloads/Stratgey testing/polymarket-btc-5m_2026-08-16.zip::polymarket-btc-updown-5m-1786952400-2026-08-16.txt.zst,polymarket-btc-updown-5m-1786952400-2026-08-16.txt.zst,polymarket-btc-5m_2026-08-16.zip,1786952400,1786952700,False,340,338,0,0,1,337,0,,,301,UNKNOWN,not_extreme,0.505,,0.005934238433837891,,no_leader,,,,,,,,,no_leader,,,,,,,,,zip:///Users/bradamanka/Downloads/Stratgey testing/polymarket-btc-5m_2026-08-17.zip::polymarket-btc-updown-5m-1786952400-2026-08-17.txt.zst
zip:///Users/bradamanka/Downloads/Stratgey testing/polymarket-btc-5m_2026-08-16.zip::polymarket-btc-updown-5m-1786952100-2026-08-16.txt.zst,polymarket-btc-updown-5m-1786952100-2026-08-16.txt.zst,polymarket-btc-5m_2026-08-16.zip,1786952100,1786952400,False,356,354,0,0,1,353,0,,,301,UNKNOWN,not_extreme,0.505,,0.008764982223510742,,no_leader,,,,,,,,,no_leader,,,,,,,,,zip:///Users/bradamanka/Downloads/Stratgey testing/polymarket-btc-5m_2026-08-17.zip::polymarket-btc-updown-5m-1786952100-2026-08-17.txt.zst
zip:///Users/bradamanka/Downloads/Stratgey testing/polymarket-btc-5m_2026-08-16.zip::polymarket-btc-updown-5m-1786952700-2026-08-16.txt.zst,polymarket-btc-updown-5m-1786952700-2026-08-16.txt.zst,polymarket-btc-5m_2026-08-16.zip,1786952700,1786953000,False,417,415,0,0,1,414,0,,,301,UNKNOWN,not_extreme,0.505,,0.009839057922363281,,no_leader,,,,,,,,,no_leader,,,,,,,,,zip:///Users/bradamanka/Downloads/Stratgey testing/polymarket-btc-5m_2026-08-17.zip::polymarket-btc-updown-5m-1786952700-2026-08-17.txt.zst
zip:///Users/bradamanka/Downloads/Stratgey testing/polymarket-btc-5m_2026-08-16.zip::polymarket-btc-updown-5m-1786953000-2026-08-16.txt.zst,polymarket-btc-updown-5m-1786953000-2026-08-16.txt.zst,polymarket-btc-5m_2026-08-16.zip,1786953000,1786953300,False,355,353,0,0,1,352,0,,,301,UNKNOWN,not_extreme,0.505,,0.004865169525146484,,no_leader,,,,,,,,,no_leader,,,,,,,,,zip:///Users/bradamanka/Downloads/Stratgey testing/polymarket-btc-5m_2026-08-17.zip::polymarket-btc-updown-5m-1786953000-2026-08-17.txt.zst
zip:///Users/bradamanka/Downloads/Stratgey testing/polymarket-btc-5m_2026-08-16.zip::polymarket-btc-updown-5m-1786953300-2026-08-16.txt.zst,polymarket-btc-updown-5m-1786953300-2026-08-16.txt.zst,polymarket-btc-5m_2026-08-16.zip,1786953300,1786953600,False,347,345,0,0,1,344,0,,,301,UNKNOWN,not_extreme,0.505,,0.0057871341705322266,,no_leader,,,,,,,,,no_leader,,,,,,,,,zip:///Users/bradamanka/Downloads/Stratgey testing/polymarket-btc-5m_2026-08-17.zip::polymarket-btc-updown-5m-1786953300-2026-08-17.txt.zst
zip:///Users/bradamanka/Downloads/Stratgey testing/polymarket-btc-5m_2026-08-16.zip::polymarket-btc-updown-5m-1786953600-2026-08-16.txt.zst,polymarket-btc-updown-5m-1786953600-2026-08-16.txt.zst,polymarket-btc-5m_2026-08-16.zip,1786953600,1786953900,False,366,364,0,0,1,363,0,,,301,UNKNOWN,not_extreme,0.505,,0.005354166030883789,,no_leader,,,,,,,,,no_leader,,,,,,,,,zip:///Users/bradamanka/Downloads/Stratgey testing/polymarket-btc-5m_2026-08-17.zip::polymarket-btc-updown-5m-1786953600-2026-08-17.txt.zst
zip:///Users/bradamanka/Downloads/Stratgey testing/polymarket-btc-5m_2026-08-16.zip::polymarket-btc-updown-5m-1786953900-2026-08-16.txt.zst,polymarket-btc-updown-5m-1786953900-2026-08-16.txt.zst,polymarket-btc-5m_2026-08-16.zip,1786953900,1786954200,False,400,398,0,0,1,397,0,,,301,UNKNOWN,not_extreme,0.505,,0.008709907531738281,,no_leader,,,,,,,,,no_leader,,,,,,,,,zip:///Users/bradamanka/Downloads/Stratgey testing/polymarket-btc-5m_2026-08-17.zip::polymarket-btc-updown-5m-1786953900-2026-08-17.txt.zst
zip:///Users/bradamanka/Downloads/Stratgey testing/polymarket-btc-5m_2026-08-16.zip::polymarket-btc-updown-5m-1786954200-2026-08-16.txt.zst,polymarket-btc-updown-5m-1786954200-2026-08-16.txt.zst,polymarket-btc-5m_2026-08-16.zip,1786954200,1786954500,False,377,374,0,0,2,372,0,,,301,UNKNOWN,not_extreme,0.505,,0.0076141357421875,,no_leader,,,,,,,,,no_leader,,,,,,,,,zip:///Users/bradamanka/Downloads/Stratgey testing/polymarket-btc-5m_2026-08-17.zip::polymarket-btc-updown-5m-1786954200-2026-08-17.txt.zst
zip:///Users/bradamanka/Downloads/Stratgey testing/polymarket-btc-5m_2026-08-16.zip::polymarket-btc-updown-5m-1786955100-2026-08-16.txt.zst,polymarket-btc-updown-5m-1786955100-2026-08-16.txt.zst,polymarket-btc-5m_2026-08-16.zip,1786955100,1786955400,False,414,412,0,0,1,411,0,,,301,UNKNOWN,not_extreme,0.505,,0.006160259246826172,,no_leader,,,,,,,,,no_leader,,,,,,,,,zip:///Users/bradamanka/Downloads/Stratgey testing/polymarket-btc-5m_2026-08-17.zip::polymarket-btc-updown-5m-1786955100-2026-08-17.txt.zst
zip:///Users/bradamanka/Downloads/Stratgey testing/polymarket-btc-5m_2026-08-16.zip::polymarket-btc-updown-5m-1786954800-2026-08-16.txt.zst,polymarket-btc-updown-5m-1786954800-2026-08-16.txt.zst,polymarket-btc-5m_2026-08-16.zip,1786954800,1786955100,False,327,325,0,0,1,324,0,,,301,UNKNOWN,not_extreme,0.505,,0.01106572151184082,,no_leader,,,,,,,,,no_leader,,,,,,,,,zip:///Users/bradamanka/Downloads/Stratgey testing/polymarket-btc-5m_2026-08-17.zip::polymarket-btc-updown-5m-1786954800-2026-08-17.txt.zst
zip:///Users/bradamanka/Downloads/Stratgey testing/polymarket-btc-5m_2026-08-16.zip::polymarket-btc-updown-5m-1786954500-2026-08-16.txt.zst,polymarket-btc-updown-5m-1786954500-2026-08-16.txt.zst,polymarket-btc-5m_2026-08-16.zip,1786954500,1786954800,False,254,252,0,0,1,251,0,,,301,UNKNOWN,not_extreme,0.505,,0.020329952239990234,,no_leader,,,,,,,,,no_leader,,,,,,,,,zip:///Users/bradamanka/Downloads/Stratgey testing/polymarket-btc-5m_2026-08-17.zip::polymarket-btc-updown-5m-1786954500-2026-08-17.txt.zst
zip:///Users/bradamanka/Downloads/Stratgey testing/polymarket-btc-5m_2026-08-16.zip::polymarket-btc-updown-5m-1786955400-2026-08-16.txt.zst,polymarket-btc-updown-5m-1786955400-2026-08-16.txt.zst,polymarket-btc-5m_2026-08-16.zip,1786955400,1786955700,False,409,407,0,0,1,406,0,,,301,UNKNOWN,not_extreme,0.505,,0.013956069946289062,,no_leader,,,,,,,,,no_leader,,,,,,,,,zip:///Users/bradamanka/Downloads/Stratgey testing/polymarket-btc-5m_2026-08-17.zip::polymarket-btc-updown-5m-1786955400-2026-08-17.txt.zst
zip:///Users/bradamanka/Downloads/Stratgey testing/polymarket-btc-5m_2026-08-16.zip::polymarket-btc-updown-5m-1786955700-2026-08-16.txt.zst,polymarket-btc-updown-5m-1786955700-2026-08-16.txt.zst,polymarket-btc-5m_2026-08-16.zip,1786955700,1786956000,False,359,357,0,0,1,356,0,,,301,UNKNOWN,not_extreme,0.505,,0.010976076126098633,,no_leader,,,,,,,,,no_leader,,,,,,,,,zip:///Users/bradamanka/Downloads/Stratgey testing/polymarket-btc-5m_2026-08-17.zip::polymarket-btc-updown-5m-1786955700-2026-08-17.txt.zst
zip:///Users/bradamanka/Downloads/Stratgey testing/polymarket-btc-5m_2026-08-16.zip::polymarket-btc-updown-5m-1786956000-2026-08-16.txt.zst,polymarket-btc-updown-5m-1786956000-2026-08-16.txt.zst,polymarket-btc-5m_2026-08-16.zip,1786956000,1786956300,False,308,306,0,0,1,305,0,,,301,UNKNOWN,not_extreme,0.505,,0.006867885589599609,,no_leader,,,,,,,,,no_leader,,,,,,,,,zip:///Users/bradamanka/Downloads/Stratgey testing/polymarket-btc-5m_2026-08-17.zip::polymarket-btc-updown-5m-1786956000-2026-08-17.txt.zst
zip:///Users/bradamanka/Downloads/Stratgey testing/polymarket-btc-5m_2026-08-16.zip::polymarket-btc-updown-5m-1786956300-2026-08-16.txt.zst,polymarket-btc-updown-5m-1786956300-2026-08-16.txt.zst,polymarket-btc-5m_2026-08-16.zip,1786956300,1786956600,False,386,384,0,0,1,383,0,,,301,UNKNOWN,not_extreme,0.505,,0.00850987434387207,,no_leader,,,,,,,,,no_leader,,,,,,,,,zip:///Users/bradamanka/Downloads/Stratgey testing/polymarket-btc-5m_2026-08-17.zip::polymarket-btc-updown-5m-1786956300-2026-08-17.txt.zst
zip:///Users/bradamanka/Downloads/Stratgey testing/polymarket-btc-5m_2026-08-16.zip::polymarket-btc-updown-5m-1786956900-2026-08-16.txt.zst,polymarket-btc-updown-5m-1786956900-2026-08-16.txt.zst,polymarket-btc-5m_2026-08-16.zip,1786956900,1786957200,False,398,396,0,0,1,395,0,,,301,UNKNOWN,not_extreme,0.505,,0.005259037017822266,,no_leader,,,,,,,,,no_leader,,,,,,,,,zip:///Users/bradamanka/Downloads/Stratgey testing/polymarket-btc-5m_2026-08-17.zip::polymarket-btc-updown-5m-1786956900-2026-08-17.txt.zst
zip:///Users/bradamanka/Downloads/Stratgey testing/polymarket-btc-5m_2026-08-16.zip::polymarket-btc-updown-5m-1786956600-2026-08-16.txt.zst,polymarket-btc-updown-5m-1786956600-2026-08-16.txt.zst,polymarket-btc-5m_2026-08-16.zip,1786956600,1786956900,False,351,349,0,0,1,348,0,,,301,UNKNOWN,not_extreme,0.505,,0.005753040313720703,,no_leader,,,,,,,,,no_leader,,,,,,,,,zip:///Users/bradamanka/Downloads/Stratgey testing/polymarket-btc-5m_2026-08-17.zip::polymarket-btc-updown-5m-1786956600-2026-08-17.txt.zst
zip:///Users/bradamanka/Downloads/Stratgey testing/polymarket-btc-5m_2026-08-16.zip::polymarket-btc-updown-5m-1786957500-2026-08-16.txt.zst,polymarket-btc-updown-5m-1786957500-2026-08-16.txt.zst,polymarket-btc-5m_2026-08-16.zip,1786957500,1786957800,False,400,398,0,0,1,397,0,,,301,UNKNOWN,not_extreme,0.505,,0.006266117095947266,,no_leader,,,,,,,,,no_leader,,,,,,,,,zip:///Users/bradamanka/Downloads/Stratgey testing/polymarket-btc-5m_2026-08-17.zip::polymarket-btc-updown-5m-1786957500-2026-08-17.txt.zst
zip:///Users/bradamanka/Downloads/Stratgey testing/polymarket-btc-5m_2026-08-16.zip::polymarket-btc-updown-5m-1786957200-2026-08-16.txt.zst,polymarket-btc-updown-5m-1786957200-2026-08-16.txt.zst,polymarket-btc-5m_2026-08-16.zip,1786957200,1786957500,False,395,393,0,0,1,392,0,,,301,UNKNOWN,not_extreme,0.505,,0.007021665573120117,,no_leader,,,,,,,,,no_leader,,,,,,,,,zip:///Users/bradamanka/Downloads/Stratgey testing/polymarket-btc-5m_2026-08-17.zip::polymarket-btc-updown-5m-1786957200-2026-08-17.txt.zst
zip:///Users/bradamanka/Downloads/Stratgey testing/polymarket-btc-5m_2026-08-16.zip::polymarket-btc-updown-5m-1786958100-2026-08-16.txt.zst,polymarket-btc-updown-5m-1786958100-2026-08-16.txt.zst,polymarket-btc-5m_2026-08-16.zip,1786958100,1786958400,False,353,351,0,0,1,350,0,,,301,UNKNOWN,not_extreme,0.505,,0.005133867263793945,,no_leader,,,,,,,,,no_leader,,,,,,,,,zip:///Users/bradamanka/Downloads/Stratgey testing/polymarket-btc-5m_2026-08-17.zip::polymarket-btc-updown-5m-1786958100-2026-08-17.txt.zst
zip:///Users/bradamanka/Downloads/Stratgey testing/polymarket-btc-5m_2026-08-16.zip::polymarket-btc-updown-5m-1786957800-2026-08-16.txt.zst,polymarket-btc-updown-5m-1786957800-2026-08-16.txt.zst,polymarket-btc-5m_2026-08-16.zip,1786957800,1786958100,False,358,356,0,0,1,355,0,,,301,UNKNOWN,not_extreme,0.505,,0.012750864028930664,,no_leader,,,,,,,,,no_leader,,,,,,,,,zip:///Users/bradamanka/Downloads/Stratgey testing/polymarket-btc-5m_2026-08-17.zip::polymarket-btc-updown-5m-1786957800-2026-08-17.txt.zst
zip:///Users/bradamanka/Downloads/Stratgey testing/polymarket-btc-5m_2026-08-16.zip::polymarket-btc-updown-5m-1786958400-2026-08-16.txt.zst,polymarket-btc-updown-5m-1786958400-2026-08-16.txt.zst,polymarket-btc-5m_2026-08-16.zip,1786958400,1786958700,False,358,356,0,0,1,355,0,,,301,UNKNOWN,not_extreme,0.505,,0.006821155548095703,,no_leader,,,,,,,,,no_leader,,,,,,,,,zip:///Users/bradamanka/Downloads/Stratgey testing/polymarket-btc-5m_2026-08-17.zip::polymarket-btc-updown-5m-1786958400-2026-08-17.txt.zst
zip:///Users/bradamanka/Downloads/Stratgey testing/polymarket-btc-5m_2026-08-16.zip::polymarket-btc-updown-5m-1786958700-2026-08-16.txt.zst,polymarket-btc-updown-5m-1786958700-2026-08-16.txt.zst,polymarket-btc-5m_2026-08-16.zip,1786958700,1786959000,False,343,341,0,0,1,340,0,,,301,UNKNOWN,not_extreme,0.505,,0.004338741302490234,,no_leader,,,,,,,,,no_leader,,,,,,,,,zip:///Users/bradamanka/Downloads/Stratgey testing/polymarket-btc-5m_2026-08-17.zip::polymarket-btc-updown-5m-1786958700-2026-08-17.txt.zst
zip:///Users/bradamanka/Downloads/Stratgey testing/polymarket-btc-5m_2026-08-16.zip::polymarket-btc-updown-5m-1786959000-2026-08-16.txt.zst,polymarket-btc-updown-5m-1786959000-2026-08-16.txt.zst,polymarket-btc-5m_2026-08-16.zip,1786959000,1786959300,False,290,288,0,0,1,287,0,,,301,UNKNOWN,not_extreme,0.505,,0.004014730453491211,,no_leader,,,,,,,,,no_leader,,,,,,,,,zip:///Users/bradamanka/Downloads/Stratgey testing/polymarket-btc-5m_2026-08-17.zip::polymarket-btc-updown-5m-1786959000-2026-08-17.txt.zst
zip:///Users/bradamanka/Downloads/Stratgey testing/polymarket-btc-5m_2026-08-16.zip::polymarket-btc-updown-5m-1786959300-2026-08-16.txt.zst,polymarket-btc-updown-5m-1786959300-2026-08-16.txt.zst,polymarket-btc-5m_2026-08-16.zip,1786959300,1786959600,False,304,302,0,0,1,301,0,,,301,UNKNOWN,not_extreme,0.505,,0.00616002082824707,,no_leader,,,,,,,,,no_leader,,,,,,,,,zip:///Users/bradamanka/Downloads/Stratgey testing/polymarket-btc-5m_2026-08-17.zip::polymarket-btc-updown-5m-1786959300-2026-08-17.txt.zst
zip:///Users/bradamanka/Downloads/Stratgey testing/polymarket-btc-5m_2026-08-16.zip::polymarket-btc-updown-5m-1786959600-2026-08-16.txt.zst,polymarket-btc-updown-5m-1786959600-2026-08-16.txt.zst,polymarket-btc-5m_2026-08-16.zip,1786959600,1786959900,False,182,180,0,0,1,179,0,,,301,UNKNOWN,not_extreme,0.505,,0.005224943161010742,,no_leader,,,,,,,,,no_leader,,,,,,,,,zip:///Users/bradamanka/Downloads/Stratgey testing/polymarket-btc-5m_2026-08-17.zip::polymarket-btc-updown-5m-1786959600-2026-08-17.txt.zst
zip:///Users/bradamanka/Downloads/Stratgey testing/polymarket-btc-5m_2026-08-16.zip::polymarket-btc-updown-5m-1786960500-2026-08-16.txt.zst,polymarket-btc-updown-5m-1786960500-2026-08-16.txt.zst,polymarket-btc-5m_2026-08-16.zip,1786960500,1786960800,False,279,277,0,0,1,276,0,,,301,UNKNOWN,not_extreme,0.505,,0.004052162170410156,,no_leader,,,,,,,,,no_leader,,,,,,,,,zip:///Users/bradamanka/Downloads/Stratgey testing/polymarket-btc-5m_2026-08-17.zip::polymarket-btc-updown-5m-1786960500-2026-08-17.txt.zst
zip:///Users/bradamanka/Downloads/Stratgey testing/polymarket-btc-5m_2026-08-16.zip::polymarket-btc-updown-5m-1786960200-2026-08-16.txt.zst,polymarket-btc-updown-5m-1786960200-2026-08-16.txt.zst,polymarket-btc-5m_2026-08-16.zip,1786960200,1786960500,False,276,274,0,0,1,273,0,,,301,UNKNOWN,not_extreme,0.505,,0.005633115768432617,,no_leader,,,,,,,,,no_leader,,,,,,,,,zip:///Users/bradamanka/Downloads/Stratgey testing/polymarket-btc-5m_2026-08-17.zip::polymarket-btc-updown-5m-1786960200-2026-08-17.txt.zst
zip:///Users/bradamanka/Downloads/Stratgey testing/polymarket-btc-5m_2026-08-16.zip::polymarket-btc-updown-5m-1786959900-2026-08-16.txt.zst,polymarket-btc-updown-5m-1786959900-2026-08-16.txt.zst,polymarket-btc-5m_2026-08-16.zip,1786959900,1786960200,False,399,397,0,0,1,396,0,,,301,UNKNOWN,not_extreme,0.505,,0.011460065841674805,,no_leader,,,,,,,,,no_leader,,,,,,,,,zip:///Users/bradamanka/Downloads/Stratgey testing/polymarket-btc-5m_2026-08-17.zip::polymarket-btc-updown-5m-1786959900-2026-08-17.txt.zst
zip:///Users/bradamanka/Downloads/Stratgey testing/polymarket-btc-5m_2026-08-16.zip::polymarket-btc-updown-5m-1786961100-2026-08-16.txt.zst,polymarket-btc-updown-5m-1786961100-2026-08-16.txt.zst,polymarket-btc-5m_2026-08-16.zip,1786961100,1786961400,False,271,269,0,0,1,268,0,,,301,UNKNOWN,not_extreme,0.505,,0.004154205322265625,,no_leader,,,,,,,,,no_leader,,,,,,,,,zip:///Users/bradamanka/Downloads/Stratgey testing/polymarket-btc-5m_2026-08-17.zip::polymarket-btc-updown-5m-1786961100-2026-08-17.txt.zst
zip:///Users/bradamanka/Downloads/Stratgey testing/polymarket-btc-5m_2026-08-16.zip::polymarket-btc-updown-5m-1786961400-2026-08-16.txt.zst,polymarket-btc-updown-5m-1786961400-2026-08-16.txt.zst,polymarket-btc-5m_2026-08-16.zip,1786961400,1786961700,False,237,235,0,0,1,234,0,,,301,UNKNOWN,not_extreme,0.505,,0.0052411556243896484,,no_leader,,,,,,,,,no_leader,,,,,,,,,zip:///Users/bradamanka/Downloads/Stratgey testing/polymarket-btc-5m_2026-08-17.zip::polymarket-btc-updown-5m-1786961400-2026-08-17.txt.zst
zip:///Users/bradamanka/Downloads/Stratgey testing/polymarket-btc-5m_2026-08-16.zip::polymarket-btc-updown-5m-1786924800-2026-08-16.txt.zst,polymarket-btc-updown-5m-1786924800-2026-08-16.txt.zst,polymarket-btc-5m_2026-08-16.zip,1786924800,1786925100,False,33440,33097,26125,286,352,32745,0,0.0,59.951,301,UNKNOWN,not_extreme,0.635,,0.5383510589599609,,no_leader,,,,,,,,,no_leader,,,,,,,,,zip:///Users/bradamanka/Downloads/Stratgey testing/polymarket-btc-5m_2026-08-17.zip::polymarket-btc-updown-5m-1786924800-2026-08-17.txt.zst
zip:///Users/bradamanka/Downloads/Stratgey testing/polymarket-btc-5m_2026-08-16.zip::polymarket-btc-updown-5m-1786960800-2026-08-16.txt.zst,polymarket-btc-updown-5m-1786960800-2026-08-16.txt.zst,polymarket-btc-5m_2026-08-16.zip,1786960800,1786961100,False,216,214,0,0,1,213,0,,,301,UNKNOWN,not_extreme,0.505,,0.01230001449584961,,no_leader,,,,,,,,,no_leader,,,,,,,,,zip:///Users/bradamanka/Downloads/Stratgey testing/polymarket-btc-5m_2026-08-17.zip::polymarket-btc-updown-5m-1786960800-2026-08-17.txt.zst
zip:///Users/bradamanka/Downloads/Stratgey testing/polymarket-btc-5m_2026-08-16.zip::polymarket-btc-updown-5m-1786961700-2026-08-16.txt.zst,polymarket-btc-updown-5m-1786961700-2026-08-16.txt.zst,polymarket-btc-5m_2026-08-16.zip,1786961700,1786962000,False,291,289,0,0,1,288,0,,,301,UNKNOWN,not_extreme,0.505,,0.0074901580810546875,,no_leader,,,,,,,,,no_leader,,,,,,,,,zip:///Users/bradamanka/Downloads/Stratgey testing/polymarket-btc-5m_2026-08-17.zip::polymarket-btc-updown-5m-1786961700-2026-08-17.txt.zst
zip:///Users/bradamanka/Downloads/Stratgey testing/polymarket-btc-5m_2026-08-16.zip::polymarket-btc-updown-5m-1786962300-2026-08-16.txt.zst,polymarket-btc-updown-5m-1786962300-2026-08-16.txt.zst,polymarket-btc-5m_2026-08-16.zip,1786962300,1786962600,False,291,289,0,0,1,288,0,,,301,UNKNOWN,not_extreme,0.505,,0.0049669742584228516,,no_leader,,,,,,,,,no_leader,,,,,,,,,zip:///Users/bradamanka/Downloads/Stratgey testing/polymarket-btc-5m_2026-08-17.zip::polymarket-btc-updown-5m-1786962300-2026-08-17.txt.zst
zip:///Users/bradamanka/Downloads/Stratgey testing/polymarket-btc-5m_2026-08-16.zip::polymarket-btc-updown-5m-1786962900-2026-08-16.txt.zst,polymarket-btc-updown-5m-1786962900-2026-08-16.txt.zst,polymarket-btc-5m_2026-08-16.zip,1786962900,1786963200,False,295,293,0,0,1,292,0,,,301,UNKNOWN,not_extreme,0.505,,0.004468202590942383,,no_leader,,,,,,,,,no_leader,,,,,,,,,zip:///Users/bradamanka/Downloads/Stratgey testing/polymarket-btc-5m_2026-08-17.zip::polymarket-btc-updown-5m-1786962900-2026-08-17.txt.zst
zip:///Users/bradamanka/Downloads/Stratgey testing/polymarket-btc-5m_2026-08-16.zip::polymarket-btc-updown-5m-1786962600-2026-08-16.txt.zst,polymarket-btc-updown-5m-1786962600-2026-08-16.txt.zst,polymarket-btc-5m_2026-08-16.zip,1786962600,1786962900,False,398,396,0,0,1,395,0,,,301,UNKNOWN,not_extreme,0.505,,0.006047964096069336,,no_leader,,,,,,,,,no_leader,,,,,,,,,zip:///Users/bradamanka/Downloads/Stratgey testing/polymarket-btc-5m_2026-08-17.zip::polymarket-btc-updown-5m-1786962600-2026-08-17.txt.zst
zip:///Users/bradamanka/Downloads/Stratgey testing/polymarket-btc-5m_2026-08-16.zip::polymarket-btc-updown-5m-1786962000-2026-08-16.txt.zst,polymarket-btc-updown-5m-1786962000-2026-08-16.txt.zst,polymarket-btc-5m_2026-08-16.zip,1786962000,1786962300,False,299,297,0,0,1,296,0,,,301,UNKNOWN,not_extreme,0.505,,0.010693788528442383,,no_leader,,,,,,,,,no_leader,,,,,,,,,zip:///Users/bradamanka/Downloads/Stratgey testing/polymarket-btc-5m_2026-08-17.zip::polymarket-btc-updown-5m-1786962000-2026-08-17.txt.zst
zip:///Users/bradamanka/Downloads/Stratgey testing/polymarket-btc-5m_2026-08-16.zip::polymarket-btc-updown-5m-1786963200-2026-08-16.txt.zst,polymarket-btc-updown-5m-1786963200-2026-08-16.txt.zst,polymarket-btc-5m_2026-08-16.zip,1786963200,1786963500,False,297,295,0,0,1,294,0,,,301,UNKNOWN,not_extreme,0.505,,0.004732847213745117,,no_leader,,,,,,,,,no_leader,,,,,,,,,zip:///Users/bradamanka/Downloads/Stratgey testing/polymarket-btc-5m_2026-08-17.zip::polymarket-btc-updown-5m-1786963200-2026-08-17.txt.zst
zip:///Users/bradamanka/Downloads/Stratgey testing/polymarket-btc-5m_2026-08-16.zip::polymarket-btc-updown-5m-1786963800-2026-08-16.txt.zst,polymarket-btc-updown-5m-1786963800-2026-08-16.txt.zst,polymarket-btc-5m_2026-08-16.zip,1786963800,1786964100,False,277,275,0,0,1,274,0,,,301,UNKNOWN,not_extreme,0.505,,0.004097938537597656,,no_leader,,,,,,,,,no_leader,,,,,,,,,zip:///Users/bradamanka/Downloads/Stratgey testing/polymarket-btc-5m_2026-08-17.zip::polymarket-btc-updown-5m-1786963800-2026-08-17.txt.zst
zip:///Users/bradamanka/Downloads/Stratgey testing/polymarket-btc-5m_2026-08-16.zip::polymarket-btc-updown-5m-1786964100-2026-08-16.txt.zst,polymarket-btc-updown-5m-1786964100-2026-08-16.txt.zst,polymarket-btc-5m_2026-08-16.zip,1786964100,1786964400,False,267,265,0,0,1,264,0,,,301,UNKNOWN,not_extreme,0.505,,0.00452876091003418,,no_leader,,,,,,,,,no_leader,,,,,,,,,zip:///Users/bradamanka/Downloads/Stratgey testing/polymarket-btc-5m_2026-08-17.zip::polymarket-btc-updown-5m-1786964100-2026-08-17.txt.zst
zip:///Users/bradamanka/Downloads/Stratgey testing/polymarket-btc-5m_2026-08-16.zip::polymarket-btc-updown-5m-1786963500-2026-08-16.txt.zst,polymarket-btc-updown-5m-1786963500-2026-08-16.txt.zst,polymarket-btc-5m_2026-08-16.zip,1786963500,1786963800,False,286,284,0,0,1,283,0,,,301,UNKNOWN,not_extreme,0.505,,0.007659912109375,,no_leader,,,,,,,,,no_leader,,,,,,,,,zip:///Users/bradamanka/Downloads/Stratgey testing/polymarket-btc-5m_2026-08-17.zip::polymarket-btc-updown-5m-1786963500-2026-08-17.txt.zst
zip:///Users/bradamanka/Downloads/Stratgey testing/polymarket-btc-5m_2026-08-16.zip::polymarket-btc-updown-5m-1786965000-2026-08-16.txt.zst,polymarket-btc-updown-5m-1786965000-2026-08-16.txt.zst,polymarket-btc-5m_2026-08-16.zip,1786965000,1786965300,False,295,293,0,0,1,292,0,,,301,UNKNOWN,not_extreme,0.505,,0.0047490596771240234,,no_leader,,,,,,,,,no_leader,,,,,,,,,zip:///Users/bradamanka/Downloads/Stratgey testing/polymarket-btc-5m_2026-08-17.zip::polymarket-btc-updown-5m-1786965000-2026-08-17.txt.zst
zip:///Users/bradamanka/Downloads/Stratgey testing/polymarket-btc-5m_2026-08-16.zip::polymarket-btc-updown-5m-1786964400-2026-08-16.txt.zst,polymarket-btc-updown-5m-1786964400-2026-08-16.txt.zst,polymarket-btc-5m_2026-08-16.zip,1786964400,1786964700,False,294,290,0,0,3,287,0,,,301,UNKNOWN,not_extreme,0.505,,0.0069828033447265625,,no_leader,,,,,,,,,no_leader,,,,,,,,,zip:///Users/bradamanka/Downloads/Stratgey testing/polymarket-btc-5m_2026-08-17.zip::polymarket-btc-updown-5m-1786964400-2026-08-17.txt.zst
zip:///Users/bradamanka/Downloads/Stratgey testing/polymarket-btc-5m_2026-08-16.zip::polymarket-btc-updown-5m-1786965300-2026-08-16.txt.zst,polymarket-btc-updown-5m-1786965300-2026-08-16.txt.zst,polymarket-btc-5m_2026-08-16.zip,1786965300,1786965600,False,266,264,0,0,1,263,0,,,301,UNKNOWN,not_extreme,0.505,,0.0049097537994384766,,no_leader,,,,,,,,,no_leader,,,,,,,,,zip:///Users/bradamanka/Downloads/Stratgey testing/polymarket-btc-5m_2026-08-17.zip::polymarket-btc-updown-5m-1786965300-2026-08-17.txt.zst
zip:///Users/bradamanka/Downloads/Stratgey testing/polymarket-btc-5m_2026-08-16.zip::polymarket-btc-updown-5m-1786966200-2026-08-16.txt.zst,polymarket-btc-updown-5m-1786966200-2026-08-16.txt.zst,polymarket-btc-5m_2026-08-16.zip,1786966200,1786966500,False,286,284,0,0,1,283,0,,,301,UNKNOWN,not_extreme,0.505,,0.02859807014465332,,no_leader,,,,,,,,,no_leader,,,,,,,,,zip:///Users/bradamanka/Downloads/Stratgey testing/polymarket-btc-5m_2026-08-17.zip::polymarket-btc-updown-5m-1786966200-2026-08-17.txt.zst
zip:///Users/bradamanka/Downloads/Stratgey testing/polymarket-btc-5m_2026-08-16.zip::polymarket-btc-updown-5m-1786964700-2026-08-16.txt.zst,polymarket-btc-updown-5m-1786964700-2026-08-16.txt.zst,polymarket-btc-5m_2026-08-16.zip,1786964700,1786965000,False,269,267,0,0,1,266,0,,,301,UNKNOWN,not_extreme,0.505,,0.03461885452270508,,no_leader,,,,,,,,,no_leader,,,,,,,,,zip:///Users/bradamanka/Downloads/Stratgey testing/polymarket-btc-5m_2026-08-17.zip::polymarket-btc-updown-5m-1786964700-2026-08-17.txt.zst
zip:///Users/bradamanka/Downloads/Stratgey testing/polymarket-btc-5m_2026-08-16.zip::polymarket-btc-updown-5m-1786965600-2026-08-16.txt.zst,polymarket-btc-updown-5m-1786965600-2026-08-16.txt.zst,polymarket-btc-5m_2026-08-16.zip,1786965600,1786965900,False,271,268,0,0,2,266,0,,,301,UNKNOWN,not_extreme,0.505,,0.036885976791381836,,no_leader,,,,,,,,,no_leader,,,,,,,,,zip:///Users/bradamanka/Downloads/Stratgey testing/polymarket-btc-5m_2026-08-17.zip::polymarket-btc-updown-5m-1786965600-2026-08-17.txt.zst
zip:///Users/bradamanka/Downloads/Stratgey testing/polymarket-btc-5m_2026-08-16.zip::polymarket-btc-updown-5m-1786966500-2026-08-16.txt.zst,polymarket-btc-updown-5m-1786966500-2026-08-16.txt.zst,polymarket-btc-5m_2026-08-16.zip,1786966500,1786966800,False,277,275,0,0,1,274,0,,,301,UNKNOWN,not_extreme,0.505,,0.007989168167114258,,no_leader,,,,,,,,,no_leader,,,,,,,,,zip:///Users/bradamanka/Downloads/Stratgey testing/polymarket-btc-5m_2026-08-17.zip::polymarket-btc-updown-5m-1786966500-2026-08-17.txt.zst
zip:///Users/bradamanka/Downloads/Stratgey testing/polymarket-btc-5m_2026-08-16.zip::polymarket-btc-updown-5m-1786966800-2026-08-16.txt.zst,polymarket-btc-updown-5m-1786966800-2026-08-16.txt.zst,polymarket-btc-5m_2026-08-16.zip,1786966800,1786967100,False,194,192,0,0,1,191,0,,,301,UNKNOWN,not_extreme,0.505,,0.007803916931152344,,no_leader,,,,,,,,,no_leader,,,,,,,,,zip:///Users/bradamanka/Downloads/Stratgey testing/polymarket-btc-5m_2026-08-17.zip::polymarket-btc-updown-5m-1786966800-2026-08-17.txt.zst
zip:///Users/bradamanka/Downloads/Stratgey testing/polymarket-btc-5m_2026-08-16.zip::polymarket-btc-updown-5m-1786965900-2026-08-16.txt.zst,polymarket-btc-updown-5m-1786965900-2026-08-16.txt.zst,polymarket-btc-5m_2026-08-16.zip,1786965900,1786966200,False,273,271,0,0,1,270,0,,,301,UNKNOWN,not_extreme,0.505,,0.04131197929382324,,no_leader,,,,,,,,,no_leader,,,,,,,,,zip:///Users/bradamanka/Downloads/Stratgey testing/polymarket-btc-5m_2026-08-17.zip::polymarket-btc-updown-5m-1786965900-2026-08-17.txt.zst
zip:///Users/bradamanka/Downloads/Stratgey testing/polymarket-btc-5m_2026-08-16.zip::polymarket-btc-updown-5m-1786967400-2026-08-16.txt.zst,polymarket-btc-updown-5m-1786967400-2026-08-16.txt.zst,polymarket-btc-5m_2026-08-16.zip,1786967400,1786967700,False,274,272,0,0,1,271,0,,,301,UNKNOWN,not_extreme,0.505,,0.004889965057373047,,no_leader,,,,,,,,,no_leader,,,,,,,,,zip:///Users/bradamanka/Downloads/Stratgey testing/polymarket-btc-5m_2026-08-17.zip::polymarket-btc-updown-5m-1786967400-2026-08-17.txt.zst
zip:///Users/bradamanka/Downloads/Stratgey testing/polymarket-btc-5m_2026-08-16.zip::polymarket-btc-updown-5m-1786967700-2026-08-16.txt.zst,polymarket-btc-updown-5m-1786967700-2026-08-16.txt.zst,polymarket-btc-5m_2026-08-16.zip,1786967700,1786968000,False,279,277,0,0,1,276,0,,,301,UNKNOWN,not_extreme,0.505,,0.005439043045043945,,no_leader,,,,,,,,,no_leader,,,,,,,,,zip:///Users/bradamanka/Downloads/Stratgey testing/polymarket-btc-5m_2026-08-17.zip::polymarket-btc-updown-5m-1786967700-2026-08-17.txt.zst
zip:///Users/bradamanka/Downloads/Stratgey testing/polymarket-btc-5m_2026-08-16.zip::polymarket-btc-updown-5m-1786967100-2026-08-16.txt.zst,polymarket-btc-updown-5m-1786967100-2026-08-16.txt.zst,polymarket-btc-5m_2026-08-16.zip,1786967100,1786967400,False,298,296,0,0,1,295,0,,,301,UNKNOWN,not_extreme,0.505,,0.0066182613372802734,,no_leader,,,,,,,,,no_leader,,,,,,,,,zip:///Users/bradamanka/Downloads/Stratgey testing/polymarket-btc-5m_2026-08-17.zip::polymarket-btc-updown-5m-1786967100-2026-08-17.txt.zst
zip:///Users/bradamanka/Downloads/Stratgey testing/polymarket-btc-5m_2026-08-16.zip::polymarket-btc-updown-5m-1786968000-2026-08-16.txt.zst,polymarket-btc-updown-5m-1786968000-2026-08-16.txt.zst,polymarket-btc-5m_2026-08-16.zip,1786968000,1786968300,False,321,319,0,0,1,318,0,,,301,UNKNOWN,not_extreme,0.505,,0.004030942916870117,,no_leader,,,,,,,,,no_leader,,,,,,,,,zip:///Users/bradamanka/Downloads/Stratgey testing/polymarket-btc-5m_2026-08-17.zip::polymarket-btc-updown-5m-1786968000-2026-08-17.txt.zst
zip:///Users/bradamanka/Downloads/Stratgey testing/polymarket-btc-5m_2026-08-16.zip::polymarket-btc-updown-5m-1786968300-2026-08-16.txt.zst,polymarket-btc-updown-5m-1786968300-2026-08-16.txt.zst,polymarket-btc-5m_2026-08-16.zip,1786968300,1786968600,False,244,242,0,0,1,241,0,,,301,UNKNOWN,not_extreme,0.505,,0.0035140514373779297,,no_leader,,,,,,,,,no_leader,,,,,,,,,zip:///Users/bradamanka/Downloads/Stratgey testing/polymarket-btc-5m_2026-08-17.zip::polymarket-btc-updown-5m-1786968300-2026-08-17.txt.zst
zip:///Users/bradamanka/Downloads/Stratgey testing/polymarket-btc-5m_2026-08-16.zip::polymarket-btc-updown-5m-1786968600-2026-08-16.txt.zst,polymarket-btc-updown-5m-1786968600-2026-08-16.txt.zst,polymarket-btc-5m_2026-08-16.zip,1786968600,1786968900,False,259,257,0,0,1,256,0,,,301,UNKNOWN,not_extreme,0.505,,0.00444483757019043,,no_leader,,,,,,,,,no_leader,,,,,,,,,zip:///Users/bradamanka/Downloads/Stratgey testing/polymarket-btc-5m_2026-08-17.zip::polymarket-btc-updown-5m-1786968600-2026-08-17.txt.zst
zip:///Users/bradamanka/Downloads/Stratgey testing/polymarket-btc-5m_2026-08-16.zip::polymarket-btc-updown-5m-1786968900-2026-08-16.txt.zst,polymarket-btc-updown-5m-1786968900-2026-08-16.txt.zst,polymarket-btc-5m_2026-08-16.zip,1786968900,1786969200,False,244,242,0,0,1,241,0,,,301,UNKNOWN,not_extreme,0.505,,0.005050182342529297,,no_leader,,,,,,,,,no_leader,,,,,,,,,zip:///Users/bradamanka/Downloads/Stratgey testing/polymarket-btc-5m_2026-08-17.zip::polymarket-btc-updown-5m-1786968900-2026-08-17.txt.zst
zip:///Users/bradamanka/Downloads/Stratgey testing/polymarket-btc-5m_2026-08-16.zip::polymarket-btc-updown-5m-1786969200-2026-08-16.txt.zst,polymarket-btc-updown-5m-1786969200-2026-08-16.txt.zst,polymarket-btc-5m_2026-08-16.zip,1786969200,1786969500,False,225,223,0,0,1,222,0,,,301,UNKNOWN,not_extreme,0.505,,0.0044100284576416016,,no_leader,,,,,,,,,no_leader,,,,,,,,,zip:///Users/bradamanka/Downloads/Stratgey testing/polymarket-btc-5m_2026-08-17.zip::polymarket-btc-updown-5m-1786969200-2026-08-17.txt.zst
zip:///Users/bradamanka/Downloads/Stratgey testing/polymarket-btc-5m_2026-08-16.zip::polymarket-btc-updown-5m-1786969500-2026-08-16.txt.zst,polymarket-btc-updown-5m-1786969500-2026-08-16.txt.zst,polymarket-btc-5m_2026-08-16.zip,1786969500,1786969800,False,215,213,0,0,1,212,0,,,301,UNKNOWN,not_extreme,0.505,,0.004374980926513672,,no_leader,,,,,,,,,no_leader,,,,,,,,,zip:///Users/bradamanka/Downloads/Stratgey testing/polymarket-btc-5m_2026-08-17.zip::polymarket-btc-updown-5m-1786969500-2026-08-17.txt.zst
zip:///Users/bradamanka/Downloads/Stratgey testing/polymarket-btc-5m_2026-08-16.zip::polymarket-btc-updown-5m-1786969800-2026-08-16.txt.zst,polymarket-btc-updown-5m-1786969800-2026-08-16.txt.zst,polymarket-btc-5m_2026-08-16.zip,1786969800,1786970100,False,191,189,0,0,1,188,0,,,301,UNKNOWN,not_extreme,0.505,,0.0041980743408203125,,no_leader,,,,,,,,,no_leader,,,,,,,,,zip:///Users/bradamanka/Downloads/Stratgey testing/polymarket-btc-5m_2026-08-17.zip::polymarket-btc-updown-5m-1786969800-2026-08-17.txt.zst
zip:///Users/bradamanka/Downloads/Stratgey testing/polymarket-btc-5m_2026-08-16.zip::polymarket-btc-updown-5m-1786970100-2026-08-16.txt.zst,polymarket-btc-updown-5m-1786970100-2026-08-16.txt.zst,polymarket-btc-5m_2026-08-16.zip,1786970100,1786970400,False,309,307,0,0,1,306,0,,,301,UNKNOWN,not_extreme,0.505,,0.005034923553466797,,no_leader,,,,,,,,,no_leader,,,,,,,,,zip:///Users/bradamanka/Downloads/Stratgey testing/polymarket-btc-5m_2026-08-17.zip::polymarket-btc-updown-5m-1786970100-2026-08-17.txt.zst
zip:///Users/bradamanka/Downloads/Stratgey testing/polymarket-btc-5m_2026-08-16.zip::polymarket-btc-updown-5m-1786970400-2026-08-16.txt.zst,polymarket-btc-updown-5m-1786970400-2026-08-16.txt.zst,polymarket-btc-5m_2026-08-16.zip,1786970400,1786970700,False,145,143,0,0,1,142,0,,,301,UNKNOWN,not_extreme,0.505,,0.004443168640136719,,no_leader,,,,,,,,,no_leader,,,,,,,,,zip:///Users/bradamanka/Downloads/Stratgey testing/polymarket-btc-5m_2026-08-17.zip::polymarket-btc-updown-5m-1786970400-2026-08-17.txt.zst
zip:///Users/bradamanka/Downloads/Stratgey testing/polymarket-btc-5m_2026-08-16.zip::polymarket-btc-updown-5m-1786970700-2026-08-16.txt.zst,polymarket-btc-updown-5m-1786970700-2026-08-16.txt.zst,polymarket-btc-5m_2026-08-16.zip,1786970700,1786971000,False,250,248,0,0,1,247,0,,,301,UNKNOWN,not_extreme,0.505,,0.004594087600708008,,no_leader,,,,,,,,,no_leader,,,,,,,,,zip:///Users/bradamanka/Downloads/Stratgey testing/polymarket-btc-5m_2026-08-17.zip::polymarket-btc-updown-5m-1786970700-2026-08-17.txt.zst
zip:///Users/bradamanka/Downloads/Stratgey testing/polymarket-btc-5m_2026-08-16.zip::polymarket-btc-updown-5m-1786971000-2026-08-16.txt.zst,polymarket-btc-updown-5m-1786971000-2026-08-16.txt.zst,polymarket-btc-5m_2026-08-16.zip,1786971000,1786971300,False,249,247,0,0,1,246,0,,,301,UNKNOWN,not_extreme,0.505,,0.004606962203979492,,no_leader,,,,,,,,,no_leader,,,,,,,,,zip:///Users/bradamanka/Downloads/Stratgey testing/polymarket-btc-5m_2026-08-17.zip::polymarket-btc-updown-5m-1786971000-2026-08-17.txt.zst
zip:///Users/bradamanka/Downloads/Stratgey testing/polymarket-btc-5m_2026-08-16.zip::polymarket-btc-updown-5m-1786971300-2026-08-16.txt.zst,polymarket-btc-updown-5m-1786971300-2026-08-16.txt.zst,polymarket-btc-5m_2026-08-16.zip,1786971300,1786971600,False,23,21,0,0,2,19,0,,,301,UNKNOWN,not_extreme,0.505,,0.002986907958984375,,no_leader,,,,,,,,,no_leader,,,,,,,,,zip:///Users/bradamanka/Downloads/Stratgey testing/polymarket-btc-5m_2026-08-17.zip::polymarket-btc-updown-5m-1786971300-2026-08-17.txt.zst
zip:///Users/bradamanka/Downloads/Stratgey testing/polymarket-btc-5m_2026-08-16.zip::polymarket-btc-updown-5m-1786971900-2026-08-16.txt.zst,polymarket-btc-updown-5m-1786971900-2026-08-16.txt.zst,polymarket-btc-5m_2026-08-16.zip,1786971900,1786972200,False,212,210,0,0,1,209,0,,,301,UNKNOWN,not_extreme,0.505,,0.003776073455810547,,no_leader,,,,,,,,,no_leader,,,,,,,,,zip:///Users/bradamanka/Downloads/Stratgey testing/polymarket-btc-5m_2026-08-17.zip::polymarket-btc-updown-5m-1786971900-2026-08-17.txt.zst
zip:///Users/bradamanka/Downloads/Stratgey testing/polymarket-btc-5m_2026-08-16.zip::polymarket-btc-updown-5m-1786971600-2026-08-16.txt.zst,polymarket-btc-updown-5m-1786971600-2026-08-16.txt.zst,polymarket-btc-5m_2026-08-16.zip,1786971600,1786971900,False,239,237,0,0,1,236,0,,,301,UNKNOWN,not_extreme,0.505,,0.005600929260253906,,no_leader,,,,,,,,,no_leader,,,,,,,,,zip:///Users/bradamanka/Downloads/Stratgey testing/polymarket-btc-5m_2026-08-17.zip::polymarket-btc-updown-5m-1786971600-2026-08-17.txt.zst
zip:///Users/bradamanka/Downloads/Stratgey testing/polymarket-btc-5m_2026-08-16.zip::polymarket-btc-updown-5m-1786972500-2026-08-16.txt.zst,polymarket-btc-updown-5m-1786972500-2026-08-16.txt.zst,polymarket-btc-5m_2026-08-16.zip,1786972500,1786972800,False,272,270,0,0,1,269,0,,,301,UNKNOWN,not_extreme,0.505,,0.004167795181274414,,no_leader,,,,,,,,,no_leader,,,,,,,,,zip:///Users/bradamanka/Downloads/Stratgey testing/polymarket-btc-5m_2026-08-17.zip::polymarket-btc-updown-5m-1786972500-2026-08-17.txt.zst
zip:///Users/bradamanka/Downloads/Stratgey testing/polymarket-btc-5m_2026-08-16.zip::polymarket-btc-updown-5m-1786972200-2026-08-16.txt.zst,polymarket-btc-updown-5m-1786972200-2026-08-16.txt.zst,polymarket-btc-5m_2026-08-16.zip,1786972200,1786972500,False,289,287,0,0,1,286,0,,,301,UNKNOWN,not_extreme,0.505,,0.0055310726165771484,,no_leader,,,,,,,,,no_leader,,,,,,,,,zip:///Users/bradamanka/Downloads/Stratgey testing/polymarket-btc-5m_2026-08-17.zip::polymarket-btc-updown-5m-1786972200-2026-08-17.txt.zst
zip:///Users/bradamanka/Downloads/Stratgey testing/polymarket-btc-5m_2026-08-16.zip::polymarket-btc-updown-5m-1786972800-2026-08-16.txt.zst,polymarket-btc-updown-5m-1786972800-2026-08-16.txt.zst,polymarket-btc-5m_2026-08-16.zip,1786972800,1786973100,False,218,216,0,0,1,215,0,,,301,UNKNOWN,not_extreme,0.505,,0.0049381256103515625,,no_leader,,,,,,,,,no_leader,,,,,,,,,zip:///Users/bradamanka/Downloads/Stratgey testing/polymarket-btc-5m_2026-08-17.zip::polymarket-btc-updown-5m-1786972800-2026-08-17.txt.zst
zip:///Users/bradamanka/Downloads/Stratgey testing/polymarket-btc-5m_2026-08-16.zip::polymarket-btc-updown-5m-1786973100-2026-08-16.txt.zst,polymarket-btc-updown-5m-1786973100-2026-08-16.txt.zst,polymarket-btc-5m_2026-08-16.zip,1786973100,1786973400,False,205,202,0,0,2,200,0,,,301,UNKNOWN,not_extreme,0.505,,0.004183053970336914,,no_leader,,,,,,,,,no_leader,,,,,,,,,zip:///Users/bradamanka/Downloads/Stratgey testing/polymarket-btc-5m_2026-08-17.zip::polymarket-btc-updown-5m-1786973100-2026-08-17.txt.zst
zip:///Users/bradamanka/Downloads/Stratgey testing/polymarket-btc-5m_2026-08-16.zip::polymarket-btc-updown-5m-1786973400-2026-08-16.txt.zst,polymarket-btc-updown-5m-1786973400-2026-08-16.txt.zst,polymarket-btc-5m_2026-08-16.zip,1786973400,1786973700,False,176,174,0,0,1,173,0,,,301,UNKNOWN,not_extreme,0.505,,0.00391697883605957,,no_leader,,,,,,,,,no_leader,,,,,,,,,zip:///Users/bradamanka/Downloads/Stratgey testing/polymarket-btc-5m_2026-08-17.zip::polymarket-btc-updown-5m-1786973400-2026-08-17.txt.zst
zip:///Users/bradamanka/Downloads/Stratgey testing/polymarket-btc-5m_2026-08-16.zip::polymarket-btc-updown-5m-1786973700-2026-08-16.txt.zst,polymarket-btc-updown-5m-1786973700-2026-08-16.txt.zst,polymarket-btc-5m_2026-08-16.zip,1786973700,1786974000,False,253,251,0,0,1,250,0,,,301,UNKNOWN,not_extreme,0.505,,0.004281759262084961,,no_leader,,,,,,,,,no_leader,,,,,,,,,zip:///Users/bradamanka/Downloads/Stratgey testing/polymarket-btc-5m_2026-08-17.zip::polymarket-btc-updown-5m-1786973700-2026-08-17.txt.zst
zip:///Users/bradamanka/Downloads/Stratgey testing/polymarket-btc-5m_2026-08-16.zip::polymarket-btc-updown-5m-1786974000-2026-08-16.txt.zst,polymarket-btc-updown-5m-1786974000-2026-08-16.txt.zst,polymarket-btc-5m_2026-08-16.zip,1786974000,1786974300,False,260,258,0,0,1,257,0,,,301,UNKNOWN,not_extreme,0.505,,0.003882169723510742,,no_leader,,,,,,,,,no_leader,,,,,,,,,zip:///Users/bradamanka/Downloads/Stratgey testing/polymarket-btc-5m_2026-08-17.zip::polymarket-btc-updown-5m-1786974000-2026-08-17.txt.zst
zip:///Users/bradamanka/Downloads/Stratgey testing/polymarket-btc-5m_2026-08-16.zip::polymarket-btc-updown-5m-1786974900-2026-08-16.txt.zst,polymarket-btc-updown-5m-1786974900-2026-08-16.txt.zst,polymarket-btc-5m_2026-08-16.zip,1786974900,1786975200,False,118,116,0,0,1,115,0,,,301,UNKNOWN,not_extreme,0.505,,0.0027587413787841797,,no_leader,,,,,,,,,no_leader,,,,,,,,,zip:///Users/bradamanka/Downloads/Stratgey testing/polymarket-btc-5m_2026-08-17.zip::polymarket-btc-updown-5m-1786974900-2026-08-17.txt.zst
zip:///Users/bradamanka/Downloads/Stratgey testing/polymarket-btc-5m_2026-08-16.zip::polymarket-btc-updown-5m-1786974600-2026-08-16.txt.zst,polymarket-btc-updown-5m-1786974600-2026-08-16.txt.zst,polymarket-btc-5m_2026-08-16.zip,1786974600,1786974900,False,242,240,0,0,1,239,0,,,301,UNKNOWN,not_extreme,0.505,,0.0044460296630859375,,no_leader,,,,,,,,,no_leader,,,,,,,,,zip:///Users/bradamanka/Downloads/Stratgey testing/polymarket-btc-5m_2026-08-17.zip::polymarket-btc-updown-5m-1786974600-2026-08-17.txt.zst
zip:///Users/bradamanka/Downloads/Stratgey testing/polymarket-btc-5m_2026-08-16.zip::polymarket-btc-updown-5m-1786975200-2026-08-16.txt.zst,polymarket-btc-updown-5m-1786975200-2026-08-16.txt.zst,polymarket-btc-5m_2026-08-16.zip,1786975200,1786975500,False,136,134,0,0,1,133,0,,,301,UNKNOWN,not_extreme,0.505,,0.003141164779663086,,no_leader,,,,,,,,,no_leader,,,,,,,,,zip:///Users/bradamanka/Downloads/Stratgey testing/polymarket-btc-5m_2026-08-17.zip::polymarket-btc-updown-5m-1786975200-2026-08-17.txt.zst
zip:///Users/bradamanka/Downloads/Stratgey testing/polymarket-btc-5m_2026-08-16.zip::polymarket-btc-updown-5m-1786974300-2026-08-16.txt.zst,polymarket-btc-updown-5m-1786974300-2026-08-16.txt.zst,polymarket-btc-5m_2026-08-16.zip,1786974300,1786974600,False,222,220,0,0,1,219,0,,,301,UNKNOWN,not_extreme,0.505,,0.007253885269165039,,no_leader,,,,,,,,,no_leader,,,,,,,,,zip:///Users/bradamanka/Downloads/Stratgey testing/polymarket-btc-5m_2026-08-17.zip::polymarket-btc-updown-5m-1786974300-2026-08-17.txt.zst
zip:///Users/bradamanka/Downloads/Stratgey testing/polymarket-btc-5m_2026-08-16.zip::polymarket-btc-updown-5m-1786975500-2026-08-16.txt.zst,polymarket-btc-updown-5m-1786975500-2026-08-16.txt.zst,polymarket-btc-5m_2026-08-16.zip,1786975500,1786975800,False,214,212,0,0,1,211,0,,,301,UNKNOWN,not_extreme,0.505,,0.004202127456665039,,no_leader,,,,,,,,,no_leader,,,,,,,,,zip:///Users/bradamanka/Downloads/Stratgey testing/polymarket-btc-5m_2026-08-17.zip::polymarket-btc-updown-5m-1786975500-2026-08-17.txt.zst
zip:///Users/bradamanka/Downloads/Stratgey testing/polymarket-btc-5m_2026-08-16.zip::polymarket-btc-updown-5m-1786976100-2026-08-16.txt.zst,polymarket-btc-updown-5m-1786976100-2026-08-16.txt.zst,polymarket-btc-5m_2026-08-16.zip,1786976100,1786976400,False,212,210,0,0,1,209,0,,,301,UNKNOWN,not_extreme,0.505,,0.003432035446166992,,no_leader,,,,,,,,,no_leader,,,,,,,,,zip:///Users/bradamanka/Downloads/Stratgey testing/polymarket-btc-5m_2026-08-17.zip::polymarket-btc-updown-5m-1786976100-2026-08-17.txt.zst
zip:///Users/bradamanka/Downloads/Stratgey testing/polymarket-btc-5m_2026-08-16.zip::polymarket-btc-updown-5m-1786975800-2026-08-16.txt.zst,polymarket-btc-updown-5m-1786975800-2026-08-16.txt.zst,polymarket-btc-5m_2026-08-16.zip,1786975800,1786976100,False,181,179,0,0,1,178,0,,,301,UNKNOWN,not_extreme,0.505,,0.005740165710449219,,no_leader,,,,,,,,,no_leader,,,,,,,,,zip:///Users/bradamanka/Downloads/Stratgey testing/polymarket-btc-5m_2026-08-17.zip::polymarket-btc-updown-5m-1786975800-2026-08-17.txt.zst
zip:///Users/bradamanka/Downloads/Stratgey testing/polymarket-btc-5m_2026-08-16.zip::polymarket-btc-updown-5m-1786976400-2026-08-16.txt.zst,polymarket-btc-updown-5m-1786976400-2026-08-16.txt.zst,polymarket-btc-5m_2026-08-16.zip,1786976400,1786976700,False,207,205,0,0,1,204,0,,,301,UNKNOWN,not_extreme,0.505,,0.00458526611328125,,no_leader,,,,,,,,,no_leader,,,,,,,,,zip:///Users/bradamanka/Downloads/Stratgey testing/polymarket-btc-5m_2026-08-17.zip::polymarket-btc-updown-5m-1786976400-2026-08-17.txt.zst
zip:///Users/bradamanka/Downloads/Stratgey testing/polymarket-btc-5m_2026-08-16.zip::polymarket-btc-updown-5m-1786976700-2026-08-16.txt.zst,polymarket-btc-updown-5m-1786976700-2026-08-16.txt.zst,polymarket-btc-5m_2026-08-16.zip,1786976700,1786977000,False,228,226,0,0,1,225,0,,,301,UNKNOWN,not_extreme,0.505,,0.003990888595581055,,no_leader,,,,,,,,,no_leader,,,,,,,,,zip:///Users/bradamanka/Downloads/Stratgey testing/polymarket-btc-5m_2026-08-17.zip::polymarket-btc-updown-5m-1786976700-2026-08-17.txt.zst
zip:///Users/bradamanka/Downloads/Stratgey testing/polymarket-btc-5m_2026-08-16.zip::polymarket-btc-updown-5m-1786977000-2026-08-16.txt.zst,polymarket-btc-updown-5m-1786977000-2026-08-16.txt.zst,polymarket-btc-5m_2026-08-16.zip,1786977000,1786977300,False,200,198,0,0,1,197,0,,,301,UNKNOWN,not_extreme,0.505,,0.003282785415649414,,no_leader,,,,,,,,,no_leader,,,,,,,,,zip:///Users/bradamanka/Downloads/Stratgey testing/polymarket-btc-5m_2026-08-17.zip::polymarket-btc-updown-5m-1786977000-2026-08-17.txt.zst
zip:///Users/bradamanka/Downloads/Stratgey testing/polymarket-btc-5m_2026-08-16.zip::polymarket-btc-updown-5m-1786977300-2026-08-16.txt.zst,polymarket-btc-updown-5m-1786977300-2026-08-16.txt.zst,polymarket-btc-5m_2026-08-16.zip,1786977300,1786977600,False,215,213,0,0,1,212,0,,,301,UNKNOWN,not_extreme,0.505,,0.0048868656158447266,,no_leader,,,,,,,,,no_leader,,,,,,,,,zip:///Users/bradamanka/Downloads/Stratgey testing/polymarket-btc-5m_2026-08-17.zip::polymarket-btc-updown-5m-1786977300-2026-08-17.txt.zst
zip:///Users/bradamanka/Downloads/Stratgey testing/polymarket-btc-5m_2026-08-16.zip::polymarket-btc-updown-5m-1786977600-2026-08-16.txt.zst,polymarket-btc-updown-5m-1786977600-2026-08-16.txt.zst,polymarket-btc-5m_2026-08-16.zip,1786977600,1786977900,False,279,277,0,0,1,276,0,,,301,UNKNOWN,not_extreme,0.505,,0.005880117416381836,,no_leader,,,,,,,,,no_leader,,,,,,,,,zip:///Users/bradamanka/Downloads/Stratgey testing/polymarket-btc-5m_2026-08-17.zip::polymarket-btc-updown-5m-1786977600-2026-08-17.txt.zst
zip:///Users/bradamanka/Downloads/Stratgey testing/polymarket-btc-5m_2026-08-16.zip::polymarket-btc-updown-5m-1786977900-2026-08-16.txt.zst,polymarket-btc-updown-5m-1786977900-2026-08-16.txt.zst,polymarket-btc-5m_2026-08-16.zip,1786977900,1786978200,False,331,329,0,0,1,328,0,,,301,UNKNOWN,not_extreme,0.505,,0.005410194396972656,,no_leader,,,,,,,,,no_leader,,,,,,,,,zip:///Users/bradamanka/Downloads/Stratgey testing/polymarket-btc-5m_2026-08-17.zip::polymarket-btc-updown-5m-1786977900-2026-08-17.txt.zst
zip:///Users/bradamanka/Downloads/Stratgey testing/polymarket-btc-5m_2026-08-16.zip::polymarket-btc-updown-5m-1786978200-2026-08-16.txt.zst,polymarket-btc-updown-5m-1786978200-2026-08-16.txt.zst,polymarket-btc-5m_2026-08-16.zip,1786978200,1786978500,False,166,164,0,0,1,163,0,,,301,UNKNOWN,not_extreme,0.505,,0.0049381256103515625,,no_leader,,,,,,,,,no_leader,,,,,,,,,zip:///Users/bradamanka/Downloads/Stratgey testing/polymarket-btc-5m_2026-08-17.zip::polymarket-btc-updown-5m-1786978200-2026-08-17.txt.zst
zip:///Users/bradamanka/Downloads/Stratgey testing/polymarket-btc-5m_2026-08-16.zip::polymarket-btc-updown-5m-1786978500-2026-08-16.txt.zst,polymarket-btc-updown-5m-1786978500-2026-08-16.txt.zst,polymarket-btc-5m_2026-08-16.zip,1786978500,1786978800,False,235,233,0,0,1,232,0,,,301,UNKNOWN,not_extreme,0.505,,0.004884004592895508,,no_leader,,,,,,,,,no_leader,,,,,,,,,zip:///Users/bradamanka/Downloads/Stratgey testing/polymarket-btc-5m_2026-08-17.zip::polymarket-btc-updown-5m-1786978500-2026-08-17.txt.zst
zip:///Users/bradamanka/Downloads/Stratgey testing/polymarket-btc-5m_2026-08-16.zip::polymarket-btc-updown-5m-1786978800-2026-08-16.txt.zst,polymarket-btc-updown-5m-1786978800-2026-08-16.txt.zst,polymarket-btc-5m_2026-08-16.zip,1786978800,1786979100,False,211,209,0,0,1,208,0,,,301,UNKNOWN,not_extreme,0.505,,0.0041980743408203125,,no_leader,,,,,,,,,no_leader,,,,,,,,,zip:///Users/bradamanka/Downloads/Stratgey testing/polymarket-btc-5m_2026-08-17.zip::polymarket-btc-updown-5m-1786978800-2026-08-17.txt.zst
zip:///Users/bradamanka/Downloads/Stratgey testing/polymarket-btc-5m_2026-08-16.zip::polymarket-btc-updown-5m-1786979400-2026-08-16.txt.zst,polymarket-btc-updown-5m-1786979400-2026-08-16.txt.zst,polymarket-btc-5m_2026-08-16.zip,1786979400,1786979700,False,238,236,0,0,1,235,0,,,301,UNKNOWN,not_extreme,0.505,,0.003509998321533203,,no_leader,,,,,,,,,no_leader,,,,,,,,,zip:///Users/bradamanka/Downloads/Stratgey testing/polymarket-btc-5m_2026-08-17.zip::polymarket-btc-updown-5m-1786979400-2026-08-17.txt.zst
zip:///Users/bradamanka/Downloads/Stratgey testing/polymarket-btc-5m_2026-08-16.zip::polymarket-btc-updown-5m-1786979100-2026-08-16.txt.zst,polymarket-btc-updown-5m-1786979100-2026-08-16.txt.zst,polymarket-btc-5m_2026-08-16.zip,1786979100,1786979400,False,241,239,0,0,1,238,0,,,301,UNKNOWN,not_extreme,0.505,,0.004477977752685547,,no_leader,,,,,,,,,no_leader,,,,,,,,,zip:///Users/bradamanka/Downloads/Stratgey testing/polymarket-btc-5m_2026-08-17.zip::polymarket-btc-updown-5m-1786979100-2026-08-17.txt.zst
zip:///Users/bradamanka/Downloads/Stratgey testing/polymarket-btc-5m_2026-08-16.zip::polymarket-btc-updown-5m-1786980300-2026-08-16.txt.zst,polymarket-btc-updown-5m-1786980300-2026-08-16.txt.zst,polymarket-btc-5m_2026-08-16.zip,1786980300,1786980600,False,213,211,0,0,1,210,0,,,301,UNKNOWN,not_extreme,0.505,,0.003245115280151367,,no_leader,,,,,,,,,no_leader,,,,,,,,,zip:///Users/bradamanka/Downloads/Stratgey testing/polymarket-btc-5m_2026-08-17.zip::polymarket-btc-updown-5m-1786980300-2026-08-17.txt.zst
zip:///Users/bradamanka/Downloads/Stratgey testing/polymarket-btc-5m_2026-08-16.zip::polymarket-btc-updown-5m-1786980000-2026-08-16.txt.zst,polymarket-btc-updown-5m-1786980000-2026-08-16.txt.zst,polymarket-btc-5m_2026-08-16.zip,1786980000,1786980300,False,334,332,0,0,1,331,0,,,301,UNKNOWN,not_extreme,0.505,,0.0039980411529541016,,no_leader,,,,,,,,,no_leader,,,,,,,,,zip:///Users/bradamanka/Downloads/Stratgey testing/polymarket-btc-5m_2026-08-17.zip::polymarket-btc-updown-5m-1786980000-2026-08-17.txt.zst
zip:///Users/bradamanka/Downloads/Stratgey testing/polymarket-btc-5m_2026-08-16.zip::polymarket-btc-updown-5m-1786980600-2026-08-16.txt.zst,polymarket-btc-updown-5m-1786980600-2026-08-16.txt.zst,polymarket-btc-5m_2026-08-16.zip,1786980600,1786980900,False,218,216,0,0,1,215,0,,,301,UNKNOWN,not_extreme,0.505,,0.0037529468536376953,,no_leader,,,,,,,,,no_leader,,,,,,,,,zip:///Users/bradamanka/Downloads/Stratgey testing/polymarket-btc-5m_2026-08-17.zip::polymarket-btc-updown-5m-1786980600-2026-08-17.txt.zst
zip:///Users/bradamanka/Downloads/Stratgey testing/polymarket-btc-5m_2026-08-16.zip::polymarket-btc-updown-5m-1786979700-2026-08-16.txt.zst,polymarket-btc-updown-5m-1786979700-2026-08-16.txt.zst,polymarket-btc-5m_2026-08-16.zip,1786979700,1786980000,False,265,263,0,0,1,262,0,,,301,UNKNOWN,not_extreme,0.505,,0.0074079036712646484,,no_leader,,,,,,,,,no_leader,,,,,,,,,zip:///Users/bradamanka/Downloads/Stratgey testing/polymarket-btc-5m_2026-08-17.zip::polymarket-btc-updown-5m-1786979700-2026-08-17.txt.zst
zip:///Users/bradamanka/Downloads/Stratgey testing/polymarket-btc-5m_2026-08-16.zip::polymarket-btc-updown-5m-1786981200-2026-08-16.txt.zst,polymarket-btc-updown-5m-1786981200-2026-08-16.txt.zst,polymarket-btc-5m_2026-08-16.zip,1786981200,1786981500,False,173,171,0,0,1,170,0,,,301,UNKNOWN,not_extreme,0.505,,0.0030367374420166016,,no_leader,,,,,,,,,no_leader,,,,,,,,,zip:///Users/bradamanka/Downloads/Stratgey testing/polymarket-btc-5m_2026-08-17.zip::polymarket-btc-updown-5m-1786981200-2026-08-17.txt.zst
zip:///Users/bradamanka/Downloads/Stratgey testing/polymarket-btc-5m_2026-08-16.zip::polymarket-btc-updown-5m-1786981500-2026-08-16.txt.zst,polymarket-btc-updown-5m-1786981500-2026-08-16.txt.zst,polymarket-btc-5m_2026-08-16.zip,1786981500,1786981800,False,215,213,0,0,1,212,0,,,301,UNKNOWN,not_extreme,0.505,,0.004403114318847656,,no_leader,,,,,,,,,no_leader,,,,,,,,,zip:///Users/bradamanka/Downloads/Stratgey testing/polymarket-btc-5m_2026-08-17.zip::polymarket-btc-updown-5m-1786981500-2026-08-17.txt.zst
zip:///Users/bradamanka/Downloads/Stratgey testing/polymarket-btc-5m_2026-08-16.zip::polymarket-btc-updown-5m-1786981800-2026-08-16.txt.zst,polymarket-btc-updown-5m-1786981800-2026-08-16.txt.zst,polymarket-btc-5m_2026-08-16.zip,1786981800,1786982100,False,176,174,0,0,1,173,0,,,301,UNKNOWN,not_extreme,0.505,,0.0035839080810546875,,no_leader,,,,,,,,,no_leader,,,,,,,,,zip:///Users/bradamanka/Downloads/Stratgey testing/polymarket-btc-5m_2026-08-17.zip::polymarket-btc-updown-5m-1786981800-2026-08-17.txt.zst
zip:///Users/bradamanka/Downloads/Stratgey testing/polymarket-btc-5m_2026-08-16.zip::polymarket-btc-updown-5m-1786982100-2026-08-16.txt.zst,polymarket-btc-updown-5m-1786982100-2026-08-16.txt.zst,polymarket-btc-5m_2026-08-16.zip,1786982100,1786982400,False,211,209,0,0,1,208,0,,,301,UNKNOWN,not_extreme,0.505,,0.0033118724822998047,,no_leader,,,,,,,,,no_leader,,,,,,,,,zip:///Users/bradamanka/Downloads/Stratgey testing/polymarket-btc-5m_2026-08-17.zip::polymarket-btc-updown-5m-1786982100-2026-08-17.txt.zst
zip:///Users/bradamanka/Downloads/Stratgey testing/polymarket-btc-5m_2026-08-16.zip::polymarket-btc-updown-5m-1786980900-2026-08-16.txt.zst,polymarket-btc-updown-5m-1786980900-2026-08-16.txt.zst,polymarket-btc-5m_2026-08-16.zip,1786980900,1786981200,False,310,308,0,0,1,307,0,,,301,UNKNOWN,not_extreme,0.505,,0.007931232452392578,,no_leader,,,,,,,,,no_leader,,,,,,,,,zip:///Users/bradamanka/Downloads/Stratgey testing/polymarket-btc-5m_2026-08-17.zip::polymarket-btc-updown-5m-1786980900-2026-08-17.txt.zst
zip:///Users/bradamanka/Downloads/Stratgey testing/polymarket-btc-5m_2026-08-16.zip::polymarket-btc-updown-5m-1786983000-2026-08-16.txt.zst,polymarket-btc-updown-5m-1786983000-2026-08-16.txt.zst,polymarket-btc-5m_2026-08-16.zip,1786983000,1786983300,False,157,155,0,0,1,154,0,,,301,UNKNOWN,not_extreme,0.505,,0.0031769275665283203,,no_leader,,,,,,,,,no_leader,,,,,,,,,zip:///Users/bradamanka/Downloads/Stratgey testing/polymarket-btc-5m_2026-08-17.zip::polymarket-btc-updown-5m-1786983000-2026-08-17.txt.zst
zip:///Users/bradamanka/Downloads/Stratgey testing/polymarket-btc-5m_2026-08-16.zip::polymarket-btc-updown-5m-1786982400-2026-08-16.txt.zst,polymarket-btc-updown-5m-1786982400-2026-08-16.txt.zst,polymarket-btc-5m_2026-08-16.zip,1786982400,1786982700,False,247,245,0,0,1,244,0,,,301,UNKNOWN,not_extreme,0.505,,0.004102945327758789,,no_leader,,,,,,,,,no_leader,,,,,,,,,zip:///Users/bradamanka/Downloads/Stratgey testing/polymarket-btc-5m_2026-08-17.zip::polymarket-btc-updown-5m-1786982400-2026-08-17.txt.zst
zip:///Users/bradamanka/Downloads/Stratgey testing/polymarket-btc-5m_2026-08-16.zip::polymarket-btc-updown-5m-1786982700-2026-08-16.txt.zst,polymarket-btc-updown-5m-1786982700-2026-08-16.txt.zst,polymarket-btc-5m_2026-08-16.zip,1786982700,1786983000,False,219,217,0,0,1,216,0,,,301,UNKNOWN,not_extreme,0.505,,0.003606081008911133,,no_leader,,,,,,,,,no_leader,,,,,,,,,zip:///Users/bradamanka/Downloads/Stratgey testing/polymarket-btc-5m_2026-08-17.zip::polymarket-btc-updown-5m-1786982700-2026-08-17.txt.zst
zip:///Users/bradamanka/Downloads/Stratgey testing/polymarket-btc-5m_2026-08-16.zip::polymarket-btc-updown-5m-1786983300-2026-08-16.txt.zst,polymarket-btc-updown-5m-1786983300-2026-08-16.txt.zst,polymarket-btc-5m_2026-08-16.zip,1786983300,1786983600,False,215,213,0,0,1,212,0,,,301,UNKNOWN,not_extreme,0.505,,0.004349231719970703,,no_leader,,,,,,,,,no_leader,,,,,,,,,zip:///Users/bradamanka/Downloads/Stratgey testing/polymarket-btc-5m_2026-08-17.zip::polymarket-btc-updown-5m-1786983300-2026-08-17.txt.zst
zip:///Users/bradamanka/Downloads/Stratgey testing/polymarket-btc-5m_2026-08-16.zip::polymarket-btc-updown-5m-1786984200-2026-08-16.txt.zst,polymarket-btc-updown-5m-1786984200-2026-08-16.txt.zst,polymarket-btc-5m_2026-08-16.zip,1786984200,1786984500,False,199,197,0,0,1,196,0,,,301,UNKNOWN,not_extreme,0.505,,0.0030851364135742188,,no_leader,,,,,,,,,no_leader,,,,,,,,,zip:///Users/bradamanka/Downloads/Stratgey testing/polymarket-btc-5m_2026-08-17.zip::polymarket-btc-updown-5m-1786984200-2026-08-17.txt.zst
zip:///Users/bradamanka/Downloads/Stratgey testing/polymarket-btc-5m_2026-08-16.zip::polymarket-btc-updown-5m-1786983600-2026-08-16.txt.zst,polymarket-btc-updown-5m-1786983600-2026-08-16.txt.zst,polymarket-btc-5m_2026-08-16.zip,1786983600,1786983900,False,236,234,0,0,1,233,0,,,301,UNKNOWN,not_extreme,0.505,,0.0035898685455322266,,no_leader,,,,,,,,,no_leader,,,,,,,,,zip:///Users/bradamanka/Downloads/Stratgey testing/polymarket-btc-5m_2026-08-17.zip::polymarket-btc-updown-5m-1786983600-2026-08-17.txt.zst
zip:///Users/bradamanka/Downloads/Stratgey testing/polymarket-btc-5m_2026-08-16.zip::polymarket-btc-updown-5m-1786983900-2026-08-16.txt.zst,polymarket-btc-updown-5m-1786983900-2026-08-16.txt.zst,polymarket-btc-5m_2026-08-16.zip,1786983900,1786984200,False,219,217,0,0,1,216,0,,,301,UNKNOWN,not_extreme,0.505,,0.0046231746673583984,,no_leader,,,,,,,,,no_leader,,,,,,,,,zip:///Users/bradamanka/Downloads/Stratgey testing/polymarket-btc-5m_2026-08-17.zip::polymarket-btc-updown-5m-1786983900-2026-08-17.txt.zst
zip:///Users/bradamanka/Downloads/Stratgey testing/polymarket-btc-5m_2026-08-16.zip::polymarket-btc-updown-5m-1786984800-2026-08-16.txt.zst,polymarket-btc-updown-5m-1786984800-2026-08-16.txt.zst,polymarket-btc-5m_2026-08-16.zip,1786984800,1786985100,False,209,207,0,0,1,206,0,,,301,UNKNOWN,not_extreme,0.505,,0.003284931182861328,,no_leader,,,,,,,,,no_leader,,,,,,,,,zip:///Users/bradamanka/Downloads/Stratgey testing/polymarket-btc-5m_2026-08-17.zip::polymarket-btc-updown-5m-1786984800-2026-08-17.txt.zst
zip:///Users/bradamanka/Downloads/Stratgey testing/polymarket-btc-5m_2026-08-16.zip::polymarket-btc-updown-5m-1786985100-2026-08-16.txt.zst,polymarket-btc-updown-5m-1786985100-2026-08-16.txt.zst,polymarket-btc-5m_2026-08-16.zip,1786985100,1786985400,False,213,211,0,0,1,210,0,,,301,UNKNOWN,not_extreme,0.505,,0.0034270286560058594,,no_leader,,,,,,,,,no_leader,,,,,,,,,zip:///Users/bradamanka/Downloads/Stratgey testing/polymarket-btc-5m_2026-08-17.zip::polymarket-btc-updown-5m-1786985100-2026-08-17.txt.zst
zip:///Users/bradamanka/Downloads/Stratgey testing/polymarket-btc-5m_2026-08-16.zip::polymarket-btc-updown-5m-1786984500-2026-08-16.txt.zst,polymarket-btc-updown-5m-1786984500-2026-08-16.txt.zst,polymarket-btc-5m_2026-08-16.zip,1786984500,1786984800,False,211,209,0,0,1,208,0,,,301,UNKNOWN,not_extreme,0.505,,0.004492044448852539,,no_leader,,,,,,,,,no_leader,,,,,,,,,zip:///Users/bradamanka/Downloads/Stratgey testing/polymarket-btc-5m_2026-08-17.zip::polymarket-btc-updown-5m-1786984500-2026-08-17.txt.zst
zip:///Users/bradamanka/Downloads/Stratgey testing/polymarket-btc-5m_2026-08-16.zip::polymarket-btc-updown-5m-1786985400-2026-08-16.txt.zst,polymarket-btc-updown-5m-1786985400-2026-08-16.txt.zst,polymarket-btc-5m_2026-08-16.zip,1786985400,1786985700,False,111,109,0,0,1,108,0,,,301,UNKNOWN,not_extreme,0.505,,0.003365039825439453,,no_leader,,,,,,,,,no_leader,,,,,,,,,zip:///Users/bradamanka/Downloads/Stratgey testing/polymarket-btc-5m_2026-08-17.zip::polymarket-btc-updown-5m-1786985400-2026-08-17.txt.zst
zip:///Users/bradamanka/Downloads/Stratgey testing/polymarket-btc-5m_2026-08-16.zip::polymarket-btc-updown-5m-1786985700-2026-08-16.txt.zst,polymarket-btc-updown-5m-1786985700-2026-08-16.txt.zst,polymarket-btc-5m_2026-08-16.zip,1786985700,1786986000,False,143,141,0,0,1,140,0,,,301,UNKNOWN,not_extreme,0.505,,0.0027878284454345703,,no_leader,,,,,,,,,no_leader,,,,,,,,,zip:///Users/bradamanka/Downloads/Stratgey testing/polymarket-btc-5m_2026-08-17.zip::polymarket-btc-updown-5m-1786985700-2026-08-17.txt.zst
zip:///Users/bradamanka/Downloads/Stratgey testing/polymarket-btc-5m_2026-08-16.zip::polymarket-btc-updown-5m-1786986000-2026-08-16.txt.zst,polymarket-btc-updown-5m-1786986000-2026-08-16.txt.zst,polymarket-btc-5m_2026-08-16.zip,1786986000,1786986300,False,107,105,0,0,2,103,0,,,301,UNKNOWN,not_extreme,0.505,,0.003329038619995117,,no_leader,,,,,,,,,no_leader,,,,,,,,,zip:///Users/bradamanka/Downloads/Stratgey testing/polymarket-btc-5m_2026-08-17.zip::polymarket-btc-updown-5m-1786986000-2026-08-17.txt.zst
zip:///Users/bradamanka/Downloads/Stratgey testing/polymarket-btc-5m_2026-08-16.zip::polymarket-btc-updown-5m-1786986300-2026-08-16.txt.zst,polymarket-btc-updown-5m-1786986300-2026-08-16.txt.zst,polymarket-btc-5m_2026-08-16.zip,1786986300,1786986600,False,174,172,0,0,1,171,0,,,301,UNKNOWN,not_extreme,0.505,,0.0038051605224609375,,no_leader,,,,,,,,,no_leader,,,,,,,,,zip:///Users/bradamanka/Downloads/Stratgey testing/polymarket-btc-5m_2026-08-17.zip::polymarket-btc-updown-5m-1786986300-2026-08-17.txt.zst
zip:///Users/bradamanka/Downloads/Stratgey testing/polymarket-btc-5m_2026-08-17.zip::polymarket-btc-updown-5m-1786923900-2026-08-17.txt.zst,polymarket-btc-updown-5m-1786923900-2026-08-17.txt.zst,polymarket-btc-5m_2026-08-17.zip,1786923900,1786924200,False,108,105,0,0,1,104,0,,,301,UNKNOWN,not_extreme,,,0.010643959045410156,,no_leader,,,,,,,,,no_leader,,,,,,,,,zip:///Users/bradamanka/Downloads/Stratgey testing/polymarket-btc-5m_2026-08-16.zip::polymarket-btc-updown-5m-1786923900-2026-08-16.txt.zst
zip:///Users/bradamanka/Downloads/Stratgey testing/polymarket-btc-5m_2026-08-16.zip::polymarket-btc-updown-5m-1786986600-2026-08-16.txt.zst,polymarket-btc-updown-5m-1786986600-2026-08-16.txt.zst,polymarket-btc-5m_2026-08-16.zip,1786986600,1786986900,False,114,112,0,0,1,111,0,,,301,UNKNOWN,not_extreme,0.505,,0.0038950443267822266,,no_leader,,,,,,,,,no_leader,,,,,,,,,zip:///Users/bradamanka/Downloads/Stratgey testing/polymarket-btc-5m_2026-08-17.zip::polymarket-btc-updown-5m-1786986600-2026-08-17.txt.zst
zip:///Users/bradamanka/Downloads/Stratgey testing/polymarket-btc-5m_2026-08-16.zip::polymarket-btc-updown-5m-1786987200-2026-08-16.txt.zst,polymarket-btc-updown-5m-1786987200-2026-08-16.txt.zst,polymarket-btc-5m_2026-08-16.zip,1786987200,1786987500,False,77,75,0,0,1,74,0,,,301,UNKNOWN,not_extreme,0.505,,0.0024209022521972656,,no_leader,,,,,,,,,no_leader,,,,,,,,,zip:///Users/bradamanka/Downloads/Stratgey testing/polymarket-btc-5m_2026-08-17.zip::polymarket-btc-updown-5m-1786987200-2026-08-17.txt.zst
zip:///Users/bradamanka/Downloads/Stratgey testing/polymarket-btc-5m_2026-08-16.zip::polymarket-btc-updown-5m-1786986900-2026-08-16.txt.zst,polymarket-btc-updown-5m-1786986900-2026-08-16.txt.zst,polymarket-btc-5m_2026-08-16.zip,1786986900,1786987200,False,163,161,0,0,1,160,0,,,301,UNKNOWN,not_extreme,0.505,,0.0038268566131591797,,no_leader,,,,,,,,,no_leader,,,,,,,,,zip:///Users/bradamanka/Downloads/Stratgey testing/polymarket-btc-5m_2026-08-17.zip::polymarket-btc-updown-5m-1786986900-2026-08-17.txt.zst
zip:///Users/bradamanka/Downloads/Stratgey testing/polymarket-btc-5m_2026-08-16.zip::polymarket-btc-updown-5m-1786987500-2026-08-16.txt.zst,polymarket-btc-updown-5m-1786987500-2026-08-16.txt.zst,polymarket-btc-5m_2026-08-16.zip,1786987500,1786987800,False,68,66,0,0,1,65,0,,,301,UNKNOWN,not_extreme,0.505,,0.0038976669311523438,,no_leader,,,,,,,,,no_leader,,,,,,,,,zip:///Users/bradamanka/Downloads/Stratgey testing/polymarket-btc-5m_2026-08-17.zip::polymarket-btc-updown-5m-1786987500-2026-08-17.txt.zst
zip:///Users/bradamanka/Downloads/Stratgey testing/polymarket-btc-5m_2026-08-16.zip::polymarket-btc-updown-5m-1786987800-2026-08-16.txt.zst,polymarket-btc-updown-5m-1786987800-2026-08-16.txt.zst,polymarket-btc-5m_2026-08-16.zip,1786987800,1786988100,False,133,131,0,0,1,130,0,,,301,UNKNOWN,not_extreme,0.505,,0.003954172134399414,,no_leader,,,,,,,,,no_leader,,,,,,,,,zip:///Users/bradamanka/Downloads/Stratgey testing/polymarket-btc-5m_2026-08-17.zip::polymarket-btc-updown-5m-1786987800-2026-08-17.txt.zst
zip:///Users/bradamanka/Downloads/Stratgey testing/polymarket-btc-5m_2026-08-16.zip::polymarket-btc-updown-5m-1786988400-2026-08-16.txt.zst,polymarket-btc-updown-5m-1786988400-2026-08-16.txt.zst,polymarket-btc-5m_2026-08-16.zip,1786988400,1786988700,False,89,87,0,0,1,86,0,,,301,UNKNOWN,not_extreme,0.505,,0.0032041072845458984,,no_leader,,,,,,,,,no_leader,,,,,,,,,zip:///Users/bradamanka/Downloads/Stratgey testing/polymarket-btc-5m_2026-08-17.zip::polymarket-btc-updown-5m-1786988400-2026-08-17.txt.zst
zip:///Users/bradamanka/Downloads/Stratgey testing/polymarket-btc-5m_2026-08-16.zip::polymarket-btc-updown-5m-1786988700-2026-08-16.txt.zst,polymarket-btc-updown-5m-1786988700-2026-08-16.txt.zst,polymarket-btc-5m_2026-08-16.zip,1786988700,1786989000,False,129,127,0,0,1,126,0,,,301,UNKNOWN,not_extreme,0.505,,0.003175973892211914,,no_leader,,,,,,,,,no_leader,,,,,,,,,zip:///Users/bradamanka/Downloads/Stratgey testing/polymarket-btc-5m_2026-08-17.zip::polymarket-btc-updown-5m-1786988700-2026-08-17.txt.zst
zip:///Users/bradamanka/Downloads/Stratgey testing/polymarket-btc-5m_2026-08-16.zip::polymarket-btc-updown-5m-1786989000-2026-08-16.txt.zst,polymarket-btc-updown-5m-1786989000-2026-08-16.txt.zst,polymarket-btc-5m_2026-08-16.zip,1786989000,1786989300,False,115,113,0,0,1,112,0,,,301,UNKNOWN,not_extreme,0.505,,0.0026280879974365234,,no_leader,,,,,,,,,no_leader,,,,,,,,,zip:///Users/bradamanka/Downloads/Stratgey testing/polymarket-btc-5m_2026-08-17.zip::polymarket-btc-updown-5m-1786989000-2026-08-17.txt.zst
zip:///Users/bradamanka/Downloads/Stratgey testing/polymarket-btc-5m_2026-08-16.zip::polymarket-btc-updown-5m-1786988100-2026-08-16.txt.zst,polymarket-btc-updown-5m-1786988100-2026-08-16.txt.zst,polymarket-btc-5m_2026-08-16.zip,1786988100,1786988400,False,205,203,0,0,1,202,0,,,301,UNKNOWN,not_extreme,0.505,,0.00569605827331543,,no_leader,,,,,,,,,no_leader,,,,,,,,,zip:///Users/bradamanka/Downloads/Stratgey testing/polymarket-btc-5m_2026-08-17.zip::polymarket-btc-updown-5m-1786988100-2026-08-17.txt.zst
zip:///Users/bradamanka/Downloads/Stratgey testing/polymarket-btc-5m_2026-08-16.zip::polymarket-btc-updown-5m-1786989300-2026-08-16.txt.zst,polymarket-btc-updown-5m-1786989300-2026-08-16.txt.zst,polymarket-btc-5m_2026-08-16.zip,1786989300,1786989600,False,108,106,0,0,1,105,0,,,301,UNKNOWN,not_extreme,0.505,,0.003524303436279297,,no_leader,,,,,,,,,no_leader,,,,,,,,,zip:///Users/bradamanka/Downloads/Stratgey testing/polymarket-btc-5m_2026-08-17.zip::polymarket-btc-updown-5m-1786989300-2026-08-17.txt.zst
zip:///Users/bradamanka/Downloads/Stratgey testing/polymarket-btc-5m_2026-08-16.zip::polymarket-btc-updown-5m-1786989900-2026-08-16.txt.zst,polymarket-btc-updown-5m-1786989900-2026-08-16.txt.zst,polymarket-btc-5m_2026-08-16.zip,1786989900,1786990200,False,169,167,0,0,1,166,0,,,301,UNKNOWN,not_extreme,0.505,,0.0029587745666503906,,no_leader,,,,,,,,,no_leader,,,,,,,,,zip:///Users/bradamanka/Downloads/Stratgey testing/polymarket-btc-5m_2026-08-17.zip::polymarket-btc-updown-5m-1786989900-2026-08-17.txt.zst
zip:///Users/bradamanka/Downloads/Stratgey testing/polymarket-btc-5m_2026-08-16.zip::polymarket-btc-updown-5m-1786989600-2026-08-16.txt.zst,polymarket-btc-updown-5m-1786989600-2026-08-16.txt.zst,polymarket-btc-5m_2026-08-16.zip,1786989600,1786989900,False,122,120,0,0,1,119,0,,,301,UNKNOWN,not_extreme,0.505,,0.003493070602416992,,no_leader,,,,,,,,,no_leader,,,,,,,,,zip:///Users/bradamanka/Downloads/Stratgey testing/polymarket-btc-5m_2026-08-17.zip::polymarket-btc-updown-5m-1786989600-2026-08-17.txt.zst
zip:///Users/bradamanka/Downloads/Stratgey testing/polymarket-btc-5m_2026-08-16.zip::polymarket-btc-updown-5m-1786990200-2026-08-16.txt.zst,polymarket-btc-updown-5m-1786990200-2026-08-16.txt.zst,polymarket-btc-5m_2026-08-16.zip,1786990200,1786990500,False,185,183,0,0,1,182,0,,,301,UNKNOWN,not_extreme,0.505,,0.002917051315307617,,no_leader,,,,,,,,,no_leader,,,,,,,,,zip:///Users/bradamanka/Downloads/Stratgey testing/polymarket-btc-5m_2026-08-17.zip::polymarket-btc-updown-5m-1786990200-2026-08-17.txt.zst
zip:///Users/bradamanka/Downloads/Stratgey testing/polymarket-btc-5m_2026-08-16.zip::polymarket-btc-updown-5m-1786990500-2026-08-16.txt.zst,polymarket-btc-updown-5m-1786990500-2026-08-16.txt.zst,polymarket-btc-5m_2026-08-16.zip,1786990500,1786990800,False,30,28,0,0,1,27,0,,,301,UNKNOWN,not_extreme,0.505,,0.002949953079223633,,no_leader,,,,,,,,,no_leader,,,,,,,,,zip:///Users/bradamanka/Downloads/Stratgey testing/polymarket-btc-5m_2026-08-17.zip::polymarket-btc-updown-5m-1786990500-2026-08-17.txt.zst
zip:///Users/bradamanka/Downloads/Stratgey testing/polymarket-btc-5m_2026-08-16.zip::polymarket-btc-updown-5m-1786990800-2026-08-16.txt.zst,polymarket-btc-updown-5m-1786990800-2026-08-16.txt.zst,polymarket-btc-5m_2026-08-16.zip,1786990800,1786991100,False,37,35,0,0,1,34,0,,,301,UNKNOWN,not_extreme,0.505,,0.0030050277709960938,,no_leader,,,,,,,,,no_leader,,,,,,,,,zip:///Users/bradamanka/Downloads/Stratgey testing/polymarket-btc-5m_2026-08-17.zip::polymarket-btc-updown-5m-1786990800-2026-08-17.txt.zst
zip:///Users/bradamanka/Downloads/Stratgey testing/polymarket-btc-5m_2026-08-16.zip::polymarket-btc-updown-5m-1786991100-2026-08-16.txt.zst,polymarket-btc-updown-5m-1786991100-2026-08-16.txt.zst,polymarket-btc-5m_2026-08-16.zip,1786991100,1786991400,False,150,148,0,0,1,147,0,,,301,UNKNOWN,not_extreme,0.505,,0.003832101821899414,,no_leader,,,,,,,,,no_leader,,,,,,,,,zip:///Users/bradamanka/Downloads/Stratgey testing/polymarket-btc-5m_2026-08-17.zip::polymarket-btc-updown-5m-1786991100-2026-08-17.txt.zst
zip:///Users/bradamanka/Downloads/Stratgey testing/polymarket-btc-5m_2026-08-16.zip::polymarket-btc-updown-5m-1786991400-2026-08-16.txt.zst,polymarket-btc-updown-5m-1786991400-2026-08-16.txt.zst,polymarket-btc-5m_2026-08-16.zip,1786991400,1786991700,False,183,181,0,0,1,180,0,,,301,UNKNOWN,not_extreme,0.505,,0.00450897216796875,,no_leader,,,,,,,,,no_leader,,,,,,,,,zip:///Users/bradamanka/Downloads/Stratgey testing/polymarket-btc-5m_2026-08-17.zip::polymarket-btc-updown-5m-1786991400-2026-08-17.txt.zst
zip:///Users/bradamanka/Downloads/Stratgey testing/polymarket-btc-5m_2026-08-16.zip::polymarket-btc-updown-5m-1786991700-2026-08-16.txt.zst,polymarket-btc-updown-5m-1786991700-2026-08-16.txt.zst,polymarket-btc-5m_2026-08-16.zip,1786991700,1786992000,False,247,245,0,0,1,244,0,,,301,UNKNOWN,not_extreme,0.505,,0.00408482551574707,,no_leader,,,,,,,,,no_leader,,,,,,,,,zip:///Users/bradamanka/Downloads/Stratgey testing/polymarket-btc-5m_2026-08-17.zip::polymarket-btc-updown-5m-1786991700-2026-08-17.txt.zst
zip:///Users/bradamanka/Downloads/Stratgey testing/polymarket-btc-5m_2026-08-16.zip::polymarket-btc-updown-5m-1786992300-2026-08-16.txt.zst,polymarket-btc-updown-5m-1786992300-2026-08-16.txt.zst,polymarket-btc-5m_2026-08-16.zip,1786992300,1786992600,False,142,140,0,0,1,139,0,,,301,UNKNOWN,not_extreme,0.505,,0.002803802490234375,,no_leader,,,,,,,,,no_leader,,,,,,,,,zip:///Users/bradamanka/Downloads/Stratgey testing/polymarket-btc-5m_2026-08-17.zip::polymarket-btc-updown-5m-1786992300-2026-08-17.txt.zst
zip:///Users/bradamanka/Downloads/Stratgey testing/polymarket-btc-5m_2026-08-16.zip::polymarket-btc-updown-5m-1786992000-2026-08-16.txt.zst,polymarket-btc-updown-5m-1786992000-2026-08-16.txt.zst,polymarket-btc-5m_2026-08-16.zip,1786992000,1786992300,False,164,162,0,0,1,161,0,,,301,UNKNOWN,not_extreme,0.505,,0.0042917728424072266,,no_leader,,,,,,,,,no_leader,,,,,,,,,zip:///Users/bradamanka/Downloads/Stratgey testing/polymarket-btc-5m_2026-08-17.zip::polymarket-btc-updown-5m-1786992000-2026-08-17.txt.zst
zip:///Users/bradamanka/Downloads/Stratgey testing/polymarket-btc-5m_2026-08-16.zip::polymarket-btc-updown-5m-1786992600-2026-08-16.txt.zst,polymarket-btc-updown-5m-1786992600-2026-08-16.txt.zst,polymarket-btc-5m_2026-08-16.zip,1786992600,1786992900,False,150,148,0,0,1,147,0,,,301,UNKNOWN,not_extreme,0.505,,0.0037429332733154297,,no_leader,,,,,,,,,no_leader,,,,,,,,,zip:///Users/bradamanka/Downloads/Stratgey testing/polymarket-btc-5m_2026-08-17.zip::polymarket-btc-updown-5m-1786992600-2026-08-17.txt.zst
zip:///Users/bradamanka/Downloads/Stratgey testing/polymarket-btc-5m_2026-08-16.zip::polymarket-btc-updown-5m-1786993500-2026-08-16.txt.zst,polymarket-btc-updown-5m-1786993500-2026-08-16.txt.zst,polymarket-btc-5m_2026-08-16.zip,1786993500,1786993800,False,117,115,0,0,1,114,0,,,301,UNKNOWN,not_extreme,0.505,,0.0027289390563964844,,no_leader,,,,,,,,,no_leader,,,,,,,,,zip:///Users/bradamanka/Downloads/Stratgey testing/polymarket-btc-5m_2026-08-17.zip::polymarket-btc-updown-5m-1786993500-2026-08-17.txt.zst
zip:///Users/bradamanka/Downloads/Stratgey testing/polymarket-btc-5m_2026-08-16.zip::polymarket-btc-updown-5m-1786992900-2026-08-16.txt.zst,polymarket-btc-updown-5m-1786992900-2026-08-16.txt.zst,polymarket-btc-5m_2026-08-16.zip,1786992900,1786993200,False,133,131,0,0,1,130,0,,,301,UNKNOWN,not_extreme,0.505,,0.0035331249237060547,,no_leader,,,,,,,,,no_leader,,,,,,,,,zip:///Users/bradamanka/Downloads/Stratgey testing/polymarket-btc-5m_2026-08-17.zip::polymarket-btc-updown-5m-1786992900-2026-08-17.txt.zst
zip:///Users/bradamanka/Downloads/Stratgey testing/polymarket-btc-5m_2026-08-16.zip::polymarket-btc-updown-5m-1786993200-2026-08-16.txt.zst,polymarket-btc-updown-5m-1786993200-2026-08-16.txt.zst,polymarket-btc-5m_2026-08-16.zip,1786993200,1786993500,False,136,134,0,0,1,133,0,,,301,UNKNOWN,not_extreme,0.505,,0.004176139831542969,,no_leader,,,,,,,,,no_leader,,,,,,,,,zip:///Users/bradamanka/Downloads/Stratgey testing/polymarket-btc-5m_2026-08-17.zip::polymarket-btc-updown-5m-1786993200-2026-08-17.txt.zst
zip:///Users/bradamanka/Downloads/Stratgey testing/polymarket-btc-5m_2026-08-16.zip::polymarket-btc-updown-5m-1786993800-2026-08-16.txt.zst,polymarket-btc-updown-5m-1786993800-2026-08-16.txt.zst,polymarket-btc-5m_2026-08-16.zip,1786993800,1786994100,False,122,120,0,0,1,119,0,,,301,UNKNOWN,not_extreme,0.505,,0.003281116485595703,,no_leader,,,,,,,,,no_leader,,,,,,,,,zip:///Users/bradamanka/Downloads/Stratgey testing/polymarket-btc-5m_2026-08-17.zip::polymarket-btc-updown-5m-1786993800-2026-08-17.txt.zst
zip:///Users/bradamanka/Downloads/Stratgey testing/polymarket-btc-5m_2026-08-16.zip::polymarket-btc-updown-5m-1786994400-2026-08-16.txt.zst,polymarket-btc-updown-5m-1786994400-2026-08-16.txt.zst,polymarket-btc-5m_2026-08-16.zip,1786994400,1786994700,False,129,127,0,0,1,126,0,,,301,UNKNOWN,not_extreme,0.505,,0.002994060516357422,,no_leader,,,,,,,,,no_leader,,,,,,,,,zip:///Users/bradamanka/Downloads/Stratgey testing/polymarket-btc-5m_2026-08-17.zip::polymarket-btc-updown-5m-1786994400-2026-08-17.txt.zst
zip:///Users/bradamanka/Downloads/Stratgey testing/polymarket-btc-5m_2026-08-16.zip::polymarket-btc-updown-5m-1786994100-2026-08-16.txt.zst,polymarket-btc-updown-5m-1786994100-2026-08-16.txt.zst,polymarket-btc-5m_2026-08-16.zip,1786994100,1786994400,False,150,148,0,0,1,147,0,,,301,UNKNOWN,not_extreme,0.505,,0.004350185394287109,,no_leader,,,,,,,,,no_leader,,,,,,,,,zip:///Users/bradamanka/Downloads/Stratgey testing/polymarket-btc-5m_2026-08-17.zip::polymarket-btc-updown-5m-1786994100-2026-08-17.txt.zst
zip:///Users/bradamanka/Downloads/Stratgey testing/polymarket-btc-5m_2026-08-16.zip::polymarket-btc-updown-5m-1786994700-2026-08-16.txt.zst,polymarket-btc-updown-5m-1786994700-2026-08-16.txt.zst,polymarket-btc-5m_2026-08-16.zip,1786994700,1786995000,False,122,120,0,0,1,119,0,,,301,UNKNOWN,not_extreme,0.505,,0.003801107406616211,,no_leader,,,,,,,,,no_leader,,,,,,,,,zip:///Users/bradamanka/Downloads/Stratgey testing/polymarket-btc-5m_2026-08-17.zip::polymarket-btc-updown-5m-1786994700-2026-08-17.txt.zst
zip:///Users/bradamanka/Downloads/Stratgey testing/polymarket-btc-5m_2026-08-16.zip::polymarket-btc-updown-5m-1786995000-2026-08-16.txt.zst,polymarket-btc-updown-5m-1786995000-2026-08-16.txt.zst,polymarket-btc-5m_2026-08-16.zip,1786995000,1786995300,False,136,134,0,0,1,133,0,,,301,UNKNOWN,not_extreme,0.505,,0.0034999847412109375,,no_leader,,,,,,,,,no_leader,,,,,,,,,zip:///Users/bradamanka/Downloads/Stratgey testing/polymarket-btc-5m_2026-08-17.zip::polymarket-btc-updown-5m-1786995000-2026-08-17.txt.zst
zip:///Users/bradamanka/Downloads/Stratgey testing/polymarket-btc-5m_2026-08-16.zip::polymarket-btc-updown-5m-1786995300-2026-08-16.txt.zst,polymarket-btc-updown-5m-1786995300-2026-08-16.txt.zst,polymarket-btc-5m_2026-08-16.zip,1786995300,1786995600,False,120,118,0,0,1,117,0,,,301,UNKNOWN,not_extreme,0.505,,0.0030510425567626953,,no_leader,,,,,,,,,no_leader,,,,,,,,,zip:///Users/bradamanka/Downloads/Stratgey testing/polymarket-btc-5m_2026-08-17.zip::polymarket-btc-updown-5m-1786995300-2026-08-17.txt.zst
zip:///Users/bradamanka/Downloads/Stratgey testing/polymarket-btc-5m_2026-08-16.zip::polymarket-btc-updown-5m-1786995600-2026-08-16.txt.zst,polymarket-btc-updown-5m-1786995600-2026-08-16.txt.zst,polymarket-btc-5m_2026-08-16.zip,1786995600,1786995900,False,37,35,0,0,1,34,0,,,301,UNKNOWN,not_extreme,0.505,,0.0028107166290283203,,no_leader,,,,,,,,,no_leader,,,,,,,,,zip:///Users/bradamanka/Downloads/Stratgey testing/polymarket-btc-5m_2026-08-17.zip::polymarket-btc-updown-5m-1786995600-2026-08-17.txt.zst
zip:///Users/bradamanka/Downloads/Stratgey testing/polymarket-btc-5m_2026-08-16.zip::polymarket-btc-updown-5m-1786996200-2026-08-16.txt.zst,polymarket-btc-updown-5m-1786996200-2026-08-16.txt.zst,polymarket-btc-5m_2026-08-16.zip,1786996200,1786996500,False,36,34,0,0,1,33,0,,,301,UNKNOWN,not_extreme,0.505,,0.0019180774688720703,,no_leader,,,,,,,,,no_leader,,,,,,,,,zip:///Users/bradamanka/Downloads/Stratgey testing/polymarket-btc-5m_2026-08-17.zip::polymarket-btc-updown-5m-1786996200-2026-08-17.txt.zst
zip:///Users/bradamanka/Downloads/Stratgey testing/polymarket-btc-5m_2026-08-16.zip::polymarket-btc-updown-5m-1786995900-2026-08-16.txt.zst,polymarket-btc-updown-5m-1786995900-2026-08-16.txt.zst,polymarket-btc-5m_2026-08-16.zip,1786995900,1786996200,False,30,28,0,0,1,27,0,,,301,UNKNOWN,not_extreme,0.505,,0.0030121803283691406,,no_leader,,,,,,,,,no_leader,,,,,,,,,zip:///Users/bradamanka/Downloads/Stratgey testing/polymarket-btc-5m_2026-08-17.zip::polymarket-btc-updown-5m-1786995900-2026-08-17.txt.zst
zip:///Users/bradamanka/Downloads/Stratgey testing/polymarket-btc-5m_2026-08-16.zip::polymarket-btc-updown-5m-1786996800-2026-08-16.txt.zst,polymarket-btc-updown-5m-1786996800-2026-08-16.txt.zst,polymarket-btc-5m_2026-08-16.zip,1786996800,1786997100,False,76,74,0,0,1,73,0,,,301,UNKNOWN,not_extreme,0.505,,0.0025637149810791016,,no_leader,,,,,,,,,no_leader,,,,,,,,,zip:///Users/bradamanka/Downloads/Stratgey testing/polymarket-btc-5m_2026-08-17.zip::polymarket-btc-updown-5m-1786996800-2026-08-17.txt.zst
zip:///Users/bradamanka/Downloads/Stratgey testing/polymarket-btc-5m_2026-08-16.zip::polymarket-btc-updown-5m-1786996500-2026-08-16.txt.zst,polymarket-btc-updown-5m-1786996500-2026-08-16.txt.zst,polymarket-btc-5m_2026-08-16.zip,1786996500,1786996800,False,123,121,0,0,1,120,0,,,301,UNKNOWN,not_extreme,0.505,,0.004361867904663086,,no_leader,,,,,,,,,no_leader,,,,,,,,,zip:///Users/bradamanka/Downloads/Stratgey testing/polymarket-btc-5m_2026-08-17.zip::polymarket-btc-updown-5m-1786996500-2026-08-17.txt.zst
zip:///Users/bradamanka/Downloads/Stratgey testing/polymarket-btc-5m_2026-08-16.zip::polymarket-btc-updown-5m-1786997400-2026-08-16.txt.zst,polymarket-btc-updown-5m-1786997400-2026-08-16.txt.zst,polymarket-btc-5m_2026-08-16.zip,1786997400,1786997700,False,171,169,0,0,1,168,0,,,301,UNKNOWN,not_extreme,0.505,,0.0027930736541748047,,no_leader,,,,,,,,,no_leader,,,,,,,,,zip:///Users/bradamanka/Downloads/Stratgey testing/polymarket-btc-5m_2026-08-17.zip::polymarket-btc-updown-5m-1786997400-2026-08-17.txt.zst
zip:///Users/bradamanka/Downloads/Stratgey testing/polymarket-btc-5m_2026-08-16.zip::polymarket-btc-updown-5m-1786997100-2026-08-16.txt.zst,polymarket-btc-updown-5m-1786997100-2026-08-16.txt.zst,polymarket-btc-5m_2026-08-16.zip,1786997100,1786997400,False,124,122,0,0,1,121,0,,,301,UNKNOWN,not_extreme,0.505,,0.003529071807861328,,no_leader,,,,,,,,,no_leader,,,,,,,,,zip:///Users/bradamanka/Downloads/Stratgey testing/polymarket-btc-5m_2026-08-17.zip::polymarket-btc-updown-5m-1786997100-2026-08-17.txt.zst
zip:///Users/bradamanka/Downloads/Stratgey testing/polymarket-btc-5m_2026-08-16.zip::polymarket-btc-updown-5m-1786997700-2026-08-16.txt.zst,polymarket-btc-updown-5m-1786997700-2026-08-16.txt.zst,polymarket-btc-5m_2026-08-16.zip,1786997700,1786998000,False,123,121,0,0,1,120,0,,,301,UNKNOWN,not_extreme,0.505,,0.0031228065490722656,,no_leader,,,,,,,,,no_leader,,,,,,,,,zip:///Users/bradamanka/Downloads/Stratgey testing/polymarket-btc-5m_2026-08-17.zip::polymarket-btc-updown-5m-1786997700-2026-08-17.txt.zst
zip:///Users/bradamanka/Downloads/Stratgey testing/polymarket-btc-5m_2026-08-17.zip::polymarket-btc-updown-5m-1786924200-2026-08-17.txt.zst,polymarket-btc-updown-5m-1786924200-2026-08-17.txt.zst,polymarket-btc-5m_2026-08-17.zip,1786924200,1786924500,False,56785,56083,54342,683,730,55353,0,94.740820734,300.0,301,DOWN,quotes+trades,0.001,0.001,0.6844532489776611,,leader_confirm_too_soon_after_pullback,DOWN,113.746,120.373,145.543,,,,,leader_confirm_too_soon_after_pullback,DOWN,114.0,121.0,146.0,,,,,zip:///Users/bradamanka/Downloads/Stratgey testing/polymarket-btc-5m_2026-08-16.zip::polymarket-btc-updown-5m-1786924200-2026-08-16.txt.zst
zip:///Users/bradamanka/Downloads/Stratgey testing/polymarket-btc-5m_2026-08-16.zip::polymarket-btc-updown-5m-1786999200-2026-08-16.txt.zst,polymarket-btc-updown-5m-1786999200-2026-08-16.txt.zst,polymarket-btc-5m_2026-08-16.zip,1786999200,1786999500,False,63,61,0,0,1,60,0,,,301,UNKNOWN,not_extreme,0.505,,0.002312183380126953,,no_leader,,,,,,,,,no_leader,,,,,,,,,zip:///Users/bradamanka/Downloads/Stratgey testing/polymarket-btc-5m_2026-08-17.zip::polymarket-btc-updown-5m-1786999200-2026-08-17.txt.zst
zip:///Users/bradamanka/Downloads/Stratgey testing/polymarket-btc-5m_2026-08-16.zip::polymarket-btc-updown-5m-1786998600-2026-08-16.txt.zst,polymarket-btc-updown-5m-1786998600-2026-08-16.txt.zst,polymarket-btc-5m_2026-08-16.zip,1786998600,1786998900,False,121,119,0,0,1,118,0,,,301,UNKNOWN,not_extreme,0.505,,0.003348112106323242,,no_leader,,,,,,,,,no_leader,,,,,,,,,zip:///Users/bradamanka/Downloads/Stratgey testing/polymarket-btc-5m_2026-08-17.zip::polymarket-btc-updown-5m-1786998600-2026-08-17.txt.zst
zip:///Users/bradamanka/Downloads/Stratgey testing/polymarket-btc-5m_2026-08-16.zip::polymarket-btc-updown-5m-1786998000-2026-08-16.txt.zst,polymarket-btc-updown-5m-1786998000-2026-08-16.txt.zst,polymarket-btc-5m_2026-08-16.zip,1786998000,1786998300,False,104,102,0,0,1,101,0,,,301,UNKNOWN,not_extreme,0.505,,0.005272865295410156,,no_leader,,,,,,,,,no_leader,,,,,,,,,zip:///Users/bradamanka/Downloads/Stratgey testing/polymarket-btc-5m_2026-08-17.zip::polymarket-btc-updown-5m-1786998000-2026-08-17.txt.zst
zip:///Users/bradamanka/Downloads/Stratgey testing/polymarket-btc-5m_2026-08-16.zip::polymarket-btc-updown-5m-1786998300-2026-08-16.txt.zst,polymarket-btc-updown-5m-1786998300-2026-08-16.txt.zst,polymarket-btc-5m_2026-08-16.zip,1786998300,1786998600,False,122,120,0,0,1,119,0,,,301,UNKNOWN,not_extreme,0.505,,0.0036640167236328125,,no_leader,,,,,,,,,no_leader,,,,,,,,,zip:///Users/bradamanka/Downloads/Stratgey testing/polymarket-btc-5m_2026-08-17.zip::polymarket-btc-updown-5m-1786998300-2026-08-17.txt.zst
zip:///Users/bradamanka/Downloads/Stratgey testing/polymarket-btc-5m_2026-08-16.zip::polymarket-btc-updown-5m-1786998900-2026-08-16.txt.zst,polymarket-btc-updown-5m-1786998900-2026-08-16.txt.zst,polymarket-btc-5m_2026-08-16.zip,1786998900,1786999200,False,113,111,0,0,1,110,0,,,301,UNKNOWN,not_extreme,0.505,,0.0035572052001953125,,no_leader,,,,,,,,,no_leader,,,,,,,,,zip:///Users/bradamanka/Downloads/Stratgey testing/polymarket-btc-5m_2026-08-17.zip::polymarket-btc-updown-5m-1786998900-2026-08-17.txt.zst
zip:///Users/bradamanka/Downloads/Stratgey testing/polymarket-btc-5m_2026-08-16.zip::polymarket-btc-updown-5m-1787000100-2026-08-16.txt.zst,polymarket-btc-updown-5m-1787000100-2026-08-16.txt.zst,polymarket-btc-5m_2026-08-16.zip,1787000100,1787000400,False,41,39,0,0,1,38,0,,,301,UNKNOWN,not_extreme,0.505,,0.001840829849243164,,no_leader,,,,,,,,,no_leader,,,,,,,,,zip:///Users/bradamanka/Downloads/Stratgey testing/polymarket-btc-5m_2026-08-17.zip::polymarket-btc-updown-5m-1787000100-2026-08-17.txt.zst
zip:///Users/bradamanka/Downloads/Stratgey testing/polymarket-btc-5m_2026-08-16.zip::polymarket-btc-updown-5m-1787000700-2026-08-16.txt.zst,polymarket-btc-updown-5m-1787000700-2026-08-16.txt.zst,polymarket-btc-5m_2026-08-16.zip,1787000700,1787001000,False,116,114,0,0,1,113,0,,,301,UNKNOWN,not_extreme,0.505,,0.002515077590942383,,no_leader,,,,,,,,,no_leader,,,,,,,,,zip:///Users/bradamanka/Downloads/Stratgey testing/polymarket-btc-5m_2026-08-17.zip::polymarket-btc-updown-5m-1787000700-2026-08-17.txt.zst
zip:///Users/bradamanka/Downloads/Stratgey testing/polymarket-btc-5m_2026-08-16.zip::polymarket-btc-updown-5m-1786999500-2026-08-16.txt.zst,polymarket-btc-updown-5m-1786999500-2026-08-16.txt.zst,polymarket-btc-5m_2026-08-16.zip,1786999500,1786999800,False,132,130,0,0,1,129,0,,,301,UNKNOWN,not_extreme,0.505,,0.004199981689453125,,no_leader,,,,,,,,,no_leader,,,,,,,,,zip:///Users/bradamanka/Downloads/Stratgey testing/polymarket-btc-5m_2026-08-17.zip::polymarket-btc-updown-5m-1786999500-2026-08-17.txt.zst
zip:///Users/bradamanka/Downloads/Stratgey testing/polymarket-btc-5m_2026-08-16.zip::polymarket-btc-updown-5m-1787000400-2026-08-16.txt.zst,polymarket-btc-updown-5m-1787000400-2026-08-16.txt.zst,polymarket-btc-5m_2026-08-16.zip,1787000400,1787000700,False,113,111,0,0,1,110,0,,,301,UNKNOWN,not_extreme,0.505,,0.002908945083618164,,no_leader,,,,,,,,,no_leader,,,,,,,,,zip:///Users/bradamanka/Downloads/Stratgey testing/polymarket-btc-5m_2026-08-17.zip::polymarket-btc-updown-5m-1787000400-2026-08-17.txt.zst
zip:///Users/bradamanka/Downloads/Stratgey testing/polymarket-btc-5m_2026-08-16.zip::polymarket-btc-updown-5m-1786999800-2026-08-16.txt.zst,polymarket-btc-updown-5m-1786999800-2026-08-16.txt.zst,polymarket-btc-5m_2026-08-16.zip,1786999800,1787000100,False,108,106,0,0,1,105,0,,,301,UNKNOWN,not_extreme,0.505,,0.003471851348876953,,no_leader,,,,,,,,,no_leader,,,,,,,,,zip:///Users/bradamanka/Downloads/Stratgey testing/polymarket-btc-5m_2026-08-17.zip::polymarket-btc-updown-5m-1786999800-2026-08-17.txt.zst
zip:///Users/bradamanka/Downloads/Stratgey testing/polymarket-btc-5m_2026-08-16.zip::polymarket-btc-updown-5m-1787001000-2026-08-16.txt.zst,polymarket-btc-updown-5m-1787001000-2026-08-16.txt.zst,polymarket-btc-5m_2026-08-16.zip,1787001000,1787001300,False,61,59,0,0,1,58,0,,,301,UNKNOWN,not_extreme,0.505,,0.0030379295349121094,,no_leader,,,,,,,,,no_leader,,,,,,,,,zip:///Users/bradamanka/Downloads/Stratgey testing/polymarket-btc-5m_2026-08-17.zip::polymarket-btc-updown-5m-1787001000-2026-08-17.txt.zst
zip:///Users/bradamanka/Downloads/Stratgey testing/polymarket-btc-5m_2026-08-16.zip::polymarket-btc-updown-5m-1787001300-2026-08-16.txt.zst,polymarket-btc-updown-5m-1787001300-2026-08-16.txt.zst,polymarket-btc-5m_2026-08-16.zip,1787001300,1787001600,False,18,16,0,0,1,15,0,,,301,UNKNOWN,not_extreme,0.505,,0.002166748046875,,no_leader,,,,,,,,,no_leader,,,,,,,,,zip:///Users/bradamanka/Downloads/Stratgey testing/polymarket-btc-5m_2026-08-17.zip::polymarket-btc-updown-5m-1787001300-2026-08-17.txt.zst
zip:///Users/bradamanka/Downloads/Stratgey testing/polymarket-btc-5m_2026-08-16.zip::polymarket-btc-updown-5m-1787001900-2026-08-16.txt.zst,polymarket-btc-updown-5m-1787001900-2026-08-16.txt.zst,polymarket-btc-5m_2026-08-16.zip,1787001900,1787002200,False,111,109,0,0,1,108,0,,,301,UNKNOWN,not_extreme,0.505,,0.002608776092529297,,no_leader,,,,,,,,,no_leader,,,,,,,,,zip:///Users/bradamanka/Downloads/Stratgey testing/polymarket-btc-5m_2026-08-17.zip::polymarket-btc-updown-5m-1787001900-2026-08-17.txt.zst
zip:///Users/bradamanka/Downloads/Stratgey testing/polymarket-btc-5m_2026-08-16.zip::polymarket-btc-updown-5m-1787001600-2026-08-16.txt.zst,polymarket-btc-updown-5m-1787001600-2026-08-16.txt.zst,polymarket-btc-5m_2026-08-16.zip,1787001600,1787001900,False,122,120,0,0,1,119,0,,,301,UNKNOWN,not_extreme,0.505,,0.0029032230377197266,,no_leader,,,,,,,,,no_leader,,,,,,,,,zip:///Users/bradamanka/Downloads/Stratgey testing/polymarket-btc-5m_2026-08-17.zip::polymarket-btc-updown-5m-1787001600-2026-08-17.txt.zst
zip:///Users/bradamanka/Downloads/Stratgey testing/polymarket-btc-5m_2026-08-16.zip::polymarket-btc-updown-5m-1787002200-2026-08-16.txt.zst,polymarket-btc-updown-5m-1787002200-2026-08-16.txt.zst,polymarket-btc-5m_2026-08-16.zip,1787002200,1787002500,False,132,130,0,0,1,129,0,,,301,UNKNOWN,not_extreme,0.505,,0.0031638145446777344,,no_leader,,,,,,,,,no_leader,,,,,,,,,zip:///Users/bradamanka/Downloads/Stratgey testing/polymarket-btc-5m_2026-08-17.zip::polymarket-btc-updown-5m-1787002200-2026-08-17.txt.zst
zip:///Users/bradamanka/Downloads/Stratgey testing/polymarket-btc-5m_2026-08-16.zip::polymarket-btc-updown-5m-1787002500-2026-08-16.txt.zst,polymarket-btc-updown-5m-1787002500-2026-08-16.txt.zst,polymarket-btc-5m_2026-08-16.zip,1787002500,1787002800,False,106,104,0,0,1,103,0,,,301,UNKNOWN,not_extreme,0.505,,0.0027358531951904297,,no_leader,,,,,,,,,no_leader,,,,,,,,,zip:///Users/bradamanka/Downloads/Stratgey testing/polymarket-btc-5m_2026-08-17.zip::polymarket-btc-updown-5m-1787002500-2026-08-17.txt.zst
zip:///Users/bradamanka/Downloads/Stratgey testing/polymarket-btc-5m_2026-08-16.zip::polymarket-btc-updown-5m-1787002800-2026-08-16.txt.zst,polymarket-btc-updown-5m-1787002800-2026-08-16.txt.zst,polymarket-btc-5m_2026-08-16.zip,1787002800,1787003100,False,109,107,0,0,1,106,0,,,301,UNKNOWN,not_extreme,0.505,,0.0028018951416015625,,no_leader,,,,,,,,,no_leader,,,,,,,,,zip:///Users/bradamanka/Downloads/Stratgey testing/polymarket-btc-5m_2026-08-17.zip::polymarket-btc-updown-5m-1787002800-2026-08-17.txt.zst
zip:///Users/bradamanka/Downloads/Stratgey testing/polymarket-btc-5m_2026-08-16.zip::polymarket-btc-updown-5m-1787003100-2026-08-16.txt.zst,polymarket-btc-updown-5m-1787003100-2026-08-16.txt.zst,polymarket-btc-5m_2026-08-16.zip,1787003100,1787003400,False,114,112,0,0,1,111,0,,,301,UNKNOWN,not_extreme,0.505,,0.0030040740966796875,,no_leader,,,,,,,,,no_leader,,,,,,,,,zip:///Users/bradamanka/Downloads/Stratgey testing/polymarket-btc-5m_2026-08-17.zip::polymarket-btc-updown-5m-1787003100-2026-08-17.txt.zst
zip:///Users/bradamanka/Downloads/Stratgey testing/polymarket-btc-5m_2026-08-16.zip::polymarket-btc-updown-5m-1787003400-2026-08-16.txt.zst,polymarket-btc-updown-5m-1787003400-2026-08-16.txt.zst,polymarket-btc-5m_2026-08-16.zip,1787003400,1787003700,False,62,60,0,0,1,59,0,,,301,UNKNOWN,not_extreme,0.505,,0.002418041229248047,,no_leader,,,,,,,,,no_leader,,,,,,,,,zip:///Users/bradamanka/Downloads/Stratgey testing/polymarket-btc-5m_2026-08-17.zip::polymarket-btc-updown-5m-1787003400-2026-08-17.txt.zst
zip:///Users/bradamanka/Downloads/Stratgey testing/polymarket-btc-5m_2026-08-16.zip::polymarket-btc-updown-5m-1787003700-2026-08-16.txt.zst,polymarket-btc-updown-5m-1787003700-2026-08-16.txt.zst,polymarket-btc-5m_2026-08-16.zip,1787003700,1787004000,False,104,102,0,0,1,101,0,,,301,UNKNOWN,not_extreme,0.505,,0.002872943878173828,,no_leader,,,,,,,,,no_leader,,,,,,,,,zip:///Users/bradamanka/Downloads/Stratgey testing/polymarket-btc-5m_2026-08-17.zip::polymarket-btc-updown-5m-1787003700-2026-08-17.txt.zst
zip:///Users/bradamanka/Downloads/Stratgey testing/polymarket-btc-5m_2026-08-16.zip::polymarket-btc-updown-5m-1787004000-2026-08-16.txt.zst,polymarket-btc-updown-5m-1787004000-2026-08-16.txt.zst,polymarket-btc-5m_2026-08-16.zip,1787004000,1787004300,False,65,63,0,0,1,62,0,,,301,UNKNOWN,not_extreme,0.505,,0.002398252487182617,,no_leader,,,,,,,,,no_leader,,,,,,,,,zip:///Users/bradamanka/Downloads/Stratgey testing/polymarket-btc-5m_2026-08-17.zip::polymarket-btc-updown-5m-1787004000-2026-08-17.txt.zst
zip:///Users/bradamanka/Downloads/Stratgey testing/polymarket-btc-5m_2026-08-16.zip::polymarket-btc-updown-5m-1787004300-2026-08-16.txt.zst,polymarket-btc-updown-5m-1787004300-2026-08-16.txt.zst,polymarket-btc-5m_2026-08-16.zip,1787004300,1787004600,False,151,149,0,0,1,148,0,,,301,UNKNOWN,not_extreme,0.505,,0.003269672393798828,,no_leader,,,,,,,,,no_leader,,,,,,,,,zip:///Users/bradamanka/Downloads/Stratgey testing/polymarket-btc-5m_2026-08-17.zip::polymarket-btc-updown-5m-1787004300-2026-08-17.txt.zst
zip:///Users/bradamanka/Downloads/Stratgey testing/polymarket-btc-5m_2026-08-16.zip::polymarket-btc-updown-5m-1787004600-2026-08-16.txt.zst,polymarket-btc-updown-5m-1787004600-2026-08-16.txt.zst,polymarket-btc-5m_2026-08-16.zip,1787004600,1787004900,False,133,131,0,0,1,130,0,,,301,UNKNOWN,not_extreme,0.505,,0.0031828880310058594,,no_leader,,,,,,,,,no_leader,,,,,,,,,zip:///Users/bradamanka/Downloads/Stratgey testing/polymarket-btc-5m_2026-08-17.zip::polymarket-btc-updown-5m-1787004600-2026-08-17.txt.zst
zip:///Users/bradamanka/Downloads/Stratgey testing/polymarket-btc-5m_2026-08-16.zip::polymarket-btc-updown-5m-1787005200-2026-08-16.txt.zst,polymarket-btc-updown-5m-1787005200-2026-08-16.txt.zst,polymarket-btc-5m_2026-08-16.zip,1787005200,1787005500,False,130,128,0,0,1,127,0,,,301,UNKNOWN,not_extreme,0.505,,0.0037109851837158203,,no_leader,,,,,,,,,no_leader,,,,,,,,,zip:///Users/bradamanka/Downloads/Stratgey testing/polymarket-btc-5m_2026-08-17.zip::polymarket-btc-updown-5m-1787005200-2026-08-17.txt.zst
zip:///Users/bradamanka/Downloads/Stratgey testing/polymarket-btc-5m_2026-08-16.zip::polymarket-btc-updown-5m-1787005800-2026-08-16.txt.zst,polymarket-btc-updown-5m-1787005800-2026-08-16.txt.zst,polymarket-btc-5m_2026-08-16.zip,1787005800,1787006100,False,105,103,0,0,1,102,0,,,301,UNKNOWN,not_extreme,0.505,,0.002595186233520508,,no_leader,,,,,,,,,no_leader,,,,,,,,,zip:///Users/bradamanka/Downloads/Stratgey testing/polymarket-btc-5m_2026-08-17.zip::polymarket-btc-updown-5m-1787005800-2026-08-17.txt.zst
zip:///Users/bradamanka/Downloads/Stratgey testing/polymarket-btc-5m_2026-08-16.zip::polymarket-btc-updown-5m-1787005500-2026-08-16.txt.zst,polymarket-btc-updown-5m-1787005500-2026-08-16.txt.zst,polymarket-btc-5m_2026-08-16.zip,1787005500,1787005800,False,128,126,0,0,1,125,0,,,301,UNKNOWN,not_extreme,0.505,,0.002710103988647461,,no_leader,,,,,,,,,no_leader,,,,,,,,,zip:///Users/bradamanka/Downloads/Stratgey testing/polymarket-btc-5m_2026-08-17.zip::polymarket-btc-updown-5m-1787005500-2026-08-17.txt.zst
zip:///Users/bradamanka/Downloads/Stratgey testing/polymarket-btc-5m_2026-08-16.zip::polymarket-btc-updown-5m-1787006100-2026-08-16.txt.zst,polymarket-btc-updown-5m-1787006100-2026-08-16.txt.zst,polymarket-btc-5m_2026-08-16.zip,1787006100,1787006400,False,38,36,0,0,1,35,0,,,301,UNKNOWN,not_extreme,0.505,,0.002006053924560547,,no_leader,,,,,,,,,no_leader,,,,,,,,,zip:///Users/bradamanka/Downloads/Stratgey testing/polymarket-btc-5m_2026-08-17.zip::polymarket-btc-updown-5m-1787006100-2026-08-17.txt.zst
zip:///Users/bradamanka/Downloads/Stratgey testing/polymarket-btc-5m_2026-08-16.zip::polymarket-btc-updown-5m-1787004900-2026-08-16.txt.zst,polymarket-btc-updown-5m-1787004900-2026-08-16.txt.zst,polymarket-btc-5m_2026-08-16.zip,1787004900,1787005200,False,57,55,0,0,1,54,0,,,301,UNKNOWN,not_extreme,0.5,,0.005151987075805664,,no_leader,,,,,,,,,no_leader,,,,,,,,,zip:///Users/bradamanka/Downloads/Stratgey testing/polymarket-btc-5m_2026-08-17.zip::polymarket-btc-updown-5m-1787004900-2026-08-17.txt.zst
zip:///Users/bradamanka/Downloads/Stratgey testing/polymarket-btc-5m_2026-08-16.zip::polymarket-btc-updown-5m-1787007000-2026-08-16.txt.zst,polymarket-btc-updown-5m-1787007000-2026-08-16.txt.zst,polymarket-btc-5m_2026-08-16.zip,1787007000,1787007300,False,3,1,0,0,1,0,0,,,301,UNKNOWN,not_extreme,0.505,,0.0021028518676757812,,no_leader,,,,,,,,,no_leader,,,,,,,,,zip:///Users/bradamanka/Downloads/Stratgey testing/polymarket-btc-5m_2026-08-17.zip::polymarket-btc-updown-5m-1787007000-2026-08-17.txt.zst
zip:///Users/bradamanka/Downloads/Stratgey testing/polymarket-btc-5m_2026-08-16.zip::polymarket-btc-updown-5m-1787006400-2026-08-16.txt.zst,polymarket-btc-updown-5m-1787006400-2026-08-16.txt.zst,polymarket-btc-5m_2026-08-16.zip,1787006400,1787006700,False,148,146,0,0,1,145,0,,,301,UNKNOWN,not_extreme,0.505,,0.0036890506744384766,,no_leader,,,,,,,,,no_leader,,,,,,,,,zip:///Users/bradamanka/Downloads/Stratgey testing/polymarket-btc-5m_2026-08-17.zip::polymarket-btc-updown-5m-1787006400-2026-08-17.txt.zst
zip:///Users/bradamanka/Downloads/Stratgey testing/polymarket-btc-5m_2026-08-16.zip::polymarket-btc-updown-5m-1787007300-2026-08-16.txt.zst,polymarket-btc-updown-5m-1787007300-2026-08-16.txt.zst,polymarket-btc-5m_2026-08-16.zip,1787007300,1787007600,False,3,1,0,0,1,0,0,,,301,UNKNOWN,not_extreme,0.505,,0.0023899078369140625,,no_leader,,,,,,,,,no_leader,,,,,,,,,zip:///Users/bradamanka/Downloads/Stratgey testing/polymarket-btc-5m_2026-08-17.zip::polymarket-btc-updown-5m-1787007300-2026-08-17.txt.zst
zip:///Users/bradamanka/Downloads/Stratgey testing/polymarket-btc-5m_2026-08-16.zip::polymarket-btc-updown-5m-1787006700-2026-08-16.txt.zst,polymarket-btc-updown-5m-1787006700-2026-08-16.txt.zst,polymarket-btc-5m_2026-08-16.zip,1787006700,1787007000,False,16,14,0,0,1,13,0,,,301,UNKNOWN,not_extreme,0.505,,0.0037958621978759766,,no_leader,,,,,,,,,no_leader,,,,,,,,,zip:///Users/bradamanka/Downloads/Stratgey testing/polymarket-btc-5m_2026-08-17.zip::polymarket-btc-updown-5m-1787006700-2026-08-17.txt.zst
zip:///Users/bradamanka/Downloads/Stratgey testing/polymarket-btc-5m_2026-08-16.zip::polymarket-btc-updown-5m-1787007900-2026-08-16.txt.zst,polymarket-btc-updown-5m-1787007900-2026-08-16.txt.zst,polymarket-btc-5m_2026-08-16.zip,1787007900,1787008200,False,16,14,0,0,1,13,0,,,301,UNKNOWN,not_extreme,0.505,,0.002035856246948242,,no_leader,,,,,,,,,no_leader,,,,,,,,,zip:///Users/bradamanka/Downloads/Stratgey testing/polymarket-btc-5m_2026-08-17.zip::polymarket-btc-updown-5m-1787007900-2026-08-17.txt.zst
zip:///Users/bradamanka/Downloads/Stratgey testing/polymarket-btc-5m_2026-08-16.zip::polymarket-btc-updown-5m-1787007600-2026-08-16.txt.zst,polymarket-btc-updown-5m-1787007600-2026-08-16.txt.zst,polymarket-btc-5m_2026-08-16.zip,1787007600,1787007900,False,9,7,0,0,1,6,0,,,301,UNKNOWN,not_extreme,0.505,,0.0026121139526367188,,no_leader,,,,,,,,,no_leader,,,,,,,,,zip:///Users/bradamanka/Downloads/Stratgey testing/polymarket-btc-5m_2026-08-17.zip::polymarket-btc-updown-5m-1787007600-2026-08-17.txt.zst
zip:///Users/bradamanka/Downloads/Stratgey testing/polymarket-btc-5m_2026-08-16.zip::polymarket-btc-updown-5m-1787008800-2026-08-16.txt.zst,polymarket-btc-updown-5m-1787008800-2026-08-16.txt.zst,polymarket-btc-5m_2026-08-16.zip,1787008800,1787009100,False,4,2,0,0,1,1,0,,,301,UNKNOWN,not_extreme,0.505,,0.001873016357421875,,no_leader,,,,,,,,,no_leader,,,,,,,,,zip:///Users/bradamanka/Downloads/Stratgey testing/polymarket-btc-5m_2026-08-17.zip::polymarket-btc-updown-5m-1787008800-2026-08-17.txt.zst
zip:///Users/bradamanka/Downloads/Stratgey testing/polymarket-btc-5m_2026-08-16.zip::polymarket-btc-updown-5m-1787008200-2026-08-16.txt.zst,polymarket-btc-updown-5m-1787008200-2026-08-16.txt.zst,polymarket-btc-5m_2026-08-16.zip,1787008200,1787008500,False,14,12,0,0,1,11,0,,,301,UNKNOWN,not_extreme,0.505,,0.002777099609375,,no_leader,,,,,,,,,no_leader,,,,,,,,,zip:///Users/bradamanka/Downloads/Stratgey testing/polymarket-btc-5m_2026-08-17.zip::polymarket-btc-updown-5m-1787008200-2026-08-17.txt.zst
zip:///Users/bradamanka/Downloads/Stratgey testing/polymarket-btc-5m_2026-08-16.zip::polymarket-btc-updown-5m-1787008500-2026-08-16.txt.zst,polymarket-btc-updown-5m-1787008500-2026-08-16.txt.zst,polymarket-btc-5m_2026-08-16.zip,1787008500,1787008800,False,17,15,0,0,1,14,0,,,301,UNKNOWN,not_extreme,0.505,,0.0027608871459960938,,no_leader,,,,,,,,,no_leader,,,,,,,,,zip:///Users/bradamanka/Downloads/Stratgey testing/polymarket-btc-5m_2026-08-17.zip::polymarket-btc-updown-5m-1787008500-2026-08-17.txt.zst
zip:///Users/bradamanka/Downloads/Stratgey testing/polymarket-btc-5m_2026-08-16.zip::polymarket-btc-updown-5m-1787009100-2026-08-16.txt.zst,polymarket-btc-updown-5m-1787009100-2026-08-16.txt.zst,polymarket-btc-5m_2026-08-16.zip,1787009100,1787009400,False,23,21,0,0,1,20,0,,,301,UNKNOWN,not_extreme,0.505,,0.002086162567138672,,no_leader,,,,,,,,,no_leader,,,,,,,,,zip:///Users/bradamanka/Downloads/Stratgey testing/polymarket-btc-5m_2026-08-17.zip::polymarket-btc-updown-5m-1787009100-2026-08-17.txt.zst
zip:///Users/bradamanka/Downloads/Stratgey testing/polymarket-btc-5m_2026-08-16.zip::polymarket-btc-updown-5m-1787009400-2026-08-16.txt.zst,polymarket-btc-updown-5m-1787009400-2026-08-16.txt.zst,polymarket-btc-5m_2026-08-16.zip,1787009400,1787009700,False,9,7,0,0,1,6,0,,,301,UNKNOWN,not_extreme,0.505,,0.0020248889923095703,,no_leader,,,,,,,,,no_leader,,,,,,,,,zip:///Users/bradamanka/Downloads/Stratgey testing/polymarket-btc-5m_2026-08-17.zip::polymarket-btc-updown-5m-1787009400-2026-08-17.txt.zst
zip:///Users/bradamanka/Downloads/Stratgey testing/polymarket-btc-5m_2026-08-16.zip::polymarket-btc-updown-5m-1787009700-2026-08-16.txt.zst,polymarket-btc-updown-5m-1787009700-2026-08-16.txt.zst,polymarket-btc-5m_2026-08-16.zip,1787009700,1787010000,False,22,20,0,0,1,19,0,,,301,UNKNOWN,not_extreme,0.505,,0.0021369457244873047,,no_leader,,,,,,,,,no_leader,,,,,,,,,zip:///Users/bradamanka/Downloads/Stratgey testing/polymarket-btc-5m_2026-08-17.zip::polymarket-btc-updown-5m-1787009700-2026-08-17.txt.zst
zip:///Users/bradamanka/Downloads/Stratgey testing/polymarket-btc-5m_2026-08-16.zip::polymarket-btc-updown-5m-1787010000-2026-08-16.txt.zst,polymarket-btc-updown-5m-1787010000-2026-08-16.txt.zst,polymarket-btc-5m_2026-08-16.zip,1787010000,1787010300,False,5,3,0,0,1,2,0,,,301,UNKNOWN,not_extreme,0.505,,0.0027108192443847656,,no_leader,,,,,,,,,no_leader,,,,,,,,,zip:///Users/bradamanka/Downloads/Stratgey testing/polymarket-btc-5m_2026-08-17.zip::polymarket-btc-updown-5m-1787010000-2026-08-17.txt.zst
zip:///Users/bradamanka/Downloads/Stratgey testing/polymarket-btc-5m_2026-08-17.zip::polymarket-btc-updown-5m-1786924500-2026-08-17.txt.zst,polymarket-btc-updown-5m-1786924500-2026-08-17.txt.zst,polymarket-btc-5m_2026-08-17.zip,1786924500,1786924800,True,118092,116203,113370,1819,1946,114257,0,0.0,299.977,301,DOWN,quotes+trades,0.01,0.01,1.5672693252563477,,opposite_confirmed_first,UP,41.338,71.7,214.334,,,,,opposite_confirmed_first,UP,42.0,72.0,215.0,,,,,zip:///Users/bradamanka/Downloads/Stratgey testing/polymarket-btc-5m_2026-08-16.zip::polymarket-btc-updown-5m-1786924500-2026-08-16.txt.zst
